[INFO] [1783729367.225472954] [cmd_vel_to_serial]: Fixed step overrides enabled: [mode=1, left_norm=1, right_norm=1] [mode=6, left_norm=-0.35, right_norm=0.6]
[INFO] [1783729367.262827495] [cmd_vel_to_serial]: serial start signal RX enabled. token=[start] topic=/motion_bridge/start_signal case_sensitive=false
[INFO] [1783729367.262866670] [cmd_vel_to_serial]: serial finish signal RX enabled. token=[finish] topic=/motion_bridge/finish_signal case_sensitive=false
[INFO] [1783729367.262878485] [cmd_vel_to_serial]: serial action ack RX enabled. jumping_token=[jumping] topic=/motion_bridge/action_ack
[INFO] [1783729367.262885433] [cmd_vel_to_serial]: [1;36mcmd_vel->serial bridge started. device=/dev/ttyUSB0 baud=115200 step_frequency=27.000 Hz default_mode=0 mode_topic=/dog_mode_current mode_echo_topic=/dog_mode_feedback/current odom_y_correction=disabled path_lateral_correction=enabled path_yaw_correction=enabled crouch_yaw_correction=disabled pose_yaw_offset=90.0deg[0m
[INFO] [1783729367.262901580] [cmd_vel_to_serial]: path lateral step correction enabled. odom_topic=/Odometry goal_topic=/goal_pose path_reference_topic=/serial_path_reference modes=3 deadband=0.050 m gain=0.800 norm/m max=0.180 sign=-1 stale_timeout=0.50 s
[INFO] [1783729367.262913418] [cmd_vel_to_serial]: path reference explicit start enabled. topic=/serial_path_reference_start timeout=0.50 s
[INFO] [1783729367.262920156] [cmd_vel_to_serial]: uphill path lateral correction override enabled. deadband=0.030 m gain=1.200 norm/m max=0.240 sign=-1 max_wz=1.200 rad/s
[INFO] [1783729367.262931362] [cmd_vel_to_serial]: path yaw correction enabled. odom_topic=/Odometry goal_topic=/goal_pose path_reference_topic=/serial_path_reference modes=1 deadband=5.00 deg gain=1.000 norm/rad max=0.200 stale_timeout=0.50 s profile_topic=/race_manager/path_correction_profile default_profile=0 new_goal_delay=0.10 s
[INFO] [1783729367.262942702] [cmd_vel_to_serial]: uphill path yaw correction override enabled. modes=1 deadband=3.00 deg gain=1.500 norm/rad max=0.300 max_wz=1.200 rad/s
[INFO] [1783729367.262951074] [cmd_vel_to_serial]: same-direction turn enabled. modes=3 min_wz=0.150 rad/s min_norm=0.040
[INFO] [1783729367.263120479] [cmd_vel_to_serial]: step override small opposite-sign shaping enabled. modes=1 small_norm=0.150 large_norm=0.200
[INFO] [1783729367.263134314] [cmd_vel_to_serial]: cmd_vel small opposite-sign shaping enabled. modes=1 small_norm=0.180 large_norm=0.200
[INFO] [1783729367.263142007] [cmd_vel_to_serial]: minimum output step norm enabled. modes=1 min_norm=0.100 override_modes=2
[INFO] [1783729367.263149793] [cmd_vel_to_serial]: uphill segment step floor enabled. modes=2 min_norm=0.800 goal_distance_min=0.60 m max_wz=1.200 forward_only=true state_topic=/race_manager/uphill_step_floor_enabled
[INFO] [1783729367.263159709] [cmd_vel_to_serial]: uphill roll step floor enabled. modes=2 min_roll=2.00 deg use_abs_roll=true min_norm=0.700 max_wz=1.200 require_segment=true state_topic=/race_manager/uphill_step_floor_enabled
[INFO] [1783729367.263168241] [cmd_vel_to_serial]: fixed step override runtime state topic=/motion_bridge/fixed_step_override_enabled initial=true
[INFO] [1783729367.263178688] [cmd_vel_to_serial]: direct step override enabled. topic=/serial_step_override timeout=1.00 s one_shot_topic=/serial_step_once
[INFO] [1783729368.191427253] [cmd_vel_to_serial]: Opened serial device /dev/ttyUSB0
[INFO] [1783729368.191555492] [cmd_vel_to_serial]: [0;96mserial tx: [0,0.000,0.000]
[0m
[INFO] [1783729368.191591882] [cmd_vel_to_serial]: [1;33mstep_debug mode=0 vx=0.000 wz=0.000 left_m=0.0000 right_m=0.0000 fwd_m=0.0000 step_yaw=0.0000 left_norm=0.000 right_norm=0.000 odom_y=-0.008 odom_roll=1.4deg goal_y_err=0.000 odom_corr=0.000 odom_corr_applied=false path_lat_err=0.000 path_corr=0.000 path_corr_applied=false path_yaw_err=0.0deg path_yaw_corr=0.000 path_yaw_applied=false path_profile=0 crouch_yaw_err=0.0deg crouch_yaw_corr=0.000 crouch_yaw_applied=false crouch_fwd_bias=0.000 crouch_fwd_applied=false same_dir_turn=false opp_turn_shape=false uphill_segment=false uphill_seg_floor=false uphill_roll_floor=false min_step_floor=false override=false timeout=true serial=[0,0.000,0.000]
[0m
[INFO] [1783729370.225911502] [cmd_vel_to_serial]: [0;96mserial tx: [0,0.000,0.000]
[0m
[INFO] [1783729371.225896395] [cmd_vel_to_serial]: [1;35mstep_debug mode=0 vx=0.000 wz=0.000 left_m=0.0000 right_m=0.0000 fwd_m=0.0000 step_yaw=0.0000 left_norm=0.000 right_norm=0.000 odom_y=-0.013 odom_roll=1.4deg goal_y_err=0.000 odom_corr=0.000 odom_corr_applied=false path_lat_err=0.000 path_corr=0.000 path_corr_applied=false path_yaw_err=0.0deg path_yaw_corr=0.000 path_yaw_applied=false path_profile=0 crouch_yaw_err=0.0deg crouch_yaw_corr=0.000 crouch_yaw_applied=false crouch_fwd_bias=0.000 crouch_fwd_applied=false same_dir_turn=false opp_turn_shape=false uphill_segment=false uphill_seg_floor=false uphill_roll_floor=false min_step_floor=false override=true timeout=false serial=[0,0.000,0.000]
[0m
[INFO] [1783729372.262939855] [cmd_vel_to_serial]: [0;96mserial tx: [0,0.000,0.000]
[0m
[INFO] [1783729374.225939718] [cmd_vel_to_serial]: [1;35mstep_debug mode=0 vx=0.000 wz=0.000 left_m=0.0000 right_m=0.0000 fwd_m=0.0000 step_yaw=0.0000 left_norm=0.000 right_norm=0.000 odom_y=-0.009 odom_roll=1.4deg goal_y_err=0.000 odom_corr=0.000 odom_corr_applied=false path_lat_err=0.000 path_corr=0.000 path_corr_applied=false path_yaw_err=0.0deg path_yaw_corr=0.000 path_yaw_applied=false path_profile=0 crouch_yaw_err=0.0deg crouch_yaw_corr=0.000 crouch_yaw_applied=false crouch_fwd_bias=0.000 crouch_fwd_applied=false same_dir_turn=false opp_turn_shape=false uphill_segment=false uphill_seg_floor=false uphill_roll_floor=false min_step_floor=false override=true timeout=false serial=[0,0.000,0.000]
[0m
[INFO] [1783729374.299964167] [cmd_vel_to_serial]: [0;96mserial tx: [0,0.000,0.000]
[0m
[INFO] [1783729376.299989948] [cmd_vel_to_serial]: [0;96mserial tx: [0,0.000,0.000]
[0m
[INFO] [1783729377.262931922] [cmd_vel_to_serial]: [1;35mstep_debug mode=0 vx=0.000 wz=0.000 left_m=0.0000 right_m=0.0000 fwd_m=0.0000 step_yaw=0.0000 left_norm=0.000 right_norm=0.000 odom_y=-0.001 odom_roll=1.4deg goal_y_err=0.000 odom_corr=0.000 odom_corr_applied=false path_lat_err=0.000 path_corr=0.000 path_corr_applied=false path_yaw_err=0.0deg path_yaw_corr=0.000 path_yaw_applied=false path_profile=0 crouch_yaw_err=0.0deg crouch_yaw_corr=0.000 crouch_yaw_applied=false crouch_fwd_bias=0.000 crouch_fwd_applied=false same_dir_turn=false opp_turn_shape=false uphill_segment=false uphill_seg_floor=false uphill_roll_floor=false min_step_floor=false override=true timeout=false serial=[0,0.000,0.000]
[0m
[INFO] [1783729378.336968440] [cmd_vel_to_serial]: [0;96mserial tx: [0,0.000,0.000]
[0m
[INFO] [1783729380.262923726] [cmd_vel_to_serial]: [1;35mstep_debug mode=0 vx=0.000 wz=0.000 left_m=0.0000 right_m=0.0000 fwd_m=0.0000 step_yaw=0.0000 left_norm=0.000 right_norm=0.000 odom_y=-0.016 odom_roll=1.4deg goal_y_err=0.000 odom_corr=0.000 odom_corr_applied=false path_lat_err=0.000 path_corr=0.000 path_corr_applied=false path_yaw_err=0.0deg path_yaw_corr=0.000 path_yaw_applied=false path_profile=0 crouch_yaw_err=0.0deg crouch_yaw_corr=0.000 crouch_yaw_applied=false crouch_fwd_bias=0.000 crouch_fwd_applied=false same_dir_turn=false opp_turn_shape=false uphill_segment=false uphill_seg_floor=false uphill_roll_floor=false min_step_floor=false override=true timeout=false serial=[0,0.000,0.000]
[0m
[INFO] [1783729380.337033858] [cmd_vel_to_serial]: [0;96mserial tx: [0,0.000,0.000]
[0m
[INFO] [1783729382.374045391] [cmd_vel_to_serial]: [0;96mserial tx: [0,0.000,0.000]
[0m
[INFO] [1783729383.262961710] [cmd_vel_to_serial]: [1;35mstep_debug mode=0 vx=0.000 wz=0.000 left_m=0.0000 right_m=0.0000 fwd_m=0.0000 step_yaw=0.0000 left_norm=0.000 right_norm=0.000 odom_y=-0.003 odom_roll=1.4deg goal_y_err=0.000 odom_corr=0.000 odom_corr_applied=false path_lat_err=0.000 path_corr=0.000 path_corr_applied=false path_yaw_err=0.0deg path_yaw_corr=0.000 path_yaw_applied=false path_profile=0 crouch_yaw_err=0.0deg crouch_yaw_corr=0.000 crouch_yaw_applied=false crouch_fwd_bias=0.000 crouch_fwd_applied=false same_dir_turn=false opp_turn_shape=false uphill_segment=false uphill_seg_floor=false uphill_roll_floor=false min_step_floor=false override=true timeout=false serial=[0,0.000,0.000]
[0m
[INFO] [1783729384.411076645] [cmd_vel_to_serial]: [0;96mserial tx: [0,0.000,0.000]
[0m
[INFO] [1783729386.273431284] [cmd_vel_to_serial]: [1;35mstep_debug mode=0 vx=0.000 wz=0.000 left_m=0.0000 right_m=0.0000 fwd_m=0.0000 step_yaw=0.0000 left_norm=0.000 right_norm=0.000 odom_y=-0.014 odom_roll=1.3deg goal_y_err=0.000 odom_corr=0.000 odom_corr_applied=false path_lat_err=0.000 path_corr=0.000 path_corr_applied=false path_yaw_err=0.0deg path_yaw_corr=0.000 path_yaw_applied=false path_profile=0 crouch_yaw_err=0.0deg crouch_yaw_corr=0.000 crouch_yaw_applied=false crouch_fwd_bias=0.000 crouch_fwd_applied=false same_dir_turn=false opp_turn_shape=false uphill_segment=false uphill_seg_floor=false uphill_roll_floor=false min_step_floor=false override=true timeout=false serial=[0,0.000,0.000]
[0m
[INFO] [1783729386.421369559] [cmd_vel_to_serial]: [0;96mserial tx: [0,0.000,0.000]
[0m
[INFO] [1783729388.421395641] [cmd_vel_to_serial]: [0;96mserial tx: [0,0.000,0.000]
[0m
[INFO] [1783729389.274567209] [cmd_vel_to_serial]: [1;35mstep_debug mode=0 vx=0.000 wz=0.000 left_m=0.0000 right_m=0.0000 fwd_m=0.0000 step_yaw=0.0000 left_norm=0.000 right_norm=0.000 odom_y=-0.005 odom_roll=1.4deg goal_y_err=0.000 odom_corr=0.000 odom_corr_applied=false path_lat_err=0.000 path_corr=0.000 path_corr_applied=false path_yaw_err=0.0deg path_yaw_corr=0.000 path_yaw_applied=false path_profile=0 crouch_yaw_err=0.0deg crouch_yaw_corr=0.000 crouch_yaw_applied=false crouch_fwd_bias=0.000 crouch_fwd_applied=false same_dir_turn=false opp_turn_shape=false uphill_segment=false uphill_seg_floor=false uphill_roll_floor=false min_step_floor=false override=true timeout=false serial=[0,0.000,0.000]
[0m
[INFO] [1783729390.458444489] [cmd_vel_to_serial]: [0;96mserial tx: [0,0.000,0.000]
[0m
[INFO] [1783729392.310285603] [cmd_vel_to_serial]: [1;35mstep_debug mode=0 vx=0.000 wz=0.000 left_m=0.0000 right_m=0.0000 fwd_m=0.0000 step_yaw=0.0000 left_norm=0.000 right_norm=0.000 odom_y=-0.005 odom_roll=1.4deg goal_y_err=0.000 odom_corr=0.000 odom_corr_applied=false path_lat_err=0.000 path_corr=0.000 path_corr_applied=false path_yaw_err=0.0deg path_yaw_corr=0.000 path_yaw_applied=false path_profile=0 crouch_yaw_err=0.0deg crouch_yaw_corr=0.000 crouch_yaw_applied=false crouch_fwd_bias=0.000 crouch_fwd_applied=false same_dir_turn=false opp_turn_shape=false uphill_segment=false uphill_seg_floor=false uphill_roll_floor=false min_step_floor=false override=true timeout=false serial=[0,0.000,0.000]
[0m
[INFO] [1783729392.458438824] [cmd_vel_to_serial]: [0;96mserial tx: [0,0.000,0.000]
[0m
[INFO] [1783729394.495464601] [cmd_vel_to_serial]: [0;96mserial tx: [0,0.000,0.000]
[0m
[INFO] [1783729394.902831495] [cmd_vel_to_serial]: Received serial start token [start], published /motion_bridge/start_signal=true
[INFO] [1783729394.910672242] [cmd_vel_to_serial]: [1;35mUpdated serial mode to 1[0m
[INFO] [1783729394.910805392] [cmd_vel_to_serial]: [1;35mUpdated path correction profile to 1 (0=off, 1=normal, 2=uphill_strong, 3=uphill_strong_sign_test)[0m
[INFO] [1783729394.939914493] [cmd_vel_to_serial]: [0;96mserial tx: [1,0.000,0.000]
[0m
[INFO] [1783729394.939978539] [cmd_vel_to_serial]: [1;33mstep_debug mode=1 vx=0.000 wz=0.000 left_m=0.0000 right_m=0.0000 fwd_m=0.0000 step_yaw=0.0000 left_norm=0.000 right_norm=0.000 odom_y=-0.004 odom_roll=1.4deg goal_y_err=0.000 odom_corr=0.000 odom_corr_applied=false path_lat_err=0.000 path_corr=0.000 path_corr_applied=false path_yaw_err=0.0deg path_yaw_corr=0.000 path_yaw_applied=false path_profile=1 crouch_yaw_err=0.0deg crouch_yaw_corr=0.000 crouch_yaw_applied=false crouch_fwd_bias=0.000 crouch_fwd_applied=false same_dir_turn=false opp_turn_shape=false uphill_segment=false uphill_seg_floor=false uphill_roll_floor=false min_step_floor=false override=false timeout=true serial=[1,0.000,0.000]
[0m
[INFO] [1783729394.941049904] [cmd_vel_to_serial]: [1;35mUpdated path correction profile to 0 (0=off, 1=normal, 2=uphill_strong, 3=uphill_strong_sign_test)[0m
[INFO] [1783729394.976927785] [cmd_vel_to_serial]: [0;96mserial tx: [1,0.800,0.800]
[0m
[INFO] [1783729394.976969459] [cmd_vel_to_serial]: [1;35mstep_debug mode=1 vx=0.000 wz=0.000 left_m=0.0296 right_m=0.0296 fwd_m=0.0296 step_yaw=0.0000 left_norm=0.800 right_norm=0.800 odom_y=-0.011 odom_roll=1.3deg goal_y_err=0.000 odom_corr=0.000 odom_corr_applied=false path_lat_err=0.000 path_corr=0.000 path_corr_applied=false path_yaw_err=0.0deg path_yaw_corr=0.000 path_yaw_applied=false path_profile=0 crouch_yaw_err=0.0deg crouch_yaw_corr=0.000 crouch_yaw_applied=false crouch_fwd_bias=0.000 crouch_fwd_applied=false same_dir_turn=false opp_turn_shape=false uphill_segment=false uphill_seg_floor=false uphill_roll_floor=false min_step_floor=false override=true timeout=false serial=[1,0.800,0.800]
[0m
[INFO] [1783729397.014049249] [cmd_vel_to_serial]: [0;96mserial tx: [1,0.800,0.800]
[0m
[INFO] [1783729398.014436535] [cmd_vel_to_serial]: [1;35mstep_debug mode=1 vx=0.000 wz=0.000 left_m=0.0296 right_m=0.0296 fwd_m=0.0296 step_yaw=0.0000 left_norm=0.800 right_norm=0.800 odom_y=0.550 odom_roll=-17.3deg goal_y_err=0.000 odom_corr=0.000 odom_corr_applied=false path_lat_err=0.000 path_corr=0.000 path_corr_applied=false path_yaw_err=0.0deg path_yaw_corr=0.000 path_yaw_applied=false path_profile=0 crouch_yaw_err=0.0deg crouch_yaw_corr=0.000 crouch_yaw_applied=false crouch_fwd_bias=0.000 crouch_fwd_applied=false same_dir_turn=false opp_turn_shape=false uphill_segment=false uphill_seg_floor=false uphill_roll_floor=false min_step_floor=false override=true timeout=false serial=[1,0.800,0.800]
[0m
[INFO] [1783729399.015929362] [cmd_vel_to_serial]: [0;96mserial tx: [1,0.800,0.800]
[0m
[INFO] [1783729401.014541773] [cmd_vel_to_serial]: [1;35mstep_debug mode=1 vx=0.000 wz=0.000 left_m=0.0296 right_m=0.0296 fwd_m=0.0296 step_yaw=0.0000 left_norm=0.800 right_norm=0.800 odom_y=0.848 odom_roll=4.3deg goal_y_err=0.000 odom_corr=0.000 odom_corr_applied=false path_lat_err=0.000 path_corr=0.000 path_corr_applied=false path_yaw_err=0.0deg path_yaw_corr=0.000 path_yaw_applied=false path_profile=0 crouch_yaw_err=0.0deg crouch_yaw_corr=0.000 crouch_yaw_applied=false crouch_fwd_bias=0.000 crouch_fwd_applied=false same_dir_turn=false opp_turn_shape=false uphill_segment=false uphill_seg_floor=false uphill_roll_floor=false min_step_floor=false override=true timeout=false serial=[1,0.800,0.800]
[0m
[INFO] [1783729401.052328052] [cmd_vel_to_serial]: [0;96mserial tx: [1,0.800,0.800]
[0m
[INFO] [1783729403.088098817] [cmd_vel_to_serial]: [0;96mserial tx: [1,0.800,0.800]
[0m
[INFO] [1783729404.051006945] [cmd_vel_to_serial]: [1;35mstep_debug mode=1 vx=0.000 wz=0.000 left_m=0.0296 right_m=0.0296 fwd_m=0.0296 step_yaw=0.0000 left_norm=0.800 right_norm=0.800 odom_y=1.325 odom_roll=2.0deg goal_y_err=0.000 odom_corr=0.000 odom_corr_applied=false path_lat_err=0.000 path_corr=0.000 path_corr_applied=false path_yaw_err=0.0deg path_yaw_corr=0.000 path_yaw_applied=false path_profile=0 crouch_yaw_err=0.0deg crouch_yaw_corr=0.000 crouch_yaw_applied=false crouch_fwd_bias=0.000 crouch_fwd_applied=false same_dir_turn=false opp_turn_shape=false uphill_segment=false uphill_seg_floor=false uphill_roll_floor=false min_step_floor=false override=true timeout=false serial=[1,0.800,0.800]
[0m
[INFO] [1783729405.019415293] [cmd_vel_to_serial]: [1;35mUpdated serial mode to 0[0m
[INFO] [1783729405.019760370] [cmd_vel_to_serial]: [1;35mUpdated uphill step floor segment state to true[0m
[INFO] [1783729405.023650198] [cmd_vel_to_serial]: [1;35mUpdated uphill step floor segment state to false[0m
[INFO] [1783729405.051007605] [cmd_vel_to_serial]: [0;96mserial tx: [0,0.000,0.000]
[0m
[INFO] [1783729405.051046227] [cmd_vel_to_serial]: [1;33mstep_debug mode=0 vx=0.000 wz=0.000 left_m=0.0000 right_m=0.0000 fwd_m=0.0000 step_yaw=0.0000 left_norm=0.000 right_norm=0.000 odom_y=1.382 odom_roll=19.6deg goal_y_err=0.000 odom_corr=0.000 odom_corr_applied=false path_lat_err=0.000 path_corr=0.000 path_corr_applied=false path_yaw_err=0.0deg path_yaw_corr=0.000 path_yaw_applied=false path_profile=0 crouch_yaw_err=0.0deg crouch_yaw_corr=0.000 crouch_yaw_applied=false crouch_fwd_bias=0.000 crouch_fwd_applied=false same_dir_turn=false opp_turn_shape=false uphill_segment=false uphill_seg_floor=false uphill_roll_floor=false min_step_floor=false override=false timeout=true serial=[0,0.000,0.000]
[0m
[INFO] [1783729405.199155988] [cmd_vel_to_serial]: [0;96mserial tx: [6,0.100,-0.050]
[0m
[INFO] [1783729405.199207840] [cmd_vel_to_serial]: [1;35mstep_debug mode=6 vx=0.000 wz=0.000 left_m=0.0037 right_m=-0.0019 fwd_m=0.0009 step_yaw=-0.0154 left_norm=0.100 right_norm=-0.050 odom_y=1.409 odom_roll=16.8deg goal_y_err=0.000 odom_corr=0.000 odom_corr_applied=false path_lat_err=0.000 path_corr=0.000 path_corr_applied=false path_yaw_err=0.0deg path_yaw_corr=0.000 path_yaw_applied=false path_profile=0 crouch_yaw_err=0.0deg crouch_yaw_corr=0.000 crouch_yaw_applied=false crouch_fwd_bias=0.000 crouch_fwd_applied=false same_dir_turn=false opp_turn_shape=false uphill_segment=false uphill_seg_floor=false uphill_roll_floor=false min_step_floor=false override=true timeout=false serial=[6,0.100,-0.050]
[0m
[INFO] [1783729405.384331357] [cmd_vel_to_serial]: [0;96mserial tx: [0,0.000,0.000]
[0m
[INFO] [1783729405.384372974] [cmd_vel_to_serial]: [1;35mstep_debug mode=0 vx=0.000 wz=0.000 left_m=0.0000 right_m=0.0000 fwd_m=0.0000 step_yaw=0.0000 left_norm=0.000 right_norm=0.000 odom_y=1.465 odom_roll=12.1deg goal_y_err=0.000 odom_corr=0.000 odom_corr_applied=false path_lat_err=0.000 path_corr=0.000 path_corr_applied=false path_yaw_err=0.0deg path_yaw_corr=0.000 path_yaw_applied=false path_profile=0 crouch_yaw_err=0.0deg crouch_yaw_corr=0.000 crouch_yaw_applied=false crouch_fwd_bias=0.000 crouch_fwd_applied=false same_dir_turn=false opp_turn_shape=false uphill_segment=false uphill_seg_floor=false uphill_roll_floor=false min_step_floor=false override=true timeout=false serial=[0,0.000,0.000]
[0m
[INFO] [1783729405.606555798] [cmd_vel_to_serial]: [0;96mserial tx: [6,-0.050,0.100]
[0m
[INFO] [1783729405.606598674] [cmd_vel_to_serial]: [1;35mstep_debug mode=6 vx=0.000 wz=0.000 left_m=-0.0019 right_m=0.0037 fwd_m=0.0009 step_yaw=0.0154 left_norm=-0.050 right_norm=0.100 odom_y=1.446 odom_roll=9.8deg goal_y_err=0.000 odom_corr=0.000 odom_corr_applied=false path_lat_err=0.000 path_corr=0.000 path_corr_applied=false path_yaw_err=0.0deg path_yaw_corr=0.000 path_yaw_applied=false path_profile=0 crouch_yaw_err=0.0deg crouch_yaw_corr=0.000 crouch_yaw_applied=false crouch_fwd_bias=0.000 crouch_fwd_applied=false same_dir_turn=false opp_turn_shape=false uphill_segment=false uphill_seg_floor=false uphill_roll_floor=false min_step_floor=false override=true timeout=false serial=[6,-0.050,0.100]
[0m
[INFO] [1783729405.643601410] [cmd_vel_to_serial]: [0;96mserial tx: [0,0.000,0.000]
[0m
[INFO] [1783729405.643637855] [cmd_vel_to_serial]: [1;35mstep_debug mode=0 vx=0.000 wz=0.000 left_m=0.0000 right_m=0.0000 fwd_m=0.0000 step_yaw=0.0000 left_norm=0.000 right_norm=0.000 odom_y=1.441 odom_roll=8.6deg goal_y_err=0.000 odom_corr=0.000 odom_corr_applied=false path_lat_err=0.000 path_corr=0.000 path_corr_applied=false path_yaw_err=0.0deg path_yaw_corr=0.000 path_yaw_applied=false path_profile=0 crouch_yaw_err=0.0deg crouch_yaw_corr=0.000 crouch_yaw_applied=false crouch_fwd_bias=0.000 crouch_fwd_applied=false same_dir_turn=false opp_turn_shape=false uphill_segment=false uphill_seg_floor=false uphill_roll_floor=false min_step_floor=false override=true timeout=false serial=[0,0.000,0.000]
[0m
[INFO] [1783729406.236179823] [cmd_vel_to_serial]: [0;96mserial tx: [0,0.500,0.500]
[0m
[INFO] [1783729406.236223303] [cmd_vel_to_serial]: [1;35mstep_debug mode=0 vx=0.000 wz=0.000 left_m=0.0185 right_m=0.0185 fwd_m=0.0185 step_yaw=0.0000 left_norm=0.500 right_norm=0.500 odom_y=1.444 odom_roll=3.5deg goal_y_err=0.000 odom_corr=0.000 odom_corr_applied=false path_lat_err=0.000 path_corr=0.000 path_corr_applied=false path_yaw_err=0.0deg path_yaw_corr=0.000 path_yaw_applied=false path_profile=0 crouch_yaw_err=0.0deg crouch_yaw_corr=0.000 crouch_yaw_applied=false crouch_fwd_bias=0.000 crouch_fwd_applied=false same_dir_turn=false opp_turn_shape=false uphill_segment=false uphill_seg_floor=false uphill_roll_floor=false min_step_floor=false override=true timeout=false serial=[0,0.500,0.500]
[0m
[INFO] [1783729407.384320101] [cmd_vel_to_serial]: [0;96mserial tx: [0,0.000,0.000]
[0m
[INFO] [1783729407.384384724] [cmd_vel_to_serial]: [1;33mstep_debug mode=0 vx=0.000 wz=0.000 left_m=0.0000 right_m=0.0000 fwd_m=0.0000 step_yaw=0.0000 left_norm=0.000 right_norm=0.000 odom_y=1.779 odom_roll=12.8deg goal_y_err=0.000 odom_corr=0.000 odom_corr_applied=false path_lat_err=0.000 path_corr=0.000 path_corr_applied=false path_yaw_err=0.0deg path_yaw_corr=0.000 path_yaw_applied=false path_profile=0 crouch_yaw_err=0.0deg crouch_yaw_corr=0.000 crouch_yaw_applied=false crouch_fwd_bias=0.000 crouch_fwd_applied=false same_dir_turn=false opp_turn_shape=false uphill_segment=false uphill_seg_floor=false uphill_roll_floor=false min_step_floor=false override=false timeout=true serial=[0,0.000,0.000]
[0m
[INFO] [1783729407.402454332] [cmd_vel_to_serial]: [1;35mUpdated serial mode to 7[0m
[INFO] [1783729407.403023216] [cmd_vel_to_serial]: [1;35mUpdated uphill step floor segment state to true[0m
[INFO] [1783729407.421548033] [cmd_vel_to_serial]: [0;96mserial tx: [7,0.000,0.000]
[0m
[INFO] [1783729407.421601963] [cmd_vel_to_serial]: [1;33mstep_debug mode=7 vx=0.000 wz=0.000 left_m=0.0000 right_m=0.0000 fwd_m=0.0000 step_yaw=0.0000 left_norm=0.000 right_norm=0.000 odom_y=1.778 odom_roll=11.9deg goal_y_err=0.000 odom_corr=0.000 odom_corr_applied=false path_lat_err=0.000 path_corr=0.000 path_corr_applied=false path_yaw_err=0.0deg path_yaw_corr=0.000 path_yaw_applied=false path_profile=0 crouch_yaw_err=0.0deg crouch_yaw_corr=0.000 crouch_yaw_applied=false crouch_fwd_bias=0.000 crouch_fwd_applied=false same_dir_turn=false opp_turn_shape=false uphill_segment=true uphill_seg_floor=false uphill_roll_floor=false min_step_floor=false override=false timeout=true serial=[7,0.000,0.000]
[0m
[INFO] [1783729407.458506969] [cmd_vel_to_serial]: [0;96mserial tx: [7,0.743,0.700]
[0m
[INFO] [1783729407.458555039] [cmd_vel_to_serial]: [1;32mstep_debug mode=7 vx=0.550 wz=-0.120 left_m=0.0275 right_m=0.0259 fwd_m=0.0267 step_yaw=-0.0044 left_norm=0.743 right_norm=0.700 odom_y=1.805 odom_roll=12.0deg goal_y_err=0.000 odom_corr=0.000 odom_corr_applied=false path_lat_err=0.000 path_corr=0.000 path_corr_applied=false path_yaw_err=0.0deg path_yaw_corr=0.000 path_yaw_applied=false path_profile=0 crouch_yaw_err=0.0deg crouch_yaw_corr=0.000 crouch_yaw_applied=false crouch_fwd_bias=0.000 crouch_fwd_applied=false same_dir_turn=false opp_turn_shape=false uphill_segment=true uphill_seg_floor=false uphill_roll_floor=true min_step_floor=true override=false timeout=false serial=[7,0.743,0.700]
[0m
[INFO] [1783729409.495444803] [cmd_vel_to_serial]: [0;96mserial tx: [7,0.700,0.743]
[0m
[INFO] [1783729410.495439412] [cmd_vel_to_serial]: [1;32mstep_debug mode=7 vx=0.418 wz=0.120 left_m=0.0259 right_m=0.0275 fwd_m=0.0267 step_yaw=0.0044 left_norm=0.700 right_norm=0.743 odom_y=2.810 odom_roll=4.4deg goal_y_err=0.000 odom_corr=0.000 odom_corr_applied=false path_lat_err=0.000 path_corr=0.000 path_corr_applied=false path_yaw_err=0.0deg path_yaw_corr=0.000 path_yaw_applied=false path_profile=0 crouch_yaw_err=0.0deg crouch_yaw_corr=0.000 crouch_yaw_applied=false crouch_fwd_bias=0.000 crouch_fwd_applied=false same_dir_turn=false opp_turn_shape=false uphill_segment=true uphill_seg_floor=false uphill_roll_floor=true min_step_floor=true override=false timeout=false serial=[7,0.700,0.743]
[0m
[INFO] [1783729410.828806530] [cmd_vel_to_serial]: [0;96mserial tx: [7,0.277,0.343]
[0m
[INFO] [1783729410.828858393] [cmd_vel_to_serial]: [0;94mstep_debug mode=7 vx=0.310 wz=0.184 left_m=0.0103 right_m=0.0127 fwd_m=0.0115 step_yaw=0.0068 left_norm=0.277 right_norm=0.343 odom_y=2.951 odom_roll=1.1deg goal_y_err=0.000 odom_corr=0.000 odom_corr_applied=false path_lat_err=0.000 path_corr=0.000 path_corr_applied=false path_yaw_err=0.0deg path_yaw_corr=0.000 path_yaw_applied=false path_profile=0 crouch_yaw_err=0.0deg crouch_yaw_corr=0.000 crouch_yaw_applied=false crouch_fwd_bias=0.000 crouch_fwd_applied=false same_dir_turn=false opp_turn_shape=false uphill_segment=true uphill_seg_floor=false uphill_roll_floor=false min_step_floor=false override=false timeout=false serial=[7,0.277,0.343]
[0m
[INFO] [1783729410.976930759] [cmd_vel_to_serial]: [0;96mserial tx: [7,0.202,0.256]
[0m
[INFO] [1783729411.384342308] [cmd_vel_to_serial]: [0;96mserial tx: [7,0.700,0.790]
[0m
[INFO] [1783729411.384386842] [cmd_vel_to_serial]: [1;32mstep_debug mode=7 vx=0.184 wz=0.250 left_m=0.0259 right_m=0.0293 fwd_m=0.0276 step_yaw=0.0093 left_norm=0.700 right_norm=0.790 odom_y=3.074 odom_roll=2.2deg goal_y_err=0.000 odom_corr=0.000 odom_corr_applied=false path_lat_err=0.000 path_corr=0.000 path_corr_applied=false path_yaw_err=0.0deg path_yaw_corr=0.000 path_yaw_applied=false path_profile=0 crouch_yaw_err=0.0deg crouch_yaw_corr=0.000 crouch_yaw_applied=false crouch_fwd_bias=0.000 crouch_fwd_applied=false same_dir_turn=false opp_turn_shape=false uphill_segment=true uphill_seg_floor=false uphill_roll_floor=true min_step_floor=true override=false timeout=false serial=[7,0.700,0.790]
[0m
[INFO] [1783729411.720013949] [cmd_vel_to_serial]: [1;35mUpdated serial mode to 0[0m
[INFO] [1783729411.720524092] [cmd_vel_to_serial]: [1;35mUpdated uphill step floor segment state to false[0m
[INFO] [1783729411.754781205] [cmd_vel_to_serial]: [0;96mserial tx: [0,0.200,0.200]
[0m
[INFO] [1783729411.754846907] [cmd_vel_to_serial]: [1;32mstep_debug mode=0 vx=0.150 wz=0.173 left_m=0.0074 right_m=0.0074 fwd_m=0.0074 step_yaw=0.0000 left_norm=0.200 right_norm=0.200 odom_y=3.161 odom_roll=2.6deg goal_y_err=0.000 odom_corr=0.000 odom_corr_applied=false path_lat_err=0.000 path_corr=0.000 path_corr_applied=false path_yaw_err=0.0deg path_yaw_corr=0.000 path_yaw_applied=false path_profile=0 crouch_yaw_err=0.0deg crouch_yaw_corr=0.000 crouch_yaw_applied=false crouch_fwd_bias=0.000 crouch_fwd_applied=false same_dir_turn=false opp_turn_shape=false uphill_segment=false uphill_seg_floor=false uphill_roll_floor=false min_step_floor=true override=false timeout=false serial=[0,0.200,0.200]
[0m
[INFO] [1783729412.051002855] [cmd_vel_to_serial]: [0;96mserial tx: [6,-0.400,0.500]
[0m
[INFO] [1783729412.051061180] [cmd_vel_to_serial]: [1;35mstep_debug mode=6 vx=0.000 wz=0.000 left_m=-0.0148 right_m=0.0185 fwd_m=0.0019 step_yaw=0.0926 left_norm=-0.400 right_norm=0.500 odom_y=3.308 odom_roll=-0.5deg goal_y_err=0.000 odom_corr=0.000 odom_corr_applied=false path_lat_err=0.000 path_corr=0.000 path_corr_applied=false path_yaw_err=0.0deg path_yaw_corr=0.000 path_yaw_applied=false path_profile=0 crouch_yaw_err=0.0deg crouch_yaw_corr=0.000 crouch_yaw_applied=false crouch_fwd_bias=0.000 crouch_fwd_applied=false same_dir_turn=false opp_turn_shape=false uphill_segment=false uphill_seg_floor=false uphill_roll_floor=false min_step_floor=false override=true timeout=false serial=[6,-0.400,0.500]
[0m
[INFO] [1783729413.373271542] [cmd_vel_to_serial]: [1;35mUpdated serial mode to 2[0m
[INFO] [1783729413.384330843] [cmd_vel_to_serial]: [0;96mserial tx: [2,0.000,0.000]
[0m
[INFO] [1783729413.384367849] [cmd_vel_to_serial]: [1;35mstep_debug mode=2 vx=0.000 wz=0.000 left_m=0.0000 right_m=0.0000 fwd_m=0.0000 step_yaw=0.0000 left_norm=0.000 right_norm=0.000 odom_y=3.258 odom_roll=1.9deg goal_y_err=0.000 odom_corr=0.000 odom_corr_applied=false path_lat_err=0.000 path_corr=0.000 path_corr_applied=false path_yaw_err=0.0deg path_yaw_corr=0.000 path_yaw_applied=false path_profile=0 crouch_yaw_err=0.0deg crouch_yaw_corr=0.000 crouch_yaw_applied=false crouch_fwd_bias=0.000 crouch_fwd_applied=false same_dir_turn=false opp_turn_shape=false uphill_segment=false uphill_seg_floor=false uphill_roll_floor=false min_step_floor=false override=true timeout=false serial=[2,0.000,0.000]
[0m
[INFO] [1783729414.384338037] [cmd_vel_to_serial]: [0;96mserial tx: [2,-0.200,0.650]
[0m
[INFO] [1783729414.384383724] [cmd_vel_to_serial]: [1;35mstep_debug mode=2 vx=0.000 wz=0.000 left_m=-0.0074 right_m=0.0241 fwd_m=0.0083 step_yaw=0.0875 left_norm=-0.200 right_norm=0.650 odom_y=3.234 odom_roll=-4.7deg goal_y_err=0.000 odom_corr=0.000 odom_corr_applied=false path_lat_err=0.000 path_corr=0.000 path_corr_applied=false path_yaw_err=0.0deg path_yaw_corr=0.000 path_yaw_applied=false path_profile=0 crouch_yaw_err=0.0deg crouch_yaw_corr=0.000 crouch_yaw_applied=false crouch_fwd_bias=0.000 crouch_fwd_applied=false same_dir_turn=false opp_turn_shape=true uphill_segment=false uphill_seg_floor=false uphill_roll_floor=false min_step_floor=false override=true timeout=false serial=[2,-0.200,0.650]
[0m
[INFO] [1783729416.421373909] [cmd_vel_to_serial]: [0;96mserial tx: [2,-0.200,0.650]
[0m
[INFO] [1783729417.384352189] [cmd_vel_to_serial]: [1;35mstep_debug mode=2 vx=0.000 wz=0.000 left_m=-0.0074 right_m=0.0241 fwd_m=0.0083 step_yaw=0.0875 left_norm=-0.200 right_norm=0.650 odom_y=3.263 odom_roll=1.2deg goal_y_err=0.000 odom_corr=0.000 odom_corr_applied=false path_lat_err=0.000 path_corr=0.000 path_corr_applied=false path_yaw_err=0.0deg path_yaw_corr=0.000 path_yaw_applied=false path_profile=0 crouch_yaw_err=0.0deg crouch_yaw_corr=0.000 crouch_yaw_applied=false crouch_fwd_bias=0.000 crouch_fwd_applied=false same_dir_turn=false opp_turn_shape=true uphill_segment=false uphill_seg_floor=false uphill_roll_floor=false min_step_floor=false override=true timeout=false serial=[2,-0.200,0.650]
[0m
[INFO] [1783729417.939874886] [cmd_vel_to_serial]: [0;96mserial tx: [2,0.100,0.378]
[0m
[INFO] [1783729418.125363869] [cmd_vel_to_serial]: [0;96mserial tx: [2,0.650,-0.200]
[0m
[INFO] [1783729418.125399980] [cmd_vel_to_serial]: [0;94mstep_debug mode=2 vx=0.000 wz=-0.800 left_m=0.0241 right_m=-0.0074 fwd_m=0.0083 step_yaw=-0.0875 left_norm=0.650 right_norm=-0.200 odom_y=3.257 odom_roll=1.8deg goal_y_err=0.000 odom_corr=0.000 odom_corr_applied=false path_lat_err=0.000 path_corr=0.000 path_corr_applied=false path_yaw_err=0.0deg path_yaw_corr=0.000 path_yaw_applied=false path_profile=0 crouch_yaw_err=0.0deg crouch_yaw_corr=0.000 crouch_yaw_applied=false crouch_fwd_bias=0.000 crouch_fwd_applied=false same_dir_turn=false opp_turn_shape=true uphill_segment=false uphill_seg_floor=false uphill_roll_floor=false min_step_floor=false override=false timeout=false serial=[2,0.650,-0.200]
[0m
[INFO] [1783729418.422362736] [cmd_vel_to_serial]: [0;96mserial tx: [2,0.000,0.000]
[0m
[INFO] [1783729418.422407151] [cmd_vel_to_serial]: [1;35mstep_debug mode=2 vx=0.000 wz=0.000 left_m=0.0000 right_m=0.0000 fwd_m=0.0000 step_yaw=0.0000 left_norm=0.000 right_norm=0.000 odom_y=3.254 odom_roll=1.6deg goal_y_err=0.000 odom_corr=0.000 odom_corr_applied=false path_lat_err=0.000 path_corr=0.000 path_corr_applied=false path_yaw_err=0.0deg path_yaw_corr=0.000 path_yaw_applied=false path_profile=0 crouch_yaw_err=0.0deg crouch_yaw_corr=0.000 crouch_yaw_applied=false crouch_fwd_bias=0.000 crouch_fwd_applied=false same_dir_turn=false opp_turn_shape=false uphill_segment=false uphill_seg_floor=false uphill_roll_floor=false min_step_floor=false override=true timeout=false serial=[2,0.000,0.000]
[0m
[INFO] [1783729418.682249434] [cmd_vel_to_serial]: [0;96mserial tx: [2,1.000,1.000]
[0m
[INFO] [1783729418.682303404] [cmd_vel_to_serial]: [1;35mstep_debug mode=2 vx=0.000 wz=0.000 left_m=0.0370 right_m=0.0370 fwd_m=0.0370 step_yaw=0.0000 left_norm=1.000 right_norm=1.000 odom_y=3.257 odom_roll=1.8deg goal_y_err=0.000 odom_corr=0.000 odom_corr_applied=false path_lat_err=0.000 path_corr=0.000 path_corr_applied=false path_yaw_err=0.0deg path_yaw_corr=0.000 path_yaw_applied=false path_profile=0 crouch_yaw_err=0.0deg crouch_yaw_corr=0.000 crouch_yaw_applied=false crouch_fwd_bias=0.000 crouch_fwd_applied=false same_dir_turn=false opp_turn_shape=false uphill_segment=false uphill_seg_floor=false uphill_roll_floor=false min_step_floor=false override=true timeout=false serial=[2,1.000,1.000]
[0m
[INFO] [1783729420.129958892] [cmd_vel_to_serial]: [0;96mserial tx: [2,-0.200,0.650]
[0m
[INFO] [1783729420.130004462] [cmd_vel_to_serial]: [1;35mstep_debug mode=2 vx=0.000 wz=0.000 left_m=-0.0074 right_m=0.0241 fwd_m=0.0083 step_yaw=0.0875 left_norm=-0.200 right_norm=0.650 odom_y=3.248 odom_roll=1.4deg goal_y_err=0.000 odom_corr=0.000 odom_corr_applied=false path_lat_err=0.000 path_corr=0.000 path_corr_applied=false path_yaw_err=0.0deg path_yaw_corr=0.000 path_yaw_applied=false path_profile=0 crouch_yaw_err=0.0deg crouch_yaw_corr=0.000 crouch_yaw_applied=false crouch_fwd_bias=0.000 crouch_fwd_applied=false same_dir_turn=false opp_turn_shape=true uphill_segment=false uphill_seg_floor=false uphill_roll_floor=false min_step_floor=true override=true timeout=false serial=[2,-0.200,0.650]
[0m
[INFO] [1783729421.243468454] [cmd_vel_to_serial]: [0;96mserial tx: [2,1.000,1.000]
[0m
[INFO] [1783729421.243568535] [cmd_vel_to_serial]: [1;35mstep_debug mode=2 vx=0.000 wz=0.000 left_m=0.0370 right_m=0.0370 fwd_m=0.0370 step_yaw=0.0000 left_norm=1.000 right_norm=1.000 odom_y=3.256 odom_roll=1.4deg goal_y_err=0.000 odom_corr=0.000 odom_corr_applied=false path_lat_err=0.000 path_corr=0.000 path_corr_applied=false path_yaw_err=0.0deg path_yaw_corr=0.000 path_yaw_applied=false path_profile=0 crouch_yaw_err=0.0deg crouch_yaw_corr=0.000 crouch_yaw_applied=false crouch_fwd_bias=0.000 crouch_fwd_applied=false same_dir_turn=false opp_turn_shape=false uphill_segment=false uphill_seg_floor=false uphill_roll_floor=false min_step_floor=false override=true timeout=false serial=[2,1.000,1.000]
[0m
[INFO] [1783729423.248015776] [cmd_vel_to_serial]: [0;96mserial tx: [2,1.000,1.000]
[0m
[INFO] [1783729424.248895098] [cmd_vel_to_serial]: [1;35mstep_debug mode=2 vx=0.000 wz=0.000 left_m=0.0370 right_m=0.0370 fwd_m=0.0370 step_yaw=0.0000 left_norm=1.000 right_norm=1.000 odom_y=3.262 odom_roll=1.7deg goal_y_err=0.000 odom_corr=0.000 odom_corr_applied=false path_lat_err=0.000 path_corr=0.000 path_corr_applied=false path_yaw_err=0.0deg path_yaw_corr=0.000 path_yaw_applied=false path_profile=0 crouch_yaw_err=0.0deg crouch_yaw_corr=0.000 crouch_yaw_applied=false crouch_fwd_bias=0.000 crouch_fwd_applied=false same_dir_turn=false opp_turn_shape=false uphill_segment=false uphill_seg_floor=false uphill_roll_floor=false min_step_floor=false override=true timeout=false serial=[2,1.000,1.000]
[0m
[INFO] [1783729424.916672487] [cmd_vel_to_serial]: [0;96mserial tx: [2,-0.200,0.650]
[0m
[INFO] [1783729424.916742353] [cmd_vel_to_serial]: [1;35mstep_debug mode=2 vx=0.000 wz=0.000 left_m=-0.0074 right_m=0.0241 fwd_m=0.0083 step_yaw=0.0875 left_norm=-0.200 right_norm=0.650 odom_y=3.229 odom_roll=1.4deg goal_y_err=0.000 odom_corr=0.000 odom_corr_applied=false path_lat_err=0.000 path_corr=0.000 path_corr_applied=false path_yaw_err=0.0deg path_yaw_corr=0.000 path_yaw_applied=false path_profile=0 crouch_yaw_err=0.0deg crouch_yaw_corr=0.000 crouch_yaw_applied=false crouch_fwd_bias=0.000 crouch_fwd_applied=false same_dir_turn=false opp_turn_shape=true uphill_segment=false uphill_seg_floor=false uphill_roll_floor=false min_step_floor=false override=true timeout=false serial=[2,-0.200,0.650]
[0m
[INFO] [1783729426.919614645] [cmd_vel_to_serial]: [0;96mserial tx: [2,-0.200,0.650]
[0m
[INFO] [1783729427.921001362] [cmd_vel_to_serial]: [0;96mserial tx: [2,1.000,1.000]
[0m
[INFO] [1783729427.921061273] [cmd_vel_to_serial]: [1;35mstep_debug mode=2 vx=0.000 wz=0.000 left_m=0.0370 right_m=0.0370 fwd_m=0.0370 step_yaw=0.0000 left_norm=1.000 right_norm=1.000 odom_y=3.199 odom_roll=1.4deg goal_y_err=0.000 odom_corr=0.000 odom_corr_applied=false path_lat_err=0.000 path_corr=0.000 path_corr_applied=false path_yaw_err=0.0deg path_yaw_corr=0.000 path_yaw_applied=false path_profile=0 crouch_yaw_err=0.0deg crouch_yaw_corr=0.000 crouch_yaw_applied=false crouch_fwd_bias=0.000 crouch_fwd_applied=false same_dir_turn=false opp_turn_shape=false uphill_segment=false uphill_seg_floor=false uphill_roll_floor=false min_step_floor=false override=true timeout=false serial=[2,1.000,1.000]
[0m
[INFO] [1783729429.923453909] [cmd_vel_to_serial]: [0;96mserial tx: [2,1.000,1.000]
[0m
[INFO] [1783729430.220021035] [cmd_vel_to_serial]: [0;96mserial tx: [2,-0.200,0.650]
[0m
[INFO] [1783729430.220090087] [cmd_vel_to_serial]: [1;35mstep_debug mode=2 vx=0.000 wz=0.000 left_m=-0.0074 right_m=0.0241 fwd_m=0.0083 step_yaw=0.0875 left_norm=-0.200 right_norm=0.650 odom_y=3.211 odom_roll=2.3deg goal_y_err=0.000 odom_corr=0.000 odom_corr_applied=false path_lat_err=0.000 path_corr=0.000 path_corr_applied=false path_yaw_err=0.0deg path_yaw_corr=0.000 path_yaw_applied=false path_profile=0 crouch_yaw_err=0.0deg crouch_yaw_corr=0.000 crouch_yaw_applied=false crouch_fwd_bias=0.000 crouch_fwd_applied=false same_dir_turn=false opp_turn_shape=true uphill_segment=false uphill_seg_floor=false uphill_roll_floor=false min_step_floor=true override=true timeout=false serial=[2,-0.200,0.650]
[0m
[INFO] [1783729430.813271436] [cmd_vel_to_serial]: [0;96mserial tx: [2,1.000,1.000]
[0m
[INFO] [1783729430.813310913] [cmd_vel_to_serial]: [1;35mstep_debug mode=2 vx=0.000 wz=0.000 left_m=0.0370 right_m=0.0370 fwd_m=0.0370 step_yaw=0.0000 left_norm=1.000 right_norm=1.000 odom_y=3.197 odom_roll=2.2deg goal_y_err=0.000 odom_corr=0.000 odom_corr_applied=false path_lat_err=0.000 path_corr=0.000 path_corr_applied=false path_yaw_err=0.0deg path_yaw_corr=0.000 path_yaw_applied=false path_profile=0 crouch_yaw_err=0.0deg crouch_yaw_corr=0.000 crouch_yaw_applied=false crouch_fwd_bias=0.000 crouch_fwd_applied=false same_dir_turn=false opp_turn_shape=false uphill_segment=false uphill_seg_floor=false uphill_roll_floor=false min_step_floor=false override=true timeout=false serial=[2,1.000,1.000]
[0m
[INFO] [1783729432.815340721] [cmd_vel_to_serial]: [0;96mserial tx: [2,1.000,1.000]
[0m
[INFO] [1783729433.816252182] [cmd_vel_to_serial]: [1;35mstep_debug mode=2 vx=0.000 wz=0.000 left_m=0.0370 right_m=0.0370 fwd_m=0.0370 step_yaw=0.0000 left_norm=1.000 right_norm=1.000 odom_y=3.164 odom_roll=2.6deg goal_y_err=0.000 odom_corr=0.000 odom_corr_applied=false path_lat_err=0.000 path_corr=0.000 path_corr_applied=false path_yaw_err=0.0deg path_yaw_corr=0.000 path_yaw_applied=false path_profile=0 crouch_yaw_err=0.0deg crouch_yaw_corr=0.000 crouch_yaw_applied=false crouch_fwd_bias=0.000 crouch_fwd_applied=false same_dir_turn=false opp_turn_shape=false uphill_segment=false uphill_seg_floor=false uphill_roll_floor=false min_step_floor=false override=true timeout=false serial=[2,1.000,1.000]
[0m
[INFO] [1783729434.817107307] [cmd_vel_to_serial]: [0;96mserial tx: [2,1.000,1.000]
[0m
[INFO] [1783729436.818637500] [cmd_vel_to_serial]: [0;96mserial tx: [2,1.000,1.000]
[0m
[INFO] [1783729436.818683829] [cmd_vel_to_serial]: [1;35mstep_debug mode=2 vx=0.000 wz=0.000 left_m=0.0370 right_m=0.0370 fwd_m=0.0370 step_yaw=0.0000 left_norm=1.000 right_norm=1.000 odom_y=3.128 odom_roll=2.5deg goal_y_err=0.000 odom_corr=0.000 odom_corr_applied=false path_lat_err=0.000 path_corr=0.000 path_corr_applied=false path_yaw_err=0.0deg path_yaw_corr=0.000 path_yaw_applied=false path_profile=0 crouch_yaw_err=0.0deg crouch_yaw_corr=0.000 crouch_yaw_applied=false crouch_fwd_bias=0.000 crouch_fwd_applied=false same_dir_turn=false opp_turn_shape=false uphill_segment=false uphill_seg_floor=false uphill_roll_floor=false min_step_floor=false override=true timeout=false serial=[2,1.000,1.000]
[0m
[INFO] [1783729438.041782917] [cmd_vel_to_serial]: [0;96mserial tx: [2,0.650,-0.200]
[0m
[INFO] [1783729438.041833851] [cmd_vel_to_serial]: [1;35mstep_debug mode=2 vx=0.000 wz=0.000 left_m=0.0241 right_m=-0.0074 fwd_m=0.0083 step_yaw=-0.0875 left_norm=0.650 right_norm=-0.200 odom_y=3.105 odom_roll=2.4deg goal_y_err=0.000 odom_corr=0.000 odom_corr_applied=false path_lat_err=0.000 path_corr=0.000 path_corr_applied=false path_yaw_err=0.0deg path_yaw_corr=0.000 path_yaw_applied=false path_profile=0 crouch_yaw_err=0.0deg crouch_yaw_corr=0.000 crouch_yaw_applied=false crouch_fwd_bias=0.000 crouch_fwd_applied=false same_dir_turn=false opp_turn_shape=true uphill_segment=false uphill_seg_floor=false uphill_roll_floor=false min_step_floor=false override=true timeout=false serial=[2,0.650,-0.200]
[0m
[INFO] [1783729439.116557855] [cmd_vel_to_serial]: [0;96mserial tx: [2,1.000,1.000]
[0m
[INFO] [1783729439.116601858] [cmd_vel_to_serial]: [1;35mstep_debug mode=2 vx=0.000 wz=0.000 left_m=0.0370 right_m=0.0370 fwd_m=0.0370 step_yaw=0.0000 left_norm=1.000 right_norm=1.000 odom_y=3.097 odom_roll=2.0deg goal_y_err=0.000 odom_corr=0.000 odom_corr_applied=false path_lat_err=0.000 path_corr=0.000 path_corr_applied=false path_yaw_err=0.0deg path_yaw_corr=0.000 path_yaw_applied=false path_profile=0 crouch_yaw_err=0.0deg crouch_yaw_corr=0.000 crouch_yaw_applied=false crouch_fwd_bias=0.000 crouch_fwd_applied=false same_dir_turn=false opp_turn_shape=false uphill_segment=false uphill_seg_floor=false uphill_roll_floor=false min_step_floor=false override=true timeout=false serial=[2,1.000,1.000]
[0m
[INFO] [1783729441.117719190] [cmd_vel_to_serial]: [0;96mserial tx: [2,1.000,1.000]
[0m
[INFO] [1783729442.118262495] [cmd_vel_to_serial]: [1;35mstep_debug mode=2 vx=0.000 wz=0.000 left_m=0.0370 right_m=0.0370 fwd_m=0.0370 step_yaw=0.0000 left_norm=1.000 right_norm=1.000 odom_y=3.098 odom_roll=1.4deg goal_y_err=0.000 odom_corr=0.000 odom_corr_applied=false path_lat_err=0.000 path_corr=0.000 path_corr_applied=false path_yaw_err=0.0deg path_yaw_corr=0.000 path_yaw_applied=false path_profile=0 crouch_yaw_err=0.0deg crouch_yaw_corr=0.000 crouch_yaw_applied=false crouch_fwd_bias=0.000 crouch_fwd_applied=false same_dir_turn=false opp_turn_shape=false uphill_segment=false uphill_seg_floor=false uphill_roll_floor=false min_step_floor=false override=true timeout=false serial=[2,1.000,1.000]
[0m
[INFO] [1783729443.118780857] [cmd_vel_to_serial]: [0;96mserial tx: [2,1.000,1.000]
[0m
[INFO] [1783729445.119691934] [cmd_vel_to_serial]: [0;96mserial tx: [2,1.000,1.000]
[0m
[INFO] [1783729445.119735202] [cmd_vel_to_serial]: [1;35mstep_debug mode=2 vx=0.000 wz=0.000 left_m=0.0370 right_m=0.0370 fwd_m=0.0370 step_yaw=0.0000 left_norm=1.000 right_norm=1.000 odom_y=3.102 odom_roll=0.9deg goal_y_err=0.000 odom_corr=0.000 odom_corr_applied=false path_lat_err=0.000 path_corr=0.000 path_corr_applied=false path_yaw_err=0.0deg path_yaw_corr=0.000 path_yaw_applied=false path_profile=0 crouch_yaw_err=0.0deg crouch_yaw_corr=0.000 crouch_yaw_applied=false crouch_fwd_bias=0.000 crouch_fwd_applied=false same_dir_turn=false opp_turn_shape=false uphill_segment=false uphill_seg_floor=false uphill_roll_floor=false min_step_floor=false override=true timeout=false serial=[2,1.000,1.000]
[0m
[INFO] [1783729447.120525145] [cmd_vel_to_serial]: [0;96mserial tx: [2,-0.200,0.650]
[0m
[INFO] [1783729447.120567109] [cmd_vel_to_serial]: [1;35mstep_debug mode=2 vx=0.000 wz=0.000 left_m=-0.0074 right_m=0.0241 fwd_m=0.0083 step_yaw=0.0875 left_norm=-0.200 right_norm=0.650 odom_y=3.110 odom_roll=1.9deg goal_y_err=0.000 odom_corr=0.000 odom_corr_applied=false path_lat_err=0.000 path_corr=0.000 path_corr_applied=false path_yaw_err=0.0deg path_yaw_corr=0.000 path_yaw_applied=false path_profile=0 crouch_yaw_err=0.0deg crouch_yaw_corr=0.000 crouch_yaw_applied=false crouch_fwd_bias=0.000 crouch_fwd_applied=false same_dir_turn=false opp_turn_shape=true uphill_segment=false uphill_seg_floor=false uphill_roll_floor=false min_step_floor=false override=true timeout=false serial=[2,-0.200,0.650]
[0m
[INFO] [1783729448.343125010] [cmd_vel_to_serial]: [0;96mserial tx: [2,1.000,1.000]
[0m
[INFO] [1783729448.343181663] [cmd_vel_to_serial]: [1;35mstep_debug mode=2 vx=0.000 wz=0.000 left_m=0.0370 right_m=0.0370 fwd_m=0.0370 step_yaw=0.0000 left_norm=1.000 right_norm=1.000 odom_y=3.106 odom_roll=2.2deg goal_y_err=0.000 odom_corr=0.000 odom_corr_applied=false path_lat_err=0.000 path_corr=0.000 path_corr_applied=false path_yaw_err=0.0deg path_yaw_corr=0.000 path_yaw_applied=false path_profile=0 crouch_yaw_err=0.0deg crouch_yaw_corr=0.000 crouch_yaw_applied=false crouch_fwd_bias=0.000 crouch_fwd_applied=false same_dir_turn=false opp_turn_shape=false uphill_segment=false uphill_seg_floor=false uphill_roll_floor=false min_step_floor=false override=true timeout=false serial=[2,1.000,1.000]
[0m
[INFO] [1783729450.343865725] [cmd_vel_to_serial]: [0;96mserial tx: [2,1.000,1.000]
[0m
[INFO] [1783729451.344118652] [cmd_vel_to_serial]: [1;35mstep_debug mode=2 vx=0.000 wz=0.000 left_m=0.0370 right_m=0.0370 fwd_m=0.0370 step_yaw=0.0000 left_norm=1.000 right_norm=1.000 odom_y=3.067 odom_roll=1.7deg goal_y_err=0.000 odom_corr=0.000 odom_corr_applied=false path_lat_err=0.000 path_corr=0.000 path_corr_applied=false path_yaw_err=0.0deg path_yaw_corr=0.000 path_yaw_applied=false path_profile=0 crouch_yaw_err=0.0deg crouch_yaw_corr=0.000 crouch_yaw_applied=false crouch_fwd_bias=0.000 crouch_fwd_applied=false same_dir_turn=false opp_turn_shape=false uphill_segment=false uphill_seg_floor=false uphill_roll_floor=false min_step_floor=false override=true timeout=false serial=[2,1.000,1.000]
[0m
[INFO] [1783729452.344415135] [cmd_vel_to_serial]: [0;96mserial tx: [2,1.000,1.000]
[0m
[INFO] [1783729452.863033826] [cmd_vel_to_serial]: [0;96mserial tx: [2,-0.200,-0.200]
[0m
[INFO] [1783729452.863069018] [cmd_vel_to_serial]: [1;35mstep_debug mode=2 vx=0.000 wz=0.000 left_m=-0.0074 right_m=-0.0074 fwd_m=-0.0074 step_yaw=0.0000 left_norm=-0.200 right_norm=-0.200 odom_y=3.047 odom_roll=1.3deg goal_y_err=0.000 odom_corr=0.000 odom_corr_applied=false path_lat_err=0.000 path_corr=0.000 path_corr_applied=false path_yaw_err=0.0deg path_yaw_corr=0.000 path_yaw_applied=false path_profile=0 crouch_yaw_err=0.0deg crouch_yaw_corr=0.000 crouch_yaw_applied=false crouch_fwd_bias=0.000 crouch_fwd_applied=false same_dir_turn=false opp_turn_shape=false uphill_segment=false uphill_seg_floor=false uphill_roll_floor=false min_step_floor=false override=true timeout=false serial=[2,-0.200,-0.200]
[0m
[INFO] [1783729454.863533246] [cmd_vel_to_serial]: [0;96mserial tx: [2,-0.200,-0.200]
[0m
[INFO] [1783729455.789678903] [cmd_vel_to_serial]: [0;96mserial tx: [2,0.000,0.000]
[0m
[INFO] [1783729455.863773322] [cmd_vel_to_serial]: [1;35mstep_debug mode=2 vx=0.000 wz=0.000 left_m=0.0000 right_m=0.0000 fwd_m=0.0000 step_yaw=0.0000 left_norm=0.000 right_norm=0.000 odom_y=3.069 odom_roll=1.8deg goal_y_err=0.000 odom_corr=0.000 odom_corr_applied=false path_lat_err=0.000 path_corr=0.000 path_corr_applied=false path_yaw_err=0.0deg path_yaw_corr=0.000 path_yaw_applied=false path_profile=0 crouch_yaw_err=0.0deg crouch_yaw_corr=0.000 crouch_yaw_applied=false crouch_fwd_bias=0.000 crouch_fwd_applied=false same_dir_turn=false opp_turn_shape=false uphill_segment=false uphill_seg_floor=false uphill_roll_floor=false min_step_floor=false override=true timeout=false serial=[2,0.000,0.000]
[0m
[INFO] [1783729456.765332248] [cmd_vel_to_serial]: [1;35mUpdated serial mode to 0[0m
[INFO] [1783729456.789841413] [cmd_vel_to_serial]: [0;96mserial tx: [0,0.000,0.000]
[0m
[INFO] [1783729456.789879897] [cmd_vel_to_serial]: [1;35mstep_debug mode=0 vx=0.000 wz=0.000 left_m=0.0000 right_m=0.0000 fwd_m=0.0000 step_yaw=0.0000 left_norm=0.000 right_norm=0.000 odom_y=3.060 odom_roll=1.7deg goal_y_err=0.000 odom_corr=0.000 odom_corr_applied=false path_lat_err=0.000 path_corr=0.000 path_corr_applied=false path_yaw_err=0.0deg path_yaw_corr=0.000 path_yaw_applied=false path_profile=0 crouch_yaw_err=0.0deg crouch_yaw_corr=0.000 crouch_yaw_applied=false crouch_fwd_bias=0.000 crouch_fwd_applied=false same_dir_turn=false opp_turn_shape=false uphill_segment=false uphill_seg_floor=false uphill_roll_floor=false min_step_floor=false override=true timeout=false serial=[0,0.000,0.000]
[0m
[INFO] [1783729458.642056660] [cmd_vel_to_serial]: [0;96mserial tx: [6,-0.350,0.600]
[0m
[INFO] [1783729458.642097245] [cmd_vel_to_serial]: [1;35mstep_debug mode=6 vx=0.000 wz=0.000 left_m=-0.0130 right_m=0.0222 fwd_m=0.0046 step_yaw=0.0977 left_norm=-0.350 right_norm=0.600 odom_y=3.065 odom_roll=1.8deg goal_y_err=0.000 odom_corr=0.000 odom_corr_applied=false path_lat_err=0.000 path_corr=0.000 path_corr_applied=false path_yaw_err=0.0deg path_yaw_corr=0.000 path_yaw_applied=false path_profile=0 crouch_yaw_err=0.0deg crouch_yaw_corr=0.000 crouch_yaw_applied=false crouch_fwd_bias=0.000 crouch_fwd_applied=false same_dir_turn=false opp_turn_shape=false uphill_segment=false uphill_seg_floor=false uphill_roll_floor=false min_step_floor=false override=true timeout=false serial=[6,-0.350,0.600]
[0m
[INFO] [1783729459.847026190] [cmd_vel_to_serial]: [1;35mUpdated path correction profile to 2 (0=off, 1=normal, 2=uphill_strong, 3=uphill_strong_sign_test)[0m
[INFO] [1783729459.864539787] [cmd_vel_to_serial]: [0;96mserial tx: [0,0.000,0.000]
[0m
[INFO] [1783729459.864586506] [cmd_vel_to_serial]: [1;35mstep_debug mode=0 vx=0.000 wz=0.000 left_m=0.0000 right_m=0.0000 fwd_m=0.0000 step_yaw=0.0000 left_norm=0.000 right_norm=0.000 odom_y=2.940 odom_roll=1.8deg goal_y_err=0.000 odom_corr=0.000 odom_corr_applied=false path_lat_err=0.000 path_corr=0.000 path_corr_applied=false path_yaw_err=0.0deg path_yaw_corr=0.000 path_yaw_applied=false path_profile=2 crouch_yaw_err=0.0deg crouch_yaw_corr=0.000 crouch_yaw_applied=false crouch_fwd_bias=0.000 crouch_fwd_applied=false same_dir_turn=false opp_turn_shape=false uphill_segment=false uphill_seg_floor=false uphill_roll_floor=false min_step_floor=false override=true timeout=false serial=[0,0.000,0.000]
[0m
[INFO] [1783729460.309047385] [cmd_vel_to_serial]: [0;96mserial tx: [6,-0.150,0.200]
[0m
[INFO] [1783729460.309103292] [cmd_vel_to_serial]: [1;35mstep_debug mode=6 vx=0.000 wz=0.000 left_m=-0.0056 right_m=0.0074 fwd_m=0.0009 step_yaw=0.0360 left_norm=-0.150 right_norm=0.200 odom_y=2.914 odom_roll=1.8deg goal_y_err=0.000 odom_corr=0.000 odom_corr_applied=false path_lat_err=0.000 path_corr=0.000 path_corr_applied=false path_yaw_err=0.0deg path_yaw_corr=0.000 path_yaw_applied=false path_profile=2 crouch_yaw_err=0.0deg crouch_yaw_corr=0.000 crouch_yaw_applied=false crouch_fwd_bias=0.000 crouch_fwd_applied=false same_dir_turn=false opp_turn_shape=false uphill_segment=false uphill_seg_floor=false uphill_roll_floor=false min_step_floor=false override=true timeout=false serial=[6,-0.150,0.200]
[0m
[INFO] [1783729460.346072318] [cmd_vel_to_serial]: [0;96mserial tx: [0,0.000,0.000]
[0m
[INFO] [1783729460.346109505] [cmd_vel_to_serial]: [1;35mstep_debug mode=0 vx=0.000 wz=0.000 left_m=0.0000 right_m=0.0000 fwd_m=0.0000 step_yaw=0.0000 left_norm=0.000 right_norm=0.000 odom_y=2.907 odom_roll=2.4deg goal_y_err=0.000 odom_corr=0.000 odom_corr_applied=false path_lat_err=0.000 path_corr=0.000 path_corr_applied=false path_yaw_err=0.0deg path_yaw_corr=0.000 path_yaw_applied=false path_profile=2 crouch_yaw_err=0.0deg crouch_yaw_corr=0.000 crouch_yaw_applied=false crouch_fwd_bias=0.000 crouch_fwd_applied=false same_dir_turn=false opp_turn_shape=false uphill_segment=false uphill_seg_floor=false uphill_roll_floor=false min_step_floor=false override=true timeout=false serial=[0,0.000,0.000]
[0m
[INFO] [1783729460.420201790] [cmd_vel_to_serial]: [0;96mserial tx: [0,0.250,0.250]
[0m
[INFO] [1783729460.716494696] [cmd_vel_to_serial]: [0;96mserial tx: [0,0.389,0.389]
[0m
[INFO] [1783729460.716533694] [cmd_vel_to_serial]: [1;35mstep_debug mode=0 vx=0.000 wz=0.000 left_m=0.0144 right_m=0.0144 fwd_m=0.0144 step_yaw=0.0000 left_norm=0.389 right_norm=0.389 odom_y=2.893 odom_roll=3.6deg goal_y_err=0.000 odom_corr=0.000 odom_corr_applied=false path_lat_err=0.007 path_corr=0.000 path_corr_applied=false path_yaw_err=-0.6deg path_yaw_corr=0.000 path_yaw_applied=false path_profile=2 crouch_yaw_err=0.0deg crouch_yaw_corr=0.000 crouch_yaw_applied=false crouch_fwd_bias=0.000 crouch_fwd_applied=false same_dir_turn=false opp_turn_shape=false uphill_segment=false uphill_seg_floor=false uphill_roll_floor=false min_step_floor=false override=true timeout=false serial=[0,0.389,0.389]
[0m
[INFO] [1783729460.827658577] [cmd_vel_to_serial]: [0;96mserial tx: [0,0.476,0.476]
[0m
[INFO] [1783729460.938737270] [cmd_vel_to_serial]: [0;96mserial tx: [0,0.567,0.567]
[0m
[INFO] [1783729461.012822880] [cmd_vel_to_serial]: [0;96mserial tx: [0,0.655,0.655]
[0m
[INFO] [1783729461.235152962] [cmd_vel_to_serial]: [0;96mserial tx: [0,0.780,0.780]
[0m
[INFO] [1783729461.235199944] [cmd_vel_to_serial]: [1;35mstep_debug mode=0 vx=0.000 wz=0.000 left_m=0.0289 right_m=0.0289 fwd_m=0.0289 step_yaw=0.0000 left_norm=0.780 right_norm=0.780 odom_y=2.648 odom_roll=3.0deg goal_y_err=0.000 odom_corr=0.000 odom_corr_applied=false path_lat_err=0.005 path_corr=0.000 path_corr_applied=false path_yaw_err=0.9deg path_yaw_corr=0.000 path_yaw_applied=false path_profile=2 crouch_yaw_err=0.0deg crouch_yaw_corr=0.000 crouch_yaw_applied=false crouch_fwd_bias=0.000 crouch_fwd_applied=false same_dir_turn=false opp_turn_shape=false uphill_segment=false uphill_seg_floor=false uphill_roll_floor=false min_step_floor=false override=true timeout=false serial=[0,0.780,0.780]
[0m
[INFO] [1783729463.235842688] [cmd_vel_to_serial]: [0;96mserial tx: [0,0.800,0.800]
[0m
[INFO] [1783729464.235578585] [cmd_vel_to_serial]: [1;35mstep_debug mode=0 vx=0.000 wz=0.000 left_m=0.0305 right_m=0.0288 fwd_m=0.0296 step_yaw=-0.0047 left_norm=0.823 right_norm=0.777 odom_y=0.365 odom_roll=2.5deg goal_y_err=0.000 odom_corr=0.000 odom_corr_applied=false path_lat_err=0.049 path_corr=0.023 path_corr_applied=true path_yaw_err=1.6deg path_yaw_corr=0.000 path_yaw_applied=false path_profile=2 crouch_yaw_err=0.0deg crouch_yaw_corr=0.000 crouch_yaw_applied=false crouch_fwd_bias=0.000 crouch_fwd_applied=false same_dir_turn=false opp_turn_shape=false uphill_segment=false uphill_seg_floor=false uphill_roll_floor=false min_step_floor=false override=true timeout=false serial=[0,0.823,0.777]
[0m
[INFO] [1783729464.828137107] [cmd_vel_to_serial]: [0;96mserial tx: [0,0.000,0.000]
[0m
[INFO] [1783729464.828172850] [cmd_vel_to_serial]: [1;35mstep_debug mode=0 vx=0.000 wz=0.000 left_m=0.0000 right_m=0.0000 fwd_m=0.0000 step_yaw=0.0000 left_norm=0.000 right_norm=0.000 odom_y=-0.081 odom_roll=3.2deg goal_y_err=0.000 odom_corr=0.000 odom_corr_applied=false path_lat_err=0.000 path_corr=0.000 path_corr_applied=false path_yaw_err=0.0deg path_yaw_corr=0.000 path_yaw_applied=false path_profile=2 crouch_yaw_err=0.0deg crouch_yaw_corr=0.000 crouch_yaw_applied=false crouch_fwd_bias=0.000 crouch_fwd_applied=false same_dir_turn=false opp_turn_shape=false uphill_segment=false uphill_seg_floor=false uphill_roll_floor=false min_step_floor=false override=true timeout=false serial=[0,0.000,0.000]
[0m
[INFO] [1783729464.939292418] [cmd_vel_to_serial]: [0;96mserial tx: [6,-0.400,0.850]
[0m
[INFO] [1783729464.939329745] [cmd_vel_to_serial]: [1;35mstep_debug mode=6 vx=0.000 wz=0.000 left_m=-0.0148 right_m=0.0315 fwd_m=0.0083 step_yaw=0.1286 left_norm=-0.400 right_norm=0.850 odom_y=-0.161 odom_roll=2.4deg goal_y_err=0.000 odom_corr=0.000 odom_corr_applied=false path_lat_err=0.000 path_corr=0.000 path_corr_applied=false path_yaw_err=0.0deg path_yaw_corr=0.000 path_yaw_applied=false path_profile=2 crouch_yaw_err=0.0deg crouch_yaw_corr=0.000 crouch_yaw_applied=false crouch_fwd_bias=0.000 crouch_fwd_applied=false same_dir_turn=false opp_turn_shape=false uphill_segment=false uphill_seg_floor=false uphill_roll_floor=false min_step_floor=false override=true timeout=false serial=[6,-0.400,0.850]
[0m
[INFO] [1783729465.610352172] [cmd_vel_to_serial]: [1;35mUpdated path correction profile to 0 (0=off, 1=normal, 2=uphill_strong, 3=uphill_strong_sign_test)[0m
[INFO] [1783729465.643102971] [cmd_vel_to_serial]: [0;96mserial tx: [0,0.000,0.000]
[0m
[INFO] [1783729465.643145948] [cmd_vel_to_serial]: [1;35mstep_debug mode=0 vx=0.000 wz=0.000 left_m=0.0000 right_m=0.0000 fwd_m=0.0000 step_yaw=0.0000 left_norm=0.000 right_norm=0.000 odom_y=-0.441 odom_roll=1.9deg goal_y_err=0.000 odom_corr=0.000 odom_corr_applied=false path_lat_err=0.000 path_corr=0.000 path_corr_applied=false path_yaw_err=0.0deg path_yaw_corr=0.000 path_yaw_applied=false path_profile=0 crouch_yaw_err=0.0deg crouch_yaw_corr=0.000 crouch_yaw_applied=false crouch_fwd_bias=0.000 crouch_fwd_applied=false same_dir_turn=false opp_turn_shape=false uphill_segment=false uphill_seg_floor=false uphill_roll_floor=false min_step_floor=false override=true timeout=false serial=[0,0.000,0.000]
[0m
[INFO] [1783729465.712800936] [cmd_vel_to_serial]: [1;35mUpdated path correction profile to 2 (0=off, 1=normal, 2=uphill_strong, 3=uphill_strong_sign_test)[0m
[INFO] [1783729465.717191993] [cmd_vel_to_serial]: [0;96mserial tx: [7,0.800,0.800]
[0m
[INFO] [1783729465.717237546] [cmd_vel_to_serial]: [1;35mstep_debug mode=7 vx=0.000 wz=0.000 left_m=0.0296 right_m=0.0296 fwd_m=0.0296 step_yaw=0.0000 left_norm=0.800 right_norm=0.800 odom_y=-0.447 odom_roll=1.8deg goal_y_err=0.000 odom_corr=0.000 odom_corr_applied=false path_lat_err=0.000 path_corr=0.000 path_corr_applied=false path_yaw_err=0.0deg path_yaw_corr=0.000 path_yaw_applied=false path_profile=2 crouch_yaw_err=0.0deg crouch_yaw_corr=0.000 crouch_yaw_applied=false crouch_fwd_bias=0.000 crouch_fwd_applied=false same_dir_turn=false opp_turn_shape=false uphill_segment=false uphill_seg_floor=false uphill_roll_floor=false min_step_floor=false override=true timeout=false serial=[7,0.800,0.800]
[0m
[INFO] [1783729467.237208194] [cmd_vel_to_serial]: [0;96mserial tx: [0,-0.180,0.200]
[0m
[INFO] [1783729467.237280852] [cmd_vel_to_serial]: [1;32mstep_debug mode=0 vx=0.000 wz=0.800 left_m=-0.0067 right_m=0.0074 fwd_m=0.0004 step_yaw=0.0391 left_norm=-0.180 right_norm=0.200 odom_y=-0.725 odom_roll=-1.4deg goal_y_err=0.000 odom_corr=0.000 odom_corr_applied=false path_lat_err=0.000 path_corr=0.000 path_corr_applied=false path_yaw_err=0.0deg path_yaw_corr=0.000 path_yaw_applied=false path_profile=2 crouch_yaw_err=0.0deg crouch_yaw_corr=0.000 crouch_yaw_applied=false crouch_fwd_bias=0.000 crouch_fwd_applied=false same_dir_turn=false opp_turn_shape=true uphill_segment=false uphill_seg_floor=false uphill_roll_floor=false min_step_floor=true override=false timeout=false serial=[0,-0.180,0.200]
[0m
[INFO] [1783729467.346992982] [cmd_vel_to_serial]: [0;96mserial tx: [7,0.700,-0.600]
[0m
[INFO] [1783729467.347029300] [cmd_vel_to_serial]: [1;35mstep_debug mode=7 vx=0.000 wz=0.000 left_m=0.0259 right_m=-0.0222 fwd_m=0.0019 step_yaw=-0.1338 left_norm=0.700 right_norm=-0.600 odom_y=-0.726 odom_roll=-1.9deg goal_y_err=0.000 odom_corr=0.000 odom_corr_applied=false path_lat_err=0.000 path_corr=0.000 path_corr_applied=false path_yaw_err=0.0deg path_yaw_corr=0.000 path_yaw_applied=false path_profile=2 crouch_yaw_err=0.0deg crouch_yaw_corr=0.000 crouch_yaw_applied=false crouch_fwd_bias=0.000 crouch_fwd_applied=false same_dir_turn=false opp_turn_shape=false uphill_segment=false uphill_seg_floor=false uphill_roll_floor=false min_step_floor=false override=true timeout=false serial=[7,0.700,-0.600]
[0m
[INFO] [1783729469.347184521] [cmd_vel_to_serial]: [0;96mserial tx: [7,0.700,-0.600]
[0m
[INFO] [1783729469.666647765] [cmd_vel_to_serial]: [1;35mUpdated path correction profile to 0 (0=off, 1=normal, 2=uphill_strong, 3=uphill_strong_sign_test)[0m
[INFO] [1783729469.680584667] [cmd_vel_to_serial]: [0;96mserial tx: [0,-0.180,0.200]
[0m
[INFO] [1783729469.680632718] [cmd_vel_to_serial]: [1;32mstep_debug mode=0 vx=0.000 wz=0.800 left_m=-0.0067 right_m=0.0074 fwd_m=0.0004 step_yaw=0.0391 left_norm=-0.180 right_norm=0.200 odom_y=-0.781 odom_roll=1.4deg goal_y_err=0.000 odom_corr=0.000 odom_corr_applied=false path_lat_err=0.000 path_corr=0.000 path_corr_applied=false path_yaw_err=0.0deg path_yaw_corr=0.000 path_yaw_applied=false path_profile=0 crouch_yaw_err=0.0deg crouch_yaw_corr=0.000 crouch_yaw_applied=false crouch_fwd_bias=0.000 crouch_fwd_applied=false same_dir_turn=false opp_turn_shape=true uphill_segment=false uphill_seg_floor=false uphill_roll_floor=false min_step_floor=true override=false timeout=false serial=[0,-0.180,0.200]
[0m
[INFO] [1783729469.772641836] [cmd_vel_to_serial]: [1;35mUpdated path correction profile to 2 (0=off, 1=normal, 2=uphill_strong, 3=uphill_strong_sign_test)[0m
[INFO] [1783729469.791665106] [cmd_vel_to_serial]: [0;96mserial tx: [7,1.000,0.600]
[0m
[INFO] [1783729469.791701268] [cmd_vel_to_serial]: [1;35mstep_debug mode=7 vx=0.000 wz=0.000 left_m=0.0370 right_m=0.0222 fwd_m=0.0296 step_yaw=-0.0412 left_norm=1.000 right_norm=0.600 odom_y=-0.791 odom_roll=2.4deg goal_y_err=0.000 odom_corr=0.000 odom_corr_applied=false path_lat_err=0.000 path_corr=0.000 path_corr_applied=false path_yaw_err=0.0deg path_yaw_corr=0.000 path_yaw_applied=false path_profile=2 crouch_yaw_err=0.0deg crouch_yaw_corr=0.000 crouch_yaw_applied=false crouch_fwd_bias=0.000 crouch_fwd_applied=false same_dir_turn=false opp_turn_shape=false uphill_segment=false uphill_seg_floor=false uphill_roll_floor=false min_step_floor=false override=true timeout=false serial=[7,1.000,0.600]
[0m
[INFO] [1783729471.791863909] [cmd_vel_to_serial]: [0;96mserial tx: [7,1.000,0.600]
[0m
[INFO] [1783729472.791892748] [cmd_vel_to_serial]: [1;35mstep_debug mode=7 vx=0.000 wz=0.000 left_m=0.0370 right_m=0.0222 fwd_m=0.0296 step_yaw=-0.0412 left_norm=1.000 right_norm=0.600 odom_y=-1.681 odom_roll=3.2deg goal_y_err=0.000 odom_corr=0.000 odom_corr_applied=false path_lat_err=0.000 path_corr=0.000 path_corr_applied=false path_yaw_err=0.0deg path_yaw_corr=0.000 path_yaw_applied=false path_profile=2 crouch_yaw_err=0.0deg crouch_yaw_corr=0.000 crouch_yaw_applied=false crouch_fwd_bias=0.000 crouch_fwd_applied=false same_dir_turn=false opp_turn_shape=false uphill_segment=false uphill_seg_floor=false uphill_roll_floor=false min_step_floor=false override=true timeout=false serial=[7,1.000,0.600]
[0m
[INFO] [1783729473.088250983] [cmd_vel_to_serial]: [0;96mserial tx: [0,-0.180,0.200]
[0m
[INFO] [1783729473.088293973] [cmd_vel_to_serial]: [1;32mstep_debug mode=0 vx=0.000 wz=0.800 left_m=-0.0067 right_m=0.0074 fwd_m=0.0004 step_yaw=0.0391 left_norm=-0.180 right_norm=0.200 odom_y=-1.776 odom_roll=1.2deg goal_y_err=0.000 odom_corr=0.000 odom_corr_applied=false path_lat_err=0.000 path_corr=0.000 path_corr_applied=false path_yaw_err=0.0deg path_yaw_corr=0.000 path_yaw_applied=false path_profile=2 crouch_yaw_err=0.0deg crouch_yaw_corr=0.000 crouch_yaw_applied=false crouch_fwd_bias=0.000 crouch_fwd_applied=false same_dir_turn=false opp_turn_shape=true uphill_segment=false uphill_seg_floor=false uphill_roll_floor=false min_step_floor=true override=false timeout=false serial=[0,-0.180,0.200]
[0m
[INFO] [1783729473.199366399] [cmd_vel_to_serial]: [0;96mserial tx: [7,0.900,0.000]
[0m
[INFO] [1783729473.199415775] [cmd_vel_to_serial]: [1;35mstep_debug mode=7 vx=0.000 wz=0.000 left_m=0.0333 right_m=0.0000 fwd_m=0.0167 step_yaw=-0.0926 left_norm=0.900 right_norm=0.000 odom_y=-1.808 odom_roll=3.9deg goal_y_err=0.000 odom_corr=0.000 odom_corr_applied=false path_lat_err=0.000 path_corr=0.000 path_corr_applied=false path_yaw_err=0.0deg path_yaw_corr=0.000 path_yaw_applied=false path_profile=2 crouch_yaw_err=0.0deg crouch_yaw_corr=0.000 crouch_yaw_applied=false crouch_fwd_bias=0.000 crouch_fwd_applied=false same_dir_turn=false opp_turn_shape=false uphill_segment=false uphill_seg_floor=false uphill_roll_floor=false min_step_floor=false override=true timeout=false serial=[7,0.900,0.000]
[0m
[INFO] [1783729475.199501417] [cmd_vel_to_serial]: [0;96mserial tx: [7,0.900,0.000]
[0m
[INFO] [1783729476.199558502] [cmd_vel_to_serial]: [1;35mstep_debug mode=7 vx=0.000 wz=0.000 left_m=0.0333 right_m=0.0000 fwd_m=0.0167 step_yaw=-0.0926 left_norm=0.900 right_norm=0.000 odom_y=-2.194 odom_roll=-10.4deg goal_y_err=0.000 odom_corr=0.000 odom_corr_applied=false path_lat_err=0.000 path_corr=0.000 path_corr_applied=false path_yaw_err=0.0deg path_yaw_corr=0.000 path_yaw_applied=false path_profile=2 crouch_yaw_err=0.0deg crouch_yaw_corr=0.000 crouch_yaw_applied=false crouch_fwd_bias=0.000 crouch_fwd_applied=false same_dir_turn=false opp_turn_shape=false uphill_segment=false uphill_seg_floor=false uphill_roll_floor=false min_step_floor=false override=true timeout=false serial=[7,0.900,0.000]
[0m
[INFO] [1783729476.823722700] [cmd_vel_to_serial]: [1;35mUpdated path correction profile to 0 (0=off, 1=normal, 2=uphill_strong, 3=uphill_strong_sign_test)[0m
[INFO] [1783729476.829212867] [cmd_vel_to_serial]: [0;96mserial tx: [0,0.200,-0.180]
[0m
[INFO] [1783729476.829243666] [cmd_vel_to_serial]: [1;32mstep_debug mode=0 vx=0.000 wz=-0.800 left_m=0.0074 right_m=-0.0067 fwd_m=0.0004 step_yaw=-0.0391 left_norm=0.200 right_norm=-0.180 odom_y=-2.195 odom_roll=-11.4deg goal_y_err=0.000 odom_corr=0.000 odom_corr_applied=false path_lat_err=0.000 path_corr=0.000 path_corr_applied=false path_yaw_err=0.0deg path_yaw_corr=0.000 path_yaw_applied=false path_profile=0 crouch_yaw_err=0.0deg crouch_yaw_corr=0.000 crouch_yaw_applied=false crouch_fwd_bias=0.000 crouch_fwd_applied=false same_dir_turn=false opp_turn_shape=true uphill_segment=false uphill_seg_floor=false uphill_roll_floor=false min_step_floor=true override=false timeout=false serial=[0,0.200,-0.180]
[0m
[INFO] [1783729476.925868708] [cmd_vel_to_serial]: [1;35mUpdated path correction profile to 2 (0=off, 1=normal, 2=uphill_strong, 3=uphill_strong_sign_test)[0m
[INFO] [1783729476.940272739] [cmd_vel_to_serial]: [0;96mserial tx: [7,0.800,0.800]
[0m
[INFO] [1783729476.940314388] [cmd_vel_to_serial]: [1;35mstep_debug mode=7 vx=0.000 wz=0.000 left_m=0.0296 right_m=0.0296 fwd_m=0.0296 step_yaw=0.0000 left_norm=0.800 right_norm=0.800 odom_y=-2.204 odom_roll=-13.3deg goal_y_err=0.000 odom_corr=0.000 odom_corr_applied=false path_lat_err=0.000 path_corr=0.000 path_corr_applied=false path_yaw_err=0.0deg path_yaw_corr=0.000 path_yaw_applied=false path_profile=2 crouch_yaw_err=0.0deg crouch_yaw_corr=0.000 crouch_yaw_applied=false crouch_fwd_bias=0.000 crouch_fwd_applied=false same_dir_turn=false opp_turn_shape=false uphill_segment=false uphill_seg_floor=false uphill_roll_floor=false min_step_floor=false override=true timeout=false serial=[7,0.800,0.800]
[0m
[INFO] [1783729477.903339084] [cmd_vel_to_serial]: [0;96mserial tx: [0,0.200,-0.180]
[0m
[INFO] [1783729477.903380118] [cmd_vel_to_serial]: [1;32mstep_debug mode=0 vx=0.000 wz=-0.800 left_m=0.0074 right_m=-0.0067 fwd_m=0.0004 step_yaw=-0.0391 left_norm=0.200 right_norm=-0.180 odom_y=-2.169 odom_roll=1.3deg goal_y_err=0.000 odom_corr=0.000 odom_corr_applied=false path_lat_err=0.000 path_corr=0.000 path_corr_applied=false path_yaw_err=0.0deg path_yaw_corr=0.000 path_yaw_applied=false path_profile=2 crouch_yaw_err=0.0deg crouch_yaw_corr=0.000 crouch_yaw_applied=false crouch_fwd_bias=0.000 crouch_fwd_applied=false same_dir_turn=false opp_turn_shape=true uphill_segment=false uphill_seg_floor=false uphill_roll_floor=false min_step_floor=true override=false timeout=false serial=[0,0.200,-0.180]
[0m
[INFO] [1783729478.014450567] [cmd_vel_to_serial]: [0;96mserial tx: [7,-0.600,0.700]
[0m
[INFO] [1783729478.014516208] [cmd_vel_to_serial]: [1;35mstep_debug mode=7 vx=0.000 wz=0.000 left_m=-0.0222 right_m=0.0259 fwd_m=0.0019 step_yaw=0.1338 left_norm=-0.600 right_norm=0.700 odom_y=-2.174 odom_roll=3.1deg goal_y_err=0.000 odom_corr=0.000 odom_corr_applied=false path_lat_err=0.000 path_corr=0.000 path_corr_applied=false path_yaw_err=0.0deg path_yaw_corr=0.000 path_yaw_applied=false path_profile=2 crouch_yaw_err=0.0deg crouch_yaw_corr=0.000 crouch_yaw_applied=false crouch_fwd_bias=0.000 crouch_fwd_applied=false same_dir_turn=false opp_turn_shape=false uphill_segment=false uphill_seg_floor=false uphill_roll_floor=false min_step_floor=false override=true timeout=false serial=[7,-0.600,0.700]
[0m
[INFO] [1783729480.014536876] [cmd_vel_to_serial]: [0;96mserial tx: [7,-0.600,0.700]
[0m
[INFO] [1783729480.610482158] [cmd_vel_to_serial]: [1;35mUpdated path correction profile to 0 (0=off, 1=normal, 2=uphill_strong, 3=uphill_strong_sign_test)[0m
[INFO] [1783729480.644411737] [cmd_vel_to_serial]: [0;96mserial tx: [0,-0.180,0.200]
[0m
[INFO] [1783729480.644472180] [cmd_vel_to_serial]: [1;32mstep_debug mode=0 vx=0.000 wz=0.800 left_m=-0.0067 right_m=0.0074 fwd_m=0.0004 step_yaw=0.0391 left_norm=-0.180 right_norm=0.200 odom_y=-2.196 odom_roll=2.8deg goal_y_err=0.000 odom_corr=0.000 odom_corr_applied=false path_lat_err=0.000 path_corr=0.000 path_corr_applied=false path_yaw_err=0.0deg path_yaw_corr=0.000 path_yaw_applied=false path_profile=0 crouch_yaw_err=0.0deg crouch_yaw_corr=0.000 crouch_yaw_applied=false crouch_fwd_bias=0.000 crouch_fwd_applied=false same_dir_turn=false opp_turn_shape=true uphill_segment=false uphill_seg_floor=false uphill_roll_floor=false min_step_floor=true override=false timeout=false serial=[0,-0.180,0.200]
[0m
[INFO] [1783729480.716376815] [cmd_vel_to_serial]: [1;35mUpdated path correction profile to 2 (0=off, 1=normal, 2=uphill_strong, 3=uphill_strong_sign_test)[0m
[INFO] [1783729480.718377724] [cmd_vel_to_serial]: [0;96mserial tx: [7,0.700,1.000]
[0m
[INFO] [1783729480.718511737] [cmd_vel_to_serial]: [1;35mstep_debug mode=7 vx=0.000 wz=0.000 left_m=0.0259 right_m=0.0370 fwd_m=0.0315 step_yaw=0.0309 left_norm=0.700 right_norm=1.000 odom_y=-2.184 odom_roll=1.3deg goal_y_err=0.000 odom_corr=0.000 odom_corr_applied=false path_lat_err=0.000 path_corr=0.000 path_corr_applied=false path_yaw_err=0.0deg path_yaw_corr=0.000 path_yaw_applied=false path_profile=2 crouch_yaw_err=0.0deg crouch_yaw_corr=0.000 crouch_yaw_applied=false crouch_fwd_bias=0.000 crouch_fwd_applied=false same_dir_turn=false opp_turn_shape=false uphill_segment=false uphill_seg_floor=false uphill_roll_floor=false min_step_floor=false override=true timeout=false serial=[7,0.700,1.000]
[0m
[INFO] [1783729481.347941807] [cmd_vel_to_serial]: [0;96mserial tx: [7,0.780,0.920]
[0m
[INFO] [1783729483.348865664] [cmd_vel_to_serial]: [0;96mserial tx: [7,0.832,0.868]
[0m
[INFO] [1783729483.719506518] [cmd_vel_to_serial]: [1;35mstep_debug mode=7 vx=0.000 wz=0.000 left_m=0.0312 right_m=0.0318 fwd_m=0.0315 step_yaw=0.0017 left_norm=0.842 right_norm=0.858 odom_y=-3.404 odom_roll=3.5deg goal_y_err=0.000 odom_corr=0.000 odom_corr_applied=false path_lat_err=0.000 path_corr=0.000 path_corr_applied=false path_yaw_err=0.0deg path_yaw_corr=0.000 path_yaw_applied=false path_profile=2 crouch_yaw_err=0.0deg crouch_yaw_corr=0.000 crouch_yaw_applied=false crouch_fwd_bias=0.000 crouch_fwd_applied=false same_dir_turn=false opp_turn_shape=false uphill_segment=false uphill_seg_floor=false uphill_roll_floor=false min_step_floor=false override=true timeout=false serial=[7,0.842,0.858]
[0m
[INFO] [1783729485.276000925] [cmd_vel_to_serial]: [0;96mserial tx: [0,-0.180,0.200]
[0m
[INFO] [1783729485.276044037] [cmd_vel_to_serial]: [1;32mstep_debug mode=0 vx=0.000 wz=0.800 left_m=-0.0067 right_m=0.0074 fwd_m=0.0004 step_yaw=0.0391 left_norm=-0.180 right_norm=0.200 odom_y=-4.027 odom_roll=-3.0deg goal_y_err=0.000 odom_corr=0.000 odom_corr_applied=false path_lat_err=0.000 path_corr=0.000 path_corr_applied=false path_yaw_err=0.0deg path_yaw_corr=0.000 path_yaw_applied=false path_profile=2 crouch_yaw_err=0.0deg crouch_yaw_corr=0.000 crouch_yaw_applied=false crouch_fwd_bias=0.000 crouch_fwd_applied=false same_dir_turn=false opp_turn_shape=true uphill_segment=false uphill_seg_floor=false uphill_roll_floor=false min_step_floor=true override=false timeout=false serial=[0,-0.180,0.200]
[0m
[INFO] [1783729485.387268273] [cmd_vel_to_serial]: [0;96mserial tx: [6,0.400,-0.200]
[0m
[INFO] [1783729485.387669538] [cmd_vel_to_serial]: [1;35mstep_debug mode=6 vx=0.000 wz=0.000 left_m=0.0148 right_m=-0.0074 fwd_m=0.0037 step_yaw=-0.0617 left_norm=0.400 right_norm=-0.200 odom_y=-4.053 odom_roll=-1.8deg goal_y_err=0.000 odom_corr=0.000 odom_corr_applied=false path_lat_err=0.000 path_corr=0.000 path_corr_applied=false path_yaw_err=0.0deg path_yaw_corr=0.000 path_yaw_applied=false path_profile=2 crouch_yaw_err=0.0deg crouch_yaw_corr=0.000 crouch_yaw_applied=false crouch_fwd_bias=0.000 crouch_fwd_applied=false same_dir_turn=false opp_turn_shape=false uphill_segment=false uphill_seg_floor=false uphill_roll_floor=false min_step_floor=false override=true timeout=false serial=[6,0.400,-0.200]
[0m
[INFO] [1783729486.212720973] [cmd_vel_to_serial]: [1;35mUpdated path correction profile to 0 (0=off, 1=normal, 2=uphill_strong, 3=uphill_strong_sign_test)[0m
[INFO] [1783729486.239531115] [cmd_vel_to_serial]: [0;96mserial tx: [0,-0.180,0.200]
[0m
[INFO] [1783729486.239573266] [cmd_vel_to_serial]: [1;32mstep_debug mode=0 vx=0.000 wz=0.800 left_m=-0.0067 right_m=0.0074 fwd_m=0.0004 step_yaw=0.0391 left_norm=-0.180 right_norm=0.200 odom_y=-4.156 odom_roll=2.1deg goal_y_err=0.000 odom_corr=0.000 odom_corr_applied=false path_lat_err=0.000 path_corr=0.000 path_corr_applied=false path_yaw_err=0.0deg path_yaw_corr=0.000 path_yaw_applied=false path_profile=0 crouch_yaw_err=0.0deg crouch_yaw_corr=0.000 crouch_yaw_applied=false crouch_fwd_bias=0.000 crouch_fwd_applied=false same_dir_turn=false opp_turn_shape=true uphill_segment=false uphill_seg_floor=false uphill_roll_floor=false min_step_floor=true override=false timeout=false serial=[0,-0.180,0.200]
[0m
[INFO] [1783729486.313659668] [cmd_vel_to_serial]: [0;96mserial tx: [0,0.500,0.500]
[0m
[INFO] [1783729486.313707716] [cmd_vel_to_serial]: [1;35mstep_debug mode=0 vx=0.000 wz=0.000 left_m=0.0185 right_m=0.0185 fwd_m=0.0185 step_yaw=0.0000 left_norm=0.500 right_norm=0.500 odom_y=-4.159 odom_roll=3.1deg goal_y_err=0.000 odom_corr=0.000 odom_corr_applied=false path_lat_err=0.000 path_corr=0.000 path_corr_applied=false path_yaw_err=0.0deg path_yaw_corr=0.000 path_yaw_applied=false path_profile=0 crouch_yaw_err=0.0deg crouch_yaw_corr=0.000 crouch_yaw_applied=false crouch_fwd_bias=0.000 crouch_fwd_applied=false same_dir_turn=false opp_turn_shape=false uphill_segment=false uphill_seg_floor=false uphill_roll_floor=false min_step_floor=false override=true timeout=false serial=[0,0.500,0.500]
[0m
[INFO] [1783729487.277222956] [cmd_vel_to_serial]: [0;96mserial tx: [0,-0.180,0.200]
[0m
[INFO] [1783729487.277278588] [cmd_vel_to_serial]: [1;32mstep_debug mode=0 vx=0.000 wz=0.800 left_m=-0.0067 right_m=0.0074 fwd_m=0.0004 step_yaw=0.0391 left_norm=-0.180 right_norm=0.200 odom_y=-4.491 odom_roll=3.7deg goal_y_err=0.000 odom_corr=0.000 odom_corr_applied=false path_lat_err=0.000 path_corr=0.000 path_corr_applied=false path_yaw_err=0.0deg path_yaw_corr=0.000 path_yaw_applied=false path_profile=0 crouch_yaw_err=0.0deg crouch_yaw_corr=0.000 crouch_yaw_applied=false crouch_fwd_bias=0.000 crouch_fwd_applied=false same_dir_turn=false opp_turn_shape=true uphill_segment=false uphill_seg_floor=false uphill_roll_floor=false min_step_floor=true override=false timeout=false serial=[0,-0.180,0.200]
[0m
[INFO] [1783729487.314270609] [cmd_vel_to_serial]: [0;96mserial tx: [6,-0.054,0.099]
[0m
[INFO] [1783729487.314319567] [cmd_vel_to_serial]: [1;35mstep_debug mode=6 vx=0.000 wz=0.000 left_m=-0.0020 right_m=0.0037 fwd_m=0.0008 step_yaw=0.0157 left_norm=-0.054 right_norm=0.099 odom_y=-4.503 odom_roll=2.8deg goal_y_err=0.000 odom_corr=0.000 odom_corr_applied=false path_lat_err=0.000 path_corr=0.000 path_corr_applied=false path_yaw_err=0.0deg path_yaw_corr=0.000 path_yaw_applied=false path_profile=0 crouch_yaw_err=0.0deg crouch_yaw_corr=0.000 crouch_yaw_applied=false crouch_fwd_bias=0.000 crouch_fwd_applied=false same_dir_turn=false opp_turn_shape=false uphill_segment=false uphill_seg_floor=false uphill_roll_floor=false min_step_floor=false override=true timeout=false serial=[6,-0.054,0.099]
[0m
[INFO] [1783729487.425442923] [cmd_vel_to_serial]: [0;96mserial tx: [6,0.099,-0.054]
[0m
[INFO] [1783729487.610728335] [cmd_vel_to_serial]: [0;96mserial tx: [6,-0.054,0.099]
[0m
[INFO] [1783729487.758976560] [cmd_vel_to_serial]: [0;96mserial tx: [6,0.220,-0.120]
[0m
[INFO] [1783729487.833060008] [cmd_vel_to_serial]: [0;96mserial tx: [6,-0.069,0.126]
[0m
[INFO] [1783729488.500115415] [cmd_vel_to_serial]: [0;96mserial tx: [6,0.198,-0.108]
[0m
[INFO] [1783729488.537188571] [cmd_vel_to_serial]: [0;96mserial tx: [6,0.099,-0.054]
[0m
[INFO] [1783729488.685404332] [cmd_vel_to_serial]: [0;96mserial tx: [6,-0.054,0.099]
[0m
[INFO] [1783729488.833587789] [cmd_vel_to_serial]: [0;96mserial tx: [6,0.099,-0.054]
[0m
[INFO] [1783729488.870683609] [cmd_vel_to_serial]: [0;96mserial tx: [6,-0.120,0.220]
[0m
[INFO] [1783729490.315909582] [cmd_vel_to_serial]: [1;35mstep_debug mode=6 vx=0.000 wz=0.000 left_m=-0.0044 right_m=0.0081 fwd_m=0.0019 step_yaw=0.0350 left_norm=-0.120 right_norm=0.220 odom_y=-4.474 odom_roll=3.2deg goal_y_err=0.000 odom_corr=0.000 odom_corr_applied=false path_lat_err=0.000 path_corr=0.000 path_corr_applied=false path_yaw_err=0.0deg path_yaw_corr=0.000 path_yaw_applied=false path_profile=0 crouch_yaw_err=0.0deg crouch_yaw_corr=0.000 crouch_yaw_applied=false crouch_fwd_bias=0.000 crouch_fwd_applied=false same_dir_turn=false opp_turn_shape=false uphill_segment=false uphill_seg_floor=false uphill_roll_floor=false min_step_floor=false override=true timeout=false serial=[6,-0.120,0.220]
[0m
[INFO] [1783729490.872453026] [cmd_vel_to_serial]: [0;96mserial tx: [6,-0.120,0.220]
[0m
[INFO] [1783729491.538792111] [cmd_vel_to_serial]: [0;96mserial tx: [6,-0.066,0.121]
[0m
[INFO] [1783729491.872291434] [cmd_vel_to_serial]: [0;96mserial tx: [0,0.000,0.000]
[0m
[INFO] [1783729491.872325458] [cmd_vel_to_serial]: [1;35mstep_debug mode=0 vx=0.000 wz=0.000 left_m=0.0000 right_m=0.0000 fwd_m=0.0000 step_yaw=0.0000 left_norm=0.000 right_norm=0.000 odom_y=-4.405 odom_roll=2.1deg goal_y_err=0.000 odom_corr=0.000 odom_corr_applied=false path_lat_err=0.000 path_corr=0.000 path_corr_applied=false path_yaw_err=0.0deg path_yaw_corr=0.000 path_yaw_applied=false path_profile=0 crouch_yaw_err=0.0deg crouch_yaw_corr=0.000 crouch_yaw_applied=false crouch_fwd_bias=0.000 crouch_fwd_applied=false same_dir_turn=false opp_turn_shape=false uphill_segment=false uphill_seg_floor=false uphill_roll_floor=false min_step_floor=false override=true timeout=false serial=[0,0.000,0.000]
[0m
[INFO] [1783729491.909356221] [cmd_vel_to_serial]: [0;96mserial tx: [0,0.500,0.500]
[0m
[INFO] [1783729491.909410039] [cmd_vel_to_serial]: [1;35mstep_debug mode=0 vx=0.000 wz=0.000 left_m=0.0185 right_m=0.0185 fwd_m=0.0185 step_yaw=0.0000 left_norm=0.500 right_norm=0.500 odom_y=-4.399 odom_roll=1.2deg goal_y_err=0.000 odom_corr=0.000 odom_corr_applied=false path_lat_err=0.000 path_corr=0.000 path_corr_applied=false path_yaw_err=0.0deg path_yaw_corr=0.000 path_yaw_applied=false path_profile=0 crouch_yaw_err=0.0deg crouch_yaw_corr=0.000 crouch_yaw_applied=false crouch_fwd_bias=0.000 crouch_fwd_applied=false same_dir_turn=false opp_turn_shape=false uphill_segment=false uphill_seg_floor=false uphill_roll_floor=false min_step_floor=false override=true timeout=false serial=[0,0.500,0.500]
[0m
[INFO] [1783729492.724859262] [cmd_vel_to_serial]: [0;96mserial tx: [0,0.000,0.000]
[0m
[INFO] [1783729492.724925546] [cmd_vel_to_serial]: [1;35mstep_debug mode=0 vx=0.000 wz=0.000 left_m=0.0000 right_m=0.0000 fwd_m=0.0000 step_yaw=0.0000 left_norm=0.000 right_norm=0.000 odom_y=-4.390 odom_roll=2.1deg goal_y_err=0.000 odom_corr=0.000 odom_corr_applied=false path_lat_err=0.000 path_corr=0.000 path_corr_applied=false path_yaw_err=0.0deg path_yaw_corr=0.000 path_yaw_applied=false path_profile=0 crouch_yaw_err=0.0deg crouch_yaw_corr=0.000 crouch_yaw_applied=false crouch_fwd_bias=0.000 crouch_fwd_applied=false same_dir_turn=false opp_turn_shape=false uphill_segment=false uphill_seg_floor=false uphill_roll_floor=false min_step_floor=false override=true timeout=false serial=[0,0.000,0.000]
[0m
[INFO] [1783729492.761622849] [cmd_vel_to_serial]: [0;96mserial tx: [6,0.220,-0.120]
[0m
[INFO] [1783729492.761662829] [cmd_vel_to_serial]: [1;35mstep_debug mode=6 vx=0.000 wz=0.000 left_m=0.0081 right_m=-0.0044 fwd_m=0.0019 step_yaw=-0.0350 left_norm=0.220 right_norm=-0.120 odom_y=-4.395 odom_roll=2.4deg goal_y_err=0.000 odom_corr=0.000 odom_corr_applied=false path_lat_err=0.000 path_corr=0.000 path_corr_applied=false path_yaw_err=0.0deg path_yaw_corr=0.000 path_yaw_applied=false path_profile=0 crouch_yaw_err=0.0deg crouch_yaw_corr=0.000 crouch_yaw_applied=false crouch_fwd_bias=0.000 crouch_fwd_applied=false same_dir_turn=false opp_turn_shape=false uphill_segment=false uphill_seg_floor=false uphill_roll_floor=false min_step_floor=false override=true timeout=false serial=[6,0.220,-0.120]
[0m
[INFO] [1783729494.762604282] [cmd_vel_to_serial]: [0;96mserial tx: [6,0.220,-0.120]
[0m
[INFO] [1783729495.466764567] [cmd_vel_to_serial]: [0;96mserial tx: [6,0.118,-0.064]
[0m
[INFO] [1783729495.763041139] [cmd_vel_to_serial]: [1;35mstep_debug mode=6 vx=0.000 wz=0.000 left_m=0.0037 right_m=-0.0020 fwd_m=0.0008 step_yaw=-0.0157 left_norm=0.099 right_norm=-0.054 odom_y=-4.435 odom_roll=3.1deg goal_y_err=0.000 odom_corr=0.000 odom_corr_applied=false path_lat_err=0.000 path_corr=0.000 path_corr_applied=false path_yaw_err=0.0deg path_yaw_corr=0.000 path_yaw_applied=false path_profile=0 crouch_yaw_err=0.0deg crouch_yaw_corr=0.000 crouch_yaw_applied=false crouch_fwd_bias=0.000 crouch_fwd_applied=false same_dir_turn=false opp_turn_shape=false uphill_segment=false uphill_seg_floor=false uphill_roll_floor=false min_step_floor=false override=true timeout=false serial=[6,0.099,-0.054]
[0m
[INFO] [1783729495.800146994] [cmd_vel_to_serial]: [0;96mserial tx: [0,0.503,0.497]
[0m
[INFO] [1783729495.800191322] [cmd_vel_to_serial]: [1;35mstep_debug mode=0 vx=0.000 wz=0.000 left_m=0.0186 right_m=0.0184 fwd_m=0.0185 step_yaw=-0.0007 left_norm=0.503 right_norm=0.497 odom_y=-4.449 odom_roll=3.5deg goal_y_err=0.000 odom_corr=0.000 odom_corr_applied=false path_lat_err=0.000 path_corr=0.000 path_corr_applied=false path_yaw_err=0.0deg path_yaw_corr=0.000 path_yaw_applied=false path_profile=0 crouch_yaw_err=0.0deg crouch_yaw_corr=0.000 crouch_yaw_applied=false crouch_fwd_bias=0.000 crouch_fwd_applied=false same_dir_turn=false opp_turn_shape=false uphill_segment=false uphill_seg_floor=false uphill_roll_floor=false min_step_floor=false override=true timeout=false serial=[0,0.503,0.497]
[0m
[INFO] [1783729497.208183416] [cmd_vel_to_serial]: [0;96mserial tx: [0,0.000,0.000]
[0m
[INFO] [1783729497.208233914] [cmd_vel_to_serial]: [1;35mstep_debug mode=0 vx=0.000 wz=0.000 left_m=0.0000 right_m=0.0000 fwd_m=0.0000 step_yaw=0.0000 left_norm=0.000 right_norm=0.000 odom_y=-4.978 odom_roll=3.9deg goal_y_err=0.000 odom_corr=0.000 odom_corr_applied=false path_lat_err=0.000 path_corr=0.000 path_corr_applied=false path_yaw_err=0.0deg path_yaw_corr=0.000 path_yaw_applied=false path_profile=0 crouch_yaw_err=0.0deg crouch_yaw_corr=0.000 crouch_yaw_applied=false crouch_fwd_bias=0.000 crouch_fwd_applied=false same_dir_turn=false opp_turn_shape=false uphill_segment=false uphill_seg_floor=false uphill_roll_floor=false min_step_floor=false override=true timeout=false serial=[0,0.000,0.000]
[0m
[INFO] [1783729497.245236332] [cmd_vel_to_serial]: [0;96mserial tx: [6,-0.060,0.110]
[0m
[INFO] [1783729497.245277628] [cmd_vel_to_serial]: [1;35mstep_debug mode=6 vx=0.000 wz=0.000 left_m=-0.0022 right_m=0.0041 fwd_m=0.0009 step_yaw=0.0175 left_norm=-0.060 right_norm=0.110 odom_y=-4.975 odom_roll=4.0deg goal_y_err=0.000 odom_corr=0.000 odom_corr_applied=false path_lat_err=0.000 path_corr=0.000 path_corr_applied=false path_yaw_err=0.0deg path_yaw_corr=0.000 path_yaw_applied=false path_profile=0 crouch_yaw_err=0.0deg crouch_yaw_corr=0.000 crouch_yaw_applied=false crouch_fwd_bias=0.000 crouch_fwd_applied=false same_dir_turn=false opp_turn_shape=false uphill_segment=false uphill_seg_floor=false uphill_roll_floor=false min_step_floor=false override=true timeout=false serial=[6,-0.060,0.110]
[0m
[INFO] [1783729497.504603548] [cmd_vel_to_serial]: [0;96mserial tx: [0,0.000,0.000]
[0m
[INFO] [1783729497.504642770] [cmd_vel_to_serial]: [1;35mstep_debug mode=0 vx=0.000 wz=0.000 left_m=0.0000 right_m=0.0000 fwd_m=0.0000 step_yaw=0.0000 left_norm=0.000 right_norm=0.000 odom_y=-5.089 odom_roll=0.0deg goal_y_err=0.000 odom_corr=0.000 odom_corr_applied=false path_lat_err=0.000 path_corr=0.000 path_corr_applied=false path_yaw_err=0.0deg path_yaw_corr=0.000 path_yaw_applied=false path_profile=0 crouch_yaw_err=0.0deg crouch_yaw_corr=0.000 crouch_yaw_applied=false crouch_fwd_bias=0.000 crouch_fwd_applied=false same_dir_turn=false opp_turn_shape=false uphill_segment=false uphill_seg_floor=false uphill_roll_floor=false min_step_floor=false override=true timeout=false serial=[0,0.000,0.000]
[0m
[INFO] [1783729497.616274199] [cmd_vel_to_serial]: [0;96mserial tx: [6,0.110,-0.060]
[0m
[INFO] [1783729497.616326099] [cmd_vel_to_serial]: [1;35mstep_debug mode=6 vx=0.000 wz=0.000 left_m=0.0041 right_m=-0.0022 fwd_m=0.0009 step_yaw=-0.0175 left_norm=0.110 right_norm=-0.060 odom_y=-5.077 odom_roll=1.0deg goal_y_err=0.000 odom_corr=0.000 odom_corr_applied=false path_lat_err=0.000 path_corr=0.000 path_corr_applied=false path_yaw_err=0.0deg path_yaw_corr=0.000 path_yaw_applied=false path_profile=0 crouch_yaw_err=0.0deg crouch_yaw_corr=0.000 crouch_yaw_applied=false crouch_fwd_bias=0.000 crouch_fwd_applied=false same_dir_turn=false opp_turn_shape=false uphill_segment=false uphill_seg_floor=false uphill_roll_floor=false min_step_floor=false override=true timeout=false serial=[6,0.110,-0.060]
[0m
[INFO] [1783729497.838073980] [cmd_vel_to_serial]: [0;96mserial tx: [0,0.000,0.000]
[0m
[INFO] [1783729497.838113506] [cmd_vel_to_serial]: [1;35mstep_debug mode=0 vx=0.000 wz=0.000 left_m=0.0000 right_m=0.0000 fwd_m=0.0000 step_yaw=0.0000 left_norm=0.000 right_norm=0.000 odom_y=-5.064 odom_roll=2.9deg goal_y_err=0.000 odom_corr=0.000 odom_corr_applied=false path_lat_err=0.000 path_corr=0.000 path_corr_applied=false path_yaw_err=0.0deg path_yaw_corr=0.000 path_yaw_applied=false path_profile=0 crouch_yaw_err=0.0deg crouch_yaw_corr=0.000 crouch_yaw_applied=false crouch_fwd_bias=0.000 crouch_fwd_applied=false same_dir_turn=false opp_turn_shape=false uphill_segment=false uphill_seg_floor=false uphill_roll_floor=false min_step_floor=false override=true timeout=false serial=[0,0.000,0.000]
[0m
[INFO] [1783729497.986288975] [cmd_vel_to_serial]: [0;96mserial tx: [6,-0.060,0.110]
[0m
[INFO] [1783729497.986358284] [cmd_vel_to_serial]: [1;35mstep_debug mode=6 vx=0.000 wz=0.000 left_m=-0.0022 right_m=0.0041 fwd_m=0.0009 step_yaw=0.0175 left_norm=-0.060 right_norm=0.110 odom_y=-5.070 odom_roll=2.9deg goal_y_err=0.000 odom_corr=0.000 odom_corr_applied=false path_lat_err=0.000 path_corr=0.000 path_corr_applied=false path_yaw_err=0.0deg path_yaw_corr=0.000 path_yaw_applied=false path_profile=0 crouch_yaw_err=0.0deg crouch_yaw_corr=0.000 crouch_yaw_applied=false crouch_fwd_bias=0.000 crouch_fwd_applied=false same_dir_turn=false opp_turn_shape=false uphill_segment=false uphill_seg_floor=false uphill_roll_floor=false min_step_floor=false override=true timeout=false serial=[6,-0.060,0.110]
[0m
[INFO] [1783729498.097441307] [cmd_vel_to_serial]: [0;96mserial tx: [0,0.000,0.000]
[0m
[INFO] [1783729498.097481092] [cmd_vel_to_serial]: [1;35mstep_debug mode=0 vx=0.000 wz=0.000 left_m=0.0000 right_m=0.0000 fwd_m=0.0000 step_yaw=0.0000 left_norm=0.000 right_norm=0.000 odom_y=-5.068 odom_roll=3.5deg goal_y_err=0.000 odom_corr=0.000 odom_corr_applied=false path_lat_err=0.000 path_corr=0.000 path_corr_applied=false path_yaw_err=0.0deg path_yaw_corr=0.000 path_yaw_applied=false path_profile=0 crouch_yaw_err=0.0deg crouch_yaw_corr=0.000 crouch_yaw_applied=false crouch_fwd_bias=0.000 crouch_fwd_applied=false same_dir_turn=false opp_turn_shape=false uphill_segment=false uphill_seg_floor=false uphill_roll_floor=false min_step_floor=false override=true timeout=false serial=[0,0.000,0.000]
[0m
[INFO] [1783729498.208627283] [cmd_vel_to_serial]: [0;96mserial tx: [2,0.000,0.000]
[0m
[INFO] [1783729498.208667178] [cmd_vel_to_serial]: [1;35mstep_debug mode=2 vx=0.000 wz=0.000 left_m=0.0000 right_m=0.0000 fwd_m=0.0000 step_yaw=0.0000 left_norm=0.000 right_norm=0.000 odom_y=-5.064 odom_roll=2.6deg goal_y_err=0.000 odom_corr=0.000 odom_corr_applied=false path_lat_err=0.000 path_corr=0.000 path_corr_applied=false path_yaw_err=0.0deg path_yaw_corr=0.000 path_yaw_applied=false path_profile=0 crouch_yaw_err=0.0deg crouch_yaw_corr=0.000 crouch_yaw_applied=false crouch_fwd_bias=0.000 crouch_fwd_applied=false same_dir_turn=false opp_turn_shape=false uphill_segment=false uphill_seg_floor=false uphill_roll_floor=false min_step_floor=false override=true timeout=false serial=[2,0.000,0.000]
[0m
[INFO] [1783729498.282728236] [cmd_vel_to_serial]: [0;96mserial tx: [2,0.929,0.871]
[0m
[INFO] [1783729498.282774009] [cmd_vel_to_serial]: [1;35mstep_debug mode=2 vx=0.000 wz=0.000 left_m=0.0344 right_m=0.0323 fwd_m=0.0333 step_yaw=-0.0060 left_norm=0.929 right_norm=0.871 odom_y=-5.053 odom_roll=2.7deg goal_y_err=0.000 odom_corr=0.000 odom_corr_applied=false path_lat_err=0.000 path_corr=0.000 path_corr_applied=false path_yaw_err=0.0deg path_yaw_corr=0.000 path_yaw_applied=false path_profile=0 crouch_yaw_err=0.0deg crouch_yaw_corr=0.000 crouch_yaw_applied=false crouch_fwd_bias=0.000 crouch_fwd_applied=false same_dir_turn=false opp_turn_shape=false uphill_segment=false uphill_seg_floor=false uphill_roll_floor=false min_step_floor=false override=true timeout=false serial=[2,0.929,0.871]
[0m
[INFO] [1783729500.283562133] [cmd_vel_to_serial]: [0;96mserial tx: [2,0.916,0.884]
[0m
[INFO] [1783729501.283952020] [cmd_vel_to_serial]: [1;35mstep_debug mode=2 vx=0.000 wz=0.000 left_m=0.0338 right_m=0.0329 fwd_m=0.0333 step_yaw=-0.0025 left_norm=0.912 right_norm=0.888 odom_y=-5.438 odom_roll=2.9deg goal_y_err=0.000 odom_corr=0.000 odom_corr_applied=false path_lat_err=0.000 path_corr=0.000 path_corr_applied=false path_yaw_err=0.0deg path_yaw_corr=0.000 path_yaw_applied=false path_profile=0 crouch_yaw_err=0.0deg crouch_yaw_corr=0.000 crouch_yaw_applied=false crouch_fwd_bias=0.000 crouch_fwd_applied=false same_dir_turn=false opp_turn_shape=false uphill_segment=false uphill_seg_floor=false uphill_roll_floor=false min_step_floor=false override=true timeout=false serial=[2,0.912,0.888]
[0m
[INFO] [1783729502.284363893] [cmd_vel_to_serial]: [0;96mserial tx: [2,0.900,0.900]
[0m
[INFO] [1783729504.285119587] [cmd_vel_to_serial]: [0;96mserial tx: [2,0.900,0.900]
[0m
[INFO] [1783729504.285173074] [cmd_vel_to_serial]: [1;35mstep_debug mode=2 vx=0.000 wz=0.000 left_m=0.0333 right_m=0.0333 fwd_m=0.0333 step_yaw=0.0000 left_norm=0.900 right_norm=0.900 odom_y=-5.890 odom_roll=2.3deg goal_y_err=0.000 odom_corr=0.000 odom_corr_applied=false path_lat_err=0.000 path_corr=0.000 path_corr_applied=false path_yaw_err=0.0deg path_yaw_corr=0.000 path_yaw_applied=false path_profile=0 crouch_yaw_err=0.0deg crouch_yaw_corr=0.000 crouch_yaw_applied=false crouch_fwd_bias=0.000 crouch_fwd_applied=false same_dir_turn=false opp_turn_shape=false uphill_segment=false uphill_seg_floor=false uphill_roll_floor=false min_step_floor=false override=true timeout=false serial=[2,0.900,0.900]
[0m
[INFO] [1783729505.952364312] [cmd_vel_to_serial]: [0;96mserial tx: [0,0.000,0.000]
[0m
[INFO] [1783729505.952407137] [cmd_vel_to_serial]: [1;35mstep_debug mode=0 vx=0.000 wz=0.000 left_m=0.0000 right_m=0.0000 fwd_m=0.0000 step_yaw=0.0000 left_norm=0.000 right_norm=0.000 odom_y=-6.172 odom_roll=2.9deg goal_y_err=0.000 odom_corr=0.000 odom_corr_applied=false path_lat_err=0.000 path_corr=0.000 path_corr_applied=false path_yaw_err=0.0deg path_yaw_corr=0.000 path_yaw_applied=false path_profile=0 crouch_yaw_err=0.0deg crouch_yaw_corr=0.000 crouch_yaw_applied=false crouch_fwd_bias=0.000 crouch_fwd_applied=false same_dir_turn=false opp_turn_shape=false uphill_segment=false uphill_seg_floor=false uphill_roll_floor=false min_step_floor=false override=true timeout=false serial=[0,0.000,0.000]
[0m
[INFO] [1783729506.952719167] [cmd_vel_to_serial]: [0;96mserial tx: [0,-0.180,0.200]
[0m
[INFO] [1783729506.952768201] [cmd_vel_to_serial]: [1;32mstep_debug mode=0 vx=0.000 wz=0.800 left_m=-0.0067 right_m=0.0074 fwd_m=0.0004 step_yaw=0.0391 left_norm=-0.180 right_norm=0.200 odom_y=-6.237 odom_roll=2.4deg goal_y_err=0.000 odom_corr=0.000 odom_corr_applied=false path_lat_err=0.000 path_corr=0.000 path_corr_applied=false path_yaw_err=0.0deg path_yaw_corr=0.000 path_yaw_applied=false path_profile=0 crouch_yaw_err=0.0deg crouch_yaw_corr=0.000 crouch_yaw_applied=false crouch_fwd_bias=0.000 crouch_fwd_applied=false same_dir_turn=false opp_turn_shape=true uphill_segment=false uphill_seg_floor=false uphill_roll_floor=false min_step_floor=true override=false timeout=false serial=[0,-0.180,0.200]
[0m
[INFO] [1783729506.989793255] [cmd_vel_to_serial]: [0;96mserial tx: [0,0.000,0.000]
[0m
[INFO] [1783729506.989831435] [cmd_vel_to_serial]: [1;35mstep_debug mode=0 vx=0.000 wz=0.000 left_m=0.0000 right_m=0.0000 fwd_m=0.0000 step_yaw=0.0000 left_norm=0.000 right_norm=0.000 odom_y=-6.226 odom_roll=2.4deg goal_y_err=0.000 odom_corr=0.000 odom_corr_applied=false path_lat_err=0.000 path_corr=0.000 path_corr_applied=false path_yaw_err=0.0deg path_yaw_corr=0.000 path_yaw_applied=false path_profile=0 crouch_yaw_err=0.0deg crouch_yaw_corr=0.000 crouch_yaw_applied=false crouch_fwd_bias=0.000 crouch_fwd_applied=false same_dir_turn=false opp_turn_shape=false uphill_segment=false uphill_seg_floor=false uphill_roll_floor=false min_step_floor=false override=true timeout=false serial=[0,0.000,0.000]
[0m
[INFO] [1783729507.100918047] [cmd_vel_to_serial]: [0;96mserial tx: [6,0.110,-0.060]
[0m
[INFO] [1783729507.100954947] [cmd_vel_to_serial]: [1;35mstep_debug mode=6 vx=0.000 wz=0.000 left_m=0.0041 right_m=-0.0022 fwd_m=0.0009 step_yaw=-0.0175 left_norm=0.110 right_norm=-0.060 odom_y=-6.234 odom_roll=2.0deg goal_y_err=0.000 odom_corr=0.000 odom_corr_applied=false path_lat_err=0.000 path_corr=0.000 path_corr_applied=false path_yaw_err=0.0deg path_yaw_corr=0.000 path_yaw_applied=false path_profile=0 crouch_yaw_err=0.0deg crouch_yaw_corr=0.000 crouch_yaw_applied=false crouch_fwd_bias=0.000 crouch_fwd_applied=false same_dir_turn=false opp_turn_shape=false uphill_segment=false uphill_seg_floor=false uphill_roll_floor=false min_step_floor=false override=true timeout=false serial=[6,0.110,-0.060]
[0m
[INFO] [1783729507.137958001] [cmd_vel_to_serial]: [0;96mserial tx: [0,0.000,0.000]
[0m
[INFO] [1783729507.137994399] [cmd_vel_to_serial]: [1;35mstep_debug mode=0 vx=0.000 wz=0.000 left_m=0.0000 right_m=0.0000 fwd_m=0.0000 step_yaw=0.0000 left_norm=0.000 right_norm=0.000 odom_y=-6.229 odom_roll=2.0deg goal_y_err=0.000 odom_corr=0.000 odom_corr_applied=false path_lat_err=0.000 path_corr=0.000 path_corr_applied=false path_yaw_err=0.0deg path_yaw_corr=0.000 path_yaw_applied=false path_profile=0 crouch_yaw_err=0.0deg crouch_yaw_corr=0.000 crouch_yaw_applied=false crouch_fwd_bias=0.000 crouch_fwd_applied=false same_dir_turn=false opp_turn_shape=false uphill_segment=false uphill_seg_floor=false uphill_roll_floor=false min_step_floor=false override=true timeout=false serial=[0,0.000,0.000]
[0m
[INFO] [1783729507.249120698] [cmd_vel_to_serial]: [0;96mserial tx: [6,-0.060,0.110]
[0m
[INFO] [1783729507.249160125] [cmd_vel_to_serial]: [1;35mstep_debug mode=6 vx=0.000 wz=0.000 left_m=-0.0022 right_m=0.0041 fwd_m=0.0009 step_yaw=0.0175 left_norm=-0.060 right_norm=0.110 odom_y=-6.220 odom_roll=2.3deg goal_y_err=0.000 odom_corr=0.000 odom_corr_applied=false path_lat_err=0.000 path_corr=0.000 path_corr_applied=false path_yaw_err=0.0deg path_yaw_corr=0.000 path_yaw_applied=false path_profile=0 crouch_yaw_err=0.0deg crouch_yaw_corr=0.000 crouch_yaw_applied=false crouch_fwd_bias=0.000 crouch_fwd_applied=false same_dir_turn=false opp_turn_shape=false uphill_segment=false uphill_seg_floor=false uphill_roll_floor=false min_step_floor=false override=true timeout=false serial=[6,-0.060,0.110]
[0m
[INFO] [1783729507.286169651] [cmd_vel_to_serial]: [0;96mserial tx: [0,0.000,0.000]
[0m
[INFO] [1783729507.286256528] [cmd_vel_to_serial]: [1;35mstep_debug mode=0 vx=0.000 wz=0.000 left_m=0.0000 right_m=0.0000 fwd_m=0.0000 step_yaw=0.0000 left_norm=0.000 right_norm=0.000 odom_y=-6.225 odom_roll=2.2deg goal_y_err=0.000 odom_corr=0.000 odom_corr_applied=false path_lat_err=0.000 path_corr=0.000 path_corr_applied=false path_yaw_err=0.0deg path_yaw_corr=0.000 path_yaw_applied=false path_profile=0 crouch_yaw_err=0.0deg crouch_yaw_corr=0.000 crouch_yaw_applied=false crouch_fwd_bias=0.000 crouch_fwd_applied=false same_dir_turn=false opp_turn_shape=false uphill_segment=false uphill_seg_floor=false uphill_roll_floor=false min_step_floor=false override=true timeout=false serial=[0,0.000,0.000]
[0m
[INFO] [1783729507.471422673] [cmd_vel_to_serial]: [0;96mserial tx: [6,-0.060,0.110]
[0m
[INFO] [1783729507.471465549] [cmd_vel_to_serial]: [1;35mstep_debug mode=6 vx=0.000 wz=0.000 left_m=-0.0022 right_m=0.0041 fwd_m=0.0009 step_yaw=0.0175 left_norm=-0.060 right_norm=0.110 odom_y=-6.226 odom_roll=2.6deg goal_y_err=0.000 odom_corr=0.000 odom_corr_applied=false path_lat_err=0.000 path_corr=0.000 path_corr_applied=false path_yaw_err=0.0deg path_yaw_corr=0.000 path_yaw_applied=false path_profile=0 crouch_yaw_err=0.0deg crouch_yaw_corr=0.000 crouch_yaw_applied=false crouch_fwd_bias=0.000 crouch_fwd_applied=false same_dir_turn=false opp_turn_shape=false uphill_segment=false uphill_seg_floor=false uphill_roll_floor=false min_step_floor=false override=true timeout=false serial=[6,-0.060,0.110]
[0m
[INFO] [1783729507.508548967] [cmd_vel_to_serial]: [0;96mserial tx: [0,0.000,0.000]
[0m
[INFO] [1783729507.508593138] [cmd_vel_to_serial]: [1;35mstep_debug mode=0 vx=0.000 wz=0.000 left_m=0.0000 right_m=0.0000 fwd_m=0.0000 step_yaw=0.0000 left_norm=0.000 right_norm=0.000 odom_y=-6.224 odom_roll=2.9deg goal_y_err=0.000 odom_corr=0.000 odom_corr_applied=false path_lat_err=0.000 path_corr=0.000 path_corr_applied=false path_yaw_err=0.0deg path_yaw_corr=0.000 path_yaw_applied=false path_profile=0 crouch_yaw_err=0.0deg crouch_yaw_corr=0.000 crouch_yaw_applied=false crouch_fwd_bias=0.000 crouch_fwd_applied=false same_dir_turn=false opp_turn_shape=false uphill_segment=false uphill_seg_floor=false uphill_roll_floor=false min_step_floor=false override=true timeout=false serial=[0,0.000,0.000]
[0m
[INFO] [1783729507.804872544] [cmd_vel_to_serial]: [0;96mserial tx: [0,-0.180,0.200]
[0m
[INFO] [1783729507.804904020] [cmd_vel_to_serial]: [1;32mstep_debug mode=0 vx=0.000 wz=0.800 left_m=-0.0067 right_m=0.0074 fwd_m=0.0004 step_yaw=0.0391 left_norm=-0.180 right_norm=0.200 odom_y=-6.246 odom_roll=2.7deg goal_y_err=0.000 odom_corr=0.000 odom_corr_applied=false path_lat_err=0.000 path_corr=0.000 path_corr_applied=false path_yaw_err=0.0deg path_yaw_corr=0.000 path_yaw_applied=false path_profile=0 crouch_yaw_err=0.0deg crouch_yaw_corr=0.000 crouch_yaw_applied=false crouch_fwd_bias=0.000 crouch_fwd_applied=false same_dir_turn=false opp_turn_shape=true uphill_segment=false uphill_seg_floor=false uphill_roll_floor=false min_step_floor=true override=false timeout=false serial=[0,-0.180,0.200]
[0m
[INFO] [1783729507.841904669] [cmd_vel_to_serial]: [0;96mserial tx: [6,0.600,-0.300]
[0m
[INFO] [1783729507.841939554] [cmd_vel_to_serial]: [1;35mstep_debug mode=6 vx=0.000 wz=0.000 left_m=0.0222 right_m=-0.0111 fwd_m=0.0056 step_yaw=-0.0926 left_norm=0.600 right_norm=-0.300 odom_y=-6.252 odom_roll=2.3deg goal_y_err=0.000 odom_corr=0.000 odom_corr_applied=false path_lat_err=0.000 path_corr=0.000 path_corr_applied=false path_yaw_err=0.0deg path_yaw_corr=0.000 path_yaw_applied=false path_profile=0 crouch_yaw_err=0.0deg crouch_yaw_corr=0.000 crouch_yaw_applied=false crouch_fwd_bias=0.000 crouch_fwd_applied=false same_dir_turn=false opp_turn_shape=false uphill_segment=false uphill_seg_floor=false uphill_roll_floor=false min_step_floor=false override=true timeout=false serial=[6,0.600,-0.300]
[0m
[INFO] [1783729509.138628965] [cmd_vel_to_serial]: [0;96mserial tx: [6,0.515,-0.257]
[0m
[INFO] [1783729509.175705560] [cmd_vel_to_serial]: [0;96mserial tx: [6,0.413,-0.206]
[0m
[INFO] [1783729509.286836829] [cmd_vel_to_serial]: [0;96mserial tx: [6,0.290,-0.145]
[0m
[INFO] [1783729509.360929453] [cmd_vel_to_serial]: [1;35mstep_debug mode=6 vx=0.000 wz=0.000 left_m=0.0087 right_m=-0.0044 fwd_m=0.0022 step_yaw=-0.0365 left_norm=0.236 right_norm=-0.118 odom_y=-6.243 odom_roll=1.9deg goal_y_err=0.000 odom_corr=0.000 odom_corr_applied=false path_lat_err=0.000 path_corr=0.000 path_corr_applied=false path_yaw_err=0.0deg path_yaw_corr=0.000 path_yaw_applied=false path_profile=0 crouch_yaw_err=0.0deg crouch_yaw_corr=0.000 crouch_yaw_applied=false crouch_fwd_bias=0.000 crouch_fwd_applied=false same_dir_turn=false opp_turn_shape=false uphill_segment=false uphill_seg_floor=false uphill_roll_floor=false min_step_floor=false override=true timeout=false serial=[6,0.236,-0.118]
[0m
[INFO] [1783729509.620285329] [cmd_vel_to_serial]: [0;96mserial tx: [0,0.000,0.000]
[0m
[INFO] [1783729509.620331791] [cmd_vel_to_serial]: [1;35mstep_debug mode=0 vx=0.000 wz=0.000 left_m=0.0000 right_m=0.0000 fwd_m=0.0000 step_yaw=0.0000 left_norm=0.000 right_norm=0.000 odom_y=-6.234 odom_roll=1.9deg goal_y_err=0.000 odom_corr=0.000 odom_corr_applied=false path_lat_err=0.000 path_corr=0.000 path_corr_applied=false path_yaw_err=0.0deg path_yaw_corr=0.000 path_yaw_applied=false path_profile=0 crouch_yaw_err=0.0deg crouch_yaw_corr=0.000 crouch_yaw_applied=false crouch_fwd_bias=0.000 crouch_fwd_applied=false same_dir_turn=false opp_turn_shape=false uphill_segment=false uphill_seg_floor=false uphill_roll_floor=false min_step_floor=false override=true timeout=false serial=[0,0.000,0.000]
[0m
[INFO] [1783729509.657366573] [cmd_vel_to_serial]: [0;96mserial tx: [0,0.220,0.220]
[0m
[INFO] [1783729510.472402261] [cmd_vel_to_serial]: [0;96mserial tx: [6,-0.350,0.600]
[0m
[INFO] [1783729510.472439283] [cmd_vel_to_serial]: [1;35mstep_debug mode=6 vx=0.000 wz=0.000 left_m=-0.0130 right_m=0.0222 fwd_m=0.0046 step_yaw=0.0977 left_norm=-0.350 right_norm=0.600 odom_y=-6.223 odom_roll=2.5deg goal_y_err=0.000 odom_corr=0.000 odom_corr_applied=false path_lat_err=0.000 path_corr=0.000 path_corr_applied=false path_yaw_err=0.0deg path_yaw_corr=0.000 path_yaw_applied=false path_profile=0 crouch_yaw_err=0.0deg crouch_yaw_corr=0.000 crouch_yaw_applied=false crouch_fwd_bias=0.000 crouch_fwd_applied=false same_dir_turn=false opp_turn_shape=false uphill_segment=false uphill_seg_floor=false uphill_roll_floor=false min_step_floor=false override=true timeout=false serial=[6,-0.350,0.600]
[0m
[INFO] [1783729511.546913520] [cmd_vel_to_serial]: [0;96mserial tx: [6,-0.279,0.478]
[0m
[INFO] [1783729511.657958872] [cmd_vel_to_serial]: [0;96mserial tx: [6,-0.180,0.309]
[0m
[INFO] [1783729511.732044293] [cmd_vel_to_serial]: [1;35mstep_debug mode=6 vx=0.000 wz=0.000 left_m=-0.0050 right_m=0.0086 fwd_m=0.0018 step_yaw=0.0379 left_norm=-0.136 right_norm=0.233 odom_y=-6.381 odom_roll=2.1deg goal_y_err=0.000 odom_corr=0.000 odom_corr_applied=false path_lat_err=0.000 path_corr=0.000 path_corr_applied=false path_yaw_err=0.0deg path_yaw_corr=0.000 path_yaw_applied=false path_profile=0 crouch_yaw_err=0.0deg crouch_yaw_corr=0.000 crouch_yaw_applied=false crouch_fwd_bias=0.000 crouch_fwd_applied=false same_dir_turn=false opp_turn_shape=false uphill_segment=false uphill_seg_floor=false uphill_roll_floor=false min_step_floor=false override=true timeout=false serial=[6,-0.136,0.233]
[0m
[INFO] [1783729511.769115482] [cmd_vel_to_serial]: [0;96mserial tx: [6,-0.123,0.210]
[0m
[INFO] [1783729511.843191418] [cmd_vel_to_serial]: [0;96mserial tx: [0,0.000,0.000]
[0m
[INFO] [1783729511.843225899] [cmd_vel_to_serial]: [1;35mstep_debug mode=0 vx=0.000 wz=0.000 left_m=0.0000 right_m=0.0000 fwd_m=0.0000 step_yaw=0.0000 left_norm=0.000 right_norm=0.000 odom_y=-6.385 odom_roll=2.5deg goal_y_err=0.000 odom_corr=0.000 odom_corr_applied=false path_lat_err=0.000 path_corr=0.000 path_corr_applied=false path_yaw_err=0.0deg path_yaw_corr=0.000 path_yaw_applied=false path_profile=0 crouch_yaw_err=0.0deg crouch_yaw_corr=0.000 crouch_yaw_applied=false crouch_fwd_bias=0.000 crouch_fwd_applied=false same_dir_turn=false opp_turn_shape=false uphill_segment=false uphill_seg_floor=false uphill_roll_floor=false min_step_floor=false override=true timeout=false serial=[0,0.000,0.000]
[0m
[INFO] [1783729511.881173867] [cmd_vel_to_serial]: [0;96mserial tx: [0,0.350,0.350]
[0m
[INFO] [1783729512.991698337] [cmd_vel_to_serial]: [0;96mserial tx: [0,-0.180,0.200]
[0m
[INFO] [1783729512.991758363] [cmd_vel_to_serial]: [1;32mstep_debug mode=0 vx=0.000 wz=0.800 left_m=-0.0067 right_m=0.0074 fwd_m=0.0004 step_yaw=0.0391 left_norm=-0.180 right_norm=0.200 odom_y=-6.704 odom_roll=2.5deg goal_y_err=0.000 odom_corr=0.000 odom_corr_applied=false path_lat_err=0.000 path_corr=0.000 path_corr_applied=false path_yaw_err=0.0deg path_yaw_corr=0.000 path_yaw_applied=false path_profile=0 crouch_yaw_err=0.0deg crouch_yaw_corr=0.000 crouch_yaw_applied=false crouch_fwd_bias=0.000 crouch_fwd_applied=false same_dir_turn=false opp_turn_shape=true uphill_segment=false uphill_seg_floor=false uphill_roll_floor=false min_step_floor=true override=false timeout=false serial=[0,-0.180,0.200]
[0m
[INFO] [1783729513.028756114] [cmd_vel_to_serial]: [0;96mserial tx: [6,0.200,-0.080]
[0m
[INFO] [1783729513.028799764] [cmd_vel_to_serial]: [1;35mstep_debug mode=6 vx=0.000 wz=0.000 left_m=0.0074 right_m=-0.0030 fwd_m=0.0022 step_yaw=-0.0288 left_norm=0.200 right_norm=-0.080 odom_y=-6.695 odom_roll=3.0deg goal_y_err=0.000 odom_corr=0.000 odom_corr_applied=false path_lat_err=0.000 path_corr=0.000 path_corr_applied=false path_yaw_err=0.0deg path_yaw_corr=0.000 path_yaw_applied=false path_profile=0 crouch_yaw_err=0.0deg crouch_yaw_corr=0.000 crouch_yaw_applied=false crouch_fwd_bias=0.000 crouch_fwd_applied=false same_dir_turn=false opp_turn_shape=false uphill_segment=false uphill_seg_floor=false uphill_roll_floor=false min_step_floor=false override=true timeout=false serial=[6,0.200,-0.080]
[0m
[INFO] [1783729513.251051275] [cmd_vel_to_serial]: [0;96mserial tx: [0,0.000,0.000]
[0m
[INFO] [1783729513.251104112] [cmd_vel_to_serial]: [1;35mstep_debug mode=0 vx=0.000 wz=0.000 left_m=0.0000 right_m=0.0000 fwd_m=0.0000 step_yaw=0.0000 left_norm=0.000 right_norm=0.000 odom_y=-6.767 odom_roll=1.7deg goal_y_err=0.000 odom_corr=0.000 odom_corr_applied=false path_lat_err=0.000 path_corr=0.000 path_corr_applied=false path_yaw_err=0.0deg path_yaw_corr=0.000 path_yaw_applied=false path_profile=0 crouch_yaw_err=0.0deg crouch_yaw_corr=0.000 crouch_yaw_applied=false crouch_fwd_bias=0.000 crouch_fwd_applied=false same_dir_turn=false opp_turn_shape=false uphill_segment=false uphill_seg_floor=false uphill_roll_floor=false min_step_floor=false override=true timeout=false serial=[0,0.000,0.000]
[0m
[INFO] [1783729513.510368224] [cmd_vel_to_serial]: [0;96mserial tx: [0,0.300,0.300]
[0m
[INFO] [1783729513.584471090] [cmd_vel_to_serial]: [0;96mserial tx: [0,0.000,0.000]
[0m
[INFO] [1783729513.836086701] [cmd_vel_to_serial]: [0;96mserial tx once: [4,0.000,0.000]
[0m
[INFO] [1783729513.843794016] [cmd_vel_to_serial]: Received serial action ack [jumping], published /motion_bridge/action_ack
[INFO] [1783729515.585035287] [cmd_vel_to_serial]: [0;96mserial tx: [0,0.000,0.000]
[0m
[INFO] [1783729515.622099881] [cmd_vel_to_serial]: Received serial action ack [finish], published /motion_bridge/action_ack
[INFO] [1783729515.622153540] [cmd_vel_to_serial]: Received serial finish token [finish], published /motion_bridge/finish_signal=true
[INFO] [1783729516.103711371] [cmd_vel_to_serial]: [0;96mserial tx: [7,0.600,0.600]
[0m
[INFO] [1783729516.103743157] [cmd_vel_to_serial]: [1;35mstep_debug mode=7 vx=0.000 wz=0.000 left_m=0.0222 right_m=0.0222 fwd_m=0.0222 step_yaw=0.0000 left_norm=0.600 right_norm=0.600 odom_y=-7.891 odom_roll=1.4deg goal_y_err=0.000 odom_corr=0.000 odom_corr_applied=false path_lat_err=0.000 path_corr=0.000 path_corr_applied=false path_yaw_err=0.0deg path_yaw_corr=0.000 path_yaw_applied=false path_profile=0 crouch_yaw_err=0.0deg crouch_yaw_corr=0.000 crouch_yaw_applied=false crouch_fwd_bias=0.000 crouch_fwd_applied=false same_dir_turn=false opp_turn_shape=false uphill_segment=false uphill_seg_floor=false uphill_roll_floor=false min_step_floor=false override=true timeout=false serial=[7,0.600,0.600]
[0m
[INFO] [1783729518.104262376] [cmd_vel_to_serial]: [0;96mserial tx: [7,0.654,0.546]
[0m
[INFO] [1783729518.882212157] [cmd_vel_to_serial]: [0;96mserial tx: [0,-0.700,0.800]
[0m
[INFO] [1783729518.882247847] [cmd_vel_to_serial]: [1;35mstep_debug mode=0 vx=0.000 wz=0.000 left_m=-0.0259 right_m=0.0296 fwd_m=0.0019 step_yaw=0.1543 left_norm=-0.700 right_norm=0.800 odom_y=-8.264 odom_roll=4.0deg goal_y_err=0.000 odom_corr=0.000 odom_corr_applied=false path_lat_err=0.000 path_corr=0.000 path_corr_applied=false path_yaw_err=0.0deg path_yaw_corr=0.000 path_yaw_applied=false path_profile=0 crouch_yaw_err=0.0deg crouch_yaw_corr=0.000 crouch_yaw_applied=false crouch_fwd_bias=0.000 crouch_fwd_applied=false same_dir_turn=false opp_turn_shape=false uphill_segment=false uphill_seg_floor=false uphill_roll_floor=false min_step_floor=false override=true timeout=false serial=[0,-0.700,0.800]
[0m
[INFO] [1783729520.252956981] [cmd_vel_to_serial]: [0;96mserial tx: [0,0.000,0.000]
[0m
[INFO] [1783729520.253012325] [cmd_vel_to_serial]: [1;35mstep_debug mode=0 vx=0.000 wz=0.000 left_m=0.0000 right_m=0.0000 fwd_m=0.0000 step_yaw=0.0000 left_norm=0.000 right_norm=0.000 odom_y=-8.272 odom_roll=6.9deg goal_y_err=0.000 odom_corr=0.000 odom_corr_applied=false path_lat_err=0.000 path_corr=0.000 path_corr_applied=false path_yaw_err=0.0deg path_yaw_corr=0.000 path_yaw_applied=false path_profile=0 crouch_yaw_err=0.0deg crouch_yaw_corr=0.000 crouch_yaw_applied=false crouch_fwd_bias=0.000 crouch_fwd_applied=false same_dir_turn=false opp_turn_shape=false uphill_segment=false uphill_seg_floor=false uphill_roll_floor=false min_step_floor=false override=true timeout=false serial=[0,0.000,0.000]
[0m
[INFO] [1783729520.370423280] [cmd_vel_to_serial]: [0;96mserial tx once: [9,0.000,0.000]
[0m
[INFO] [1783729520.401110286] [cmd_vel_to_serial]: Received serial action ack [jumping], published /motion_bridge/action_ack
[INFO] [1783729522.216393176] [cmd_vel_to_serial]: Received serial action ack [finish], published /motion_bridge/action_ack
[INFO] [1783729522.253434036] [cmd_vel_to_serial]: [0;96mserial tx: [0,0.000,0.000]
[0m
[INFO] [1783729522.549791883] [cmd_vel_to_serial]: [0;96mserial tx: [0,0.838,0.762]
[0m
[INFO] [1783729522.549827408] [cmd_vel_to_serial]: [1;35mstep_debug mode=0 vx=0.000 wz=0.000 left_m=0.0310 right_m=0.0282 fwd_m=0.0296 step_yaw=-0.0077 left_norm=0.838 right_norm=0.762 odom_y=-8.492 odom_roll=1.3deg goal_y_err=0.000 odom_corr=0.000 odom_corr_applied=false path_lat_err=0.000 path_corr=0.000 path_corr_applied=false path_yaw_err=0.0deg path_yaw_corr=0.000 path_yaw_applied=false path_profile=0 crouch_yaw_err=0.0deg crouch_yaw_corr=0.000 crouch_yaw_applied=false crouch_fwd_bias=0.000 crouch_fwd_applied=false same_dir_turn=false opp_turn_shape=false uphill_segment=false uphill_seg_floor=false uphill_roll_floor=false min_step_floor=false override=true timeout=false serial=[0,0.838,0.762]
[0m
[INFO] [1783729523.535823852] [cmd_vel_to_serial]: [0;96mserial tx once: [9,0.000,0.000]
[0m
[INFO] [1783729523.550034908] [cmd_vel_to_serial]: Received serial action ack [jumping], published /motion_bridge/action_ack
[INFO] [1783729523.587078582] [cmd_vel_to_serial]: [0;96mserial tx: [9,0.000,0.000]
[0m
[INFO] [1783729523.587117409] [cmd_vel_to_serial]: [1;35mstep_debug mode=9 vx=0.000 wz=0.000 left_m=0.0000 right_m=0.0000 fwd_m=0.0000 step_yaw=0.0000 left_norm=0.000 right_norm=0.000 odom_y=-8.562 odom_roll=-3.2deg goal_y_err=0.000 odom_corr=0.000 odom_corr_applied=false path_lat_err=0.000 path_corr=0.000 path_corr_applied=false path_yaw_err=0.0deg path_yaw_corr=0.000 path_yaw_applied=false path_profile=0 crouch_yaw_err=0.0deg crouch_yaw_corr=0.000 crouch_yaw_applied=false crouch_fwd_bias=0.000 crouch_fwd_applied=false same_dir_turn=false opp_turn_shape=false uphill_segment=false uphill_seg_floor=false uphill_roll_floor=false min_step_floor=false override=true timeout=false serial=[9,0.000,0.000]
[0m
[INFO] [1783729523.624123371] [cmd_vel_to_serial]: [0;96mserial tx: [0,0.000,0.000]
[0m
[INFO] [1783729523.624162089] [cmd_vel_to_serial]: [1;35mstep_debug mode=0 vx=0.000 wz=0.000 left_m=0.0000 right_m=0.0000 fwd_m=0.0000 step_yaw=0.0000 left_norm=0.000 right_norm=0.000 odom_y=-8.562 odom_roll=-3.1deg goal_y_err=0.000 odom_corr=0.000 odom_corr_applied=false path_lat_err=0.000 path_corr=0.000 path_corr_applied=false path_yaw_err=0.0deg path_yaw_corr=0.000 path_yaw_applied=false path_profile=0 crouch_yaw_err=0.0deg crouch_yaw_corr=0.000 crouch_yaw_applied=false crouch_fwd_bias=0.000 crouch_fwd_applied=false same_dir_turn=false opp_turn_shape=false uphill_segment=false uphill_seg_floor=false uphill_roll_floor=false min_step_floor=false override=true timeout=false serial=[0,0.000,0.000]
[0m
[INFO] [1783729525.402329775] [cmd_vel_to_serial]: Received serial action ack [finish], published /motion_bridge/action_ack
[INFO] [1783729525.476390882] [cmd_vel_to_serial]: [0;96mserial tx: [6,-0.600,0.600]
[0m
[INFO] [1783729525.476430923] [cmd_vel_to_serial]: [1;35mstep_debug mode=6 vx=0.000 wz=0.000 left_m=-0.0222 right_m=0.0222 fwd_m=0.0000 step_yaw=0.1235 left_norm=-0.600 right_norm=0.600 odom_y=-8.787 odom_roll=0.1deg goal_y_err=0.000 odom_corr=0.000 odom_corr_applied=false path_lat_err=0.000 path_corr=0.000 path_corr_applied=false path_yaw_err=0.0deg path_yaw_corr=0.000 path_yaw_applied=false path_profile=0 crouch_yaw_err=0.0deg crouch_yaw_corr=0.000 crouch_yaw_applied=false crouch_fwd_bias=0.000 crouch_fwd_applied=false same_dir_turn=false opp_turn_shape=false uphill_segment=false uphill_seg_floor=false uphill_roll_floor=false min_step_floor=false override=true timeout=false serial=[6,-0.600,0.600]
[0m
[INFO] [1783729526.402509836] [cmd_vel_to_serial]: [0;96mserial tx: [0,0.000,0.000]
[0m
[INFO] [1783729526.402552015] [cmd_vel_to_serial]: [1;35mstep_debug mode=0 vx=0.000 wz=0.000 left_m=0.0000 right_m=0.0000 fwd_m=0.0000 step_yaw=0.0000 left_norm=0.000 right_norm=0.000 odom_y=-8.720 odom_roll=2.1deg goal_y_err=0.000 odom_corr=0.000 odom_corr_applied=false path_lat_err=0.000 path_corr=0.000 path_corr_applied=false path_yaw_err=0.0deg path_yaw_corr=0.000 path_yaw_applied=false path_profile=0 crouch_yaw_err=0.0deg crouch_yaw_corr=0.000 crouch_yaw_applied=false crouch_fwd_bias=0.000 crouch_fwd_applied=false same_dir_turn=false opp_turn_shape=false uphill_segment=false uphill_seg_floor=false uphill_roll_floor=false min_step_floor=false override=true timeout=false serial=[0,0.000,0.000]
[0m
[INFO] [1783729526.476596170] [cmd_vel_to_serial]: [0;96mserial tx: [6,0.600,-0.600]
[0m
[INFO] [1783729526.476633356] [cmd_vel_to_serial]: [1;35mstep_debug mode=6 vx=0.000 wz=0.000 left_m=0.0222 right_m=-0.0222 fwd_m=0.0000 step_yaw=-0.1235 left_norm=0.600 right_norm=-0.600 odom_y=-8.722 odom_roll=1.5deg goal_y_err=0.000 odom_corr=0.000 odom_corr_applied=false path_lat_err=0.000 path_corr=0.000 path_corr_applied=false path_yaw_err=0.0deg path_yaw_corr=0.000 path_yaw_applied=false path_profile=0 crouch_yaw_err=0.0deg crouch_yaw_corr=0.000 crouch_yaw_applied=false crouch_fwd_bias=0.000 crouch_fwd_applied=false same_dir_turn=false opp_turn_shape=false uphill_segment=false uphill_seg_floor=false uphill_roll_floor=false min_step_floor=false override=true timeout=false serial=[6,0.600,-0.600]
[0m
[INFO] [1783729526.735904256] [cmd_vel_to_serial]: [0;96mserial tx: [0,0.000,0.000]
[0m
[INFO] [1783729526.735953965] [cmd_vel_to_serial]: [1;35mstep_debug mode=0 vx=0.000 wz=0.000 left_m=0.0000 right_m=0.0000 fwd_m=0.0000 step_yaw=0.0000 left_norm=0.000 right_norm=0.000 odom_y=-8.716 odom_roll=-0.1deg goal_y_err=0.000 odom_corr=0.000 odom_corr_applied=false path_lat_err=0.000 path_corr=0.000 path_corr_applied=false path_yaw_err=0.0deg path_yaw_corr=0.000 path_yaw_applied=false path_profile=0 crouch_yaw_err=0.0deg crouch_yaw_corr=0.000 crouch_yaw_applied=false crouch_fwd_bias=0.000 crouch_fwd_applied=false same_dir_turn=false opp_turn_shape=false uphill_segment=false uphill_seg_floor=false uphill_roll_floor=false min_step_floor=false override=true timeout=false serial=[0,0.000,0.000]
[0m
[INFO] [1783729526.810033146] [cmd_vel_to_serial]: [0;96mserial tx: [6,-0.600,0.600]
[0m
[INFO] [1783729526.810070143] [cmd_vel_to_serial]: [1;35mstep_debug mode=6 vx=0.000 wz=0.000 left_m=-0.0222 right_m=0.0222 fwd_m=0.0000 step_yaw=0.1235 left_norm=-0.600 right_norm=0.600 odom_y=-8.730 odom_roll=-0.0deg goal_y_err=0.000 odom_corr=0.000 odom_corr_applied=false path_lat_err=0.000 path_corr=0.000 path_corr_applied=false path_yaw_err=0.0deg path_yaw_corr=0.000 path_yaw_applied=false path_profile=0 crouch_yaw_err=0.0deg crouch_yaw_corr=0.000 crouch_yaw_applied=false crouch_fwd_bias=0.000 crouch_fwd_applied=false same_dir_turn=false opp_turn_shape=false uphill_segment=false uphill_seg_floor=false uphill_roll_floor=false min_step_floor=false override=true timeout=false serial=[6,-0.600,0.600]
[0m
[INFO] [1783729527.291606349] [cmd_vel_to_serial]: [0;96mserial tx: [0,0.000,0.000]
[0m
[INFO] [1783729527.291671636] [cmd_vel_to_serial]: [1;35mstep_debug mode=0 vx=0.000 wz=0.000 left_m=0.0000 right_m=0.0000 fwd_m=0.0000 step_yaw=0.0000 left_norm=0.000 right_norm=0.000 odom_y=-8.694 odom_roll=1.4deg goal_y_err=0.000 odom_corr=0.000 odom_corr_applied=false path_lat_err=0.000 path_corr=0.000 path_corr_applied=false path_yaw_err=0.0deg path_yaw_corr=0.000 path_yaw_applied=false path_profile=0 crouch_yaw_err=0.0deg crouch_yaw_corr=0.000 crouch_yaw_applied=false crouch_fwd_bias=0.000 crouch_fwd_applied=false same_dir_turn=false opp_turn_shape=false uphill_segment=false uphill_seg_floor=false uphill_roll_floor=false min_step_floor=false override=true timeout=false serial=[0,0.000,0.000]
[0m
[INFO] [1783729527.328664082] [cmd_vel_to_serial]: [0;96mserial tx: [6,0.600,-0.600]
[0m
[INFO] [1783729527.328699984] [cmd_vel_to_serial]: [1;35mstep_debug mode=6 vx=0.000 wz=0.000 left_m=0.0222 right_m=-0.0222 fwd_m=0.0000 step_yaw=-0.1235 left_norm=0.600 right_norm=-0.600 odom_y=-8.686 odom_roll=1.5deg goal_y_err=0.000 odom_corr=0.000 odom_corr_applied=false path_lat_err=0.000 path_corr=0.000 path_corr_applied=false path_yaw_err=0.0deg path_yaw_corr=0.000 path_yaw_applied=false path_profile=0 crouch_yaw_err=0.0deg crouch_yaw_corr=0.000 crouch_yaw_applied=false crouch_fwd_bias=0.000 crouch_fwd_applied=false same_dir_turn=false opp_turn_shape=false uphill_segment=false uphill_seg_floor=false uphill_roll_floor=false min_step_floor=false override=true timeout=false serial=[6,0.600,-0.600]
[0m
[INFO] [1783729527.699397321] [cmd_vel_to_serial]: [0;96mserial tx: [0,0.000,0.000]
[0m
[INFO] [1783729527.699445136] [cmd_vel_to_serial]: [1;35mstep_debug mode=0 vx=0.000 wz=0.000 left_m=0.0000 right_m=0.0000 fwd_m=0.0000 step_yaw=0.0000 left_norm=0.000 right_norm=0.000 odom_y=-8.695 odom_roll=2.6deg goal_y_err=0.000 odom_corr=0.000 odom_corr_applied=false path_lat_err=0.000 path_corr=0.000 path_corr_applied=false path_yaw_err=0.0deg path_yaw_corr=0.000 path_yaw_applied=false path_profile=0 crouch_yaw_err=0.0deg crouch_yaw_corr=0.000 crouch_yaw_applied=false crouch_fwd_bias=0.000 crouch_fwd_applied=false same_dir_turn=false opp_turn_shape=false uphill_segment=false uphill_seg_floor=false uphill_roll_floor=false min_step_floor=false override=true timeout=false serial=[0,0.000,0.000]
[0m
[INFO] [1783729527.773218316] [cmd_vel_to_serial]: [0;96mserial tx: [6,-0.600,0.600]
[0m
[INFO] [1783729527.773299976] [cmd_vel_to_serial]: [1;35mstep_debug mode=6 vx=0.000 wz=0.000 left_m=-0.0222 right_m=0.0222 fwd_m=0.0000 step_yaw=0.1235 left_norm=-0.600 right_norm=0.600 odom_y=-8.750 odom_roll=2.7deg goal_y_err=0.000 odom_corr=0.000 odom_corr_applied=false path_lat_err=0.000 path_corr=0.000 path_corr_applied=false path_yaw_err=0.0deg path_yaw_corr=0.000 path_yaw_applied=false path_profile=0 crouch_yaw_err=0.0deg crouch_yaw_corr=0.000 crouch_yaw_applied=false crouch_fwd_bias=0.000 crouch_fwd_applied=false same_dir_turn=false opp_turn_shape=false uphill_segment=false uphill_seg_floor=false uphill_roll_floor=false min_step_floor=false override=true timeout=false serial=[6,-0.600,0.600]
[0m
[INFO] [1783729527.995465770] [cmd_vel_to_serial]: [0;96mserial tx: [6,-0.180,0.280]
[0m
[INFO] [1783729527.995521904] [cmd_vel_to_serial]: [1;35mstep_debug mode=6 vx=0.000 wz=0.000 left_m=-0.0067 right_m=0.0104 fwd_m=0.0019 step_yaw=0.0473 left_norm=-0.180 right_norm=0.280 odom_y=-8.764 odom_roll=-0.5deg goal_y_err=0.000 odom_corr=0.000 odom_corr_applied=false path_lat_err=0.000 path_corr=0.000 path_corr_applied=false path_yaw_err=0.0deg path_yaw_corr=0.000 path_yaw_applied=false path_profile=0 crouch_yaw_err=0.0deg crouch_yaw_corr=0.000 crouch_yaw_applied=false crouch_fwd_bias=0.000 crouch_fwd_applied=false same_dir_turn=false opp_turn_shape=false uphill_segment=false uphill_seg_floor=false uphill_roll_floor=false min_step_floor=true override=true timeout=false serial=[6,-0.180,0.280]
[0m
[INFO] [1783729528.069546864] [cmd_vel_to_serial]: [0;96mserial tx: [6,-0.080,0.200]
[0m
[INFO] [1783729528.106589088] [cmd_vel_to_serial]: [0;96mserial tx: [0,0.800,0.800]
[0m
[INFO] [1783729528.106629347] [cmd_vel_to_serial]: [1;35mstep_debug mode=0 vx=0.000 wz=0.000 left_m=0.0296 right_m=0.0296 fwd_m=0.0296 step_yaw=0.0000 left_norm=0.800 right_norm=0.800 odom_y=-8.747 odom_roll=2.0deg goal_y_err=0.000 odom_corr=0.000 odom_corr_applied=false path_lat_err=0.000 path_corr=0.000 path_corr_applied=false path_yaw_err=0.0deg path_yaw_corr=0.000 path_yaw_applied=false path_profile=0 crouch_yaw_err=0.0deg crouch_yaw_corr=0.000 crouch_yaw_applied=false crouch_fwd_bias=0.000 crouch_fwd_applied=false same_dir_turn=false opp_turn_shape=false uphill_segment=false uphill_seg_floor=false uphill_roll_floor=false min_step_floor=false override=true timeout=false serial=[0,0.800,0.800]
[0m
[INFO] [1783729528.402948118] [cmd_vel_to_serial]: [0;96mserial tx: [6,0.280,-0.180]
[0m
[INFO] [1783729528.402997758] [cmd_vel_to_serial]: [1;35mstep_debug mode=6 vx=0.000 wz=0.000 left_m=0.0104 right_m=-0.0067 fwd_m=0.0019 step_yaw=-0.0473 left_norm=0.280 right_norm=-0.180 odom_y=-8.700 odom_roll=4.5deg goal_y_err=0.000 odom_corr=0.000 odom_corr_applied=false path_lat_err=0.000 path_corr=0.000 path_corr_applied=false path_yaw_err=0.0deg path_yaw_corr=0.000 path_yaw_applied=false path_profile=0 crouch_yaw_err=0.0deg crouch_yaw_corr=0.000 crouch_yaw_applied=false crouch_fwd_bias=0.000 crouch_fwd_applied=false same_dir_turn=false opp_turn_shape=false uphill_segment=false uphill_seg_floor=false uphill_roll_floor=false min_step_floor=true override=true timeout=false serial=[6,0.280,-0.180]
[0m
[INFO] [1783729528.440002029] [cmd_vel_to_serial]: [0;96mserial tx: [6,0.200,-0.080]
[0m
[INFO] [1783729528.701201800] [cmd_vel_to_serial]: [0;96mserial tx: [0,0.812,0.788]
[0m
[INFO] [1783729528.701254103] [cmd_vel_to_serial]: [1;35mstep_debug mode=0 vx=0.000 wz=0.000 left_m=0.0301 right_m=0.0292 fwd_m=0.0296 step_yaw=-0.0024 left_norm=0.812 right_norm=0.788 odom_y=-8.703 odom_roll=-0.8deg goal_y_err=0.000 odom_corr=0.000 odom_corr_applied=false path_lat_err=0.000 path_corr=0.000 path_corr_applied=false path_yaw_err=0.0deg path_yaw_corr=0.000 path_yaw_applied=false path_profile=0 crouch_yaw_err=0.0deg crouch_yaw_corr=0.000 crouch_yaw_applied=false crouch_fwd_bias=0.000 crouch_fwd_applied=false same_dir_turn=false opp_turn_shape=false uphill_segment=false uphill_seg_floor=false uphill_roll_floor=false min_step_floor=false override=true timeout=false serial=[0,0.812,0.788]
[0m
[INFO] [1783729530.237666463] [cmd_vel_to_serial]: [0;96mserial tx once: [9,0.000,0.000]
[0m
[INFO] [1783729530.255210295] [cmd_vel_to_serial]: Received serial action ack [jumping], published /motion_bridge/action_ack
[INFO] [1783729530.292253180] [cmd_vel_to_serial]: [0;96mserial tx: [9,0.000,0.000]
[0m
[INFO] [1783729530.292293458] [cmd_vel_to_serial]: [1;35mstep_debug mode=9 vx=0.000 wz=0.000 left_m=0.0000 right_m=0.0000 fwd_m=0.0000 step_yaw=0.0000 left_norm=0.000 right_norm=0.000 odom_y=-8.716 odom_roll=3.8deg goal_y_err=0.000 odom_corr=0.000 odom_corr_applied=false path_lat_err=0.000 path_corr=0.000 path_corr_applied=false path_yaw_err=0.0deg path_yaw_corr=0.000 path_yaw_applied=false path_profile=0 crouch_yaw_err=0.0deg crouch_yaw_corr=0.000 crouch_yaw_applied=false crouch_fwd_bias=0.000 crouch_fwd_applied=false same_dir_turn=false opp_turn_shape=false uphill_segment=false uphill_seg_floor=false uphill_roll_floor=false min_step_floor=false override=true timeout=false serial=[9,0.000,0.000]
[0m
[INFO] [1783729530.329281473] [cmd_vel_to_serial]: [0;96mserial tx: [0,0.000,0.000]
[0m
[INFO] [1783729530.329324292] [cmd_vel_to_serial]: [1;35mstep_debug mode=0 vx=0.000 wz=0.000 left_m=0.0000 right_m=0.0000 fwd_m=0.0000 step_yaw=0.0000 left_norm=0.000 right_norm=0.000 odom_y=-8.724 odom_roll=3.3deg goal_y_err=0.000 odom_corr=0.000 odom_corr_applied=false path_lat_err=0.000 path_corr=0.000 path_corr_applied=false path_yaw_err=0.0deg path_yaw_corr=0.000 path_yaw_applied=false path_profile=0 crouch_yaw_err=0.0deg crouch_yaw_corr=0.000 crouch_yaw_applied=false crouch_fwd_bias=0.000 crouch_fwd_applied=false same_dir_turn=false opp_turn_shape=false uphill_segment=false uphill_seg_floor=false uphill_roll_floor=false min_step_floor=false override=true timeout=false serial=[0,0.000,0.000]
[0m
[INFO] [1783729532.070397178] [cmd_vel_to_serial]: Received serial action ack [finish], published /motion_bridge/action_ack
[INFO] [1783729532.144464371] [cmd_vel_to_serial]: [0;96mserial tx: [0,0.489,0.511]
[0m
[INFO] [1783729532.144501285] [cmd_vel_to_serial]: [1;35mstep_debug mode=0 vx=0.000 wz=0.000 left_m=0.0181 right_m=0.0189 fwd_m=0.0185 step_yaw=0.0023 left_norm=0.489 right_norm=0.511 odom_y=-8.786 odom_roll=-1.3deg goal_y_err=0.000 odom_corr=0.000 odom_corr_applied=false path_lat_err=0.000 path_corr=0.000 path_corr_applied=false path_yaw_err=0.0deg path_yaw_corr=0.000 path_yaw_applied=false path_profile=0 crouch_yaw_err=0.0deg crouch_yaw_corr=0.000 crouch_yaw_applied=false crouch_fwd_bias=0.000 crouch_fwd_applied=false same_dir_turn=false opp_turn_shape=false uphill_segment=false uphill_seg_floor=false uphill_roll_floor=false min_step_floor=false override=true timeout=false serial=[0,0.489,0.511]
[0m
[INFO] [1783729532.936243269] [cmd_vel_to_serial]: [0;96mserial tx once: [9,0.000,0.000]
[0m
[INFO] [1783729532.959447808] [cmd_vel_to_serial]: Received serial action ack [jumping], published /motion_bridge/action_ack
[INFO] [1783729532.996439276] [cmd_vel_to_serial]: [0;96mserial tx: [9,0.000,0.000]
[0m
[INFO] [1783729532.996476028] [cmd_vel_to_serial]: [1;35mstep_debug mode=9 vx=0.000 wz=0.000 left_m=0.0000 right_m=0.0000 fwd_m=0.0000 step_yaw=0.0000 left_norm=0.000 right_norm=0.000 odom_y=-8.857 odom_roll=-7.0deg goal_y_err=0.000 odom_corr=0.000 odom_corr_applied=false path_lat_err=0.000 path_corr=0.000 path_corr_applied=false path_yaw_err=0.0deg path_yaw_corr=0.000 path_yaw_applied=false path_profile=0 crouch_yaw_err=0.0deg crouch_yaw_corr=0.000 crouch_yaw_applied=false crouch_fwd_bias=0.000 crouch_fwd_applied=false same_dir_turn=false opp_turn_shape=false uphill_segment=false uphill_seg_floor=false uphill_roll_floor=false min_step_floor=false override=true timeout=false serial=[9,0.000,0.000]
[0m
[INFO] [1783729533.033582448] [cmd_vel_to_serial]: [0;96mserial tx: [0,0.000,0.000]
[0m
[INFO] [1783729533.033652998] [cmd_vel_to_serial]: [1;35mstep_debug mode=0 vx=0.000 wz=0.000 left_m=0.0000 right_m=0.0000 fwd_m=0.0000 step_yaw=0.0000 left_norm=0.000 right_norm=0.000 odom_y=-8.872 odom_roll=-7.8deg goal_y_err=0.000 odom_corr=0.000 odom_corr_applied=false path_lat_err=0.000 path_corr=0.000 path_corr_applied=false path_yaw_err=0.0deg path_yaw_corr=0.000 path_yaw_applied=false path_profile=0 crouch_yaw_err=0.0deg crouch_yaw_corr=0.000 crouch_yaw_applied=false crouch_fwd_bias=0.000 crouch_fwd_applied=false same_dir_turn=false opp_turn_shape=false uphill_segment=false uphill_seg_floor=false uphill_roll_floor=false min_step_floor=false override=true timeout=false serial=[0,0.000,0.000]
[0m
[INFO] [1783729534.774824995] [cmd_vel_to_serial]: Received serial action ack [finish], published /motion_bridge/action_ack
[INFO] [1783729534.848696604] [cmd_vel_to_serial]: [0;96mserial tx: [6,-0.080,0.200]
[0m
[INFO] [1783729534.848739566] [cmd_vel_to_serial]: [1;35mstep_debug mode=6 vx=0.000 wz=0.000 left_m=-0.0030 right_m=0.0074 fwd_m=0.0022 step_yaw=0.0288 left_norm=-0.080 right_norm=0.200 odom_y=-8.888 odom_roll=2.9deg goal_y_err=0.000 odom_corr=0.000 odom_corr_applied=false path_lat_err=0.000 path_corr=0.000 path_corr_applied=false path_yaw_err=0.0deg path_yaw_corr=0.000 path_yaw_applied=false path_profile=0 crouch_yaw_err=0.0deg crouch_yaw_corr=0.000 crouch_yaw_applied=false crouch_fwd_bias=0.000 crouch_fwd_applied=false same_dir_turn=false opp_turn_shape=false uphill_segment=false uphill_seg_floor=false uphill_roll_floor=false min_step_floor=false override=true timeout=false serial=[6,-0.080,0.200]
[0m
[INFO] [1783729535.144999391] [cmd_vel_to_serial]: [0;96mserial tx: [0,0.000,0.000]
[0m
[INFO] [1783729535.145043154] [cmd_vel_to_serial]: [1;35mstep_debug mode=0 vx=0.000 wz=0.000 left_m=0.0000 right_m=0.0000 fwd_m=0.0000 step_yaw=0.0000 left_norm=0.000 right_norm=0.000 odom_y=-8.871 odom_roll=2.9deg goal_y_err=0.000 odom_corr=0.000 odom_corr_applied=false path_lat_err=0.000 path_corr=0.000 path_corr_applied=false path_yaw_err=0.0deg path_yaw_corr=0.000 path_yaw_applied=false path_profile=0 crouch_yaw_err=0.0deg crouch_yaw_corr=0.000 crouch_yaw_applied=false crouch_fwd_bias=0.000 crouch_fwd_applied=false same_dir_turn=false opp_turn_shape=false uphill_segment=false uphill_seg_floor=false uphill_roll_floor=false min_step_floor=false override=true timeout=false serial=[0,0.000,0.000]
[0m
[INFO] [1783729535.367316968] [cmd_vel_to_serial]: [0;96mserial tx: [6,0.200,-0.080]
[0m
[INFO] [1783729535.367367141] [cmd_vel_to_serial]: [1;35mstep_debug mode=6 vx=0.000 wz=0.000 left_m=0.0074 right_m=-0.0030 fwd_m=0.0022 step_yaw=-0.0288 left_norm=0.200 right_norm=-0.080 odom_y=-8.881 odom_roll=2.3deg goal_y_err=0.000 odom_corr=0.000 odom_corr_applied=false path_lat_err=0.000 path_corr=0.000 path_corr_applied=false path_yaw_err=0.0deg path_yaw_corr=0.000 path_yaw_applied=false path_profile=0 crouch_yaw_err=0.0deg crouch_yaw_corr=0.000 crouch_yaw_applied=false crouch_fwd_bias=0.000 crouch_fwd_applied=false same_dir_turn=false opp_turn_shape=false uphill_segment=false uphill_seg_floor=false uphill_roll_floor=false min_step_floor=false override=true timeout=false serial=[6,0.200,-0.080]
[0m
[INFO] [1783729535.441403495] [cmd_vel_to_serial]: [0;96mserial tx: [0,0.000,0.000]
[0m
[INFO] [1783729535.441455185] [cmd_vel_to_serial]: [1;35mstep_debug mode=0 vx=0.000 wz=0.000 left_m=0.0000 right_m=0.0000 fwd_m=0.0000 step_yaw=0.0000 left_norm=0.000 right_norm=0.000 odom_y=-8.889 odom_roll=1.4deg goal_y_err=0.000 odom_corr=0.000 odom_corr_applied=false path_lat_err=0.000 path_corr=0.000 path_corr_applied=false path_yaw_err=0.0deg path_yaw_corr=0.000 path_yaw_applied=false path_profile=0 crouch_yaw_err=0.0deg crouch_yaw_corr=0.000 crouch_yaw_applied=false crouch_fwd_bias=0.000 crouch_fwd_applied=false same_dir_turn=false opp_turn_shape=false uphill_segment=false uphill_seg_floor=false uphill_roll_floor=false min_step_floor=false override=true timeout=false serial=[0,0.000,0.000]
[0m
[INFO] [1783729535.700680173] [cmd_vel_to_serial]: [0;96mserial tx: [0,-0.180,0.200]
[0m
[INFO] [1783729535.700713458] [cmd_vel_to_serial]: [1;32mstep_debug mode=0 vx=0.000 wz=0.800 left_m=-0.0067 right_m=0.0074 fwd_m=0.0004 step_yaw=0.0391 left_norm=-0.180 right_norm=0.200 odom_y=-8.889 odom_roll=2.2deg goal_y_err=0.000 odom_corr=0.000 odom_corr_applied=false path_lat_err=0.000 path_corr=0.000 path_corr_applied=false path_yaw_err=0.0deg path_yaw_corr=0.000 path_yaw_applied=false path_profile=0 crouch_yaw_err=0.0deg crouch_yaw_corr=0.000 crouch_yaw_applied=false crouch_fwd_bias=0.000 crouch_fwd_applied=false same_dir_turn=false opp_turn_shape=true uphill_segment=false uphill_seg_floor=false uphill_roll_floor=false min_step_floor=true override=false timeout=false serial=[0,-0.180,0.200]
[0m
[INFO] [1783729535.737739938] [cmd_vel_to_serial]: [0;96mserial tx: [0,0.000,0.000]
[0m
[INFO] [1783729535.737785819] [cmd_vel_to_serial]: [1;35mstep_debug mode=0 vx=0.000 wz=0.000 left_m=0.0000 right_m=0.0000 fwd_m=0.0000 step_yaw=0.0000 left_norm=0.000 right_norm=0.000 odom_y=-8.882 odom_roll=2.6deg goal_y_err=0.000 odom_corr=0.000 odom_corr_applied=false path_lat_err=0.000 path_corr=0.000 path_corr_applied=false path_yaw_err=0.0deg path_yaw_corr=0.000 path_yaw_applied=false path_profile=0 crouch_yaw_err=0.0deg crouch_yaw_corr=0.000 crouch_yaw_applied=false crouch_fwd_bias=0.000 crouch_fwd_applied=false same_dir_turn=false opp_turn_shape=false uphill_segment=false uphill_seg_floor=false uphill_roll_floor=false min_step_floor=false override=true timeout=false serial=[0,0.000,0.000]
[0m
[INFO] [1783729535.885905095] [cmd_vel_to_serial]: [0;96mserial tx: [6,-0.025,0.050]
[0m
[INFO] [1783729535.885946931] [cmd_vel_to_serial]: [1;35mstep_debug mode=6 vx=0.000 wz=0.000 left_m=-0.0009 right_m=0.0019 fwd_m=0.0005 step_yaw=0.0077 left_norm=-0.025 right_norm=0.050 odom_y=-8.889 odom_roll=1.9deg goal_y_err=0.000 odom_corr=0.000 odom_corr_applied=false path_lat_err=0.000 path_corr=0.000 path_corr_applied=false path_yaw_err=0.0deg path_yaw_corr=0.000 path_yaw_applied=false path_profile=0 crouch_yaw_err=0.0deg crouch_yaw_corr=0.000 crouch_yaw_applied=false crouch_fwd_bias=0.000 crouch_fwd_applied=false same_dir_turn=false opp_turn_shape=false uphill_segment=false uphill_seg_floor=false uphill_roll_floor=false min_step_floor=false override=true timeout=false serial=[6,-0.025,0.050]
[0m
[INFO] [1783729535.960001830] [cmd_vel_to_serial]: [0;96mserial tx: [0,0.000,0.000]
[0m
[INFO] [1783729535.960041777] [cmd_vel_to_serial]: [1;35mstep_debug mode=0 vx=0.000 wz=0.000 left_m=0.0000 right_m=0.0000 fwd_m=0.0000 step_yaw=0.0000 left_norm=0.000 right_norm=0.000 odom_y=-8.892 odom_roll=1.8deg goal_y_err=0.000 odom_corr=0.000 odom_corr_applied=false path_lat_err=0.000 path_corr=0.000 path_corr_applied=false path_yaw_err=0.0deg path_yaw_corr=0.000 path_yaw_applied=false path_profile=0 crouch_yaw_err=0.0deg crouch_yaw_corr=0.000 crouch_yaw_applied=false crouch_fwd_bias=0.000 crouch_fwd_applied=false same_dir_turn=false opp_turn_shape=false uphill_segment=false uphill_seg_floor=false uphill_roll_floor=false min_step_floor=false override=true timeout=false serial=[0,0.000,0.000]
[0m
[INFO] [1783729536.663824929] [cmd_vel_to_serial]: [0;96mserial tx: [0,0.300,0.300]
[0m
[INFO] [1783729537.367642434] [cmd_vel_to_serial]: [0;96mserial tx: [0,0.000,0.000]
[0m
[INFO] [1783729538.051881149] [cmd_vel_to_serial]: [1;35mUpdated fixed step override runtime state to false[0m
[INFO] [1783729538.053772413] [cmd_vel_to_serial]: [1;35mUpdated serial mode to 6[0m
[INFO] [1783729538.071504246] [cmd_vel_to_serial]: [0;96mserial tx: [6,-0.200,0.650]
[0m
[INFO] [1783729538.071545159] [cmd_vel_to_serial]: [1;35mstep_debug mode=6 vx=0.000 wz=0.000 left_m=-0.0074 right_m=0.0241 fwd_m=0.0083 step_yaw=0.0875 left_norm=-0.200 right_norm=0.650 odom_y=-8.886 odom_roll=2.6deg goal_y_err=0.000 odom_corr=0.000 odom_corr_applied=false path_lat_err=0.000 path_corr=0.000 path_corr_applied=false path_yaw_err=0.0deg path_yaw_corr=0.000 path_yaw_applied=false path_profile=0 crouch_yaw_err=0.0deg crouch_yaw_corr=0.000 crouch_yaw_applied=false crouch_fwd_bias=0.000 crouch_fwd_applied=false same_dir_turn=false opp_turn_shape=false uphill_segment=false uphill_seg_floor=false uphill_roll_floor=false min_step_floor=false override=true timeout=false serial=[6,-0.200,0.650]
[0m
[INFO] [1783729538.664196584] [cmd_vel_to_serial]: [0;96mserial tx: [6,-0.180,0.350]
[0m
[INFO] [1783729538.886434788] [cmd_vel_to_serial]: [0;96mserial tx: [6,0.000,0.000]
[0m
[INFO] [1783729538.886500676] [cmd_vel_to_serial]: [1;33mstep_debug mode=6 vx=0.000 wz=0.000 left_m=0.0000 right_m=0.0000 fwd_m=0.0000 step_yaw=0.0000 left_norm=0.000 right_norm=0.000 odom_y=-8.756 odom_roll=0.4deg goal_y_err=0.000 odom_corr=0.000 odom_corr_applied=false path_lat_err=0.000 path_corr=0.000 path_corr_applied=false path_yaw_err=0.0deg path_yaw_corr=0.000 path_yaw_applied=false path_profile=0 crouch_yaw_err=0.0deg crouch_yaw_corr=0.000 crouch_yaw_applied=false crouch_fwd_bias=0.000 crouch_fwd_applied=false same_dir_turn=false opp_turn_shape=false uphill_segment=false uphill_seg_floor=false uphill_roll_floor=false min_step_floor=false override=false timeout=true serial=[6,0.000,0.000]
[0m
[INFO] [1783729539.368036236] [cmd_vel_to_serial]: [0;96mserial tx: [6,0.460,0.361]
[0m
[INFO] [1783729539.368092864] [cmd_vel_to_serial]: [0;94mstep_debug mode=6 vx=0.411 wz=-0.274 left_m=0.0170 right_m=0.0134 fwd_m=0.0152 step_yaw=-0.0101 left_norm=0.460 right_norm=0.361 odom_y=-8.743 odom_roll=1.6deg goal_y_err=0.000 odom_corr=0.000 odom_corr_applied=false path_lat_err=0.000 path_corr=0.000 path_corr_applied=false path_yaw_err=0.0deg path_yaw_corr=0.000 path_yaw_applied=false path_profile=0 crouch_yaw_err=0.0deg crouch_yaw_corr=0.000 crouch_yaw_applied=false crouch_fwd_bias=0.000 crouch_fwd_applied=false same_dir_turn=false opp_turn_shape=false uphill_segment=false uphill_seg_floor=false uphill_roll_floor=false min_step_floor=false override=false timeout=false serial=[6,0.460,0.361]
[0m
[INFO] [1783729539.479138382] [cmd_vel_to_serial]: [0;96mserial tx: [6,0.567,0.433]
[0m
[INFO] [1783729539.479176338] [cmd_vel_to_serial]: [1;35mstep_debug mode=6 vx=0.000 wz=0.000 left_m=0.0210 right_m=0.0161 fwd_m=0.0185 step_yaw=-0.0137 left_norm=0.567 right_norm=0.433 odom_y=-8.744 odom_roll=2.3deg goal_y_err=0.000 odom_corr=0.000 odom_corr_applied=false path_lat_err=0.000 path_corr=0.000 path_corr_applied=false path_yaw_err=0.0deg path_yaw_corr=0.000 path_yaw_applied=false path_profile=0 crouch_yaw_err=0.0deg crouch_yaw_corr=0.000 crouch_yaw_applied=false crouch_fwd_bias=0.000 crouch_fwd_applied=false same_dir_turn=false opp_turn_shape=false uphill_segment=false uphill_seg_floor=false uphill_roll_floor=false min_step_floor=false override=true timeout=false serial=[6,0.567,0.433]
[0m
[INFO] [1783729540.368157580] [cmd_vel_to_serial]: [0;96mserial tx: [6,0.650,-0.200]
[0m
[INFO] [1783729540.368209955] [cmd_vel_to_serial]: [1;35mstep_debug mode=6 vx=0.000 wz=0.000 left_m=0.0241 right_m=-0.0074 fwd_m=0.0083 step_yaw=-0.0875 left_norm=0.650 right_norm=-0.200 odom_y=-8.395 odom_roll=1.8deg goal_y_err=0.000 odom_corr=0.000 odom_corr_applied=false path_lat_err=0.000 path_corr=0.000 path_corr_applied=false path_yaw_err=0.0deg path_yaw_corr=0.000 path_yaw_applied=false path_profile=0 crouch_yaw_err=0.0deg crouch_yaw_corr=0.000 crouch_yaw_applied=false crouch_fwd_bias=0.000 crouch_fwd_applied=false same_dir_turn=false opp_turn_shape=false uphill_segment=false uphill_seg_floor=false uphill_roll_floor=false min_step_floor=false override=true timeout=false serial=[6,0.650,-0.200]
[0m
[INFO] [1783729541.886938103] [cmd_vel_to_serial]: [0;96mserial tx: [6,0.350,-0.180]
[0m
[INFO] [1783729541.961027711] [cmd_vel_to_serial]: [0;96mserial tx: [6,0.000,0.000]
[0m
[INFO] [1783729541.961071484] [cmd_vel_to_serial]: [1;33mstep_debug mode=6 vx=0.000 wz=0.000 left_m=0.0000 right_m=0.0000 fwd_m=0.0000 step_yaw=0.0000 left_norm=0.000 right_norm=0.000 odom_y=-8.420 odom_roll=3.5deg goal_y_err=0.000 odom_corr=0.000 odom_corr_applied=false path_lat_err=0.000 path_corr=0.000 path_corr_applied=false path_yaw_err=0.0deg path_yaw_corr=0.000 path_yaw_applied=false path_profile=0 crouch_yaw_err=0.0deg crouch_yaw_corr=0.000 crouch_yaw_applied=false crouch_fwd_bias=0.000 crouch_fwd_applied=false same_dir_turn=false opp_turn_shape=false uphill_segment=false uphill_seg_floor=false uphill_roll_floor=false min_step_floor=false override=false timeout=true serial=[6,0.000,0.000]
[0m
[INFO] [1783729542.516922564] [cmd_vel_to_serial]: [0;96mserial tx: [6,0.614,0.486]
[0m
[INFO] [1783729542.516996364] [cmd_vel_to_serial]: [0;94mstep_debug mode=6 vx=0.550 wz=-0.354 left_m=0.0227 right_m=0.0180 fwd_m=0.0204 step_yaw=-0.0131 left_norm=0.614 right_norm=0.486 odom_y=-8.444 odom_roll=2.9deg goal_y_err=0.000 odom_corr=0.000 odom_corr_applied=false path_lat_err=0.000 path_corr=0.000 path_corr_applied=false path_yaw_err=0.0deg path_yaw_corr=0.000 path_yaw_applied=false path_profile=0 crouch_yaw_err=0.0deg crouch_yaw_corr=0.000 crouch_yaw_applied=false crouch_fwd_bias=0.000 crouch_fwd_applied=false same_dir_turn=false opp_turn_shape=false uphill_segment=false uphill_seg_floor=false uphill_roll_floor=false min_step_floor=false override=false timeout=false serial=[6,0.614,0.486]
[0m
[INFO] [1783729542.553715999] [cmd_vel_to_serial]: [0;96mserial tx: [6,0.504,0.496]
[0m
[INFO] [1783729542.553794105] [cmd_vel_to_serial]: [1;35mstep_debug mode=6 vx=0.000 wz=0.000 left_m=0.0187 right_m=0.0184 fwd_m=0.0185 step_yaw=-0.0009 left_norm=0.504 right_norm=0.496 odom_y=-8.447 odom_roll=3.0deg goal_y_err=0.000 odom_corr=0.000 odom_corr_applied=false path_lat_err=0.000 path_corr=0.000 path_corr_applied=false path_yaw_err=0.0deg path_yaw_corr=0.000 path_yaw_applied=false path_profile=0 crouch_yaw_err=0.0deg crouch_yaw_corr=0.000 crouch_yaw_applied=false crouch_fwd_bias=0.000 crouch_fwd_applied=false same_dir_turn=false opp_turn_shape=false uphill_segment=false uphill_seg_floor=false uphill_roll_floor=false min_step_floor=false override=true timeout=false serial=[6,0.504,0.496]
[0m
[INFO] [1783729543.961320472] [cmd_vel_to_serial]: [0;96mserial tx: [6,-0.200,0.650]
[0m
[INFO] [1783729543.961362249] [cmd_vel_to_serial]: [1;35mstep_debug mode=6 vx=0.000 wz=0.000 left_m=-0.0074 right_m=0.0241 fwd_m=0.0083 step_yaw=0.0875 left_norm=-0.200 right_norm=0.650 odom_y=-9.192 odom_roll=2.4deg goal_y_err=0.000 odom_corr=0.000 odom_corr_applied=false path_lat_err=0.000 path_corr=0.000 path_corr_applied=false path_yaw_err=0.0deg path_yaw_corr=0.000 path_yaw_applied=false path_profile=0 crouch_yaw_err=0.0deg crouch_yaw_corr=0.000 crouch_yaw_applied=false crouch_fwd_bias=0.000 crouch_fwd_applied=false same_dir_turn=false opp_turn_shape=false uphill_segment=false uphill_seg_floor=false uphill_roll_floor=false min_step_floor=false override=true timeout=false serial=[6,-0.200,0.650]
[0m
[INFO] [1783729545.480105698] [cmd_vel_to_serial]: [0;96mserial tx: [6,-0.180,0.350]
[0m
[INFO] [1783729545.554182629] [cmd_vel_to_serial]: [0;96mserial tx: [6,0.000,0.000]
[0m
[INFO] [1783729545.554219763] [cmd_vel_to_serial]: [1;33mstep_debug mode=6 vx=0.000 wz=0.000 left_m=0.0000 right_m=0.0000 fwd_m=0.0000 step_yaw=0.0000 left_norm=0.000 right_norm=0.000 odom_y=-9.396 odom_roll=1.2deg goal_y_err=0.000 odom_corr=0.000 odom_corr_applied=false path_lat_err=0.000 path_corr=0.000 path_corr_applied=false path_yaw_err=0.0deg path_yaw_corr=0.000 path_yaw_applied=false path_profile=0 crouch_yaw_err=0.0deg crouch_yaw_corr=0.000 crouch_yaw_applied=false crouch_fwd_bias=0.000 crouch_fwd_applied=false same_dir_turn=false opp_turn_shape=false uphill_segment=false uphill_seg_floor=false uphill_roll_floor=false min_step_floor=false override=false timeout=true serial=[6,0.000,0.000]
[0m
[INFO] [1783729546.109865033] [cmd_vel_to_serial]: [0;96mserial tx: [6,0.312,0.479]
[0m
[INFO] [1783729546.109933662] [cmd_vel_to_serial]: [0;94mstep_debug mode=6 vx=0.396 wz=0.464 left_m=0.0116 right_m=0.0178 fwd_m=0.0147 step_yaw=0.0172 left_norm=0.312 right_norm=0.479 odom_y=-9.369 odom_roll=1.8deg goal_y_err=0.000 odom_corr=0.000 odom_corr_applied=false path_lat_err=0.000 path_corr=0.000 path_corr_applied=false path_yaw_err=0.0deg path_yaw_corr=0.000 path_yaw_applied=false path_profile=0 crouch_yaw_err=0.0deg crouch_yaw_corr=0.000 crouch_yaw_applied=false crouch_fwd_bias=0.000 crouch_fwd_applied=false same_dir_turn=false opp_turn_shape=false uphill_segment=false uphill_seg_floor=false uphill_roll_floor=false min_step_floor=false override=false timeout=false serial=[6,0.312,0.479]
[0m
[INFO] [1783729546.183951829] [cmd_vel_to_serial]: [0;96mserial tx: [6,0.512,0.488]
[0m
[INFO] [1783729546.184005609] [cmd_vel_to_serial]: [1;35mstep_debug mode=6 vx=0.000 wz=0.000 left_m=0.0190 right_m=0.0181 fwd_m=0.0185 step_yaw=-0.0024 left_norm=0.512 right_norm=0.488 odom_y=-9.379 odom_roll=1.5deg goal_y_err=0.000 odom_corr=0.000 odom_corr_applied=false path_lat_err=0.000 path_corr=0.000 path_corr_applied=false path_yaw_err=0.0deg path_yaw_corr=0.000 path_yaw_applied=false path_profile=0 crouch_yaw_err=0.0deg crouch_yaw_corr=0.000 crouch_yaw_applied=false crouch_fwd_bias=0.000 crouch_fwd_applied=false same_dir_turn=false opp_turn_shape=false uphill_segment=false uphill_seg_floor=false uphill_roll_floor=false min_step_floor=false override=true timeout=false serial=[6,0.512,0.488]
[0m
[INFO] [1783729547.072941589] [cmd_vel_to_serial]: [0;96mserial tx: [6,-0.200,0.650]
[0m
[INFO] [1783729547.072989345] [cmd_vel_to_serial]: [1;35mstep_debug mode=6 vx=0.000 wz=0.000 left_m=-0.0074 right_m=0.0241 fwd_m=0.0083 step_yaw=0.0875 left_norm=-0.200 right_norm=0.650 odom_y=-9.063 odom_roll=2.7deg goal_y_err=0.000 odom_corr=0.000 odom_corr_applied=false path_lat_err=0.000 path_corr=0.000 path_corr_applied=false path_yaw_err=0.0deg path_yaw_corr=0.000 path_yaw_applied=false path_profile=0 crouch_yaw_err=0.0deg crouch_yaw_corr=0.000 crouch_yaw_applied=false crouch_fwd_bias=0.000 crouch_fwd_applied=false same_dir_turn=false opp_turn_shape=false uphill_segment=false uphill_seg_floor=false uphill_roll_floor=false min_step_floor=false override=true timeout=false serial=[6,-0.200,0.650]
[0m
[INFO] [1783729548.776838668] [cmd_vel_to_serial]: [0;96mserial tx: [6,-0.180,0.350]
[0m
[INFO] [1783729548.888017813] [cmd_vel_to_serial]: [0;96mserial tx: [6,0.000,0.000]
[0m
[INFO] [1783729548.888055268] [cmd_vel_to_serial]: [1;33mstep_debug mode=6 vx=0.000 wz=0.000 left_m=0.0000 right_m=0.0000 fwd_m=0.0000 step_yaw=0.0000 left_norm=0.000 right_norm=0.000 odom_y=-8.542 odom_roll=2.7deg goal_y_err=0.000 odom_corr=0.000 odom_corr_applied=false path_lat_err=0.000 path_corr=0.000 path_corr_applied=false path_yaw_err=0.0deg path_yaw_corr=0.000 path_yaw_applied=false path_profile=0 crouch_yaw_err=0.0deg crouch_yaw_corr=0.000 crouch_yaw_applied=false crouch_fwd_bias=0.000 crouch_fwd_applied=false same_dir_turn=false opp_turn_shape=false uphill_segment=false uphill_seg_floor=false uphill_roll_floor=false min_step_floor=false override=false timeout=true serial=[6,0.000,0.000]
[0m
[INFO] [1783729549.369574646] [cmd_vel_to_serial]: [0;96mserial tx: [6,0.528,0.572]
[0m
[INFO] [1783729549.369620433] [cmd_vel_to_serial]: [0;94mstep_debug mode=6 vx=0.550 wz=0.120 left_m=0.0196 right_m=0.0212 fwd_m=0.0204 step_yaw=0.0044 left_norm=0.528 right_norm=0.572 odom_y=-8.556 odom_roll=2.3deg goal_y_err=0.000 odom_corr=0.000 odom_corr_applied=false path_lat_err=0.000 path_corr=0.000 path_corr_applied=false path_yaw_err=0.0deg path_yaw_corr=0.000 path_yaw_applied=false path_profile=0 crouch_yaw_err=0.0deg crouch_yaw_corr=0.000 crouch_yaw_applied=false crouch_fwd_bias=0.000 crouch_fwd_applied=false same_dir_turn=false opp_turn_shape=false uphill_segment=false uphill_seg_floor=false uphill_roll_floor=false min_step_floor=false override=false timeout=false serial=[6,0.528,0.572]
[0m
[INFO] [1783729549.480701379] [cmd_vel_to_serial]: [0;96mserial tx: [6,0.539,0.461]
[0m
[INFO] [1783729549.480752301] [cmd_vel_to_serial]: [1;35mstep_debug mode=6 vx=0.000 wz=0.000 left_m=0.0200 right_m=0.0171 fwd_m=0.0185 step_yaw=-0.0080 left_norm=0.539 right_norm=0.461 odom_y=-8.561 odom_roll=2.8deg goal_y_err=0.000 odom_corr=0.000 odom_corr_applied=false path_lat_err=0.000 path_corr=0.000 path_corr_applied=false path_yaw_err=0.0deg path_yaw_corr=0.000 path_yaw_applied=false path_profile=0 crouch_yaw_err=0.0deg crouch_yaw_corr=0.000 crouch_yaw_applied=false crouch_fwd_bias=0.000 crouch_fwd_applied=false same_dir_turn=false opp_turn_shape=false uphill_segment=false uphill_seg_floor=false uphill_roll_floor=false min_step_floor=false override=true timeout=false serial=[6,0.539,0.461]
[0m
[INFO] [1783729551.184695422] [cmd_vel_to_serial]: [0;96mserial tx: [6,0.650,-0.200]
[0m
[INFO] [1783729551.184821231] [cmd_vel_to_serial]: [1;35mstep_debug mode=6 vx=0.000 wz=0.000 left_m=0.0241 right_m=-0.0074 fwd_m=0.0083 step_yaw=-0.0875 left_norm=0.650 right_norm=-0.200 odom_y=-7.898 odom_roll=1.6deg goal_y_err=0.000 odom_corr=0.000 odom_corr_applied=false path_lat_err=0.000 path_corr=0.000 path_corr_applied=false path_yaw_err=0.0deg path_yaw_corr=0.000 path_yaw_applied=false path_profile=0 crouch_yaw_err=0.0deg crouch_yaw_corr=0.000 crouch_yaw_applied=false crouch_fwd_bias=0.000 crouch_fwd_applied=false same_dir_turn=false opp_turn_shape=false uphill_segment=false uphill_seg_floor=false uphill_roll_floor=false min_step_floor=false override=true timeout=false serial=[6,0.650,-0.200]
[0m
[INFO] [1783729552.962669090] [cmd_vel_to_serial]: [0;96mserial tx: [6,0.350,-0.180]
[0m
[INFO] [1783729553.185221371] [cmd_vel_to_serial]: [0;96mserial tx: [6,0.000,0.000]
[0m
[INFO] [1783729553.185297642] [cmd_vel_to_serial]: [1;33mstep_debug mode=6 vx=0.000 wz=0.000 left_m=0.0000 right_m=0.0000 fwd_m=0.0000 step_yaw=0.0000 left_norm=0.000 right_norm=0.000 odom_y=-7.364 odom_roll=1.7deg goal_y_err=0.000 odom_corr=0.000 odom_corr_applied=false path_lat_err=0.000 path_corr=0.000 path_corr_applied=false path_yaw_err=0.0deg path_yaw_corr=0.000 path_yaw_applied=false path_profile=0 crouch_yaw_err=0.0deg crouch_yaw_corr=0.000 crouch_yaw_applied=false crouch_fwd_bias=0.000 crouch_fwd_applied=false same_dir_turn=false opp_turn_shape=false uphill_segment=false uphill_seg_floor=false uphill_roll_floor=false min_step_floor=false override=false timeout=true serial=[6,0.000,0.000]
[0m
[INFO] [1783729553.703516735] [cmd_vel_to_serial]: [0;96mserial tx: [6,0.520,0.578]
[0m
[INFO] [1783729553.703555141] [cmd_vel_to_serial]: [0;94mstep_debug mode=6 vx=0.549 wz=0.162 left_m=0.0193 right_m=0.0214 fwd_m=0.0203 step_yaw=0.0060 left_norm=0.520 right_norm=0.578 odom_y=-7.358 odom_roll=1.8deg goal_y_err=0.000 odom_corr=0.000 odom_corr_applied=false path_lat_err=0.000 path_corr=0.000 path_corr_applied=false path_yaw_err=0.0deg path_yaw_corr=0.000 path_yaw_applied=false path_profile=0 crouch_yaw_err=0.0deg crouch_yaw_corr=0.000 crouch_yaw_applied=false crouch_fwd_bias=0.000 crouch_fwd_applied=false same_dir_turn=false opp_turn_shape=false uphill_segment=false uphill_seg_floor=false uphill_roll_floor=false min_step_floor=false override=false timeout=false serial=[6,0.520,0.578]
[0m
[INFO] [1783729553.777615953] [cmd_vel_to_serial]: [1;35mstep_debug mode=6 vx=0.000 wz=0.000 left_m=0.0163 right_m=0.0207 fwd_m=0.0185 step_yaw=0.0122 left_norm=0.441 right_norm=0.559 odom_y=-7.343 odom_roll=2.6deg goal_y_err=0.000 odom_corr=0.000 odom_corr_applied=false path_lat_err=0.000 path_corr=0.000 path_corr_applied=false path_yaw_err=0.0deg path_yaw_corr=0.000 path_yaw_applied=false path_profile=0 crouch_yaw_err=0.0deg crouch_yaw_corr=0.000 crouch_yaw_applied=false crouch_fwd_bias=0.000 crouch_fwd_applied=false same_dir_turn=false opp_turn_shape=false uphill_segment=false uphill_seg_floor=false uphill_roll_floor=false min_step_floor=false override=true timeout=false serial=[6,0.441,0.559]
[0m
[INFO] [1783729553.851655083] [cmd_vel_to_serial]: [0;96mserial tx: [6,0.435,0.565]
[0m
[INFO] [1783729555.185202975] [cmd_vel_to_serial]: [0;96mserial tx: [6,-0.200,0.650]
[0m
[INFO] [1783729555.185252107] [cmd_vel_to_serial]: [1;35mstep_debug mode=6 vx=0.000 wz=0.000 left_m=-0.0074 right_m=0.0241 fwd_m=0.0083 step_yaw=0.0875 left_norm=-0.200 right_norm=0.650 odom_y=-7.011 odom_roll=1.9deg goal_y_err=0.000 odom_corr=0.000 odom_corr_applied=false path_lat_err=0.000 path_corr=0.000 path_corr_applied=false path_yaw_err=0.0deg path_yaw_corr=0.000 path_yaw_applied=false path_profile=0 crouch_yaw_err=0.0deg crouch_yaw_corr=0.000 crouch_yaw_applied=false crouch_fwd_bias=0.000 crouch_fwd_applied=false same_dir_turn=false opp_turn_shape=false uphill_segment=false uphill_seg_floor=false uphill_roll_floor=false min_step_floor=false override=true timeout=false serial=[6,-0.200,0.650]
[0m
[INFO] [1783729557.074325978] [cmd_vel_to_serial]: [0;96mserial tx: [6,-0.180,0.350]
[0m
[INFO] [1783729557.259655620] [cmd_vel_to_serial]: [0;96mserial tx: [6,0.000,0.000]
[0m
[INFO] [1783729557.259724975] [cmd_vel_to_serial]: [1;33mstep_debug mode=6 vx=0.000 wz=0.000 left_m=0.0000 right_m=0.0000 fwd_m=0.0000 step_yaw=0.0000 left_norm=0.000 right_norm=0.000 odom_y=-6.437 odom_roll=1.4deg goal_y_err=0.000 odom_corr=0.000 odom_corr_applied=false path_lat_err=0.000 path_corr=0.000 path_corr_applied=false path_yaw_err=0.0deg path_yaw_corr=0.000 path_yaw_applied=false path_profile=0 crouch_yaw_err=0.0deg crouch_yaw_corr=0.000 crouch_yaw_applied=false crouch_fwd_bias=0.000 crouch_fwd_applied=false same_dir_turn=false opp_turn_shape=false uphill_segment=false uphill_seg_floor=false uphill_roll_floor=false min_step_floor=false override=false timeout=true serial=[6,0.000,0.000]
[0m
[INFO] [1783729557.778111277] [cmd_vel_to_serial]: [0;96mserial tx: [6,0.180,0.398]
[0m
[INFO] [1783729557.778160130] [cmd_vel_to_serial]: [1;32mstep_debug mode=6 vx=0.254 wz=0.800 left_m=0.0067 right_m=0.0147 fwd_m=0.0107 step_yaw=0.0224 left_norm=0.180 right_norm=0.398 odom_y=-6.480 odom_roll=1.6deg goal_y_err=0.000 odom_corr=0.000 odom_corr_applied=false path_lat_err=0.000 path_corr=0.000 path_corr_applied=false path_yaw_err=0.0deg path_yaw_corr=0.000 path_yaw_applied=false path_profile=0 crouch_yaw_err=0.0deg crouch_yaw_corr=0.000 crouch_yaw_applied=false crouch_fwd_bias=0.000 crouch_fwd_applied=false same_dir_turn=false opp_turn_shape=false uphill_segment=false uphill_seg_floor=false uphill_roll_floor=false min_step_floor=true override=false timeout=false serial=[6,0.180,0.398]
[0m
[INFO] [1783729557.852191634] [cmd_vel_to_serial]: [0;96mserial tx: [6,0.486,0.514]
[0m
[INFO] [1783729557.852237967] [cmd_vel_to_serial]: [1;35mstep_debug mode=6 vx=0.000 wz=0.000 left_m=0.0180 right_m=0.0191 fwd_m=0.0185 step_yaw=0.0030 left_norm=0.486 right_norm=0.514 odom_y=-6.472 odom_roll=2.0deg goal_y_err=0.000 odom_corr=0.000 odom_corr_applied=false path_lat_err=0.000 path_corr=0.000 path_corr_applied=false path_yaw_err=0.0deg path_yaw_corr=0.000 path_yaw_applied=false path_profile=0 crouch_yaw_err=0.0deg crouch_yaw_corr=0.000 crouch_yaw_applied=false crouch_fwd_bias=0.000 crouch_fwd_applied=false same_dir_turn=false opp_turn_shape=false uphill_segment=false uphill_seg_floor=false uphill_roll_floor=false min_step_floor=false override=true timeout=false serial=[6,0.486,0.514]
[0m
[INFO] [1783729558.556003813] [cmd_vel_to_serial]: [0;96mserial tx: [6,0.650,-0.200]
[0m
[INFO] [1783729558.556047709] [cmd_vel_to_serial]: [1;35mstep_debug mode=6 vx=0.000 wz=0.000 left_m=0.0241 right_m=-0.0074 fwd_m=0.0083 step_yaw=-0.0875 left_norm=0.650 right_norm=-0.200 odom_y=-6.366 odom_roll=3.7deg goal_y_err=0.000 odom_corr=0.000 odom_corr_applied=false path_lat_err=0.000 path_corr=0.000 path_corr_applied=false path_yaw_err=0.0deg path_yaw_corr=0.000 path_yaw_applied=false path_profile=0 crouch_yaw_err=0.0deg crouch_yaw_corr=0.000 crouch_yaw_applied=false crouch_fwd_bias=0.000 crouch_fwd_applied=false same_dir_turn=false opp_turn_shape=false uphill_segment=false uphill_seg_floor=false uphill_roll_floor=false min_step_floor=false override=true timeout=false serial=[6,0.650,-0.200]
[0m
[INFO] [1783729559.370948956] [cmd_vel_to_serial]: [0;96mserial tx: [6,0.350,-0.180]
[0m
[INFO] [1783729559.667267952] [cmd_vel_to_serial]: [0;96mserial tx: [6,0.000,0.000]
[0m
[INFO] [1783729559.667320552] [cmd_vel_to_serial]: [1;33mstep_debug mode=6 vx=0.000 wz=0.000 left_m=0.0000 right_m=0.0000 fwd_m=0.0000 step_yaw=0.0000 left_norm=0.000 right_norm=0.000 odom_y=-6.038 odom_roll=1.6deg goal_y_err=0.000 odom_corr=0.000 odom_corr_applied=false path_lat_err=0.000 path_corr=0.000 path_corr_applied=false path_yaw_err=0.0deg path_yaw_corr=0.000 path_yaw_applied=false path_profile=0 crouch_yaw_err=0.0deg crouch_yaw_corr=0.000 crouch_yaw_applied=false crouch_fwd_bias=0.000 crouch_fwd_applied=false same_dir_turn=false opp_turn_shape=false uphill_segment=false uphill_seg_floor=false uphill_roll_floor=false min_step_floor=false override=false timeout=true serial=[6,0.000,0.000]
[0m
[INFO] [1783729559.851622546] [cmd_vel_to_serial]: [1;35mUpdated fixed step override runtime state to true[0m
[INFO] [1783729559.851680917] [cmd_vel_to_serial]: [1;35mUpdated serial mode to 0[0m
[INFO] [1783729559.852472511] [cmd_vel_to_serial]: [0;96mserial tx: [0,0.000,0.000]
[0m
[INFO] [1783729559.852510168] [cmd_vel_to_serial]: [1;33mstep_debug mode=0 vx=0.000 wz=0.000 left_m=0.0000 right_m=0.0000 fwd_m=0.0000 step_yaw=0.0000 left_norm=0.000 right_norm=0.000 odom_y=-6.033 odom_roll=1.0deg goal_y_err=0.000 odom_corr=0.000 odom_corr_applied=false path_lat_err=0.000 path_corr=0.000 path_corr_applied=false path_yaw_err=0.0deg path_yaw_corr=0.000 path_yaw_applied=false path_profile=0 crouch_yaw_err=0.0deg crouch_yaw_corr=0.000 crouch_yaw_applied=false crouch_fwd_bias=0.000 crouch_fwd_applied=false same_dir_turn=false opp_turn_shape=false uphill_segment=false uphill_seg_floor=false uphill_roll_floor=false min_step_floor=false override=false timeout=true serial=[0,0.000,0.000]
[0m
[INFO] [1783729559.963575704] [cmd_vel_to_serial]: [0;96mserial tx: [0,0.500,0.500]
[0m
[INFO] [1783729559.963615782] [cmd_vel_to_serial]: [1;35mstep_debug mode=0 vx=0.000 wz=0.000 left_m=0.0185 right_m=0.0185 fwd_m=0.0185 step_yaw=0.0000 left_norm=0.500 right_norm=0.500 odom_y=-6.043 odom_roll=1.2deg goal_y_err=0.000 odom_corr=0.000 odom_corr_applied=false path_lat_err=0.000 path_corr=0.000 path_corr_applied=false path_yaw_err=0.0deg path_yaw_corr=0.000 path_yaw_applied=false path_profile=0 crouch_yaw_err=0.0deg crouch_yaw_corr=0.000 crouch_yaw_applied=false crouch_fwd_bias=0.000 crouch_fwd_applied=false same_dir_turn=false opp_turn_shape=false uphill_segment=false uphill_seg_floor=false uphill_roll_floor=false min_step_floor=false override=true timeout=false serial=[0,0.500,0.500]
[0m
[INFO] [1783729561.408224446] [cmd_vel_to_serial]: [0;96mserial tx: [0,0.000,0.000]
[0m
[INFO] [1783729561.408292848] [cmd_vel_to_serial]: [1;33mstep_debug mode=0 vx=0.000 wz=0.000 left_m=0.0000 right_m=0.0000 fwd_m=0.0000 step_yaw=0.0000 left_norm=0.000 right_norm=0.000 odom_y=-5.486 odom_roll=1.3deg goal_y_err=0.000 odom_corr=0.000 odom_corr_applied=false path_lat_err=0.000 path_corr=0.000 path_corr_applied=false path_yaw_err=0.0deg path_yaw_corr=0.000 path_yaw_applied=false path_profile=0 crouch_yaw_err=0.0deg crouch_yaw_corr=0.000 crouch_yaw_applied=false crouch_fwd_bias=0.000 crouch_fwd_applied=false same_dir_turn=false opp_turn_shape=false uphill_segment=false uphill_seg_floor=false uphill_roll_floor=false min_step_floor=false override=false timeout=true serial=[0,0.000,0.000]
[0m
[INFO] [1783729561.445262692] [cmd_vel_to_serial]: [0;96mserial tx: [6,-0.054,0.099]
[0m
[INFO] [1783729561.445326984] [cmd_vel_to_serial]: [1;35mstep_debug mode=6 vx=0.000 wz=0.000 left_m=-0.0020 right_m=0.0037 fwd_m=0.0008 step_yaw=0.0157 left_norm=-0.054 right_norm=0.099 odom_y=-5.458 odom_roll=2.3deg goal_y_err=0.000 odom_corr=0.000 odom_corr_applied=false path_lat_err=0.000 path_corr=0.000 path_corr_applied=false path_yaw_err=0.0deg path_yaw_corr=0.000 path_yaw_applied=false path_profile=0 crouch_yaw_err=0.0deg crouch_yaw_corr=0.000 crouch_yaw_applied=false crouch_fwd_bias=0.000 crouch_fwd_applied=false same_dir_turn=false opp_turn_shape=false uphill_segment=false uphill_seg_floor=false uphill_roll_floor=false min_step_floor=false override=true timeout=false serial=[6,-0.054,0.099]
[0m
[INFO] [1783729561.630465253] [cmd_vel_to_serial]: [0;96mserial tx: [6,0.220,-0.120]
[0m
[INFO] [1783729563.630679712] [cmd_vel_to_serial]: [0;96mserial tx: [6,0.220,-0.120]
[0m
[INFO] [1783729564.223350785] [cmd_vel_to_serial]: [0;96mserial tx: [6,0.131,-0.071]
[0m
[INFO] [1783729564.445592152] [cmd_vel_to_serial]: [1;35mstep_debug mode=6 vx=0.000 wz=0.000 left_m=0.0037 right_m=-0.0020 fwd_m=0.0008 step_yaw=-0.0157 left_norm=0.099 right_norm=-0.054 odom_y=-5.423 odom_roll=2.0deg goal_y_err=0.000 odom_corr=0.000 odom_corr_applied=false path_lat_err=0.000 path_corr=0.000 path_corr_applied=false path_yaw_err=0.0deg path_yaw_corr=0.000 path_yaw_applied=false path_profile=0 crouch_yaw_err=0.0deg crouch_yaw_corr=0.000 crouch_yaw_applied=false crouch_fwd_bias=0.000 crouch_fwd_applied=false same_dir_turn=false opp_turn_shape=false uphill_segment=false uphill_seg_floor=false uphill_roll_floor=false min_step_floor=false override=true timeout=false serial=[6,0.099,-0.054]
[0m
[INFO] [1783729564.556727219] [cmd_vel_to_serial]: [0;96mserial tx: [0,0.000,0.000]
[0m
[INFO] [1783729564.556783762] [cmd_vel_to_serial]: [1;35mstep_debug mode=0 vx=0.000 wz=0.000 left_m=0.0000 right_m=0.0000 fwd_m=0.0000 step_yaw=0.0000 left_norm=0.000 right_norm=0.000 odom_y=-5.426 odom_roll=2.0deg goal_y_err=0.000 odom_corr=0.000 odom_corr_applied=false path_lat_err=0.000 path_corr=0.000 path_corr_applied=false path_yaw_err=0.0deg path_yaw_corr=0.000 path_yaw_applied=false path_profile=0 crouch_yaw_err=0.0deg crouch_yaw_corr=0.000 crouch_yaw_applied=false crouch_fwd_bias=0.000 crouch_fwd_applied=false same_dir_turn=false opp_turn_shape=false uphill_segment=false uphill_seg_floor=false uphill_roll_floor=false min_step_floor=false override=true timeout=false serial=[0,0.000,0.000]
[0m
[INFO] [1783729564.593767908] [cmd_vel_to_serial]: [0;96mserial tx: [0,0.500,0.500]
[0m
[INFO] [1783729564.593811532] [cmd_vel_to_serial]: [1;35mstep_debug mode=0 vx=0.000 wz=0.000 left_m=0.0185 right_m=0.0185 fwd_m=0.0185 step_yaw=0.0000 left_norm=0.500 right_norm=0.500 odom_y=-5.421 odom_roll=1.7deg goal_y_err=0.000 odom_corr=0.000 odom_corr_applied=false path_lat_err=0.000 path_corr=0.000 path_corr_applied=false path_yaw_err=0.0deg path_yaw_corr=0.000 path_yaw_applied=false path_profile=0 crouch_yaw_err=0.0deg crouch_yaw_corr=0.000 crouch_yaw_applied=false crouch_fwd_bias=0.000 crouch_fwd_applied=false same_dir_turn=false opp_turn_shape=false uphill_segment=false uphill_seg_floor=false uphill_roll_floor=false min_step_floor=false override=true timeout=false serial=[0,0.500,0.500]
[0m
[INFO] [1783729565.149380786] [cmd_vel_to_serial]: [0;96mserial tx: [0,0.000,0.000]
[0m
[INFO] [1783729565.149422537] [cmd_vel_to_serial]: [1;35mstep_debug mode=0 vx=0.000 wz=0.000 left_m=0.0000 right_m=0.0000 fwd_m=0.0000 step_yaw=0.0000 left_norm=0.000 right_norm=0.000 odom_y=-5.428 odom_roll=2.1deg goal_y_err=0.000 odom_corr=0.000 odom_corr_applied=false path_lat_err=0.000 path_corr=0.000 path_corr_applied=false path_yaw_err=0.0deg path_yaw_corr=0.000 path_yaw_applied=false path_profile=0 crouch_yaw_err=0.0deg crouch_yaw_corr=0.000 crouch_yaw_applied=false crouch_fwd_bias=0.000 crouch_fwd_applied=false same_dir_turn=false opp_turn_shape=false uphill_segment=false uphill_seg_floor=false uphill_roll_floor=false min_step_floor=false override=true timeout=false serial=[0,0.000,0.000]
[0m
[INFO] [1783729565.186457276] [cmd_vel_to_serial]: [0;96mserial tx: [6,-0.120,0.220]
[0m
[INFO] [1783729565.186497160] [cmd_vel_to_serial]: [1;35mstep_debug mode=6 vx=0.000 wz=0.000 left_m=-0.0044 right_m=0.0081 fwd_m=0.0019 step_yaw=0.0350 left_norm=-0.120 right_norm=0.220 odom_y=-5.426 odom_roll=2.2deg goal_y_err=0.000 odom_corr=0.000 odom_corr_applied=false path_lat_err=0.000 path_corr=0.000 path_corr_applied=false path_yaw_err=0.0deg path_yaw_corr=0.000 path_yaw_applied=false path_profile=0 crouch_yaw_err=0.0deg crouch_yaw_corr=0.000 crouch_yaw_applied=false crouch_fwd_bias=0.000 crouch_fwd_applied=false same_dir_turn=false opp_turn_shape=false uphill_segment=false uphill_seg_floor=false uphill_roll_floor=false min_step_floor=false override=true timeout=false serial=[6,-0.120,0.220]
[0m
[INFO] [1783729567.186654111] [cmd_vel_to_serial]: [0;96mserial tx: [6,-0.120,0.220]
[0m
[INFO] [1783729567.816364560] [cmd_vel_to_serial]: [0;96mserial tx: [6,-0.070,0.128]
[0m
[INFO] [1783729568.186771144] [cmd_vel_to_serial]: [1;35mstep_debug mode=6 vx=0.000 wz=0.000 left_m=-0.0020 right_m=0.0037 fwd_m=0.0008 step_yaw=0.0157 left_norm=-0.054 right_norm=0.099 odom_y=-5.359 odom_roll=1.9deg goal_y_err=0.000 odom_corr=0.000 odom_corr_applied=false path_lat_err=0.000 path_corr=0.000 path_corr_applied=false path_yaw_err=0.0deg path_yaw_corr=0.000 path_yaw_applied=false path_profile=0 crouch_yaw_err=0.0deg crouch_yaw_corr=0.000 crouch_yaw_applied=false crouch_fwd_bias=0.000 crouch_fwd_applied=false same_dir_turn=false opp_turn_shape=false uphill_segment=false uphill_seg_floor=false uphill_roll_floor=false min_step_floor=false override=true timeout=false serial=[6,-0.054,0.099]
[0m
[INFO] [1783729568.223814200] [cmd_vel_to_serial]: [0;96mserial tx: [0,0.500,0.500]
[0m
[INFO] [1783729568.223854323] [cmd_vel_to_serial]: [1;35mstep_debug mode=0 vx=0.000 wz=0.000 left_m=0.0185 right_m=0.0185 fwd_m=0.0185 step_yaw=0.0000 left_norm=0.500 right_norm=0.500 odom_y=-5.347 odom_roll=1.6deg goal_y_err=0.000 odom_corr=0.000 odom_corr_applied=false path_lat_err=0.000 path_corr=0.000 path_corr_applied=false path_yaw_err=0.0deg path_yaw_corr=0.000 path_yaw_applied=false path_profile=0 crouch_yaw_err=0.0deg crouch_yaw_corr=0.000 crouch_yaw_applied=false crouch_fwd_bias=0.000 crouch_fwd_applied=false same_dir_turn=false opp_turn_shape=false uphill_segment=false uphill_seg_floor=false uphill_roll_floor=false min_step_floor=false override=true timeout=false serial=[0,0.500,0.500]
[0m
[INFO] [1783729570.224014290] [cmd_vel_to_serial]: [0;96mserial tx: [0,0.521,0.479]
[0m
[INFO] [1783729570.446267790] [cmd_vel_to_serial]: [0;96mserial tx: [0,0.000,0.000]
[0m
[INFO] [1783729570.446309068] [cmd_vel_to_serial]: [1;35mstep_debug mode=0 vx=0.000 wz=0.000 left_m=0.0000 right_m=0.0000 fwd_m=0.0000 step_yaw=0.0000 left_norm=0.000 right_norm=0.000 odom_y=-4.422 odom_roll=0.3deg goal_y_err=0.000 odom_corr=0.000 odom_corr_applied=false path_lat_err=0.000 path_corr=0.000 path_corr_applied=false path_yaw_err=0.0deg path_yaw_corr=0.000 path_yaw_applied=false path_profile=0 crouch_yaw_err=0.0deg crouch_yaw_corr=0.000 crouch_yaw_applied=false crouch_fwd_bias=0.000 crouch_fwd_applied=false same_dir_turn=false opp_turn_shape=false uphill_segment=false uphill_seg_floor=false uphill_roll_floor=false min_step_floor=false override=true timeout=false serial=[0,0.000,0.000]
[0m
[INFO] [1783729570.835439459] [cmd_vel_to_serial]: [0;96mserial tx once: [4,0.000,0.000]
[0m
[INFO] [1783729570.853730196] [cmd_vel_to_serial]: Received serial action ack [jumping], published /motion_bridge/action_ack
[INFO] [1783729570.936700872] [cmd_vel_to_serial]: [0;96mserial tx once: [4,0.000,0.000]
[0m
[INFO] [1783729571.003952853] [cmd_vel_to_serial]: [0;96mserial tx once: [4,0.000,0.000]
[0m
[INFO] [1783729571.102170853] [cmd_vel_to_serial]: [0;96mserial tx once: [4,0.000,0.000]
[0m
[INFO] [1783729571.168693977] [cmd_vel_to_serial]: [0;96mserial tx once: [4,0.000,0.000]
[0m
[INFO] [1783729572.446493006] [cmd_vel_to_serial]: [0;96mserial tx: [0,0.000,0.000]
[0m
[INFO] [1783729572.631705942] [cmd_vel_to_serial]: Received serial action ack [finish], published /motion_bridge/action_ack
[INFO] [1783729573.446617067] [cmd_vel_to_serial]: [1;35mstep_debug mode=0 vx=0.000 wz=0.000 left_m=0.0000 right_m=0.0000 fwd_m=0.0000 step_yaw=0.0000 left_norm=0.000 right_norm=0.000 odom_y=-3.283 odom_roll=1.1deg goal_y_err=0.000 odom_corr=0.000 odom_corr_applied=false path_lat_err=0.000 path_corr=0.000 path_corr_applied=false path_yaw_err=0.0deg path_yaw_corr=0.000 path_yaw_applied=false path_profile=0 crouch_yaw_err=0.0deg crouch_yaw_corr=0.000 crouch_yaw_applied=false crouch_fwd_bias=0.000 crouch_fwd_applied=false same_dir_turn=false opp_turn_shape=false uphill_segment=false uphill_seg_floor=false uphill_roll_floor=false min_step_floor=false override=true timeout=false serial=[0,0.000,0.000]
[0m
[INFO] [1783729573.928140287] [cmd_vel_to_serial]: [0;96mserial tx: [6,-0.080,0.200]
[0m
[INFO] [1783729573.928181166] [cmd_vel_to_serial]: [1;35mstep_debug mode=6 vx=0.000 wz=0.000 left_m=-0.0030 right_m=0.0074 fwd_m=0.0022 step_yaw=0.0288 left_norm=-0.080 right_norm=0.200 odom_y=-3.277 odom_roll=0.8deg goal_y_err=0.000 odom_corr=0.000 odom_corr_applied=false path_lat_err=0.000 path_corr=0.000 path_corr_applied=false path_yaw_err=0.0deg path_yaw_corr=0.000 path_yaw_applied=false path_profile=0 crouch_yaw_err=0.0deg crouch_yaw_corr=0.000 crouch_yaw_applied=false crouch_fwd_bias=0.000 crouch_fwd_applied=false same_dir_turn=false opp_turn_shape=false uphill_segment=false uphill_seg_floor=false uphill_roll_floor=false min_step_floor=false override=true timeout=false serial=[6,-0.080,0.200]
[0m
[INFO] [1783729574.150405763] [cmd_vel_to_serial]: [0;96mserial tx: [0,0.000,0.000]
[0m
[INFO] [1783729574.150448552] [cmd_vel_to_serial]: [1;35mstep_debug mode=0 vx=0.000 wz=0.000 left_m=0.0000 right_m=0.0000 fwd_m=0.0000 step_yaw=0.0000 left_norm=0.000 right_norm=0.000 odom_y=-3.265 odom_roll=2.0deg goal_y_err=0.000 odom_corr=0.000 odom_corr_applied=false path_lat_err=0.000 path_corr=0.000 path_corr_applied=false path_yaw_err=0.0deg path_yaw_corr=0.000 path_yaw_applied=false path_profile=0 crouch_yaw_err=0.0deg crouch_yaw_corr=0.000 crouch_yaw_applied=false crouch_fwd_bias=0.000 crouch_fwd_applied=false same_dir_turn=false opp_turn_shape=false uphill_segment=false uphill_seg_floor=false uphill_roll_floor=false min_step_floor=false override=true timeout=false serial=[0,0.000,0.000]
[0m
[INFO] [1783729574.372607075] [cmd_vel_to_serial]: [0;96mserial tx: [0,0.500,0.500]
[0m
[INFO] [1783729574.372642496] [cmd_vel_to_serial]: [1;35mstep_debug mode=0 vx=0.000 wz=0.000 left_m=0.0185 right_m=0.0185 fwd_m=0.0185 step_yaw=0.0000 left_norm=0.500 right_norm=0.500 odom_y=-3.255 odom_roll=2.1deg goal_y_err=0.000 odom_corr=0.000 odom_corr_applied=false path_lat_err=0.000 path_corr=0.000 path_corr_applied=false path_yaw_err=0.0deg path_yaw_corr=0.000 path_yaw_applied=false path_profile=0 crouch_yaw_err=0.0deg crouch_yaw_corr=0.000 crouch_yaw_applied=false crouch_fwd_bias=0.000 crouch_fwd_applied=false same_dir_turn=false opp_turn_shape=false uphill_segment=false uphill_seg_floor=false uphill_roll_floor=false min_step_floor=false override=true timeout=false serial=[0,0.500,0.500]
[0m
[INFO] [1783729574.705990744] [cmd_vel_to_serial]: [0;96mserial tx: [6,0.099,-0.054]
[0m
[INFO] [1783729574.706021846] [cmd_vel_to_serial]: [1;35mstep_debug mode=6 vx=0.000 wz=0.000 left_m=0.0037 right_m=-0.0020 fwd_m=0.0008 step_yaw=-0.0157 left_norm=0.099 right_norm=-0.054 odom_y=-3.245 odom_roll=3.9deg goal_y_err=0.000 odom_corr=0.000 odom_corr_applied=false path_lat_err=0.000 path_corr=0.000 path_corr_applied=false path_yaw_err=0.0deg path_yaw_corr=0.000 path_yaw_applied=false path_profile=0 crouch_yaw_err=0.0deg crouch_yaw_corr=0.000 crouch_yaw_applied=false crouch_fwd_bias=0.000 crouch_fwd_applied=false same_dir_turn=false opp_turn_shape=false uphill_segment=false uphill_seg_floor=false uphill_roll_floor=false min_step_floor=false override=true timeout=false serial=[6,0.099,-0.054]
[0m
[INFO] [1783729574.891193806] [cmd_vel_to_serial]: [0;96mserial tx: [6,0.220,-0.120]
[0m
[INFO] [1783729576.891399490] [cmd_vel_to_serial]: [0;96mserial tx: [6,0.220,-0.120]
[0m
[INFO] [1783729577.521111180] [cmd_vel_to_serial]: [0;96mserial tx: [6,0.135,-0.074]
[0m
[INFO] [1783729577.706504619] [cmd_vel_to_serial]: [1;35mstep_debug mode=6 vx=0.000 wz=0.000 left_m=0.0037 right_m=-0.0020 fwd_m=0.0008 step_yaw=-0.0157 left_norm=0.099 right_norm=-0.054 odom_y=-3.227 odom_roll=2.3deg goal_y_err=0.000 odom_corr=0.000 odom_corr_applied=false path_lat_err=0.000 path_corr=0.000 path_corr_applied=false path_yaw_err=0.0deg path_yaw_corr=0.000 path_yaw_applied=false path_profile=0 crouch_yaw_err=0.0deg crouch_yaw_corr=0.000 crouch_yaw_applied=false crouch_fwd_bias=0.000 crouch_fwd_applied=false same_dir_turn=false opp_turn_shape=false uphill_segment=false uphill_seg_floor=false uphill_roll_floor=false min_step_floor=false override=true timeout=false serial=[6,0.099,-0.054]
[0m
[INFO] [1783729577.891508621] [cmd_vel_to_serial]: [0;96mserial tx: [0,0.000,0.000]
[0m
[INFO] [1783729577.891546317] [cmd_vel_to_serial]: [1;35mstep_debug mode=0 vx=0.000 wz=0.000 left_m=0.0000 right_m=0.0000 fwd_m=0.0000 step_yaw=0.0000 left_norm=0.000 right_norm=0.000 odom_y=-3.231 odom_roll=1.9deg goal_y_err=0.000 odom_corr=0.000 odom_corr_applied=false path_lat_err=0.000 path_corr=0.000 path_corr_applied=false path_yaw_err=0.0deg path_yaw_corr=0.000 path_yaw_applied=false path_profile=0 crouch_yaw_err=0.0deg crouch_yaw_corr=0.000 crouch_yaw_applied=false crouch_fwd_bias=0.000 crouch_fwd_applied=false same_dir_turn=false opp_turn_shape=false uphill_segment=false uphill_seg_floor=false uphill_roll_floor=false min_step_floor=false override=true timeout=false serial=[0,0.000,0.000]
[0m
[INFO] [1783729577.928562155] [cmd_vel_to_serial]: [0;96mserial tx: [0,0.500,0.500]
[0m
[INFO] [1783729577.928605595] [cmd_vel_to_serial]: [1;35mstep_debug mode=0 vx=0.000 wz=0.000 left_m=0.0185 right_m=0.0185 fwd_m=0.0185 step_yaw=0.0000 left_norm=0.500 right_norm=0.500 odom_y=-3.217 odom_roll=1.7deg goal_y_err=0.000 odom_corr=0.000 odom_corr_applied=false path_lat_err=0.000 path_corr=0.000 path_corr_applied=false path_yaw_err=0.0deg path_yaw_corr=0.000 path_yaw_applied=false path_profile=0 crouch_yaw_err=0.0deg crouch_yaw_corr=0.000 crouch_yaw_applied=false crouch_fwd_bias=0.000 crouch_fwd_applied=false same_dir_turn=false opp_turn_shape=false uphill_segment=false uphill_seg_floor=false uphill_roll_floor=false min_step_floor=false override=true timeout=false serial=[0,0.500,0.500]
[0m
[INFO] [1783729578.595280775] [cmd_vel_to_serial]: [0;96mserial tx: [0,0.000,0.000]
[0m
[INFO] [1783729578.595322670] [cmd_vel_to_serial]: [1;35mstep_debug mode=0 vx=0.000 wz=0.000 left_m=0.0000 right_m=0.0000 fwd_m=0.0000 step_yaw=0.0000 left_norm=0.000 right_norm=0.000 odom_y=-3.234 odom_roll=0.5deg goal_y_err=0.000 odom_corr=0.000 odom_corr_applied=false path_lat_err=0.000 path_corr=0.000 path_corr_applied=false path_yaw_err=0.0deg path_yaw_corr=0.000 path_yaw_applied=false path_profile=0 crouch_yaw_err=0.0deg crouch_yaw_corr=0.000 crouch_yaw_applied=false crouch_fwd_bias=0.000 crouch_fwd_applied=false same_dir_turn=false opp_turn_shape=false uphill_segment=false uphill_seg_floor=false uphill_roll_floor=false min_step_floor=false override=true timeout=false serial=[0,0.000,0.000]
[0m
[INFO] [1783729578.632324975] [cmd_vel_to_serial]: [0;96mserial tx: [6,-0.120,0.220]
[0m
[INFO] [1783729578.632366735] [cmd_vel_to_serial]: [1;35mstep_debug mode=6 vx=0.000 wz=0.000 left_m=-0.0044 right_m=0.0081 fwd_m=0.0019 step_yaw=0.0350 left_norm=-0.120 right_norm=0.220 odom_y=-3.247 odom_roll=0.9deg goal_y_err=0.000 odom_corr=0.000 odom_corr_applied=false path_lat_err=0.000 path_corr=0.000 path_corr_applied=false path_yaw_err=0.0deg path_yaw_corr=0.000 path_yaw_applied=false path_profile=0 crouch_yaw_err=0.0deg crouch_yaw_corr=0.000 crouch_yaw_applied=false crouch_fwd_bias=0.000 crouch_fwd_applied=false same_dir_turn=false opp_turn_shape=false uphill_segment=false uphill_seg_floor=false uphill_roll_floor=false min_step_floor=false override=true timeout=false serial=[6,-0.120,0.220]
[0m
[INFO] [1783729580.632513070] [cmd_vel_to_serial]: [0;96mserial tx: [6,-0.120,0.220]
[0m
[INFO] [1783729581.336257537] [cmd_vel_to_serial]: [0;96mserial tx: [6,-0.065,0.120]
[0m
[INFO] [1783729581.632622160] [cmd_vel_to_serial]: [1;35mstep_debug mode=6 vx=0.000 wz=0.000 left_m=-0.0020 right_m=0.0037 fwd_m=0.0008 step_yaw=0.0157 left_norm=-0.054 right_norm=0.099 odom_y=-3.116 odom_roll=1.1deg goal_y_err=0.000 odom_corr=0.000 odom_corr_applied=false path_lat_err=0.000 path_corr=0.000 path_corr_applied=false path_yaw_err=0.0deg path_yaw_corr=0.000 path_yaw_applied=false path_profile=0 crouch_yaw_err=0.0deg crouch_yaw_corr=0.000 crouch_yaw_applied=false crouch_fwd_bias=0.000 crouch_fwd_applied=false same_dir_turn=false opp_turn_shape=false uphill_segment=false uphill_seg_floor=false uphill_roll_floor=false min_step_floor=false override=true timeout=false serial=[6,-0.054,0.099]
[0m
[INFO] [1783729581.780795437] [cmd_vel_to_serial]: [0;96mserial tx: [0,0.500,0.500]
[0m
[INFO] [1783729581.780834600] [cmd_vel_to_serial]: [1;35mstep_debug mode=0 vx=0.000 wz=0.000 left_m=0.0185 right_m=0.0185 fwd_m=0.0185 step_yaw=0.0000 left_norm=0.500 right_norm=0.500 odom_y=-3.118 odom_roll=1.6deg goal_y_err=0.000 odom_corr=0.000 odom_corr_applied=false path_lat_err=0.000 path_corr=0.000 path_corr_applied=false path_yaw_err=0.0deg path_yaw_corr=0.000 path_yaw_applied=false path_profile=0 crouch_yaw_err=0.0deg crouch_yaw_corr=0.000 crouch_yaw_applied=false crouch_fwd_bias=0.000 crouch_fwd_applied=false same_dir_turn=false opp_turn_shape=false uphill_segment=false uphill_seg_floor=false uphill_roll_floor=false min_step_floor=false override=true timeout=false serial=[0,0.500,0.500]
[0m
[INFO] [1783729583.780979480] [cmd_vel_to_serial]: [0;96mserial tx: [0,0.522,0.478]
[0m
[INFO] [1783729584.521853207] [cmd_vel_to_serial]: [0;96mserial tx: [6,0.110,-0.060]
[0m
[INFO] [1783729584.521906790] [cmd_vel_to_serial]: [1;35mstep_debug mode=6 vx=0.000 wz=0.000 left_m=0.0041 right_m=-0.0022 fwd_m=0.0009 step_yaw=-0.0175 left_norm=0.110 right_norm=-0.060 odom_y=-1.969 odom_roll=0.6deg goal_y_err=0.000 odom_corr=0.000 odom_corr_applied=false path_lat_err=0.000 path_corr=0.000 path_corr_applied=false path_yaw_err=0.0deg path_yaw_corr=0.000 path_yaw_applied=false path_profile=0 crouch_yaw_err=0.0deg crouch_yaw_corr=0.000 crouch_yaw_applied=false crouch_fwd_bias=0.000 crouch_fwd_applied=false same_dir_turn=false opp_turn_shape=false uphill_segment=false uphill_seg_floor=false uphill_roll_floor=false min_step_floor=false override=true timeout=false serial=[6,0.110,-0.060]
[0m
[INFO] [1783729584.769421058] [cmd_vel_to_serial]: [0;96mserial tx once: [5,0.000,0.000]
[0m
[INFO] [1783729584.781082898] [cmd_vel_to_serial]: Received serial action ack [jumping], published /motion_bridge/action_ack
[INFO] [1783729584.781158951] [cmd_vel_to_serial]: [0;96mserial tx: [0,0.000,0.000]
[0m
[INFO] [1783729584.781170439] [cmd_vel_to_serial]: [1;35mstep_debug mode=0 vx=0.000 wz=0.000 left_m=0.0000 right_m=0.0000 fwd_m=0.0000 step_yaw=0.0000 left_norm=0.000 right_norm=0.000 odom_y=-1.868 odom_roll=-1.3deg goal_y_err=0.000 odom_corr=0.000 odom_corr_applied=false path_lat_err=0.000 path_corr=0.000 path_corr_applied=false path_yaw_err=0.0deg path_yaw_corr=0.000 path_yaw_applied=false path_profile=0 crouch_yaw_err=0.0deg crouch_yaw_corr=0.000 crouch_yaw_applied=false crouch_fwd_bias=0.000 crouch_fwd_applied=false same_dir_turn=false opp_turn_shape=false uphill_segment=false uphill_seg_floor=false uphill_roll_floor=false min_step_floor=false override=true timeout=false serial=[0,0.000,0.000]
[0m
[INFO] [1783729586.781273255] [cmd_vel_to_serial]: [0;96mserial tx: [0,0.000,0.000]
[0m
[INFO] [1783729587.781363743] [cmd_vel_to_serial]: [1;35mstep_debug mode=0 vx=0.000 wz=0.000 left_m=0.0000 right_m=0.0000 fwd_m=0.0000 step_yaw=0.0000 left_norm=0.000 right_norm=0.000 odom_y=-2.139 odom_roll=94.0deg goal_y_err=0.000 odom_corr=0.000 odom_corr_applied=false path_lat_err=0.000 path_corr=0.000 path_corr_applied=false path_yaw_err=0.0deg path_yaw_corr=0.000 path_yaw_applied=false path_profile=0 crouch_yaw_err=0.0deg crouch_yaw_corr=0.000 crouch_yaw_applied=false crouch_fwd_bias=0.000 crouch_fwd_applied=false same_dir_turn=false opp_turn_shape=false uphill_segment=false uphill_seg_floor=false uphill_roll_floor=false min_step_floor=false override=true timeout=false serial=[0,0.000,0.000]
[0m
[INFO] [1783729588.781473082] [cmd_vel_to_serial]: [0;96mserial tx: [0,0.000,0.000]
[0m
[INFO] [1783729590.781651363] [cmd_vel_to_serial]: [0;96mserial tx: [0,0.000,0.000]
[0m
[INFO] [1783729590.781698575] [cmd_vel_to_serial]: [1;35mstep_debug mode=0 vx=0.000 wz=0.000 left_m=0.0000 right_m=0.0000 fwd_m=0.0000 step_yaw=0.0000 left_norm=0.000 right_norm=0.000 odom_y=-2.134 odom_roll=3.1deg goal_y_err=0.000 odom_corr=0.000 odom_corr_applied=false path_lat_err=0.000 path_corr=0.000 path_corr_applied=false path_yaw_err=0.0deg path_yaw_corr=0.000 path_yaw_applied=false path_profile=0 crouch_yaw_err=0.0deg crouch_yaw_corr=0.000 crouch_yaw_applied=false crouch_fwd_bias=0.000 crouch_fwd_applied=false same_dir_turn=false opp_turn_shape=false uphill_segment=false uphill_seg_floor=false uphill_roll_floor=false min_step_floor=false override=true timeout=false serial=[0,0.000,0.000]
[0m
[INFO] [1783729592.781836981] [cmd_vel_to_serial]: [0;96mserial tx: [0,0.000,0.000]
[0m
[INFO] [1783729593.781913323] [cmd_vel_to_serial]: [1;35mstep_debug mode=0 vx=0.000 wz=0.000 left_m=0.0000 right_m=0.0000 fwd_m=0.0000 step_yaw=0.0000 left_norm=0.000 right_norm=0.000 odom_y=-2.127 odom_roll=2.6deg goal_y_err=0.000 odom_corr=0.000 odom_corr_applied=false path_lat_err=0.000 path_corr=0.000 path_corr_applied=false path_yaw_err=0.0deg path_yaw_corr=0.000 path_yaw_applied=false path_profile=0 crouch_yaw_err=0.0deg crouch_yaw_corr=0.000 crouch_yaw_applied=false crouch_fwd_bias=0.000 crouch_fwd_applied=false same_dir_turn=false opp_turn_shape=false uphill_segment=false uphill_seg_floor=false uphill_roll_floor=false min_step_floor=false override=true timeout=false serial=[0,0.000,0.000]
[0m
[INFO] [1783729594.782008081] [cmd_vel_to_serial]: [0;96mserial tx: [0,0.000,0.000]
[0m
[INFO] [1783729596.782195325] [cmd_vel_to_serial]: [0;96mserial tx: [0,0.000,0.000]
[0m
[INFO] [1783729596.782239162] [cmd_vel_to_serial]: [1;35mstep_debug mode=0 vx=0.000 wz=0.000 left_m=0.0000 right_m=0.0000 fwd_m=0.0000 step_yaw=0.0000 left_norm=0.000 right_norm=0.000 odom_y=-2.126 odom_roll=2.5deg goal_y_err=0.000 odom_corr=0.000 odom_corr_applied=false path_lat_err=0.000 path_corr=0.000 path_corr_applied=false path_yaw_err=0.0deg path_yaw_corr=0.000 path_yaw_applied=false path_profile=0 crouch_yaw_err=0.0deg crouch_yaw_corr=0.000 crouch_yaw_applied=false crouch_fwd_bias=0.000 crouch_fwd_applied=false same_dir_turn=false opp_turn_shape=false uphill_segment=false uphill_seg_floor=false uphill_roll_floor=false min_step_floor=false override=true timeout=false serial=[0,0.000,0.000]
[0m
[INFO] [1783729598.782366363] [cmd_vel_to_serial]: [0;96mserial tx: [0,0.000,0.000]
[0m
[INFO] [1783729599.782456816] [cmd_vel_to_serial]: [1;35mstep_debug mode=0 vx=0.000 wz=0.000 left_m=0.0000 right_m=0.0000 fwd_m=0.0000 step_yaw=0.0000 left_norm=0.000 right_norm=0.000 odom_y=-2.124 odom_roll=2.5deg goal_y_err=0.000 odom_corr=0.000 odom_corr_applied=false path_lat_err=0.000 path_corr=0.000 path_corr_applied=false path_yaw_err=0.0deg path_yaw_corr=0.000 path_yaw_applied=false path_profile=0 crouch_yaw_err=0.0deg crouch_yaw_corr=0.000 crouch_yaw_applied=false crouch_fwd_bias=0.000 crouch_fwd_applied=false same_dir_turn=false opp_turn_shape=false uphill_segment=false uphill_seg_floor=false uphill_roll_floor=false min_step_floor=false override=true timeout=false serial=[0,0.000,0.000]
[0m
[INFO] [1783729600.782545184] [cmd_vel_to_serial]: [0;96mserial tx: [0,0.000,0.000]
[0m
[INFO] [1783729602.782719632] [cmd_vel_to_serial]: [0;96mserial tx: [0,0.000,0.000]
[0m
[INFO] [1783729602.782764884] [cmd_vel_to_serial]: [1;35mstep_debug mode=0 vx=0.000 wz=0.000 left_m=0.0000 right_m=0.0000 fwd_m=0.0000 step_yaw=0.0000 left_norm=0.000 right_norm=0.000 odom_y=-2.136 odom_roll=2.5deg goal_y_err=0.000 odom_corr=0.000 odom_corr_applied=false path_lat_err=0.000 path_corr=0.000 path_corr_applied=false path_yaw_err=0.0deg path_yaw_corr=0.000 path_yaw_applied=false path_profile=0 crouch_yaw_err=0.0deg crouch_yaw_corr=0.000 crouch_yaw_applied=false crouch_fwd_bias=0.000 crouch_fwd_applied=false same_dir_turn=false opp_turn_shape=false uphill_segment=false uphill_seg_floor=false uphill_roll_floor=false min_step_floor=false override=true timeout=false serial=[0,0.000,0.000]
[0m
[INFO] [1783729604.782877700] [cmd_vel_to_serial]: [0;96mserial tx: [0,0.000,0.000]
[0m
[INFO] [1783729605.782978727] [cmd_vel_to_serial]: [1;35mstep_debug mode=0 vx=0.000 wz=0.000 left_m=0.0000 right_m=0.0000 fwd_m=0.0000 step_yaw=0.0000 left_norm=0.000 right_norm=0.000 odom_y=-1.462 odom_roll=7.7deg goal_y_err=0.000 odom_corr=0.000 odom_corr_applied=false path_lat_err=0.000 path_corr=0.000 path_corr_applied=false path_yaw_err=0.0deg path_yaw_corr=0.000 path_yaw_applied=false path_profile=0 crouch_yaw_err=0.0deg crouch_yaw_corr=0.000 crouch_yaw_applied=false crouch_fwd_bias=0.000 crouch_fwd_applied=false same_dir_turn=false opp_turn_shape=false uphill_segment=false uphill_seg_floor=false uphill_roll_floor=false min_step_floor=false override=true timeout=false serial=[0,0.000,0.000]
[0m
[INFO] [1783729606.783059860] [cmd_vel_to_serial]: [0;96mserial tx: [0,0.000,0.000]
[0m
[INFO] [1783729608.783225974] [cmd_vel_to_serial]: [0;96mserial tx: [0,0.000,0.000]
[0m
[INFO] [1783729608.783265006] [cmd_vel_to_serial]: [1;35mstep_debug mode=0 vx=0.000 wz=0.000 left_m=0.0000 right_m=0.0000 fwd_m=0.0000 step_yaw=0.0000 left_norm=0.000 right_norm=0.000 odom_y=-0.028 odom_roll=2.5deg goal_y_err=0.000 odom_corr=0.000 odom_corr_applied=false path_lat_err=0.000 path_corr=0.000 path_corr_applied=false path_yaw_err=0.0deg path_yaw_corr=0.000 path_yaw_applied=false path_profile=0 crouch_yaw_err=0.0deg crouch_yaw_corr=0.000 crouch_yaw_applied=false crouch_fwd_bias=0.000 crouch_fwd_applied=false same_dir_turn=false opp_turn_shape=false uphill_segment=false uphill_seg_floor=false uphill_roll_floor=false min_step_floor=false override=true timeout=false serial=[0,0.000,0.000]
[0m
[INFO] [1783729610.783383998] [cmd_vel_to_serial]: [0;96mserial tx: [0,0.000,0.000]
[0m
[INFO] [1783729611.820134094] [cmd_vel_to_serial]: [1;35mstep_debug mode=0 vx=0.000 wz=0.000 left_m=0.0000 right_m=0.0000 fwd_m=0.0000 step_yaw=0.0000 left_norm=0.000 right_norm=0.000 odom_y=0.021 odom_roll=2.0deg goal_y_err=0.000 odom_corr=0.000 odom_corr_applied=false path_lat_err=0.000 path_corr=0.000 path_corr_applied=false path_yaw_err=0.0deg path_yaw_corr=0.000 path_yaw_applied=false path_profile=0 crouch_yaw_err=0.0deg crouch_yaw_corr=0.000 crouch_yaw_applied=false crouch_fwd_bias=0.000 crouch_fwd_applied=false same_dir_turn=false opp_turn_shape=false uphill_segment=false uphill_seg_floor=false uphill_roll_floor=false min_step_floor=false override=true timeout=false serial=[0,0.000,0.000]
[0m
[INFO] [1783729612.819792509] [cmd_vel_to_serial]: [0;96mserial tx: [0,0.000,0.000]
[0m
[INFO] [1783729614.856090707] [cmd_vel_to_serial]: [0;96mserial tx: [0,0.000,0.000]
[0m
[INFO] [1783729614.856145347] [cmd_vel_to_serial]: [1;35mstep_debug mode=0 vx=0.000 wz=0.000 left_m=0.0000 right_m=0.0000 fwd_m=0.0000 step_yaw=0.0000 left_norm=0.000 right_norm=0.000 odom_y=0.017 odom_roll=2.1deg goal_y_err=0.000 odom_corr=0.000 odom_corr_applied=false path_lat_err=0.000 path_corr=0.000 path_corr_applied=false path_yaw_err=0.0deg path_yaw_corr=0.000 path_yaw_applied=false path_profile=0 crouch_yaw_err=0.0deg crouch_yaw_corr=0.000 crouch_yaw_applied=false crouch_fwd_bias=0.000 crouch_fwd_applied=false same_dir_turn=false opp_turn_shape=false uphill_segment=false uphill_seg_floor=false uphill_roll_floor=false min_step_floor=false override=true timeout=false serial=[0,0.000,0.000]
[0m
[INFO] [1783729616.892420353] [cmd_vel_to_serial]: [0;96mserial tx: [0,0.000,0.000]
[0m
[INFO] [1783729617.892059507] [cmd_vel_to_serial]: [1;35mstep_debug mode=0 vx=0.000 wz=0.000 left_m=0.0000 right_m=0.0000 fwd_m=0.0000 step_yaw=0.0000 left_norm=0.000 right_norm=0.000 odom_y=0.017 odom_roll=2.1deg goal_y_err=0.000 odom_corr=0.000 odom_corr_applied=false path_lat_err=0.000 path_corr=0.000 path_corr_applied=false path_yaw_err=0.0deg path_yaw_corr=0.000 path_yaw_applied=false path_profile=0 crouch_yaw_err=0.0deg crouch_yaw_corr=0.000 crouch_yaw_applied=false crouch_fwd_bias=0.000 crouch_fwd_applied=false same_dir_turn=false opp_turn_shape=false uphill_segment=false uphill_seg_floor=false uphill_roll_floor=false min_step_floor=false override=true timeout=false serial=[0,0.000,0.000]
[0m
[INFO] [1783729618.928789930] [cmd_vel_to_serial]: [0;96mserial tx: [0,0.000,0.000]
[0m
[INFO] [1783729620.928199914] [cmd_vel_to_serial]: [1;35mstep_debug mode=0 vx=0.000 wz=0.000 left_m=0.0000 right_m=0.0000 fwd_m=0.0000 step_yaw=0.0000 left_norm=0.000 right_norm=0.000 odom_y=0.017 odom_roll=2.1deg goal_y_err=0.000 odom_corr=0.000 odom_corr_applied=false path_lat_err=0.000 path_corr=0.000 path_corr_applied=false path_yaw_err=0.0deg path_yaw_corr=0.000 path_yaw_applied=false path_profile=0 crouch_yaw_err=0.0deg crouch_yaw_corr=0.000 crouch_yaw_applied=false crouch_fwd_bias=0.000 crouch_fwd_applied=false same_dir_turn=false opp_turn_shape=false uphill_segment=false uphill_seg_floor=false uphill_roll_floor=false min_step_floor=false override=true timeout=false serial=[0,0.000,0.000]
[0m
[INFO] [1783729620.965180463] [cmd_vel_to_serial]: [0;96mserial tx: [0,0.000,0.000]
[0m
[INFO] [1783729623.001591683] [cmd_vel_to_serial]: [0;96mserial tx: [0,0.000,0.000]
[0m
[INFO] [1783729623.964261804] [cmd_vel_to_serial]: [1;35mstep_debug mode=0 vx=0.000 wz=0.000 left_m=0.0000 right_m=0.0000 fwd_m=0.0000 step_yaw=0.0000 left_norm=0.000 right_norm=0.000 odom_y=0.017 odom_roll=2.1deg goal_y_err=0.000 odom_corr=0.000 odom_corr_applied=false path_lat_err=0.000 path_corr=0.000 path_corr_applied=false path_yaw_err=0.0deg path_yaw_corr=0.000 path_yaw_applied=false path_profile=0 crouch_yaw_err=0.0deg crouch_yaw_corr=0.000 crouch_yaw_applied=false crouch_fwd_bias=0.000 crouch_fwd_applied=false same_dir_turn=false opp_turn_shape=false uphill_segment=false uphill_seg_floor=false uphill_roll_floor=false min_step_floor=false override=true timeout=false serial=[0,0.000,0.000]
[0m
[INFO] [1783729625.037990144] [cmd_vel_to_serial]: [0;96mserial tx: [0,0.000,0.000]
[0m
[INFO] [1783729627.000419100] [cmd_vel_to_serial]: [1;35mstep_debug mode=0 vx=0.000 wz=0.000 left_m=0.0000 right_m=0.0000 fwd_m=0.0000 step_yaw=0.0000 left_norm=0.000 right_norm=0.000 odom_y=0.017 odom_roll=2.1deg goal_y_err=0.000 odom_corr=0.000 odom_corr_applied=false path_lat_err=0.000 path_corr=0.000 path_corr_applied=false path_yaw_err=0.0deg path_yaw_corr=0.000 path_yaw_applied=false path_profile=0 crouch_yaw_err=0.0deg crouch_yaw_corr=0.000 crouch_yaw_applied=false crouch_fwd_bias=0.000 crouch_fwd_applied=false same_dir_turn=false opp_turn_shape=false uphill_segment=false uphill_seg_floor=false uphill_roll_floor=false min_step_floor=false override=true timeout=false serial=[0,0.000,0.000]
[0m
[INFO] [1783729627.038554409] [cmd_vel_to_serial]: [0;96mserial tx: [0,0.000,0.000]
[0m
[INFO] [1783729629.074353948] [cmd_vel_to_serial]: [0;96mserial tx: [0,0.000,0.000]
[0m
[INFO] [1783729630.036586965] [cmd_vel_to_serial]: [1;35mstep_debug mode=0 vx=0.000 wz=0.000 left_m=0.0000 right_m=0.0000 fwd_m=0.0000 step_yaw=0.0000 left_norm=0.000 right_norm=0.000 odom_y=0.017 odom_roll=2.1deg goal_y_err=0.000 odom_corr=0.000 odom_corr_applied=false path_lat_err=0.000 path_corr=0.000 path_corr_applied=false path_yaw_err=0.0deg path_yaw_corr=0.000 path_yaw_applied=false path_profile=0 crouch_yaw_err=0.0deg crouch_yaw_corr=0.000 crouch_yaw_applied=false crouch_fwd_bias=0.000 crouch_fwd_applied=false same_dir_turn=false opp_turn_shape=false uphill_segment=false uphill_seg_floor=false uphill_roll_floor=false min_step_floor=false override=true timeout=false serial=[0,0.000,0.000]
[0m
[INFO] [1783729631.110688208] [cmd_vel_to_serial]: [0;96mserial tx: [0,0.000,0.000]
[0m
[INFO] [1783729633.072824122] [cmd_vel_to_serial]: [1;35mstep_debug mode=0 vx=0.000 wz=0.000 left_m=0.0000 right_m=0.0000 fwd_m=0.0000 step_yaw=0.0000 left_norm=0.000 right_norm=0.000 odom_y=0.017 odom_roll=2.1deg goal_y_err=0.000 odom_corr=0.000 odom_corr_applied=false path_lat_err=0.000 path_corr=0.000 path_corr_applied=false path_yaw_err=0.0deg path_yaw_corr=0.000 path_yaw_applied=false path_profile=0 crouch_yaw_err=0.0deg crouch_yaw_corr=0.000 crouch_yaw_applied=false crouch_fwd_bias=0.000 crouch_fwd_applied=false same_dir_turn=false opp_turn_shape=false uphill_segment=false uphill_seg_floor=false uphill_roll_floor=false min_step_floor=false override=true timeout=false serial=[0,0.000,0.000]
[0m
[INFO] [1783729633.146881541] [cmd_vel_to_serial]: [0;96mserial tx: [0,0.000,0.000]
[0m
[INFO] [1783729635.185040374] [cmd_vel_to_serial]: [0;96mserial tx: [0,0.000,0.000]
[0m
[INFO] [1783729636.109074361] [cmd_vel_to_serial]: [1;35mstep_debug mode=0 vx=0.000 wz=0.000 left_m=0.0000 right_m=0.0000 fwd_m=0.0000 step_yaw=0.0000 left_norm=0.000 right_norm=0.000 odom_y=0.017 odom_roll=2.1deg goal_y_err=0.000 odom_corr=0.000 odom_corr_applied=false path_lat_err=0.000 path_corr=0.000 path_corr_applied=false path_yaw_err=0.0deg path_yaw_corr=0.000 path_yaw_applied=false path_profile=0 crouch_yaw_err=0.0deg crouch_yaw_corr=0.000 crouch_yaw_applied=false crouch_fwd_bias=0.000 crouch_fwd_applied=false same_dir_turn=false opp_turn_shape=false uphill_segment=false uphill_seg_floor=false uphill_roll_floor=false min_step_floor=false override=true timeout=false serial=[0,0.000,0.000]
[0m
[INFO] [1783729637.219926554] [cmd_vel_to_serial]: [0;96mserial tx: [0,0.000,0.000]
[0m
[INFO] [1783729639.145390711] [cmd_vel_to_serial]: [1;35mstep_debug mode=0 vx=0.000 wz=0.000 left_m=0.0000 right_m=0.0000 fwd_m=0.0000 step_yaw=0.0000 left_norm=0.000 right_norm=0.000 odom_y=0.017 odom_roll=2.1deg goal_y_err=0.000 odom_corr=0.000 odom_corr_applied=false path_lat_err=0.000 path_corr=0.000 path_corr_applied=false path_yaw_err=0.0deg path_yaw_corr=0.000 path_yaw_applied=false path_profile=0 crouch_yaw_err=0.0deg crouch_yaw_corr=0.000 crouch_yaw_applied=false crouch_fwd_bias=0.000 crouch_fwd_applied=false same_dir_turn=false opp_turn_shape=false uphill_segment=false uphill_seg_floor=false uphill_roll_floor=false min_step_floor=false override=true timeout=false serial=[0,0.000,0.000]
[0m
[INFO] [1783729639.256487049] [cmd_vel_to_serial]: [0;96mserial tx: [0,0.000,0.000]
[0m
[INFO] [1783729641.293072710] [cmd_vel_to_serial]: [0;96mserial tx: [0,0.000,0.000]
[0m
[INFO] [1783729642.181870519] [cmd_vel_to_serial]: [1;35mstep_debug mode=0 vx=0.000 wz=0.000 left_m=0.0000 right_m=0.0000 fwd_m=0.0000 step_yaw=0.0000 left_norm=0.000 right_norm=0.000 odom_y=0.017 odom_roll=2.1deg goal_y_err=0.000 odom_corr=0.000 odom_corr_applied=false path_lat_err=0.000 path_corr=0.000 path_corr_applied=false path_yaw_err=0.0deg path_yaw_corr=0.000 path_yaw_applied=false path_profile=0 crouch_yaw_err=0.0deg crouch_yaw_corr=0.000 crouch_yaw_applied=false crouch_fwd_bias=0.000 crouch_fwd_applied=false same_dir_turn=false opp_turn_shape=false uphill_segment=false uphill_seg_floor=false uphill_roll_floor=false min_step_floor=false override=true timeout=false serial=[0,0.000,0.000]
[0m
[INFO] [1783729643.329656836] [cmd_vel_to_serial]: [0;96mserial tx: [0,0.000,0.000]
[0m
[INFO] [1783729645.218131856] [cmd_vel_to_serial]: [1;35mstep_debug mode=0 vx=0.000 wz=0.000 left_m=0.0000 right_m=0.0000 fwd_m=0.0000 step_yaw=0.0000 left_norm=0.000 right_norm=0.000 odom_y=0.017 odom_roll=2.1deg goal_y_err=0.000 odom_corr=0.000 odom_corr_applied=false path_lat_err=0.000 path_corr=0.000 path_corr_applied=false path_yaw_err=0.0deg path_yaw_corr=0.000 path_yaw_applied=false path_profile=0 crouch_yaw_err=0.0deg crouch_yaw_corr=0.000 crouch_yaw_applied=false crouch_fwd_bias=0.000 crouch_fwd_applied=false same_dir_turn=false opp_turn_shape=false uphill_segment=false uphill_seg_floor=false uphill_roll_floor=false min_step_floor=false override=true timeout=false serial=[0,0.000,0.000]
[0m
[INFO] [1783729645.366250644] [cmd_vel_to_serial]: [0;96mserial tx: [0,0.000,0.000]
[0m
[INFO] [1783729647.402826922] [cmd_vel_to_serial]: [0;96mserial tx: [0,0.000,0.000]
[0m
[INFO] [1783729648.254696041] [cmd_vel_to_serial]: [1;35mstep_debug mode=0 vx=0.000 wz=0.000 left_m=0.0000 right_m=0.0000 fwd_m=0.0000 step_yaw=0.0000 left_norm=0.000 right_norm=0.000 odom_y=0.017 odom_roll=2.1deg goal_y_err=0.000 odom_corr=0.000 odom_corr_applied=false path_lat_err=0.000 path_corr=0.000 path_corr_applied=false path_yaw_err=0.0deg path_yaw_corr=0.000 path_yaw_applied=false path_profile=0 crouch_yaw_err=0.0deg crouch_yaw_corr=0.000 crouch_yaw_applied=false crouch_fwd_bias=0.000 crouch_fwd_applied=false same_dir_turn=false opp_turn_shape=false uphill_segment=false uphill_seg_floor=false uphill_roll_floor=false min_step_floor=false override=true timeout=false serial=[0,0.000,0.000]
[0m
[INFO] [1783729649.439514650] [cmd_vel_to_serial]: [0;96mserial tx: [0,0.000,0.000]
[0m
[INFO] [1783729651.255233861] [cmd_vel_to_serial]: [1;35mstep_debug mode=0 vx=0.000 wz=0.000 left_m=0.0000 right_m=0.0000 fwd_m=0.0000 step_yaw=0.0000 left_norm=0.000 right_norm=0.000 odom_y=0.017 odom_roll=2.1deg goal_y_err=0.000 odom_corr=0.000 odom_corr_applied=false path_lat_err=0.000 path_corr=0.000 path_corr_applied=false path_yaw_err=0.0deg path_yaw_corr=0.000 path_yaw_applied=false path_profile=0 crouch_yaw_err=0.0deg crouch_yaw_corr=0.000 crouch_yaw_applied=false crouch_fwd_bias=0.000 crouch_fwd_applied=false same_dir_turn=false opp_turn_shape=false uphill_segment=false uphill_seg_floor=false uphill_roll_floor=false min_step_floor=false override=true timeout=false serial=[0,0.000,0.000]
[0m
[INFO] [1783729651.476274106] [cmd_vel_to_serial]: [0;96mserial tx: [0,0.000,0.000]
[0m
[INFO] [1783729653.512826763] [cmd_vel_to_serial]: [0;96mserial tx: [0,0.000,0.000]
[0m
[INFO] [1783729654.290485047] [cmd_vel_to_serial]: [1;35mstep_debug mode=0 vx=0.000 wz=0.000 left_m=0.0000 right_m=0.0000 fwd_m=0.0000 step_yaw=0.0000 left_norm=0.000 right_norm=0.000 odom_y=0.017 odom_roll=2.1deg goal_y_err=0.000 odom_corr=0.000 odom_corr_applied=false path_lat_err=0.000 path_corr=0.000 path_corr_applied=false path_yaw_err=0.0deg path_yaw_corr=0.000 path_yaw_applied=false path_profile=0 crouch_yaw_err=0.0deg crouch_yaw_corr=0.000 crouch_yaw_applied=false crouch_fwd_bias=0.000 crouch_fwd_applied=false same_dir_turn=false opp_turn_shape=false uphill_segment=false uphill_seg_floor=false uphill_roll_floor=false min_step_floor=false override=true timeout=false serial=[0,0.000,0.000]
[0m
[INFO] [1783729655.549496250] [cmd_vel_to_serial]: [0;96mserial tx: [0,0.000,0.000]
[0m
[INFO] [1783729657.327050034] [cmd_vel_to_serial]: [1;35mstep_debug mode=0 vx=0.000 wz=0.000 left_m=0.0000 right_m=0.0000 fwd_m=0.0000 step_yaw=0.0000 left_norm=0.000 right_norm=0.000 odom_y=0.017 odom_roll=2.1deg goal_y_err=0.000 odom_corr=0.000 odom_corr_applied=false path_lat_err=0.000 path_corr=0.000 path_corr_applied=false path_yaw_err=0.0deg path_yaw_corr=0.000 path_yaw_applied=false path_profile=0 crouch_yaw_err=0.0deg crouch_yaw_corr=0.000 crouch_yaw_applied=false crouch_fwd_bias=0.000 crouch_fwd_applied=false same_dir_turn=false opp_turn_shape=false uphill_segment=false uphill_seg_floor=false uphill_roll_floor=false min_step_floor=false override=true timeout=false serial=[0,0.000,0.000]
[0m
[INFO] [1783729657.586218178] [cmd_vel_to_serial]: [0;96mserial tx: [0,0.000,0.000]
[0m
[INFO] [1783729659.622894723] [cmd_vel_to_serial]: [0;96mserial tx: [0,0.000,0.000]
[0m
[INFO] [1783729660.363543756] [cmd_vel_to_serial]: [1;35mstep_debug mode=0 vx=0.000 wz=0.000 left_m=0.0000 right_m=0.0000 fwd_m=0.0000 step_yaw=0.0000 left_norm=0.000 right_norm=0.000 odom_y=0.017 odom_roll=2.1deg goal_y_err=0.000 odom_corr=0.000 odom_corr_applied=false path_lat_err=0.000 path_corr=0.000 path_corr_applied=false path_yaw_err=0.0deg path_yaw_corr=0.000 path_yaw_applied=false path_profile=0 crouch_yaw_err=0.0deg crouch_yaw_corr=0.000 crouch_yaw_applied=false crouch_fwd_bias=0.000 crouch_fwd_applied=false same_dir_turn=false opp_turn_shape=false uphill_segment=false uphill_seg_floor=false uphill_roll_floor=false min_step_floor=false override=true timeout=false serial=[0,0.000,0.000]
[0m
[INFO] [1783729661.659934648] [cmd_vel_to_serial]: [0;96mserial tx: [0,0.000,0.000]
[0m
[INFO] [1783729663.400141856] [cmd_vel_to_serial]: [1;35mstep_debug mode=0 vx=0.000 wz=0.000 left_m=0.0000 right_m=0.0000 fwd_m=0.0000 step_yaw=0.0000 left_norm=0.000 right_norm=0.000 odom_y=0.017 odom_roll=2.1deg goal_y_err=0.000 odom_corr=0.000 odom_corr_applied=false path_lat_err=0.000 path_corr=0.000 path_corr_applied=false path_yaw_err=0.0deg path_yaw_corr=0.000 path_yaw_applied=false path_profile=0 crouch_yaw_err=0.0deg crouch_yaw_corr=0.000 crouch_yaw_applied=false crouch_fwd_bias=0.000 crouch_fwd_applied=false same_dir_turn=false opp_turn_shape=false uphill_segment=false uphill_seg_floor=false uphill_roll_floor=false min_step_floor=false override=true timeout=false serial=[0,0.000,0.000]
[0m
[INFO] [1783729663.696345798] [cmd_vel_to_serial]: [0;96mserial tx: [0,0.000,0.000]
[0m
[INFO] [1783729665.733199311] [cmd_vel_to_serial]: [0;96mserial tx: [0,0.000,0.000]
[0m
[INFO] [1783729666.436688134] [cmd_vel_to_serial]: [1;35mstep_debug mode=0 vx=0.000 wz=0.000 left_m=0.0000 right_m=0.0000 fwd_m=0.0000 step_yaw=0.0000 left_norm=0.000 right_norm=0.000 odom_y=0.017 odom_roll=2.1deg goal_y_err=0.000 odom_corr=0.000 odom_corr_applied=false path_lat_err=0.000 path_corr=0.000 path_corr_applied=false path_yaw_err=0.0deg path_yaw_corr=0.000 path_yaw_applied=false path_profile=0 crouch_yaw_err=0.0deg crouch_yaw_corr=0.000 crouch_yaw_applied=false crouch_fwd_bias=0.000 crouch_fwd_applied=false same_dir_turn=false opp_turn_shape=false uphill_segment=false uphill_seg_floor=false uphill_roll_floor=false min_step_floor=false override=true timeout=false serial=[0,0.000,0.000]
[0m
[INFO] [1783729667.769819502] [cmd_vel_to_serial]: [0;96mserial tx: [0,0.000,0.000]
[0m
[INFO] [1783729669.473298978] [cmd_vel_to_serial]: [1;35mstep_debug mode=0 vx=0.000 wz=0.000 left_m=0.0000 right_m=0.0000 fwd_m=0.0000 step_yaw=0.0000 left_norm=0.000 right_norm=0.000 odom_y=0.017 odom_roll=2.1deg goal_y_err=0.000 odom_corr=0.000 odom_corr_applied=false path_lat_err=0.000 path_corr=0.000 path_corr_applied=false path_yaw_err=0.0deg path_yaw_corr=0.000 path_yaw_applied=false path_profile=0 crouch_yaw_err=0.0deg crouch_yaw_corr=0.000 crouch_yaw_applied=false crouch_fwd_bias=0.000 crouch_fwd_applied=false same_dir_turn=false opp_turn_shape=false uphill_segment=false uphill_seg_floor=false uphill_roll_floor=false min_step_floor=false override=true timeout=false serial=[0,0.000,0.000]
[0m
[INFO] [1783729669.806626368] [cmd_vel_to_serial]: [0;96mserial tx: [0,0.000,0.000]
[0m
[INFO] [1783729671.843382969] [cmd_vel_to_serial]: [0;96mserial tx: [0,0.000,0.000]
[0m
[INFO] [1783729672.473774230] [cmd_vel_to_serial]: [1;35mstep_debug mode=0 vx=0.000 wz=0.000 left_m=0.0000 right_m=0.0000 fwd_m=0.0000 step_yaw=0.0000 left_norm=0.000 right_norm=0.000 odom_y=0.017 odom_roll=2.1deg goal_y_err=0.000 odom_corr=0.000 odom_corr_applied=false path_lat_err=0.000 path_corr=0.000 path_corr_applied=false path_yaw_err=0.0deg path_yaw_corr=0.000 path_yaw_applied=false path_profile=0 crouch_yaw_err=0.0deg crouch_yaw_corr=0.000 crouch_yaw_applied=false crouch_fwd_bias=0.000 crouch_fwd_applied=false same_dir_turn=false opp_turn_shape=false uphill_segment=false uphill_seg_floor=false uphill_roll_floor=false min_step_floor=false override=true timeout=false serial=[0,0.000,0.000]
[0m
[INFO] [1783729673.880146365] [cmd_vel_to_serial]: [0;96mserial tx: [0,0.000,0.000]
[0m
[INFO] [1783729675.509675943] [cmd_vel_to_serial]: [1;35mstep_debug mode=0 vx=0.000 wz=0.000 left_m=0.0000 right_m=0.0000 fwd_m=0.0000 step_yaw=0.0000 left_norm=0.000 right_norm=0.000 odom_y=0.017 odom_roll=2.1deg goal_y_err=0.000 odom_corr=0.000 odom_corr_applied=false path_lat_err=0.000 path_corr=0.000 path_corr_applied=false path_yaw_err=0.0deg path_yaw_corr=0.000 path_yaw_applied=false path_profile=0 crouch_yaw_err=0.0deg crouch_yaw_corr=0.000 crouch_yaw_applied=false crouch_fwd_bias=0.000 crouch_fwd_applied=false same_dir_turn=false opp_turn_shape=false uphill_segment=false uphill_seg_floor=false uphill_roll_floor=false min_step_floor=false override=true timeout=false serial=[0,0.000,0.000]
[0m
[INFO] [1783729675.916944594] [cmd_vel_to_serial]: [0;96mserial tx: [0,0.000,0.000]
[0m
[INFO] [1783729677.953722819] [cmd_vel_to_serial]: [0;96mserial tx: [0,0.000,0.000]
[0m
[INFO] [1783729678.546318527] [cmd_vel_to_serial]: [1;35mstep_debug mode=0 vx=0.000 wz=0.000 left_m=0.0000 right_m=0.0000 fwd_m=0.0000 step_yaw=0.0000 left_norm=0.000 right_norm=0.000 odom_y=0.017 odom_roll=2.1deg goal_y_err=0.000 odom_corr=0.000 odom_corr_applied=false path_lat_err=0.000 path_corr=0.000 path_corr_applied=false path_yaw_err=0.0deg path_yaw_corr=0.000 path_yaw_applied=false path_profile=0 crouch_yaw_err=0.0deg crouch_yaw_corr=0.000 crouch_yaw_applied=false crouch_fwd_bias=0.000 crouch_fwd_applied=false same_dir_turn=false opp_turn_shape=false uphill_segment=false uphill_seg_floor=false uphill_roll_floor=false min_step_floor=false override=true timeout=false serial=[0,0.000,0.000]
[0m
[INFO] [1783729679.990539844] [cmd_vel_to_serial]: [0;96mserial tx: [0,0.000,0.000]
[0m
[INFO] [1783729681.582962151] [cmd_vel_to_serial]: [1;35mstep_debug mode=0 vx=0.000 wz=0.000 left_m=0.0000 right_m=0.0000 fwd_m=0.0000 step_yaw=0.0000 left_norm=0.000 right_norm=0.000 odom_y=0.017 odom_roll=2.1deg goal_y_err=0.000 odom_corr=0.000 odom_corr_applied=false path_lat_err=0.000 path_corr=0.000 path_corr_applied=false path_yaw_err=0.0deg path_yaw_corr=0.000 path_yaw_applied=false path_profile=0 crouch_yaw_err=0.0deg crouch_yaw_corr=0.000 crouch_yaw_applied=false crouch_fwd_bias=0.000 crouch_fwd_applied=false same_dir_turn=false opp_turn_shape=false uphill_segment=false uphill_seg_floor=false uphill_roll_floor=false min_step_floor=false override=true timeout=false serial=[0,0.000,0.000]
[0m
[INFO] [1783729682.027359196] [cmd_vel_to_serial]: [0;96mserial tx: [0,0.000,0.000]
[0m
[INFO] [1783729684.064184818] [cmd_vel_to_serial]: [0;96mserial tx: [0,0.000,0.000]
[0m
[INFO] [1783729684.619686912] [cmd_vel_to_serial]: [1;35mstep_debug mode=0 vx=0.000 wz=0.000 left_m=0.0000 right_m=0.0000 fwd_m=0.0000 step_yaw=0.0000 left_norm=0.000 right_norm=0.000 odom_y=0.017 odom_roll=2.1deg goal_y_err=0.000 odom_corr=0.000 odom_corr_applied=false path_lat_err=0.000 path_corr=0.000 path_corr_applied=false path_yaw_err=0.0deg path_yaw_corr=0.000 path_yaw_applied=false path_profile=0 crouch_yaw_err=0.0deg crouch_yaw_corr=0.000 crouch_yaw_applied=false crouch_fwd_bias=0.000 crouch_fwd_applied=false same_dir_turn=false opp_turn_shape=false uphill_segment=false uphill_seg_floor=false uphill_roll_floor=false min_step_floor=false override=true timeout=false serial=[0,0.000,0.000]
[0m
[INFO] [1783729686.101029499] [cmd_vel_to_serial]: [0;96mserial tx: [0,0.000,0.000]
[0m
[INFO] [1783729687.656421951] [cmd_vel_to_serial]: [1;35mstep_debug mode=0 vx=0.000 wz=0.000 left_m=0.0000 right_m=0.0000 fwd_m=0.0000 step_yaw=0.0000 left_norm=0.000 right_norm=0.000 odom_y=0.017 odom_roll=2.1deg goal_y_err=0.000 odom_corr=0.000 odom_corr_applied=false path_lat_err=0.000 path_corr=0.000 path_corr_applied=false path_yaw_err=0.0deg path_yaw_corr=0.000 path_yaw_applied=false path_profile=0 crouch_yaw_err=0.0deg crouch_yaw_corr=0.000 crouch_yaw_applied=false crouch_fwd_bias=0.000 crouch_fwd_applied=false same_dir_turn=false opp_turn_shape=false uphill_segment=false uphill_seg_floor=false uphill_roll_floor=false min_step_floor=false override=true timeout=false serial=[0,0.000,0.000]
[0m
[INFO] [1783729688.137848075] [cmd_vel_to_serial]: [0;96mserial tx: [0,0.000,0.000]
[0m
[INFO] [1783729690.174706833] [cmd_vel_to_serial]: [0;96mserial tx: [0,0.000,0.000]
[0m
[INFO] [1783729690.693183235] [cmd_vel_to_serial]: [1;35mstep_debug mode=0 vx=0.000 wz=0.000 left_m=0.0000 right_m=0.0000 fwd_m=0.0000 step_yaw=0.0000 left_norm=0.000 right_norm=0.000 odom_y=0.017 odom_roll=2.1deg goal_y_err=0.000 odom_corr=0.000 odom_corr_applied=false path_lat_err=0.000 path_corr=0.000 path_corr_applied=false path_yaw_err=0.0deg path_yaw_corr=0.000 path_yaw_applied=false path_profile=0 crouch_yaw_err=0.0deg crouch_yaw_corr=0.000 crouch_yaw_applied=false crouch_fwd_bias=0.000 crouch_fwd_applied=false same_dir_turn=false opp_turn_shape=false uphill_segment=false uphill_seg_floor=false uphill_roll_floor=false min_step_floor=false override=true timeout=false serial=[0,0.000,0.000]
[0m
[INFO] [1783729692.211600062] [cmd_vel_to_serial]: [0;96mserial tx: [0,0.000,0.000]
[0m
[INFO] [1783729693.729954752] [cmd_vel_to_serial]: [1;35mstep_debug mode=0 vx=0.000 wz=0.000 left_m=0.0000 right_m=0.0000 fwd_m=0.0000 step_yaw=0.0000 left_norm=0.000 right_norm=0.000 odom_y=0.017 odom_roll=2.1deg goal_y_err=0.000 odom_corr=0.000 odom_corr_applied=false path_lat_err=0.000 path_corr=0.000 path_corr_applied=false path_yaw_err=0.0deg path_yaw_corr=0.000 path_yaw_applied=false path_profile=0 crouch_yaw_err=0.0deg crouch_yaw_corr=0.000 crouch_yaw_applied=false crouch_fwd_bias=0.000 crouch_fwd_applied=false same_dir_turn=false opp_turn_shape=false uphill_segment=false uphill_seg_floor=false uphill_roll_floor=false min_step_floor=false override=true timeout=false serial=[0,0.000,0.000]
[0m
[INFO] [1783729694.248499525] [cmd_vel_to_serial]: [0;96mserial tx: [0,0.000,0.000]
[0m
[INFO] [1783729696.285518933] [cmd_vel_to_serial]: [0;96mserial tx: [0,0.000,0.000]
[0m
[INFO] [1783729696.766831045] [cmd_vel_to_serial]: [1;35mstep_debug mode=0 vx=0.000 wz=0.000 left_m=0.0000 right_m=0.0000 fwd_m=0.0000 step_yaw=0.0000 left_norm=0.000 right_norm=0.000 odom_y=0.017 odom_roll=2.1deg goal_y_err=0.000 odom_corr=0.000 odom_corr_applied=false path_lat_err=0.000 path_corr=0.000 path_corr_applied=false path_yaw_err=0.0deg path_yaw_corr=0.000 path_yaw_applied=false path_profile=0 crouch_yaw_err=0.0deg crouch_yaw_corr=0.000 crouch_yaw_applied=false crouch_fwd_bias=0.000 crouch_fwd_applied=false same_dir_turn=false opp_turn_shape=false uphill_segment=false uphill_seg_floor=false uphill_roll_floor=false min_step_floor=false override=true timeout=false serial=[0,0.000,0.000]
[0m
[INFO] [1783729698.322185060] [cmd_vel_to_serial]: [0;96mserial tx: [0,0.000,0.000]
[0m
[INFO] [1783729699.803543874] [cmd_vel_to_serial]: [1;35mstep_debug mode=0 vx=0.000 wz=0.000 left_m=0.0000 right_m=0.0000 fwd_m=0.0000 step_yaw=0.0000 left_norm=0.000 right_norm=0.000 odom_y=0.017 odom_roll=2.1deg goal_y_err=0.000 odom_corr=0.000 odom_corr_applied=false path_lat_err=0.000 path_corr=0.000 path_corr_applied=false path_yaw_err=0.0deg path_yaw_corr=0.000 path_yaw_applied=false path_profile=0 crouch_yaw_err=0.0deg crouch_yaw_corr=0.000 crouch_yaw_applied=false crouch_fwd_bias=0.000 crouch_fwd_applied=false same_dir_turn=false opp_turn_shape=false uphill_segment=false uphill_seg_floor=false uphill_roll_floor=false min_step_floor=false override=true timeout=false serial=[0,0.000,0.000]
[0m
[INFO] [1783729700.359099209] [cmd_vel_to_serial]: [0;96mserial tx: [0,0.000,0.000]
[0m
[INFO] [1783729702.395955161] [cmd_vel_to_serial]: [0;96mserial tx: [0,0.000,0.000]
[0m
[INFO] [1783729702.840366631] [cmd_vel_to_serial]: [1;35mstep_debug mode=0 vx=0.000 wz=0.000 left_m=0.0000 right_m=0.0000 fwd_m=0.0000 step_yaw=0.0000 left_norm=0.000 right_norm=0.000 odom_y=0.017 odom_roll=2.1deg goal_y_err=0.000 odom_corr=0.000 odom_corr_applied=false path_lat_err=0.000 path_corr=0.000 path_corr_applied=false path_yaw_err=0.0deg path_yaw_corr=0.000 path_yaw_applied=false path_profile=0 crouch_yaw_err=0.0deg crouch_yaw_corr=0.000 crouch_yaw_applied=false crouch_fwd_bias=0.000 crouch_fwd_applied=false same_dir_turn=false opp_turn_shape=false uphill_segment=false uphill_seg_floor=false uphill_roll_floor=false min_step_floor=false override=true timeout=false serial=[0,0.000,0.000]
[0m
[INFO] [1783729704.432892183] [cmd_vel_to_serial]: [0;96mserial tx: [0,0.000,0.000]
[0m
[INFO] [1783729705.877198524] [cmd_vel_to_serial]: [1;35mstep_debug mode=0 vx=0.000 wz=0.000 left_m=0.0000 right_m=0.0000 fwd_m=0.0000 step_yaw=0.0000 left_norm=0.000 right_norm=0.000 odom_y=0.017 odom_roll=2.1deg goal_y_err=0.000 odom_corr=0.000 odom_corr_applied=false path_lat_err=0.000 path_corr=0.000 path_corr_applied=false path_yaw_err=0.0deg path_yaw_corr=0.000 path_yaw_applied=false path_profile=0 crouch_yaw_err=0.0deg crouch_yaw_corr=0.000 crouch_yaw_applied=false crouch_fwd_bias=0.000 crouch_fwd_applied=false same_dir_turn=false opp_turn_shape=false uphill_segment=false uphill_seg_floor=false uphill_roll_floor=false min_step_floor=false override=true timeout=false serial=[0,0.000,0.000]
[0m
[INFO] [1783729706.469740952] [cmd_vel_to_serial]: [0;96mserial tx: [0,0.000,0.000]
[0m
[INFO] [1783729708.506771350] [cmd_vel_to_serial]: [0;96mserial tx: [0,0.000,0.000]
[0m
[INFO] [1783729708.914047821] [cmd_vel_to_serial]: [1;35mstep_debug mode=0 vx=0.000 wz=0.000 left_m=0.0000 right_m=0.0000 fwd_m=0.0000 step_yaw=0.0000 left_norm=0.000 right_norm=0.000 odom_y=0.017 odom_roll=2.1deg goal_y_err=0.000 odom_corr=0.000 odom_corr_applied=false path_lat_err=0.000 path_corr=0.000 path_corr_applied=false path_yaw_err=0.0deg path_yaw_corr=0.000 path_yaw_applied=false path_profile=0 crouch_yaw_err=0.0deg crouch_yaw_corr=0.000 crouch_yaw_applied=false crouch_fwd_bias=0.000 crouch_fwd_applied=false same_dir_turn=false opp_turn_shape=false uphill_segment=false uphill_seg_floor=false uphill_roll_floor=false min_step_floor=false override=true timeout=false serial=[0,0.000,0.000]
[0m
[INFO] [1783729710.543598505] [cmd_vel_to_serial]: [0;96mserial tx: [0,0.000,0.000]
[0m
[INFO] [1783729711.950929334] [cmd_vel_to_serial]: [1;35mstep_debug mode=0 vx=0.000 wz=0.000 left_m=0.0000 right_m=0.0000 fwd_m=0.0000 step_yaw=0.0000 left_norm=0.000 right_norm=0.000 odom_y=0.017 odom_roll=2.1deg goal_y_err=0.000 odom_corr=0.000 odom_corr_applied=false path_lat_err=0.000 path_corr=0.000 path_corr_applied=false path_yaw_err=0.0deg path_yaw_corr=0.000 path_yaw_applied=false path_profile=0 crouch_yaw_err=0.0deg crouch_yaw_corr=0.000 crouch_yaw_applied=false crouch_fwd_bias=0.000 crouch_fwd_applied=false same_dir_turn=false opp_turn_shape=false uphill_segment=false uphill_seg_floor=false uphill_roll_floor=false min_step_floor=false override=true timeout=false serial=[0,0.000,0.000]
[0m
[INFO] [1783729712.580500735] [cmd_vel_to_serial]: [0;96mserial tx: [0,0.000,0.000]
[0m
[INFO] [1783729714.617448221] [cmd_vel_to_serial]: [0;96mserial tx: [0,0.000,0.000]
[0m
[INFO] [1783729714.987784657] [cmd_vel_to_serial]: [1;35mstep_debug mode=0 vx=0.000 wz=0.000 left_m=0.0000 right_m=0.0000 fwd_m=0.0000 step_yaw=0.0000 left_norm=0.000 right_norm=0.000 odom_y=0.017 odom_roll=2.1deg goal_y_err=0.000 odom_corr=0.000 odom_corr_applied=false path_lat_err=0.000 path_corr=0.000 path_corr_applied=false path_yaw_err=0.0deg path_yaw_corr=0.000 path_yaw_applied=false path_profile=0 crouch_yaw_err=0.0deg crouch_yaw_corr=0.000 crouch_yaw_applied=false crouch_fwd_bias=0.000 crouch_fwd_applied=false same_dir_turn=false opp_turn_shape=false uphill_segment=false uphill_seg_floor=false uphill_roll_floor=false min_step_floor=false override=true timeout=false serial=[0,0.000,0.000]
[0m
[INFO] [1783729716.654365366] [cmd_vel_to_serial]: [0;96mserial tx: [0,0.000,0.000]
[0m
[INFO] [1783729718.024641191] [cmd_vel_to_serial]: [1;35mstep_debug mode=0 vx=0.000 wz=0.000 left_m=0.0000 right_m=0.0000 fwd_m=0.0000 step_yaw=0.0000 left_norm=0.000 right_norm=0.000 odom_y=0.017 odom_roll=2.1deg goal_y_err=0.000 odom_corr=0.000 odom_corr_applied=false path_lat_err=0.000 path_corr=0.000 path_corr_applied=false path_yaw_err=0.0deg path_yaw_corr=0.000 path_yaw_applied=false path_profile=0 crouch_yaw_err=0.0deg crouch_yaw_corr=0.000 crouch_yaw_applied=false crouch_fwd_bias=0.000 crouch_fwd_applied=false same_dir_turn=false opp_turn_shape=false uphill_segment=false uphill_seg_floor=false uphill_roll_floor=false min_step_floor=false override=true timeout=false serial=[0,0.000,0.000]
[0m
[INFO] [1783729718.691286120] [cmd_vel_to_serial]: [0;96mserial tx: [0,0.000,0.000]
[0m
[INFO] [1783729720.728251097] [cmd_vel_to_serial]: [0;96mserial tx: [0,0.000,0.000]
[0m
[INFO] [1783729721.061570396] [cmd_vel_to_serial]: [1;35mstep_debug mode=0 vx=0.000 wz=0.000 left_m=0.0000 right_m=0.0000 fwd_m=0.0000 step_yaw=0.0000 left_norm=0.000 right_norm=0.000 odom_y=0.017 odom_roll=2.1deg goal_y_err=0.000 odom_corr=0.000 odom_corr_applied=false path_lat_err=0.000 path_corr=0.000 path_corr_applied=false path_yaw_err=0.0deg path_yaw_corr=0.000 path_yaw_applied=false path_profile=0 crouch_yaw_err=0.0deg crouch_yaw_corr=0.000 crouch_yaw_applied=false crouch_fwd_bias=0.000 crouch_fwd_applied=false same_dir_turn=false opp_turn_shape=false uphill_segment=false uphill_seg_floor=false uphill_roll_floor=false min_step_floor=false override=true timeout=false serial=[0,0.000,0.000]
[0m
[INFO] [1783729722.765313781] [cmd_vel_to_serial]: [0;96mserial tx: [0,0.000,0.000]
[0m
[INFO] [1783729724.098448751] [cmd_vel_to_serial]: [1;35mstep_debug mode=0 vx=0.000 wz=0.000 left_m=0.0000 right_m=0.0000 fwd_m=0.0000 step_yaw=0.0000 left_norm=0.000 right_norm=0.000 odom_y=0.017 odom_roll=2.1deg goal_y_err=0.000 odom_corr=0.000 odom_corr_applied=false path_lat_err=0.000 path_corr=0.000 path_corr_applied=false path_yaw_err=0.0deg path_yaw_corr=0.000 path_yaw_applied=false path_profile=0 crouch_yaw_err=0.0deg crouch_yaw_corr=0.000 crouch_yaw_applied=false crouch_fwd_bias=0.000 crouch_fwd_applied=false same_dir_turn=false opp_turn_shape=false uphill_segment=false uphill_seg_floor=false uphill_roll_floor=false min_step_floor=false override=true timeout=false serial=[0,0.000,0.000]
[0m
[INFO] [1783729724.802165267] [cmd_vel_to_serial]: [0;96mserial tx: [0,0.000,0.000]
[0m
[INFO] [1783729726.839102792] [cmd_vel_to_serial]: [0;96mserial tx: [0,0.000,0.000]
[0m
[INFO] [1783729727.135391482] [cmd_vel_to_serial]: [1;35mstep_debug mode=0 vx=0.000 wz=0.000 left_m=0.0000 right_m=0.0000 fwd_m=0.0000 step_yaw=0.0000 left_norm=0.000 right_norm=0.000 odom_y=0.017 odom_roll=2.1deg goal_y_err=0.000 odom_corr=0.000 odom_corr_applied=false path_lat_err=0.000 path_corr=0.000 path_corr_applied=false path_yaw_err=0.0deg path_yaw_corr=0.000 path_yaw_applied=false path_profile=0 crouch_yaw_err=0.0deg crouch_yaw_corr=0.000 crouch_yaw_applied=false crouch_fwd_bias=0.000 crouch_fwd_applied=false same_dir_turn=false opp_turn_shape=false uphill_segment=false uphill_seg_floor=false uphill_roll_floor=false min_step_floor=false override=true timeout=false serial=[0,0.000,0.000]
[0m
[INFO] [1783729728.839287219] [cmd_vel_to_serial]: [0;96mserial tx: [0,0.000,0.000]
[0m
[INFO] [1783729730.174942097] [cmd_vel_to_serial]: [1;35mstep_debug mode=0 vx=0.000 wz=0.000 left_m=0.0000 right_m=0.0000 fwd_m=0.0000 step_yaw=0.0000 left_norm=0.000 right_norm=0.000 odom_y=0.017 odom_roll=2.1deg goal_y_err=0.000 odom_corr=0.000 odom_corr_applied=false path_lat_err=0.000 path_corr=0.000 path_corr_applied=false path_yaw_err=0.0deg path_yaw_corr=0.000 path_yaw_applied=false path_profile=0 crouch_yaw_err=0.0deg crouch_yaw_corr=0.000 crouch_yaw_applied=false crouch_fwd_bias=0.000 crouch_fwd_applied=false same_dir_turn=false opp_turn_shape=false uphill_segment=false uphill_seg_floor=false uphill_roll_floor=false min_step_floor=false override=true timeout=false serial=[0,0.000,0.000]
[0m
[INFO] [1783729730.875962127] [cmd_vel_to_serial]: [0;96mserial tx: [0,0.000,0.000]
[0m
[INFO] [1783729732.912953503] [cmd_vel_to_serial]: [0;96mserial tx: [0,0.000,0.000]
[0m
[INFO] [1783729733.209560337] [cmd_vel_to_serial]: [1;35mstep_debug mode=0 vx=0.000 wz=0.000 left_m=0.0000 right_m=0.0000 fwd_m=0.0000 step_yaw=0.0000 left_norm=0.000 right_norm=0.000 odom_y=0.017 odom_roll=2.1deg goal_y_err=0.000 odom_corr=0.000 odom_corr_applied=false path_lat_err=0.000 path_corr=0.000 path_corr_applied=false path_yaw_err=0.0deg path_yaw_corr=0.000 path_yaw_applied=false path_profile=0 crouch_yaw_err=0.0deg crouch_yaw_corr=0.000 crouch_yaw_applied=false crouch_fwd_bias=0.000 crouch_fwd_applied=false same_dir_turn=false opp_turn_shape=false uphill_segment=false uphill_seg_floor=false uphill_roll_floor=false min_step_floor=false override=true timeout=false serial=[0,0.000,0.000]
[0m
[INFO] [1783729734.914510474] [cmd_vel_to_serial]: [0;96mserial tx: [0,0.000,0.000]
[0m
[INFO] [1783729736.246937335] [cmd_vel_to_serial]: [1;35mstep_debug mode=0 vx=0.000 wz=0.000 left_m=0.0000 right_m=0.0000 fwd_m=0.0000 step_yaw=0.0000 left_norm=0.000 right_norm=0.000 odom_y=0.017 odom_roll=2.1deg goal_y_err=0.000 odom_corr=0.000 odom_corr_applied=false path_lat_err=0.000 path_corr=0.000 path_corr_applied=false path_yaw_err=0.0deg path_yaw_corr=0.000 path_yaw_applied=false path_profile=0 crouch_yaw_err=0.0deg crouch_yaw_corr=0.000 crouch_yaw_applied=false crouch_fwd_bias=0.000 crouch_fwd_applied=false same_dir_turn=false opp_turn_shape=false uphill_segment=false uphill_seg_floor=false uphill_roll_floor=false min_step_floor=false override=true timeout=false serial=[0,0.000,0.000]
[0m
[INFO] [1783729736.949858435] [cmd_vel_to_serial]: [0;96mserial tx: [0,0.000,0.000]
[0m
[INFO] [1783729738.986837020] [cmd_vel_to_serial]: [0;96mserial tx: [0,0.000,0.000]
[0m
[INFO] [1783729739.283166068] [cmd_vel_to_serial]: [1;35mstep_debug mode=0 vx=0.000 wz=0.000 left_m=0.0000 right_m=0.0000 fwd_m=0.0000 step_yaw=0.0000 left_norm=0.000 right_norm=0.000 odom_y=0.017 odom_roll=2.1deg goal_y_err=0.000 odom_corr=0.000 odom_corr_applied=false path_lat_err=0.000 path_corr=0.000 path_corr_applied=false path_yaw_err=0.0deg path_yaw_corr=0.000 path_yaw_applied=false path_profile=0 crouch_yaw_err=0.0deg crouch_yaw_corr=0.000 crouch_yaw_applied=false crouch_fwd_bias=0.000 crouch_fwd_applied=false same_dir_turn=false opp_turn_shape=false uphill_segment=false uphill_seg_floor=false uphill_roll_floor=false min_step_floor=false override=true timeout=false serial=[0,0.000,0.000]
[0m
[INFO] [1783729741.023796937] [cmd_vel_to_serial]: [0;96mserial tx: [0,0.000,0.000]
[0m
[INFO] [1783729742.283734412] [cmd_vel_to_serial]: [1;35mstep_debug mode=0 vx=0.000 wz=0.000 left_m=0.0000 right_m=0.0000 fwd_m=0.0000 step_yaw=0.0000 left_norm=0.000 right_norm=0.000 odom_y=0.017 odom_roll=2.1deg goal_y_err=0.000 odom_corr=0.000 odom_corr_applied=false path_lat_err=0.000 path_corr=0.000 path_corr_applied=false path_yaw_err=0.0deg path_yaw_corr=0.000 path_yaw_applied=false path_profile=0 crouch_yaw_err=0.0deg crouch_yaw_corr=0.000 crouch_yaw_applied=false crouch_fwd_bias=0.000 crouch_fwd_applied=false same_dir_turn=false opp_turn_shape=false uphill_segment=false uphill_seg_floor=false uphill_roll_floor=false min_step_floor=false override=true timeout=false serial=[0,0.000,0.000]
[0m
[INFO] [1783729743.060799926] [cmd_vel_to_serial]: [0;96mserial tx: [0,0.000,0.000]
[0m
[INFO] [1783729745.097829025] [cmd_vel_to_serial]: [0;96mserial tx: [0,0.000,0.000]
[0m
[INFO] [1783729745.320079294] [cmd_vel_to_serial]: [1;35mstep_debug mode=0 vx=0.000 wz=0.000 left_m=0.0000 right_m=0.0000 fwd_m=0.0000 step_yaw=0.0000 left_norm=0.000 right_norm=0.000 odom_y=0.017 odom_roll=2.1deg goal_y_err=0.000 odom_corr=0.000 odom_corr_applied=false path_lat_err=0.000 path_corr=0.000 path_corr_applied=false path_yaw_err=0.0deg path_yaw_corr=0.000 path_yaw_applied=false path_profile=0 crouch_yaw_err=0.0deg crouch_yaw_corr=0.000 crouch_yaw_applied=false crouch_fwd_bias=0.000 crouch_fwd_applied=false same_dir_turn=false opp_turn_shape=false uphill_segment=false uphill_seg_floor=false uphill_roll_floor=false min_step_floor=false override=true timeout=false serial=[0,0.000,0.000]
[0m
[INFO] [1783729747.134761449] [cmd_vel_to_serial]: [0;96mserial tx: [0,0.000,0.000]
[0m
[INFO] [1783729748.356966772] [cmd_vel_to_serial]: [1;35mstep_debug mode=0 vx=0.000 wz=0.000 left_m=0.0000 right_m=0.0000 fwd_m=0.0000 step_yaw=0.0000 left_norm=0.000 right_norm=0.000 odom_y=0.017 odom_roll=2.1deg goal_y_err=0.000 odom_corr=0.000 odom_corr_applied=false path_lat_err=0.000 path_corr=0.000 path_corr_applied=false path_yaw_err=0.0deg path_yaw_corr=0.000 path_yaw_applied=false path_profile=0 crouch_yaw_err=0.0deg crouch_yaw_corr=0.000 crouch_yaw_applied=false crouch_fwd_bias=0.000 crouch_fwd_applied=false same_dir_turn=false opp_turn_shape=false uphill_segment=false uphill_seg_floor=false uphill_roll_floor=false min_step_floor=false override=true timeout=false serial=[0,0.000,0.000]
[0m
[INFO] [1783729749.171763429] [cmd_vel_to_serial]: [0;96mserial tx: [0,0.000,0.000]
[0m
[INFO] [1783729751.208869859] [cmd_vel_to_serial]: [0;96mserial tx: [0,0.000,0.000]
[0m
[INFO] [1783729751.393922775] [cmd_vel_to_serial]: [1;35mstep_debug mode=0 vx=0.000 wz=0.000 left_m=0.0000 right_m=0.0000 fwd_m=0.0000 step_yaw=0.0000 left_norm=0.000 right_norm=0.000 odom_y=0.017 odom_roll=2.1deg goal_y_err=0.000 odom_corr=0.000 odom_corr_applied=false path_lat_err=0.000 path_corr=0.000 path_corr_applied=false path_yaw_err=0.0deg path_yaw_corr=0.000 path_yaw_applied=false path_profile=0 crouch_yaw_err=0.0deg crouch_yaw_corr=0.000 crouch_yaw_applied=false crouch_fwd_bias=0.000 crouch_fwd_applied=false same_dir_turn=false opp_turn_shape=false uphill_segment=false uphill_seg_floor=false uphill_roll_floor=false min_step_floor=false override=true timeout=false serial=[0,0.000,0.000]
[0m
[INFO] [1783729753.245758621] [cmd_vel_to_serial]: [0;96mserial tx: [0,0.000,0.000]
[0m
[INFO] [1783729754.394304637] [cmd_vel_to_serial]: [1;35mstep_debug mode=0 vx=0.000 wz=0.000 left_m=0.0000 right_m=0.0000 fwd_m=0.0000 step_yaw=0.0000 left_norm=0.000 right_norm=0.000 odom_y=0.017 odom_roll=2.1deg goal_y_err=0.000 odom_corr=0.000 odom_corr_applied=false path_lat_err=0.000 path_corr=0.000 path_corr_applied=false path_yaw_err=0.0deg path_yaw_corr=0.000 path_yaw_applied=false path_profile=0 crouch_yaw_err=0.0deg crouch_yaw_corr=0.000 crouch_yaw_applied=false crouch_fwd_bias=0.000 crouch_fwd_applied=false same_dir_turn=false opp_turn_shape=false uphill_segment=false uphill_seg_floor=false uphill_roll_floor=false min_step_floor=false override=true timeout=false serial=[0,0.000,0.000]
[0m
[INFO] [1783729755.282830487] [cmd_vel_to_serial]: [0;96mserial tx: [0,0.000,0.000]
[0m
[INFO] [1783729757.319817033] [cmd_vel_to_serial]: [0;96mserial tx: [0,0.000,0.000]
[0m
[INFO] [1783729757.430856526] [cmd_vel_to_serial]: [1;35mstep_debug mode=0 vx=0.000 wz=0.000 left_m=0.0000 right_m=0.0000 fwd_m=0.0000 step_yaw=0.0000 left_norm=0.000 right_norm=0.000 odom_y=0.017 odom_roll=2.1deg goal_y_err=0.000 odom_corr=0.000 odom_corr_applied=false path_lat_err=0.000 path_corr=0.000 path_corr_applied=false path_yaw_err=0.0deg path_yaw_corr=0.000 path_yaw_applied=false path_profile=0 crouch_yaw_err=0.0deg crouch_yaw_corr=0.000 crouch_yaw_applied=false crouch_fwd_bias=0.000 crouch_fwd_applied=false same_dir_turn=false opp_turn_shape=false uphill_segment=false uphill_seg_floor=false uphill_roll_floor=false min_step_floor=false override=true timeout=false serial=[0,0.000,0.000]
[0m
[INFO] [1783729759.356765800] [cmd_vel_to_serial]: [0;96mserial tx: [0,0.000,0.000]
[0m
[INFO] [1783729760.467869437] [cmd_vel_to_serial]: [1;35mstep_debug mode=0 vx=0.000 wz=0.000 left_m=0.0000 right_m=0.0000 fwd_m=0.0000 step_yaw=0.0000 left_norm=0.000 right_norm=0.000 odom_y=0.017 odom_roll=2.1deg goal_y_err=0.000 odom_corr=0.000 odom_corr_applied=false path_lat_err=0.000 path_corr=0.000 path_corr_applied=false path_yaw_err=0.0deg path_yaw_corr=0.000 path_yaw_applied=false path_profile=0 crouch_yaw_err=0.0deg crouch_yaw_corr=0.000 crouch_yaw_applied=false crouch_fwd_bias=0.000 crouch_fwd_applied=false same_dir_turn=false opp_turn_shape=false uphill_segment=false uphill_seg_floor=false uphill_roll_floor=false min_step_floor=false override=true timeout=false serial=[0,0.000,0.000]
[0m
[INFO] [1783729761.394036256] [cmd_vel_to_serial]: [0;96mserial tx: [0,0.000,0.000]
[0m
[INFO] [1783729763.394462765] [cmd_vel_to_serial]: [0;96mserial tx: [0,0.000,0.000]
[0m
[INFO] [1783729763.468915313] [cmd_vel_to_serial]: [1;35mstep_debug mode=0 vx=0.000 wz=0.000 left_m=0.0000 right_m=0.0000 fwd_m=0.0000 step_yaw=0.0000 left_norm=0.000 right_norm=0.000 odom_y=0.017 odom_roll=2.1deg goal_y_err=0.000 odom_corr=0.000 odom_corr_applied=false path_lat_err=0.000 path_corr=0.000 path_corr_applied=false path_yaw_err=0.0deg path_yaw_corr=0.000 path_yaw_applied=false path_profile=0 crouch_yaw_err=0.0deg crouch_yaw_corr=0.000 crouch_yaw_applied=false crouch_fwd_bias=0.000 crouch_fwd_applied=false same_dir_turn=false opp_turn_shape=false uphill_segment=false uphill_seg_floor=false uphill_roll_floor=false min_step_floor=false override=true timeout=false serial=[0,0.000,0.000]
[0m
[INFO] [1783729765.430782717] [cmd_vel_to_serial]: [0;96mserial tx: [0,0.000,0.000]
[0m
[INFO] [1783729766.504890205] [cmd_vel_to_serial]: [1;35mstep_debug mode=0 vx=0.000 wz=0.000 left_m=0.0000 right_m=0.0000 fwd_m=0.0000 step_yaw=0.0000 left_norm=0.000 right_norm=0.000 odom_y=0.017 odom_roll=2.1deg goal_y_err=0.000 odom_corr=0.000 odom_corr_applied=false path_lat_err=0.000 path_corr=0.000 path_corr_applied=false path_yaw_err=0.0deg path_yaw_corr=0.000 path_yaw_applied=false path_profile=0 crouch_yaw_err=0.0deg crouch_yaw_corr=0.000 crouch_yaw_applied=false crouch_fwd_bias=0.000 crouch_fwd_applied=false same_dir_turn=false opp_turn_shape=false uphill_segment=false uphill_seg_floor=false uphill_roll_floor=false min_step_floor=false override=true timeout=false serial=[0,0.000,0.000]
[0m
[INFO] [1783729767.467780059] [cmd_vel_to_serial]: [0;96mserial tx: [0,0.000,0.000]
[0m
[INFO] [1783729769.467809578] [cmd_vel_to_serial]: [0;96mserial tx: [0,0.000,0.000]
[0m
[INFO] [1783729769.505129848] [cmd_vel_to_serial]: [1;35mstep_debug mode=0 vx=0.000 wz=0.000 left_m=0.0000 right_m=0.0000 fwd_m=0.0000 step_yaw=0.0000 left_norm=0.000 right_norm=0.000 odom_y=0.017 odom_roll=2.1deg goal_y_err=0.000 odom_corr=0.000 odom_corr_applied=false path_lat_err=0.000 path_corr=0.000 path_corr_applied=false path_yaw_err=0.0deg path_yaw_corr=0.000 path_yaw_applied=false path_profile=0 crouch_yaw_err=0.0deg crouch_yaw_corr=0.000 crouch_yaw_applied=false crouch_fwd_bias=0.000 crouch_fwd_applied=false same_dir_turn=false opp_turn_shape=false uphill_segment=false uphill_seg_floor=false uphill_roll_floor=false min_step_floor=false override=true timeout=false serial=[0,0.000,0.000]
[0m
[INFO] [1783729771.467942495] [cmd_vel_to_serial]: [0;96mserial tx: [0,0.000,0.000]
[0m
[INFO] [1783729772.541800126] [cmd_vel_to_serial]: [1;35mstep_debug mode=0 vx=0.000 wz=0.000 left_m=0.0000 right_m=0.0000 fwd_m=0.0000 step_yaw=0.0000 left_norm=0.000 right_norm=0.000 odom_y=0.017 odom_roll=2.1deg goal_y_err=0.000 odom_corr=0.000 odom_corr_applied=false path_lat_err=0.000 path_corr=0.000 path_corr_applied=false path_yaw_err=0.0deg path_yaw_corr=0.000 path_yaw_applied=false path_profile=0 crouch_yaw_err=0.0deg crouch_yaw_corr=0.000 crouch_yaw_applied=false crouch_fwd_bias=0.000 crouch_fwd_applied=false same_dir_turn=false opp_turn_shape=false uphill_segment=false uphill_seg_floor=false uphill_roll_floor=false min_step_floor=false override=true timeout=false serial=[0,0.000,0.000]
[0m
[INFO] [1783729773.504769192] [cmd_vel_to_serial]: [0;96mserial tx: [0,0.000,0.000]
[0m
[INFO] [1783729775.504820455] [cmd_vel_to_serial]: [0;96mserial tx: [0,0.000,0.000]
[0m
[INFO] [1783729775.542054069] [cmd_vel_to_serial]: [1;35mstep_debug mode=0 vx=0.000 wz=0.000 left_m=0.0000 right_m=0.0000 fwd_m=0.0000 step_yaw=0.0000 left_norm=0.000 right_norm=0.000 odom_y=0.017 odom_roll=2.1deg goal_y_err=0.000 odom_corr=0.000 odom_corr_applied=false path_lat_err=0.000 path_corr=0.000 path_corr_applied=false path_yaw_err=0.0deg path_yaw_corr=0.000 path_yaw_applied=false path_profile=0 crouch_yaw_err=0.0deg crouch_yaw_corr=0.000 crouch_yaw_applied=false crouch_fwd_bias=0.000 crouch_fwd_applied=false same_dir_turn=false opp_turn_shape=false uphill_segment=false uphill_seg_floor=false uphill_roll_floor=false min_step_floor=false override=true timeout=false serial=[0,0.000,0.000]
[0m
[INFO] [1783729777.541835206] [cmd_vel_to_serial]: [0;96mserial tx: [0,0.000,0.000]
[0m
[INFO] [1783729778.578810435] [cmd_vel_to_serial]: [1;35mstep_debug mode=0 vx=0.000 wz=0.000 left_m=0.0000 right_m=0.0000 fwd_m=0.0000 step_yaw=0.0000 left_norm=0.000 right_norm=0.000 odom_y=0.017 odom_roll=2.1deg goal_y_err=0.000 odom_corr=0.000 odom_corr_applied=false path_lat_err=0.000 path_corr=0.000 path_corr_applied=false path_yaw_err=0.0deg path_yaw_corr=0.000 path_yaw_applied=false path_profile=0 crouch_yaw_err=0.0deg crouch_yaw_corr=0.000 crouch_yaw_applied=false crouch_fwd_bias=0.000 crouch_fwd_applied=false same_dir_turn=false opp_turn_shape=false uphill_segment=false uphill_seg_floor=false uphill_roll_floor=false min_step_floor=false override=true timeout=false serial=[0,0.000,0.000]
[0m
[INFO] [1783729779.542056300] [cmd_vel_to_serial]: [0;96mserial tx: [0,0.000,0.000]
[0m
[INFO] [1783729781.542925163] [cmd_vel_to_serial]: [0;96mserial tx: [0,0.000,0.000]
[0m
[INFO] [1783729781.578839946] [cmd_vel_to_serial]: [1;35mstep_debug mode=0 vx=0.000 wz=0.000 left_m=0.0000 right_m=0.0000 fwd_m=0.0000 step_yaw=0.0000 left_norm=0.000 right_norm=0.000 odom_y=0.017 odom_roll=2.1deg goal_y_err=0.000 odom_corr=0.000 odom_corr_applied=false path_lat_err=0.000 path_corr=0.000 path_corr_applied=false path_yaw_err=0.0deg path_yaw_corr=0.000 path_yaw_applied=false path_profile=0 crouch_yaw_err=0.0deg crouch_yaw_corr=0.000 crouch_yaw_applied=false crouch_fwd_bias=0.000 crouch_fwd_applied=false same_dir_turn=false opp_turn_shape=false uphill_segment=false uphill_seg_floor=false uphill_roll_floor=false min_step_floor=false override=true timeout=false serial=[0,0.000,0.000]
[0m
[INFO] [1783729783.578811327] [cmd_vel_to_serial]: [0;96mserial tx: [0,0.000,0.000]
[0m
[INFO] [1783729784.579284579] [cmd_vel_to_serial]: [1;35mstep_debug mode=0 vx=0.000 wz=0.000 left_m=0.0000 right_m=0.0000 fwd_m=0.0000 step_yaw=0.0000 left_norm=0.000 right_norm=0.000 odom_y=0.017 odom_roll=2.1deg goal_y_err=0.000 odom_corr=0.000 odom_corr_applied=false path_lat_err=0.000 path_corr=0.000 path_corr_applied=false path_yaw_err=0.0deg path_yaw_corr=0.000 path_yaw_applied=false path_profile=0 crouch_yaw_err=0.0deg crouch_yaw_corr=0.000 crouch_yaw_applied=false crouch_fwd_bias=0.000 crouch_fwd_applied=false same_dir_turn=false opp_turn_shape=false uphill_segment=false uphill_seg_floor=false uphill_roll_floor=false min_step_floor=false override=true timeout=false serial=[0,0.000,0.000]
[0m
[INFO] [1783729785.616582771] [cmd_vel_to_serial]: [0;96mserial tx: [0,0.000,0.000]
[0m
[INFO] [1783729787.616142807] [cmd_vel_to_serial]: [1;35mstep_debug mode=0 vx=0.000 wz=0.000 left_m=0.0000 right_m=0.0000 fwd_m=0.0000 step_yaw=0.0000 left_norm=0.000 right_norm=0.000 odom_y=0.017 odom_roll=2.1deg goal_y_err=0.000 odom_corr=0.000 odom_corr_applied=false path_lat_err=0.000 path_corr=0.000 path_corr_applied=false path_yaw_err=0.0deg path_yaw_corr=0.000 path_yaw_applied=false path_profile=0 crouch_yaw_err=0.0deg crouch_yaw_corr=0.000 crouch_yaw_applied=false crouch_fwd_bias=0.000 crouch_fwd_applied=false same_dir_turn=false opp_turn_shape=false uphill_segment=false uphill_seg_floor=false uphill_roll_floor=false min_step_floor=false override=true timeout=false serial=[0,0.000,0.000]
[0m
[INFO] [1783729787.653824459] [cmd_vel_to_serial]: [0;96mserial tx: [0,0.000,0.000]
[0m
[INFO] [1783729789.689903467] [cmd_vel_to_serial]: [0;96mserial tx: [0,0.000,0.000]
[0m
[INFO] [1783729790.652964530] [cmd_vel_to_serial]: [1;35mstep_debug mode=0 vx=0.000 wz=0.000 left_m=0.0000 right_m=0.0000 fwd_m=0.0000 step_yaw=0.0000 left_norm=0.000 right_norm=0.000 odom_y=0.017 odom_roll=2.1deg goal_y_err=0.000 odom_corr=0.000 odom_corr_applied=false path_lat_err=0.000 path_corr=0.000 path_corr_applied=false path_yaw_err=0.0deg path_yaw_corr=0.000 path_yaw_applied=false path_profile=0 crouch_yaw_err=0.0deg crouch_yaw_corr=0.000 crouch_yaw_applied=false crouch_fwd_bias=0.000 crouch_fwd_applied=false same_dir_turn=false opp_turn_shape=false uphill_segment=false uphill_seg_floor=false uphill_roll_floor=false min_step_floor=false override=true timeout=false serial=[0,0.000,0.000]
[0m
[INFO] [1783729791.726991365] [cmd_vel_to_serial]: [0;96mserial tx: [0,0.000,0.000]
[0m
[INFO] [1783729793.691182482] [cmd_vel_to_serial]: [1;35mstep_debug mode=0 vx=0.000 wz=0.000 left_m=0.0000 right_m=0.0000 fwd_m=0.0000 step_yaw=0.0000 left_norm=0.000 right_norm=0.000 odom_y=0.017 odom_roll=2.1deg goal_y_err=0.000 odom_corr=0.000 odom_corr_applied=false path_lat_err=0.000 path_corr=0.000 path_corr_applied=false path_yaw_err=0.0deg path_yaw_corr=0.000 path_yaw_applied=false path_profile=0 crouch_yaw_err=0.0deg crouch_yaw_corr=0.000 crouch_yaw_applied=false crouch_fwd_bias=0.000 crouch_fwd_applied=false same_dir_turn=false opp_turn_shape=false uphill_segment=false uphill_seg_floor=false uphill_roll_floor=false min_step_floor=false override=true timeout=false serial=[0,0.000,0.000]
[0m
[INFO] [1783729793.764001888] [cmd_vel_to_serial]: [0;96mserial tx: [0,0.000,0.000]
[0m
[INFO] [1783729795.764401302] [cmd_vel_to_serial]: [0;96mserial tx: [0,0.000,0.000]
[0m
[INFO] [1783729796.726952014] [cmd_vel_to_serial]: [1;35mstep_debug mode=0 vx=0.000 wz=0.000 left_m=0.0000 right_m=0.0000 fwd_m=0.0000 step_yaw=0.0000 left_norm=0.000 right_norm=0.000 odom_y=0.017 odom_roll=2.1deg goal_y_err=0.000 odom_corr=0.000 odom_corr_applied=false path_lat_err=0.000 path_corr=0.000 path_corr_applied=false path_yaw_err=0.0deg path_yaw_corr=0.000 path_yaw_applied=false path_profile=0 crouch_yaw_err=0.0deg crouch_yaw_corr=0.000 crouch_yaw_applied=false crouch_fwd_bias=0.000 crouch_fwd_applied=false same_dir_turn=false opp_turn_shape=false uphill_segment=false uphill_seg_floor=false uphill_roll_floor=false min_step_floor=false override=true timeout=false serial=[0,0.000,0.000]
[0m
[INFO] [1783729797.801039739] [cmd_vel_to_serial]: [0;96mserial tx: [0,0.000,0.000]
[0m
[INFO] [1783729799.727159110] [cmd_vel_to_serial]: [1;35mstep_debug mode=0 vx=0.000 wz=0.000 left_m=0.0000 right_m=0.0000 fwd_m=0.0000 step_yaw=0.0000 left_norm=0.000 right_norm=0.000 odom_y=0.017 odom_roll=2.1deg goal_y_err=0.000 odom_corr=0.000 odom_corr_applied=false path_lat_err=0.000 path_corr=0.000 path_corr_applied=false path_yaw_err=0.0deg path_yaw_corr=0.000 path_yaw_applied=false path_profile=0 crouch_yaw_err=0.0deg crouch_yaw_corr=0.000 crouch_yaw_applied=false crouch_fwd_bias=0.000 crouch_fwd_applied=false same_dir_turn=false opp_turn_shape=false uphill_segment=false uphill_seg_floor=false uphill_roll_floor=false min_step_floor=false override=true timeout=false serial=[0,0.000,0.000]
[0m
[INFO] [1783729799.801085214] [cmd_vel_to_serial]: [0;96mserial tx: [0,0.000,0.000]
[0m
[INFO] [1783729801.838072314] [cmd_vel_to_serial]: [0;96mserial tx: [0,0.000,0.000]
[0m
[INFO] [1783729802.764797855] [cmd_vel_to_serial]: [1;35mstep_debug mode=0 vx=0.000 wz=0.000 left_m=0.0000 right_m=0.0000 fwd_m=0.0000 step_yaw=0.0000 left_norm=0.000 right_norm=0.000 odom_y=0.017 odom_roll=2.1deg goal_y_err=0.000 odom_corr=0.000 odom_corr_applied=false path_lat_err=0.000 path_corr=0.000 path_corr_applied=false path_yaw_err=0.0deg path_yaw_corr=0.000 path_yaw_applied=false path_profile=0 crouch_yaw_err=0.0deg crouch_yaw_corr=0.000 crouch_yaw_applied=false crouch_fwd_bias=0.000 crouch_fwd_applied=false same_dir_turn=false opp_turn_shape=false uphill_segment=false uphill_seg_floor=false uphill_roll_floor=false min_step_floor=false override=true timeout=false serial=[0,0.000,0.000]
[0m
[INFO] [1783729803.838437208] [cmd_vel_to_serial]: [0;96mserial tx: [0,0.000,0.000]
[0m
[INFO] [1783729805.801080072] [cmd_vel_to_serial]: [1;35mstep_debug mode=0 vx=0.000 wz=0.000 left_m=0.0000 right_m=0.0000 fwd_m=0.0000 step_yaw=0.0000 left_norm=0.000 right_norm=0.000 odom_y=0.017 odom_roll=2.1deg goal_y_err=0.000 odom_corr=0.000 odom_corr_applied=false path_lat_err=0.000 path_corr=0.000 path_corr_applied=false path_yaw_err=0.0deg path_yaw_corr=0.000 path_yaw_applied=false path_profile=0 crouch_yaw_err=0.0deg crouch_yaw_corr=0.000 crouch_yaw_applied=false crouch_fwd_bias=0.000 crouch_fwd_applied=false same_dir_turn=false opp_turn_shape=false uphill_segment=false uphill_seg_floor=false uphill_roll_floor=false min_step_floor=false override=true timeout=false serial=[0,0.000,0.000]
[0m
[INFO] [1783729805.838941984] [cmd_vel_to_serial]: [0;96mserial tx: [0,0.000,0.000]
[0m
[INFO] [1783729807.875148134] [cmd_vel_to_serial]: [0;96mserial tx: [0,0.000,0.000]
[0m
[INFO] [1783729808.801352933] [cmd_vel_to_serial]: [1;35mstep_debug mode=0 vx=0.000 wz=0.000 left_m=0.0000 right_m=0.0000 fwd_m=0.0000 step_yaw=0.0000 left_norm=0.000 right_norm=0.000 odom_y=0.017 odom_roll=2.1deg goal_y_err=0.000 odom_corr=0.000 odom_corr_applied=false path_lat_err=0.000 path_corr=0.000 path_corr_applied=false path_yaw_err=0.0deg path_yaw_corr=0.000 path_yaw_applied=false path_profile=0 crouch_yaw_err=0.0deg crouch_yaw_corr=0.000 crouch_yaw_applied=false crouch_fwd_bias=0.000 crouch_fwd_applied=false same_dir_turn=false opp_turn_shape=false uphill_segment=false uphill_seg_floor=false uphill_roll_floor=false min_step_floor=false override=true timeout=false serial=[0,0.000,0.000]
[0m
[INFO] [1783729809.875190202] [cmd_vel_to_serial]: [0;96mserial tx: [0,0.000,0.000]
[0m
[INFO] [1783729811.838308869] [cmd_vel_to_serial]: [1;35mstep_debug mode=0 vx=0.000 wz=0.000 left_m=0.0000 right_m=0.0000 fwd_m=0.0000 step_yaw=0.0000 left_norm=0.000 right_norm=0.000 odom_y=0.017 odom_roll=2.1deg goal_y_err=0.000 odom_corr=0.000 odom_corr_applied=false path_lat_err=0.000 path_corr=0.000 path_corr_applied=false path_yaw_err=0.0deg path_yaw_corr=0.000 path_yaw_applied=false path_profile=0 crouch_yaw_err=0.0deg crouch_yaw_corr=0.000 crouch_yaw_applied=false crouch_fwd_bias=0.000 crouch_fwd_applied=false same_dir_turn=false opp_turn_shape=false uphill_segment=false uphill_seg_floor=false uphill_roll_floor=false min_step_floor=false override=true timeout=false serial=[0,0.000,0.000]
[0m
[INFO] [1783729811.875209586] [cmd_vel_to_serial]: [0;96mserial tx: [0,0.000,0.000]
[0m
[INFO] [1783729813.875276770] [cmd_vel_to_serial]: [0;96mserial tx: [0,0.000,0.000]
[0m
[INFO] [1783729814.875247280] [cmd_vel_to_serial]: [1;35mstep_debug mode=0 vx=0.000 wz=0.000 left_m=0.0000 right_m=0.0000 fwd_m=0.0000 step_yaw=0.0000 left_norm=0.000 right_norm=0.000 odom_y=0.017 odom_roll=2.1deg goal_y_err=0.000 odom_corr=0.000 odom_corr_applied=false path_lat_err=0.000 path_corr=0.000 path_corr_applied=false path_yaw_err=0.0deg path_yaw_corr=0.000 path_yaw_applied=false path_profile=0 crouch_yaw_err=0.0deg crouch_yaw_corr=0.000 crouch_yaw_applied=false crouch_fwd_bias=0.000 crouch_fwd_applied=false same_dir_turn=false opp_turn_shape=false uphill_segment=false uphill_seg_floor=false uphill_roll_floor=false min_step_floor=false override=true timeout=false serial=[0,0.000,0.000]
[0m
[INFO] [1783729815.875368391] [cmd_vel_to_serial]: [0;96mserial tx: [0,0.000,0.000]
[0m
[INFO] [1783729817.875306493] [cmd_vel_to_serial]: [1;35mstep_debug mode=0 vx=0.000 wz=0.000 left_m=0.0000 right_m=0.0000 fwd_m=0.0000 step_yaw=0.0000 left_norm=0.000 right_norm=0.000 odom_y=0.017 odom_roll=2.1deg goal_y_err=0.000 odom_corr=0.000 odom_corr_applied=false path_lat_err=0.000 path_corr=0.000 path_corr_applied=false path_yaw_err=0.0deg path_yaw_corr=0.000 path_yaw_applied=false path_profile=0 crouch_yaw_err=0.0deg crouch_yaw_corr=0.000 crouch_yaw_applied=false crouch_fwd_bias=0.000 crouch_fwd_applied=false same_dir_turn=false opp_turn_shape=false uphill_segment=false uphill_seg_floor=false uphill_roll_floor=false min_step_floor=false override=true timeout=false serial=[0,0.000,0.000]
[0m
[INFO] [1783729817.912454763] [cmd_vel_to_serial]: [0;96mserial tx: [0,0.000,0.000]
[0m
[INFO] [1783729819.913007616] [cmd_vel_to_serial]: [0;96mserial tx: [0,0.000,0.000]
[0m
[INFO] [1783729820.875373046] [cmd_vel_to_serial]: [1;35mstep_debug mode=0 vx=0.000 wz=0.000 left_m=0.0000 right_m=0.0000 fwd_m=0.0000 step_yaw=0.0000 left_norm=0.000 right_norm=0.000 odom_y=0.017 odom_roll=2.1deg goal_y_err=0.000 odom_corr=0.000 odom_corr_applied=false path_lat_err=0.000 path_corr=0.000 path_corr_applied=false path_yaw_err=0.0deg path_yaw_corr=0.000 path_yaw_applied=false path_profile=0 crouch_yaw_err=0.0deg crouch_yaw_corr=0.000 crouch_yaw_applied=false crouch_fwd_bias=0.000 crouch_fwd_applied=false same_dir_turn=false opp_turn_shape=false uphill_segment=false uphill_seg_floor=false uphill_roll_floor=false min_step_floor=false override=true timeout=false serial=[0,0.000,0.000]
[0m
[INFO] [1783729821.949326563] [cmd_vel_to_serial]: [0;96mserial tx: [0,0.000,0.000]
[0m
[INFO] [1783729823.912325843] [cmd_vel_to_serial]: [1;35mstep_debug mode=0 vx=0.000 wz=0.000 left_m=0.0000 right_m=0.0000 fwd_m=0.0000 step_yaw=0.0000 left_norm=0.000 right_norm=0.000 odom_y=0.017 odom_roll=2.1deg goal_y_err=0.000 odom_corr=0.000 odom_corr_applied=false path_lat_err=0.000 path_corr=0.000 path_corr_applied=false path_yaw_err=0.0deg path_yaw_corr=0.000 path_yaw_applied=false path_profile=0 crouch_yaw_err=0.0deg crouch_yaw_corr=0.000 crouch_yaw_applied=false crouch_fwd_bias=0.000 crouch_fwd_applied=false same_dir_turn=false opp_turn_shape=false uphill_segment=false uphill_seg_floor=false uphill_roll_floor=false min_step_floor=false override=true timeout=false serial=[0,0.000,0.000]
[0m
[INFO] [1783729823.949349184] [cmd_vel_to_serial]: [0;96mserial tx: [0,0.000,0.000]
[0m
[INFO] [1783729825.949376297] [cmd_vel_to_serial]: [0;96mserial tx: [0,0.000,0.000]
[0m
[INFO] [1783729826.912546045] [cmd_vel_to_serial]: [1;35mstep_debug mode=0 vx=0.000 wz=0.000 left_m=0.0000 right_m=0.0000 fwd_m=0.0000 step_yaw=0.0000 left_norm=0.000 right_norm=0.000 odom_y=0.017 odom_roll=2.1deg goal_y_err=0.000 odom_corr=0.000 odom_corr_applied=false path_lat_err=0.000 path_corr=0.000 path_corr_applied=false path_yaw_err=0.0deg path_yaw_corr=0.000 path_yaw_applied=false path_profile=0 crouch_yaw_err=0.0deg crouch_yaw_corr=0.000 crouch_yaw_applied=false crouch_fwd_bias=0.000 crouch_fwd_applied=false same_dir_turn=false opp_turn_shape=false uphill_segment=false uphill_seg_floor=false uphill_roll_floor=false min_step_floor=false override=true timeout=false serial=[0,0.000,0.000]
[0m
[INFO] [1783729827.949456967] [cmd_vel_to_serial]: [0;96mserial tx: [0,0.000,0.000]
[0m
[INFO] [1783729829.949444903] [cmd_vel_to_serial]: [0;96mserial tx: [0,0.000,0.000]
[0m
[INFO] [1783729829.949500339] [cmd_vel_to_serial]: [1;35mstep_debug mode=0 vx=0.000 wz=0.000 left_m=0.0000 right_m=0.0000 fwd_m=0.0000 step_yaw=0.0000 left_norm=0.000 right_norm=0.000 odom_y=0.017 odom_roll=2.1deg goal_y_err=0.000 odom_corr=0.000 odom_corr_applied=false path_lat_err=0.000 path_corr=0.000 path_corr_applied=false path_yaw_err=0.0deg path_yaw_corr=0.000 path_yaw_applied=false path_profile=0 crouch_yaw_err=0.0deg crouch_yaw_corr=0.000 crouch_yaw_applied=false crouch_fwd_bias=0.000 crouch_fwd_applied=false same_dir_turn=false opp_turn_shape=false uphill_segment=false uphill_seg_floor=false uphill_roll_floor=false min_step_floor=false override=true timeout=false serial=[0,0.000,0.000]
[0m
[INFO] [1783729831.949450170] [cmd_vel_to_serial]: [0;96mserial tx: [0,0.000,0.000]
[0m
[INFO] [1783729832.949515094] [cmd_vel_to_serial]: [1;35mstep_debug mode=0 vx=0.000 wz=0.000 left_m=0.0000 right_m=0.0000 fwd_m=0.0000 step_yaw=0.0000 left_norm=0.000 right_norm=0.000 odom_y=0.017 odom_roll=2.1deg goal_y_err=0.000 odom_corr=0.000 odom_corr_applied=false path_lat_err=0.000 path_corr=0.000 path_corr_applied=false path_yaw_err=0.0deg path_yaw_corr=0.000 path_yaw_applied=false path_profile=0 crouch_yaw_err=0.0deg crouch_yaw_corr=0.000 crouch_yaw_applied=false crouch_fwd_bias=0.000 crouch_fwd_applied=false same_dir_turn=false opp_turn_shape=false uphill_segment=false uphill_seg_floor=false uphill_roll_floor=false min_step_floor=false override=true timeout=false serial=[0,0.000,0.000]
[0m
[INFO] [1783729833.949552854] [cmd_vel_to_serial]: [0;96mserial tx: [0,0.000,0.000]
[0m
[INFO] [1783729835.949510090] [cmd_vel_to_serial]: [1;35mstep_debug mode=0 vx=0.000 wz=0.000 left_m=0.0000 right_m=0.0000 fwd_m=0.0000 step_yaw=0.0000 left_norm=0.000 right_norm=0.000 odom_y=0.017 odom_roll=2.1deg goal_y_err=0.000 odom_corr=0.000 odom_corr_applied=false path_lat_err=0.000 path_corr=0.000 path_corr_applied=false path_yaw_err=0.0deg path_yaw_corr=0.000 path_yaw_applied=false path_profile=0 crouch_yaw_err=0.0deg crouch_yaw_corr=0.000 crouch_yaw_applied=false crouch_fwd_bias=0.000 crouch_fwd_applied=false same_dir_turn=false opp_turn_shape=false uphill_segment=false uphill_seg_floor=false uphill_roll_floor=false min_step_floor=false override=true timeout=false serial=[0,0.000,0.000]
[0m
[INFO] [1783729835.986618700] [cmd_vel_to_serial]: [0;96mserial tx: [0,0.000,0.000]
[0m
[INFO] [1783729838.023586058] [cmd_vel_to_serial]: [0;96mserial tx: [0,0.000,0.000]
[0m
[INFO] [1783729838.949648518] [cmd_vel_to_serial]: [1;35mstep_debug mode=0 vx=0.000 wz=0.000 left_m=0.0000 right_m=0.0000 fwd_m=0.0000 step_yaw=0.0000 left_norm=0.000 right_norm=0.000 odom_y=0.017 odom_roll=2.1deg goal_y_err=0.000 odom_corr=0.000 odom_corr_applied=false path_lat_err=0.000 path_corr=0.000 path_corr_applied=false path_yaw_err=0.0deg path_yaw_corr=0.000 path_yaw_applied=false path_profile=0 crouch_yaw_err=0.0deg crouch_yaw_corr=0.000 crouch_yaw_applied=false crouch_fwd_bias=0.000 crouch_fwd_applied=false same_dir_turn=false opp_turn_shape=false uphill_segment=false uphill_seg_floor=false uphill_roll_floor=false min_step_floor=false override=true timeout=false serial=[0,0.000,0.000]
[0m
[INFO] [1783729840.023634060] [cmd_vel_to_serial]: [0;96mserial tx: [0,0.000,0.000]
[0m
[INFO] [1783729841.986670747] [cmd_vel_to_serial]: [1;35mstep_debug mode=0 vx=0.000 wz=0.000 left_m=0.0000 right_m=0.0000 fwd_m=0.0000 step_yaw=0.0000 left_norm=0.000 right_norm=0.000 odom_y=0.017 odom_roll=2.1deg goal_y_err=0.000 odom_corr=0.000 odom_corr_applied=false path_lat_err=0.000 path_corr=0.000 path_corr_applied=false path_yaw_err=0.0deg path_yaw_corr=0.000 path_yaw_applied=false path_profile=0 crouch_yaw_err=0.0deg crouch_yaw_corr=0.000 crouch_yaw_applied=false crouch_fwd_bias=0.000 crouch_fwd_applied=false same_dir_turn=false opp_turn_shape=false uphill_segment=false uphill_seg_floor=false uphill_roll_floor=false min_step_floor=false override=true timeout=false serial=[0,0.000,0.000]
[0m
[INFO] [1783729842.023689975] [cmd_vel_to_serial]: [0;96mserial tx: [0,0.000,0.000]
[0m
[INFO] [1783729844.023746157] [cmd_vel_to_serial]: [0;96mserial tx: [0,0.000,0.000]
[0m
[INFO] [1783729844.989861783] [cmd_vel_to_serial]: [1;35mstep_debug mode=0 vx=0.000 wz=0.000 left_m=0.0000 right_m=0.0000 fwd_m=0.0000 step_yaw=0.0000 left_norm=0.000 right_norm=0.000 odom_y=0.017 odom_roll=2.1deg goal_y_err=0.000 odom_corr=0.000 odom_corr_applied=false path_lat_err=0.000 path_corr=0.000 path_corr_applied=false path_yaw_err=0.0deg path_yaw_corr=0.000 path_yaw_applied=false path_profile=0 crouch_yaw_err=0.0deg crouch_yaw_corr=0.000 crouch_yaw_applied=false crouch_fwd_bias=0.000 crouch_fwd_applied=false same_dir_turn=false opp_turn_shape=false uphill_segment=false uphill_seg_floor=false uphill_roll_floor=false min_step_floor=false override=true timeout=false serial=[0,0.000,0.000]
[0m
[INFO] [1783729846.023722736] [cmd_vel_to_serial]: [0;96mserial tx: [0,0.000,0.000]
[0m
[INFO] [1783729847.986688219] [cmd_vel_to_serial]: [1;35mstep_debug mode=0 vx=0.000 wz=0.000 left_m=0.0000 right_m=0.0000 fwd_m=0.0000 step_yaw=0.0000 left_norm=0.000 right_norm=0.000 odom_y=0.017 odom_roll=2.1deg goal_y_err=0.000 odom_corr=0.000 odom_corr_applied=false path_lat_err=0.000 path_corr=0.000 path_corr_applied=false path_yaw_err=0.0deg path_yaw_corr=0.000 path_yaw_applied=false path_profile=0 crouch_yaw_err=0.0deg crouch_yaw_corr=0.000 crouch_yaw_applied=false crouch_fwd_bias=0.000 crouch_fwd_applied=false same_dir_turn=false opp_turn_shape=false uphill_segment=false uphill_seg_floor=false uphill_roll_floor=false min_step_floor=false override=true timeout=false serial=[0,0.000,0.000]
[0m
[INFO] [1783729848.023740567] [cmd_vel_to_serial]: [0;96mserial tx: [0,0.000,0.000]
[0m
[INFO] [1783729850.023750131] [cmd_vel_to_serial]: [0;96mserial tx: [0,0.000,0.000]
[0m
[INFO] [1783729850.986744952] [cmd_vel_to_serial]: [1;35mstep_debug mode=0 vx=0.000 wz=0.000 left_m=0.0000 right_m=0.0000 fwd_m=0.0000 step_yaw=0.0000 left_norm=0.000 right_norm=0.000 odom_y=0.017 odom_roll=2.1deg goal_y_err=0.000 odom_corr=0.000 odom_corr_applied=false path_lat_err=0.000 path_corr=0.000 path_corr_applied=false path_yaw_err=0.0deg path_yaw_corr=0.000 path_yaw_applied=false path_profile=0 crouch_yaw_err=0.0deg crouch_yaw_corr=0.000 crouch_yaw_applied=false crouch_fwd_bias=0.000 crouch_fwd_applied=false same_dir_turn=false opp_turn_shape=false uphill_segment=false uphill_seg_floor=false uphill_roll_floor=false min_step_floor=false override=true timeout=false serial=[0,0.000,0.000]
[0m
[INFO] [1783729852.023809764] [cmd_vel_to_serial]: [0;96mserial tx: [0,0.000,0.000]
[0m
[INFO] [1783729853.986810610] [cmd_vel_to_serial]: [1;35mstep_debug mode=0 vx=0.000 wz=0.000 left_m=0.0000 right_m=0.0000 fwd_m=0.0000 step_yaw=0.0000 left_norm=0.000 right_norm=0.000 odom_y=0.017 odom_roll=2.1deg goal_y_err=0.000 odom_corr=0.000 odom_corr_applied=false path_lat_err=0.000 path_corr=0.000 path_corr_applied=false path_yaw_err=0.0deg path_yaw_corr=0.000 path_yaw_applied=false path_profile=0 crouch_yaw_err=0.0deg crouch_yaw_corr=0.000 crouch_yaw_applied=false crouch_fwd_bias=0.000 crouch_fwd_applied=false same_dir_turn=false opp_turn_shape=false uphill_segment=false uphill_seg_floor=false uphill_roll_floor=false min_step_floor=false override=true timeout=false serial=[0,0.000,0.000]
[0m
[INFO] [1783729854.023823033] [cmd_vel_to_serial]: [0;96mserial tx: [0,0.000,0.000]
[0m
[INFO] [1783729856.023853529] [cmd_vel_to_serial]: [0;96mserial tx: [0,0.000,0.000]
[0m
[INFO] [1783729856.986851570] [cmd_vel_to_serial]: [1;35mstep_debug mode=0 vx=0.000 wz=0.000 left_m=0.0000 right_m=0.0000 fwd_m=0.0000 step_yaw=0.0000 left_norm=0.000 right_norm=0.000 odom_y=0.017 odom_roll=2.1deg goal_y_err=0.000 odom_corr=0.000 odom_corr_applied=false path_lat_err=0.000 path_corr=0.000 path_corr_applied=false path_yaw_err=0.0deg path_yaw_corr=0.000 path_yaw_applied=false path_profile=0 crouch_yaw_err=0.0deg crouch_yaw_corr=0.000 crouch_yaw_applied=false crouch_fwd_bias=0.000 crouch_fwd_applied=false same_dir_turn=false opp_turn_shape=false uphill_segment=false uphill_seg_floor=false uphill_roll_floor=false min_step_floor=false override=true timeout=false serial=[0,0.000,0.000]
[0m
[INFO] [1783729858.023881802] [cmd_vel_to_serial]: [0;96mserial tx: [0,0.000,0.000]
[0m
[INFO] [1783729859.986882702] [cmd_vel_to_serial]: [1;35mstep_debug mode=0 vx=0.000 wz=0.000 left_m=0.0000 right_m=0.0000 fwd_m=0.0000 step_yaw=0.0000 left_norm=0.000 right_norm=0.000 odom_y=0.017 odom_roll=2.1deg goal_y_err=0.000 odom_corr=0.000 odom_corr_applied=false path_lat_err=0.000 path_corr=0.000 path_corr_applied=false path_yaw_err=0.0deg path_yaw_corr=0.000 path_yaw_applied=false path_profile=0 crouch_yaw_err=0.0deg crouch_yaw_corr=0.000 crouch_yaw_applied=false crouch_fwd_bias=0.000 crouch_fwd_applied=false same_dir_turn=false opp_turn_shape=false uphill_segment=false uphill_seg_floor=false uphill_roll_floor=false min_step_floor=false override=true timeout=false serial=[0,0.000,0.000]
[0m
[INFO] [1783729860.023913825] [cmd_vel_to_serial]: [0;96mserial tx: [0,0.000,0.000]
[0m
[INFO] [1783729862.023956340] [cmd_vel_to_serial]: [0;96mserial tx: [0,0.000,0.000]
[0m
[INFO] [1783729862.986952135] [cmd_vel_to_serial]: [1;35mstep_debug mode=0 vx=0.000 wz=0.000 left_m=0.0000 right_m=0.0000 fwd_m=0.0000 step_yaw=0.0000 left_norm=0.000 right_norm=0.000 odom_y=0.017 odom_roll=2.1deg goal_y_err=0.000 odom_corr=0.000 odom_corr_applied=false path_lat_err=0.000 path_corr=0.000 path_corr_applied=false path_yaw_err=0.0deg path_yaw_corr=0.000 path_yaw_applied=false path_profile=0 crouch_yaw_err=0.0deg crouch_yaw_corr=0.000 crouch_yaw_applied=false crouch_fwd_bias=0.000 crouch_fwd_applied=false same_dir_turn=false opp_turn_shape=false uphill_segment=false uphill_seg_floor=false uphill_roll_floor=false min_step_floor=false override=true timeout=false serial=[0,0.000,0.000]
[0m
[INFO] [1783729864.023994525] [cmd_vel_to_serial]: [0;96mserial tx: [0,0.000,0.000]
[0m
[INFO] [1783729865.987007775] [cmd_vel_to_serial]: [1;35mstep_debug mode=0 vx=0.000 wz=0.000 left_m=0.0000 right_m=0.0000 fwd_m=0.0000 step_yaw=0.0000 left_norm=0.000 right_norm=0.000 odom_y=0.017 odom_roll=2.1deg goal_y_err=0.000 odom_corr=0.000 odom_corr_applied=false path_lat_err=0.000 path_corr=0.000 path_corr_applied=false path_yaw_err=0.0deg path_yaw_corr=0.000 path_yaw_applied=false path_profile=0 crouch_yaw_err=0.0deg crouch_yaw_corr=0.000 crouch_yaw_applied=false crouch_fwd_bias=0.000 crouch_fwd_applied=false same_dir_turn=false opp_turn_shape=false uphill_segment=false uphill_seg_floor=false uphill_roll_floor=false min_step_floor=false override=true timeout=false serial=[0,0.000,0.000]
[0m
[INFO] [1783729866.024030538] [cmd_vel_to_serial]: [0;96mserial tx: [0,0.000,0.000]
[0m
[INFO] [1783729868.024275147] [cmd_vel_to_serial]: [0;96mserial tx: [0,0.000,0.000]
[0m
[INFO] [1783729868.987501107] [cmd_vel_to_serial]: [1;35mstep_debug mode=0 vx=0.000 wz=0.000 left_m=0.0000 right_m=0.0000 fwd_m=0.0000 step_yaw=0.0000 left_norm=0.000 right_norm=0.000 odom_y=0.017 odom_roll=2.1deg goal_y_err=0.000 odom_corr=0.000 odom_corr_applied=false path_lat_err=0.000 path_corr=0.000 path_corr_applied=false path_yaw_err=0.0deg path_yaw_corr=0.000 path_yaw_applied=false path_profile=0 crouch_yaw_err=0.0deg crouch_yaw_corr=0.000 crouch_yaw_applied=false crouch_fwd_bias=0.000 crouch_fwd_applied=false same_dir_turn=false opp_turn_shape=false uphill_segment=false uphill_seg_floor=false uphill_roll_floor=false min_step_floor=false override=true timeout=false serial=[0,0.000,0.000]
[0m
[INFO] [1783729870.024784051] [cmd_vel_to_serial]: [0;96mserial tx: [0,0.000,0.000]
[0m
[INFO] [1783729871.988182097] [cmd_vel_to_serial]: [1;35mstep_debug mode=0 vx=0.000 wz=0.000 left_m=0.0000 right_m=0.0000 fwd_m=0.0000 step_yaw=0.0000 left_norm=0.000 right_norm=0.000 odom_y=0.017 odom_roll=2.1deg goal_y_err=0.000 odom_corr=0.000 odom_corr_applied=false path_lat_err=0.000 path_corr=0.000 path_corr_applied=false path_yaw_err=0.0deg path_yaw_corr=0.000 path_yaw_applied=false path_profile=0 crouch_yaw_err=0.0deg crouch_yaw_corr=0.000 crouch_yaw_applied=false crouch_fwd_bias=0.000 crouch_fwd_applied=false same_dir_turn=false opp_turn_shape=false uphill_segment=false uphill_seg_floor=false uphill_roll_floor=false min_step_floor=false override=true timeout=false serial=[0,0.000,0.000]
[0m
[INFO] [1783729872.025218169] [cmd_vel_to_serial]: [0;96mserial tx: [0,0.000,0.000]
[0m
[INFO] [1783729874.025727481] [cmd_vel_to_serial]: [0;96mserial tx: [0,0.000,0.000]
[0m
[INFO] [1783729874.988887472] [cmd_vel_to_serial]: [1;35mstep_debug mode=0 vx=0.000 wz=0.000 left_m=0.0000 right_m=0.0000 fwd_m=0.0000 step_yaw=0.0000 left_norm=0.000 right_norm=0.000 odom_y=0.017 odom_roll=2.1deg goal_y_err=0.000 odom_corr=0.000 odom_corr_applied=false path_lat_err=0.000 path_corr=0.000 path_corr_applied=false path_yaw_err=0.0deg path_yaw_corr=0.000 path_yaw_applied=false path_profile=0 crouch_yaw_err=0.0deg crouch_yaw_corr=0.000 crouch_yaw_applied=false crouch_fwd_bias=0.000 crouch_fwd_applied=false same_dir_turn=false opp_turn_shape=false uphill_segment=false uphill_seg_floor=false uphill_roll_floor=false min_step_floor=false override=true timeout=false serial=[0,0.000,0.000]
[0m
[INFO] [1783729876.026160751] [cmd_vel_to_serial]: [0;96mserial tx: [0,0.000,0.000]
[0m
[INFO] [1783729877.989581712] [cmd_vel_to_serial]: [1;35mstep_debug mode=0 vx=0.000 wz=0.000 left_m=0.0000 right_m=0.0000 fwd_m=0.0000 step_yaw=0.0000 left_norm=0.000 right_norm=0.000 odom_y=0.017 odom_roll=2.1deg goal_y_err=0.000 odom_corr=0.000 odom_corr_applied=false path_lat_err=0.000 path_corr=0.000 path_corr_applied=false path_yaw_err=0.0deg path_yaw_corr=0.000 path_yaw_applied=false path_profile=0 crouch_yaw_err=0.0deg crouch_yaw_corr=0.000 crouch_yaw_applied=false crouch_fwd_bias=0.000 crouch_fwd_applied=false same_dir_turn=false opp_turn_shape=false uphill_segment=false uphill_seg_floor=false uphill_roll_floor=false min_step_floor=false override=true timeout=false serial=[0,0.000,0.000]
[0m
[INFO] [1783729878.026592207] [cmd_vel_to_serial]: [0;96mserial tx: [0,0.000,0.000]
[0m
[INFO] [1783729880.027054778] [cmd_vel_to_serial]: [0;96mserial tx: [0,0.000,0.000]
[0m
[INFO] [1783729880.990244568] [cmd_vel_to_serial]: [1;35mstep_debug mode=0 vx=0.000 wz=0.000 left_m=0.0000 right_m=0.0000 fwd_m=0.0000 step_yaw=0.0000 left_norm=0.000 right_norm=0.000 odom_y=0.017 odom_roll=2.1deg goal_y_err=0.000 odom_corr=0.000 odom_corr_applied=false path_lat_err=0.000 path_corr=0.000 path_corr_applied=false path_yaw_err=0.0deg path_yaw_corr=0.000 path_yaw_applied=false path_profile=0 crouch_yaw_err=0.0deg crouch_yaw_corr=0.000 crouch_yaw_applied=false crouch_fwd_bias=0.000 crouch_fwd_applied=false same_dir_turn=false opp_turn_shape=false uphill_segment=false uphill_seg_floor=false uphill_roll_floor=false min_step_floor=false override=true timeout=false serial=[0,0.000,0.000]
[0m
[INFO] [1783729882.027521418] [cmd_vel_to_serial]: [0;96mserial tx: [0,0.000,0.000]
[0m
[INFO] [1783729883.990856191] [cmd_vel_to_serial]: [1;35mstep_debug mode=0 vx=0.000 wz=0.000 left_m=0.0000 right_m=0.0000 fwd_m=0.0000 step_yaw=0.0000 left_norm=0.000 right_norm=0.000 odom_y=0.017 odom_roll=2.1deg goal_y_err=0.000 odom_corr=0.000 odom_corr_applied=false path_lat_err=0.000 path_corr=0.000 path_corr_applied=false path_yaw_err=0.0deg path_yaw_corr=0.000 path_yaw_applied=false path_profile=0 crouch_yaw_err=0.0deg crouch_yaw_corr=0.000 crouch_yaw_applied=false crouch_fwd_bias=0.000 crouch_fwd_applied=false same_dir_turn=false opp_turn_shape=false uphill_segment=false uphill_seg_floor=false uphill_roll_floor=false min_step_floor=false override=true timeout=false serial=[0,0.000,0.000]
[0m
[INFO] [1783729884.027964073] [cmd_vel_to_serial]: [0;96mserial tx: [0,0.000,0.000]
[0m
[INFO] [1783729886.028422280] [cmd_vel_to_serial]: [0;96mserial tx: [0,0.000,0.000]
[0m
[INFO] [1783729886.991562951] [cmd_vel_to_serial]: [1;35mstep_debug mode=0 vx=0.000 wz=0.000 left_m=0.0000 right_m=0.0000 fwd_m=0.0000 step_yaw=0.0000 left_norm=0.000 right_norm=0.000 odom_y=0.017 odom_roll=2.1deg goal_y_err=0.000 odom_corr=0.000 odom_corr_applied=false path_lat_err=0.000 path_corr=0.000 path_corr_applied=false path_yaw_err=0.0deg path_yaw_corr=0.000 path_yaw_applied=false path_profile=0 crouch_yaw_err=0.0deg crouch_yaw_corr=0.000 crouch_yaw_applied=false crouch_fwd_bias=0.000 crouch_fwd_applied=false same_dir_turn=false opp_turn_shape=false uphill_segment=false uphill_seg_floor=false uphill_roll_floor=false min_step_floor=false override=true timeout=false serial=[0,0.000,0.000]
[0m
[INFO] [1783729888.028896485] [cmd_vel_to_serial]: [0;96mserial tx: [0,0.000,0.000]
[0m
[INFO] [1783729889.992199456] [cmd_vel_to_serial]: [1;35mstep_debug mode=0 vx=0.000 wz=0.000 left_m=0.0000 right_m=0.0000 fwd_m=0.0000 step_yaw=0.0000 left_norm=0.000 right_norm=0.000 odom_y=0.017 odom_roll=2.1deg goal_y_err=0.000 odom_corr=0.000 odom_corr_applied=false path_lat_err=0.000 path_corr=0.000 path_corr_applied=false path_yaw_err=0.0deg path_yaw_corr=0.000 path_yaw_applied=false path_profile=0 crouch_yaw_err=0.0deg crouch_yaw_corr=0.000 crouch_yaw_applied=false crouch_fwd_bias=0.000 crouch_fwd_applied=false same_dir_turn=false opp_turn_shape=false uphill_segment=false uphill_seg_floor=false uphill_roll_floor=false min_step_floor=false override=true timeout=false serial=[0,0.000,0.000]
[0m
[INFO] [1783729890.030531352] [cmd_vel_to_serial]: [0;96mserial tx: [0,0.000,0.000]
[0m
[INFO] [1783729892.066641174] [cmd_vel_to_serial]: [0;96mserial tx: [0,0.000,0.000]
[0m
[INFO] [1783729892.992815772] [cmd_vel_to_serial]: [1;35mstep_debug mode=0 vx=0.000 wz=0.000 left_m=0.0000 right_m=0.0000 fwd_m=0.0000 step_yaw=0.0000 left_norm=0.000 right_norm=0.000 odom_y=0.017 odom_roll=2.1deg goal_y_err=0.000 odom_corr=0.000 odom_corr_applied=false path_lat_err=0.000 path_corr=0.000 path_corr_applied=false path_yaw_err=0.0deg path_yaw_corr=0.000 path_yaw_applied=false path_profile=0 crouch_yaw_err=0.0deg crouch_yaw_corr=0.000 crouch_yaw_applied=false crouch_fwd_bias=0.000 crouch_fwd_applied=false same_dir_turn=false opp_turn_shape=false uphill_segment=false uphill_seg_floor=false uphill_roll_floor=false min_step_floor=false override=true timeout=false serial=[0,0.000,0.000]
[0m
[INFO] [1783729894.067108493] [cmd_vel_to_serial]: [0;96mserial tx: [0,0.000,0.000]
[0m
[INFO] [1783729895.993446867] [cmd_vel_to_serial]: [1;35mstep_debug mode=0 vx=0.000 wz=0.000 left_m=0.0000 right_m=0.0000 fwd_m=0.0000 step_yaw=0.0000 left_norm=0.000 right_norm=0.000 odom_y=0.017 odom_roll=2.1deg goal_y_err=0.000 odom_corr=0.000 odom_corr_applied=false path_lat_err=0.000 path_corr=0.000 path_corr_applied=false path_yaw_err=0.0deg path_yaw_corr=0.000 path_yaw_applied=false path_profile=0 crouch_yaw_err=0.0deg crouch_yaw_corr=0.000 crouch_yaw_applied=false crouch_fwd_bias=0.000 crouch_fwd_applied=false same_dir_turn=false opp_turn_shape=false uphill_segment=false uphill_seg_floor=false uphill_roll_floor=false min_step_floor=false override=true timeout=false serial=[0,0.000,0.000]
[0m
[INFO] [1783729896.067530098] [cmd_vel_to_serial]: [0;96mserial tx: [0,0.000,0.000]
[0m
[INFO] [1783729898.069051604] [cmd_vel_to_serial]: [0;96mserial tx: [0,0.000,0.000]
[0m
[INFO] [1783729898.994022232] [cmd_vel_to_serial]: [1;35mstep_debug mode=0 vx=0.000 wz=0.000 left_m=0.0000 right_m=0.0000 fwd_m=0.0000 step_yaw=0.0000 left_norm=0.000 right_norm=0.000 odom_y=0.017 odom_roll=2.1deg goal_y_err=0.000 odom_corr=0.000 odom_corr_applied=false path_lat_err=0.000 path_corr=0.000 path_corr_applied=false path_yaw_err=0.0deg path_yaw_corr=0.000 path_yaw_applied=false path_profile=0 crouch_yaw_err=0.0deg crouch_yaw_corr=0.000 crouch_yaw_applied=false crouch_fwd_bias=0.000 crouch_fwd_applied=false same_dir_turn=false opp_turn_shape=false uphill_segment=false uphill_seg_floor=false uphill_roll_floor=false min_step_floor=false override=true timeout=false serial=[0,0.000,0.000]
[0m
[INFO] [1783729900.105402662] [cmd_vel_to_serial]: [0;96mserial tx: [0,0.000,0.000]
[0m
[INFO] [1783729901.994615387] [cmd_vel_to_serial]: [1;35mstep_debug mode=0 vx=0.000 wz=0.000 left_m=0.0000 right_m=0.0000 fwd_m=0.0000 step_yaw=0.0000 left_norm=0.000 right_norm=0.000 odom_y=0.017 odom_roll=2.1deg goal_y_err=0.000 odom_corr=0.000 odom_corr_applied=false path_lat_err=0.000 path_corr=0.000 path_corr_applied=false path_yaw_err=0.0deg path_yaw_corr=0.000 path_yaw_applied=false path_profile=0 crouch_yaw_err=0.0deg crouch_yaw_corr=0.000 crouch_yaw_applied=false crouch_fwd_bias=0.000 crouch_fwd_applied=false same_dir_turn=false opp_turn_shape=false uphill_segment=false uphill_seg_floor=false uphill_roll_floor=false min_step_floor=false override=true timeout=false serial=[0,0.000,0.000]
[0m
[INFO] [1783729902.106248094] [cmd_vel_to_serial]: [0;96mserial tx: [0,0.000,0.000]
[0m
[INFO] [1783729904.143177602] [cmd_vel_to_serial]: [0;96mserial tx: [0,0.000,0.000]
[0m
[INFO] [1783729904.995194298] [cmd_vel_to_serial]: [1;35mstep_debug mode=0 vx=0.000 wz=0.000 left_m=0.0000 right_m=0.0000 fwd_m=0.0000 step_yaw=0.0000 left_norm=0.000 right_norm=0.000 odom_y=0.017 odom_roll=2.1deg goal_y_err=0.000 odom_corr=0.000 odom_corr_applied=false path_lat_err=0.000 path_corr=0.000 path_corr_applied=false path_yaw_err=0.0deg path_yaw_corr=0.000 path_yaw_applied=false path_profile=0 crouch_yaw_err=0.0deg crouch_yaw_corr=0.000 crouch_yaw_applied=false crouch_fwd_bias=0.000 crouch_fwd_applied=false same_dir_turn=false opp_turn_shape=false uphill_segment=false uphill_seg_floor=false uphill_roll_floor=false min_step_floor=false override=true timeout=false serial=[0,0.000,0.000]
[0m
[INFO] [1783729906.143562260] [cmd_vel_to_serial]: [0;96mserial tx: [0,0.000,0.000]
[0m
[INFO] [1783729907.995790509] [cmd_vel_to_serial]: [1;35mstep_debug mode=0 vx=0.000 wz=0.000 left_m=0.0000 right_m=0.0000 fwd_m=0.0000 step_yaw=0.0000 left_norm=0.000 right_norm=0.000 odom_y=0.017 odom_roll=2.1deg goal_y_err=0.000 odom_corr=0.000 odom_corr_applied=false path_lat_err=0.000 path_corr=0.000 path_corr_applied=false path_yaw_err=0.0deg path_yaw_corr=0.000 path_yaw_applied=false path_profile=0 crouch_yaw_err=0.0deg crouch_yaw_corr=0.000 crouch_yaw_applied=false crouch_fwd_bias=0.000 crouch_fwd_applied=false same_dir_turn=false opp_turn_shape=false uphill_segment=false uphill_seg_floor=false uphill_roll_floor=false min_step_floor=false override=true timeout=false serial=[0,0.000,0.000]
[0m
[INFO] [1783729908.143961830] [cmd_vel_to_serial]: [0;96mserial tx: [0,0.000,0.000]
[0m
[INFO] [1783729910.144336831] [cmd_vel_to_serial]: [0;96mserial tx: [0,0.000,0.000]
[0m
[INFO] [1783729910.996315945] [cmd_vel_to_serial]: [1;35mstep_debug mode=0 vx=0.000 wz=0.000 left_m=0.0000 right_m=0.0000 fwd_m=0.0000 step_yaw=0.0000 left_norm=0.000 right_norm=0.000 odom_y=0.017 odom_roll=2.1deg goal_y_err=0.000 odom_corr=0.000 odom_corr_applied=false path_lat_err=0.000 path_corr=0.000 path_corr_applied=false path_yaw_err=0.0deg path_yaw_corr=0.000 path_yaw_applied=false path_profile=0 crouch_yaw_err=0.0deg crouch_yaw_corr=0.000 crouch_yaw_applied=false crouch_fwd_bias=0.000 crouch_fwd_applied=false same_dir_turn=false opp_turn_shape=false uphill_segment=false uphill_seg_floor=false uphill_roll_floor=false min_step_floor=false override=true timeout=false serial=[0,0.000,0.000]
[0m
[INFO] [1783729912.144714294] [cmd_vel_to_serial]: [0;96mserial tx: [0,0.000,0.000]
[0m
[INFO] [1783729913.996872797] [cmd_vel_to_serial]: [1;35mstep_debug mode=0 vx=0.000 wz=0.000 left_m=0.0000 right_m=0.0000 fwd_m=0.0000 step_yaw=0.0000 left_norm=0.000 right_norm=0.000 odom_y=0.017 odom_roll=2.1deg goal_y_err=0.000 odom_corr=0.000 odom_corr_applied=false path_lat_err=0.000 path_corr=0.000 path_corr_applied=false path_yaw_err=0.0deg path_yaw_corr=0.000 path_yaw_applied=false path_profile=0 crouch_yaw_err=0.0deg crouch_yaw_corr=0.000 crouch_yaw_applied=false crouch_fwd_bias=0.000 crouch_fwd_applied=false same_dir_turn=false opp_turn_shape=false uphill_segment=false uphill_seg_floor=false uphill_roll_floor=false min_step_floor=false override=true timeout=false serial=[0,0.000,0.000]
[0m
[INFO] [1783729914.145067678] [cmd_vel_to_serial]: [0;96mserial tx: [0,0.000,0.000]
[0m
[INFO] [1783729916.145409506] [cmd_vel_to_serial]: [0;96mserial tx: [0,0.000,0.000]
[0m
[INFO] [1783729916.997434606] [cmd_vel_to_serial]: [1;35mstep_debug mode=0 vx=0.000 wz=0.000 left_m=0.0000 right_m=0.0000 fwd_m=0.0000 step_yaw=0.0000 left_norm=0.000 right_norm=0.000 odom_y=0.017 odom_roll=2.1deg goal_y_err=0.000 odom_corr=0.000 odom_corr_applied=false path_lat_err=0.000 path_corr=0.000 path_corr_applied=false path_yaw_err=0.0deg path_yaw_corr=0.000 path_yaw_applied=false path_profile=0 crouch_yaw_err=0.0deg crouch_yaw_corr=0.000 crouch_yaw_applied=false crouch_fwd_bias=0.000 crouch_fwd_applied=false same_dir_turn=false opp_turn_shape=false uphill_segment=false uphill_seg_floor=false uphill_roll_floor=false min_step_floor=false override=true timeout=false serial=[0,0.000,0.000]
[0m
[INFO] [1783729918.145772670] [cmd_vel_to_serial]: [0;96mserial tx: [0,0.000,0.000]
[0m
[INFO] [1783729919.998003180] [cmd_vel_to_serial]: [1;35mstep_debug mode=0 vx=0.000 wz=0.000 left_m=0.0000 right_m=0.0000 fwd_m=0.0000 step_yaw=0.0000 left_norm=0.000 right_norm=0.000 odom_y=0.017 odom_roll=2.1deg goal_y_err=0.000 odom_corr=0.000 odom_corr_applied=false path_lat_err=0.000 path_corr=0.000 path_corr_applied=false path_yaw_err=0.0deg path_yaw_corr=0.000 path_yaw_applied=false path_profile=0 crouch_yaw_err=0.0deg crouch_yaw_corr=0.000 crouch_yaw_applied=false crouch_fwd_bias=0.000 crouch_fwd_applied=false same_dir_turn=false opp_turn_shape=false uphill_segment=false uphill_seg_floor=false uphill_roll_floor=false min_step_floor=false override=true timeout=false serial=[0,0.000,0.000]
[0m
[INFO] [1783729920.146128280] [cmd_vel_to_serial]: [0;96mserial tx: [0,0.000,0.000]
[0m
[INFO] [1783729922.146468025] [cmd_vel_to_serial]: [0;96mserial tx: [0,0.000,0.000]
[0m
[INFO] [1783729922.998710937] [cmd_vel_to_serial]: [1;35mstep_debug mode=0 vx=0.000 wz=0.000 left_m=0.0000 right_m=0.0000 fwd_m=0.0000 step_yaw=0.0000 left_norm=0.000 right_norm=0.000 odom_y=0.017 odom_roll=2.1deg goal_y_err=0.000 odom_corr=0.000 odom_corr_applied=false path_lat_err=0.000 path_corr=0.000 path_corr_applied=false path_yaw_err=0.0deg path_yaw_corr=0.000 path_yaw_applied=false path_profile=0 crouch_yaw_err=0.0deg crouch_yaw_corr=0.000 crouch_yaw_applied=false crouch_fwd_bias=0.000 crouch_fwd_applied=false same_dir_turn=false opp_turn_shape=false uphill_segment=false uphill_seg_floor=false uphill_roll_floor=false min_step_floor=false override=true timeout=false serial=[0,0.000,0.000]
[0m
[INFO] [1783729924.146855475] [cmd_vel_to_serial]: [0;96mserial tx: [0,0.000,0.000]
[0m
[INFO] [1783729925.999010202] [cmd_vel_to_serial]: [1;35mstep_debug mode=0 vx=0.000 wz=0.000 left_m=0.0000 right_m=0.0000 fwd_m=0.0000 step_yaw=0.0000 left_norm=0.000 right_norm=0.000 odom_y=0.017 odom_roll=2.1deg goal_y_err=0.000 odom_corr=0.000 odom_corr_applied=false path_lat_err=0.000 path_corr=0.000 path_corr_applied=false path_yaw_err=0.0deg path_yaw_corr=0.000 path_yaw_applied=false path_profile=0 crouch_yaw_err=0.0deg crouch_yaw_corr=0.000 crouch_yaw_applied=false crouch_fwd_bias=0.000 crouch_fwd_applied=false same_dir_turn=false opp_turn_shape=false uphill_segment=false uphill_seg_floor=false uphill_roll_floor=false min_step_floor=false override=true timeout=false serial=[0,0.000,0.000]
[0m
[INFO] [1783729926.147135049] [cmd_vel_to_serial]: [0;96mserial tx: [0,0.000,0.000]
[0m
[INFO] [1783729928.147498283] [cmd_vel_to_serial]: [0;96mserial tx: [0,0.000,0.000]
[0m
[INFO] [1783729928.999527659] [cmd_vel_to_serial]: [1;35mstep_debug mode=0 vx=0.000 wz=0.000 left_m=0.0000 right_m=0.0000 fwd_m=0.0000 step_yaw=0.0000 left_norm=0.000 right_norm=0.000 odom_y=0.017 odom_roll=2.1deg goal_y_err=0.000 odom_corr=0.000 odom_corr_applied=false path_lat_err=0.000 path_corr=0.000 path_corr_applied=false path_yaw_err=0.0deg path_yaw_corr=0.000 path_yaw_applied=false path_profile=0 crouch_yaw_err=0.0deg crouch_yaw_corr=0.000 crouch_yaw_applied=false crouch_fwd_bias=0.000 crouch_fwd_applied=false same_dir_turn=false opp_turn_shape=false uphill_segment=false uphill_seg_floor=false uphill_roll_floor=false min_step_floor=false override=true timeout=false serial=[0,0.000,0.000]
[0m
[INFO] [1783729930.147864374] [cmd_vel_to_serial]: [0;96mserial tx: [0,0.000,0.000]
[0m
[INFO] [1783729932.000028922] [cmd_vel_to_serial]: [1;35mstep_debug mode=0 vx=0.000 wz=0.000 left_m=0.0000 right_m=0.0000 fwd_m=0.0000 step_yaw=0.0000 left_norm=0.000 right_norm=0.000 odom_y=0.017 odom_roll=2.1deg goal_y_err=0.000 odom_corr=0.000 odom_corr_applied=false path_lat_err=0.000 path_corr=0.000 path_corr_applied=false path_yaw_err=0.0deg path_yaw_corr=0.000 path_yaw_applied=false path_profile=0 crouch_yaw_err=0.0deg crouch_yaw_corr=0.000 crouch_yaw_applied=false crouch_fwd_bias=0.000 crouch_fwd_applied=false same_dir_turn=false opp_turn_shape=false uphill_segment=false uphill_seg_floor=false uphill_roll_floor=false min_step_floor=false override=true timeout=false serial=[0,0.000,0.000]
[0m
[INFO] [1783729932.148154992] [cmd_vel_to_serial]: [0;96mserial tx: [0,0.000,0.000]
[0m
[INFO] [1783729934.148452752] [cmd_vel_to_serial]: [0;96mserial tx: [0,0.000,0.000]
[0m
[INFO] [1783729935.000478858] [cmd_vel_to_serial]: [1;35mstep_debug mode=0 vx=0.000 wz=0.000 left_m=0.0000 right_m=0.0000 fwd_m=0.0000 step_yaw=0.0000 left_norm=0.000 right_norm=0.000 odom_y=0.017 odom_roll=2.1deg goal_y_err=0.000 odom_corr=0.000 odom_corr_applied=false path_lat_err=0.000 path_corr=0.000 path_corr_applied=false path_yaw_err=0.0deg path_yaw_corr=0.000 path_yaw_applied=false path_profile=0 crouch_yaw_err=0.0deg crouch_yaw_corr=0.000 crouch_yaw_applied=false crouch_fwd_bias=0.000 crouch_fwd_applied=false same_dir_turn=false opp_turn_shape=false uphill_segment=false uphill_seg_floor=false uphill_roll_floor=false min_step_floor=false override=true timeout=false serial=[0,0.000,0.000]
[0m
[INFO] [1783729936.148822423] [cmd_vel_to_serial]: [0;96mserial tx: [0,0.000,0.000]
[0m
[INFO] [1783729938.000950584] [cmd_vel_to_serial]: [1;35mstep_debug mode=0 vx=0.000 wz=0.000 left_m=0.0000 right_m=0.0000 fwd_m=0.0000 step_yaw=0.0000 left_norm=0.000 right_norm=0.000 odom_y=0.017 odom_roll=2.1deg goal_y_err=0.000 odom_corr=0.000 odom_corr_applied=false path_lat_err=0.000 path_corr=0.000 path_corr_applied=false path_yaw_err=0.0deg path_yaw_corr=0.000 path_yaw_applied=false path_profile=0 crouch_yaw_err=0.0deg crouch_yaw_corr=0.000 crouch_yaw_applied=false crouch_fwd_bias=0.000 crouch_fwd_applied=false same_dir_turn=false opp_turn_shape=false uphill_segment=false uphill_seg_floor=false uphill_roll_floor=false min_step_floor=false override=true timeout=false serial=[0,0.000,0.000]
[0m
[INFO] [1783729938.149141616] [cmd_vel_to_serial]: [0;96mserial tx: [0,0.000,0.000]
[0m
[INFO] [1783729940.149453013] [cmd_vel_to_serial]: [0;96mserial tx: [0,0.000,0.000]
[0m
[INFO] [1783729941.001440516] [cmd_vel_to_serial]: [1;35mstep_debug mode=0 vx=0.000 wz=0.000 left_m=0.0000 right_m=0.0000 fwd_m=0.0000 step_yaw=0.0000 left_norm=0.000 right_norm=0.000 odom_y=0.017 odom_roll=2.1deg goal_y_err=0.000 odom_corr=0.000 odom_corr_applied=false path_lat_err=0.000 path_corr=0.000 path_corr_applied=false path_yaw_err=0.0deg path_yaw_corr=0.000 path_yaw_applied=false path_profile=0 crouch_yaw_err=0.0deg crouch_yaw_corr=0.000 crouch_yaw_applied=false crouch_fwd_bias=0.000 crouch_fwd_applied=false same_dir_turn=false opp_turn_shape=false uphill_segment=false uphill_seg_floor=false uphill_roll_floor=false min_step_floor=false override=true timeout=false serial=[0,0.000,0.000]
[0m
[INFO] [1783729942.149777598] [cmd_vel_to_serial]: [0;96mserial tx: [0,0.000,0.000]
[0m
[INFO] [1783729944.001928384] [cmd_vel_to_serial]: [1;35mstep_debug mode=0 vx=0.000 wz=0.000 left_m=0.0000 right_m=0.0000 fwd_m=0.0000 step_yaw=0.0000 left_norm=0.000 right_norm=0.000 odom_y=0.017 odom_roll=2.1deg goal_y_err=0.000 odom_corr=0.000 odom_corr_applied=false path_lat_err=0.000 path_corr=0.000 path_corr_applied=false path_yaw_err=0.0deg path_yaw_corr=0.000 path_yaw_applied=false path_profile=0 crouch_yaw_err=0.0deg crouch_yaw_corr=0.000 crouch_yaw_applied=false crouch_fwd_bias=0.000 crouch_fwd_applied=false same_dir_turn=false opp_turn_shape=false uphill_segment=false uphill_seg_floor=false uphill_roll_floor=false min_step_floor=false override=true timeout=false serial=[0,0.000,0.000]
[0m
[INFO] [1783729944.150093848] [cmd_vel_to_serial]: [0;96mserial tx: [0,0.000,0.000]
[0m
[INFO] [1783729946.150404403] [cmd_vel_to_serial]: [0;96mserial tx: [0,0.000,0.000]
[0m
[INFO] [1783729947.002350016] [cmd_vel_to_serial]: [1;35mstep_debug mode=0 vx=0.000 wz=0.000 left_m=0.0000 right_m=0.0000 fwd_m=0.0000 step_yaw=0.0000 left_norm=0.000 right_norm=0.000 odom_y=0.017 odom_roll=2.1deg goal_y_err=0.000 odom_corr=0.000 odom_corr_applied=false path_lat_err=0.000 path_corr=0.000 path_corr_applied=false path_yaw_err=0.0deg path_yaw_corr=0.000 path_yaw_applied=false path_profile=0 crouch_yaw_err=0.0deg crouch_yaw_corr=0.000 crouch_yaw_applied=false crouch_fwd_bias=0.000 crouch_fwd_applied=false same_dir_turn=false opp_turn_shape=false uphill_segment=false uphill_seg_floor=false uphill_roll_floor=false min_step_floor=false override=true timeout=false serial=[0,0.000,0.000]
[0m
[INFO] [1783729948.150731939] [cmd_vel_to_serial]: [0;96mserial tx: [0,0.000,0.000]
[0m
[INFO] [1783729950.002866442] [cmd_vel_to_serial]: [1;35mstep_debug mode=0 vx=0.000 wz=0.000 left_m=0.0000 right_m=0.0000 fwd_m=0.0000 step_yaw=0.0000 left_norm=0.000 right_norm=0.000 odom_y=0.017 odom_roll=2.1deg goal_y_err=0.000 odom_corr=0.000 odom_corr_applied=false path_lat_err=0.000 path_corr=0.000 path_corr_applied=false path_yaw_err=0.0deg path_yaw_corr=0.000 path_yaw_applied=false path_profile=0 crouch_yaw_err=0.0deg crouch_yaw_corr=0.000 crouch_yaw_applied=false crouch_fwd_bias=0.000 crouch_fwd_applied=false same_dir_turn=false opp_turn_shape=false uphill_segment=false uphill_seg_floor=false uphill_roll_floor=false min_step_floor=false override=true timeout=false serial=[0,0.000,0.000]
[0m
[INFO] [1783729950.151030381] [cmd_vel_to_serial]: [0;96mserial tx: [0,0.000,0.000]
[0m
[INFO] [1783729952.151490104] [cmd_vel_to_serial]: [0;96mserial tx: [0,0.000,0.000]
[0m
[INFO] [1783729953.003249418] [cmd_vel_to_serial]: [1;35mstep_debug mode=0 vx=0.000 wz=0.000 left_m=0.0000 right_m=0.0000 fwd_m=0.0000 step_yaw=0.0000 left_norm=0.000 right_norm=0.000 odom_y=0.017 odom_roll=2.1deg goal_y_err=0.000 odom_corr=0.000 odom_corr_applied=false path_lat_err=0.000 path_corr=0.000 path_corr_applied=false path_yaw_err=0.0deg path_yaw_corr=0.000 path_yaw_applied=false path_profile=0 crouch_yaw_err=0.0deg crouch_yaw_corr=0.000 crouch_yaw_applied=false crouch_fwd_bias=0.000 crouch_fwd_applied=false same_dir_turn=false opp_turn_shape=false uphill_segment=false uphill_seg_floor=false uphill_roll_floor=false min_step_floor=false override=true timeout=false serial=[0,0.000,0.000]
[0m
[INFO] [1783729954.151557236] [cmd_vel_to_serial]: [0;96mserial tx: [0,0.000,0.000]
[0m
[INFO] [1783729956.003700966] [cmd_vel_to_serial]: [1;35mstep_debug mode=0 vx=0.000 wz=0.000 left_m=0.0000 right_m=0.0000 fwd_m=0.0000 step_yaw=0.0000 left_norm=0.000 right_norm=0.000 odom_y=0.017 odom_roll=2.1deg goal_y_err=0.000 odom_corr=0.000 odom_corr_applied=false path_lat_err=0.000 path_corr=0.000 path_corr_applied=false path_yaw_err=0.0deg path_yaw_corr=0.000 path_yaw_applied=false path_profile=0 crouch_yaw_err=0.0deg crouch_yaw_corr=0.000 crouch_yaw_applied=false crouch_fwd_bias=0.000 crouch_fwd_applied=false same_dir_turn=false opp_turn_shape=false uphill_segment=false uphill_seg_floor=false uphill_roll_floor=false min_step_floor=false override=true timeout=false serial=[0,0.000,0.000]
[0m
[INFO] [1783729956.151880084] [cmd_vel_to_serial]: [0;96mserial tx: [0,0.000,0.000]
[0m
[INFO] [1783729958.152176775] [cmd_vel_to_serial]: [0;96mserial tx: [0,0.000,0.000]
[0m
[INFO] [1783729959.004122263] [cmd_vel_to_serial]: [1;35mstep_debug mode=0 vx=0.000 wz=0.000 left_m=0.0000 right_m=0.0000 fwd_m=0.0000 step_yaw=0.0000 left_norm=0.000 right_norm=0.000 odom_y=0.017 odom_roll=2.1deg goal_y_err=0.000 odom_corr=0.000 odom_corr_applied=false path_lat_err=0.000 path_corr=0.000 path_corr_applied=false path_yaw_err=0.0deg path_yaw_corr=0.000 path_yaw_applied=false path_profile=0 crouch_yaw_err=0.0deg crouch_yaw_corr=0.000 crouch_yaw_applied=false crouch_fwd_bias=0.000 crouch_fwd_applied=false same_dir_turn=false opp_turn_shape=false uphill_segment=false uphill_seg_floor=false uphill_roll_floor=false min_step_floor=false override=true timeout=false serial=[0,0.000,0.000]
[0m
[INFO] [1783729960.152462334] [cmd_vel_to_serial]: [0;96mserial tx: [0,0.000,0.000]
[0m
[INFO] [1783729962.004549857] [cmd_vel_to_serial]: [1;35mstep_debug mode=0 vx=0.000 wz=0.000 left_m=0.0000 right_m=0.0000 fwd_m=0.0000 step_yaw=0.0000 left_norm=0.000 right_norm=0.000 odom_y=0.017 odom_roll=2.1deg goal_y_err=0.000 odom_corr=0.000 odom_corr_applied=false path_lat_err=0.000 path_corr=0.000 path_corr_applied=false path_yaw_err=0.0deg path_yaw_corr=0.000 path_yaw_applied=false path_profile=0 crouch_yaw_err=0.0deg crouch_yaw_corr=0.000 crouch_yaw_applied=false crouch_fwd_bias=0.000 crouch_fwd_applied=false same_dir_turn=false opp_turn_shape=false uphill_segment=false uphill_seg_floor=false uphill_roll_floor=false min_step_floor=false override=true timeout=false serial=[0,0.000,0.000]
[0m
[INFO] [1783729962.152734557] [cmd_vel_to_serial]: [0;96mserial tx: [0,0.000,0.000]
[0m
[INFO] [1783729964.153017280] [cmd_vel_to_serial]: [0;96mserial tx: [0,0.000,0.000]
[0m
[INFO] [1783729965.004958939] [cmd_vel_to_serial]: [1;35mstep_debug mode=0 vx=0.000 wz=0.000 left_m=0.0000 right_m=0.0000 fwd_m=0.0000 step_yaw=0.0000 left_norm=0.000 right_norm=0.000 odom_y=0.017 odom_roll=2.1deg goal_y_err=0.000 odom_corr=0.000 odom_corr_applied=false path_lat_err=0.000 path_corr=0.000 path_corr_applied=false path_yaw_err=0.0deg path_yaw_corr=0.000 path_yaw_applied=false path_profile=0 crouch_yaw_err=0.0deg crouch_yaw_corr=0.000 crouch_yaw_applied=false crouch_fwd_bias=0.000 crouch_fwd_applied=false same_dir_turn=false opp_turn_shape=false uphill_segment=false uphill_seg_floor=false uphill_roll_floor=false min_step_floor=false override=true timeout=false serial=[0,0.000,0.000]
[0m
[INFO] [1783729966.153274998] [cmd_vel_to_serial]: [0;96mserial tx: [0,0.000,0.000]
[0m
[INFO] [1783729968.005392217] [cmd_vel_to_serial]: [1;35mstep_debug mode=0 vx=0.000 wz=0.000 left_m=0.0000 right_m=0.0000 fwd_m=0.0000 step_yaw=0.0000 left_norm=0.000 right_norm=0.000 odom_y=0.017 odom_roll=2.1deg goal_y_err=0.000 odom_corr=0.000 odom_corr_applied=false path_lat_err=0.000 path_corr=0.000 path_corr_applied=false path_yaw_err=0.0deg path_yaw_corr=0.000 path_yaw_applied=false path_profile=0 crouch_yaw_err=0.0deg crouch_yaw_corr=0.000 crouch_yaw_applied=false crouch_fwd_bias=0.000 crouch_fwd_applied=false same_dir_turn=false opp_turn_shape=false uphill_segment=false uphill_seg_floor=false uphill_roll_floor=false min_step_floor=false override=true timeout=false serial=[0,0.000,0.000]
[0m
[INFO] [1783729968.153552935] [cmd_vel_to_serial]: [0;96mserial tx: [0,0.000,0.000]
[0m
[INFO] [1783729970.153830817] [cmd_vel_to_serial]: [0;96mserial tx: [0,0.000,0.000]
[0m
[INFO] [1783729971.005803176] [cmd_vel_to_serial]: [1;35mstep_debug mode=0 vx=0.000 wz=0.000 left_m=0.0000 right_m=0.0000 fwd_m=0.0000 step_yaw=0.0000 left_norm=0.000 right_norm=0.000 odom_y=0.017 odom_roll=2.1deg goal_y_err=0.000 odom_corr=0.000 odom_corr_applied=false path_lat_err=0.000 path_corr=0.000 path_corr_applied=false path_yaw_err=0.0deg path_yaw_corr=0.000 path_yaw_applied=false path_profile=0 crouch_yaw_err=0.0deg crouch_yaw_corr=0.000 crouch_yaw_applied=false crouch_fwd_bias=0.000 crouch_fwd_applied=false same_dir_turn=false opp_turn_shape=false uphill_segment=false uphill_seg_floor=false uphill_roll_floor=false min_step_floor=false override=true timeout=false serial=[0,0.000,0.000]
[0m
[INFO] [1783729972.154084316] [cmd_vel_to_serial]: [0;96mserial tx: [0,0.000,0.000]
[0m
[INFO] [1783729974.006207558] [cmd_vel_to_serial]: [1;35mstep_debug mode=0 vx=0.000 wz=0.000 left_m=0.0000 right_m=0.0000 fwd_m=0.0000 step_yaw=0.0000 left_norm=0.000 right_norm=0.000 odom_y=0.017 odom_roll=2.1deg goal_y_err=0.000 odom_corr=0.000 odom_corr_applied=false path_lat_err=0.000 path_corr=0.000 path_corr_applied=false path_yaw_err=0.0deg path_yaw_corr=0.000 path_yaw_applied=false path_profile=0 crouch_yaw_err=0.0deg crouch_yaw_corr=0.000 crouch_yaw_applied=false crouch_fwd_bias=0.000 crouch_fwd_applied=false same_dir_turn=false opp_turn_shape=false uphill_segment=false uphill_seg_floor=false uphill_roll_floor=false min_step_floor=false override=true timeout=false serial=[0,0.000,0.000]
[0m
[INFO] [1783729974.154377986] [cmd_vel_to_serial]: [0;96mserial tx: [0,0.000,0.000]
[0m
[INFO] [1783729976.154631609] [cmd_vel_to_serial]: [0;96mserial tx: [0,0.000,0.000]
[0m
[INFO] [1783729977.006598793] [cmd_vel_to_serial]: [1;35mstep_debug mode=0 vx=0.000 wz=0.000 left_m=0.0000 right_m=0.0000 fwd_m=0.0000 step_yaw=0.0000 left_norm=0.000 right_norm=0.000 odom_y=0.017 odom_roll=2.1deg goal_y_err=0.000 odom_corr=0.000 odom_corr_applied=false path_lat_err=0.000 path_corr=0.000 path_corr_applied=false path_yaw_err=0.0deg path_yaw_corr=0.000 path_yaw_applied=false path_profile=0 crouch_yaw_err=0.0deg crouch_yaw_corr=0.000 crouch_yaw_applied=false crouch_fwd_bias=0.000 crouch_fwd_applied=false same_dir_turn=false opp_turn_shape=false uphill_segment=false uphill_seg_floor=false uphill_roll_floor=false min_step_floor=false override=true timeout=false serial=[0,0.000,0.000]
[0m
[INFO] [1783729978.154869810] [cmd_vel_to_serial]: [0;96mserial tx: [0,0.000,0.000]
[0m
[INFO] [1783729980.006985036] [cmd_vel_to_serial]: [1;35mstep_debug mode=0 vx=0.000 wz=0.000 left_m=0.0000 right_m=0.0000 fwd_m=0.0000 step_yaw=0.0000 left_norm=0.000 right_norm=0.000 odom_y=0.017 odom_roll=2.1deg goal_y_err=0.000 odom_corr=0.000 odom_corr_applied=false path_lat_err=0.000 path_corr=0.000 path_corr_applied=false path_yaw_err=0.0deg path_yaw_corr=0.000 path_yaw_applied=false path_profile=0 crouch_yaw_err=0.0deg crouch_yaw_corr=0.000 crouch_yaw_applied=false crouch_fwd_bias=0.000 crouch_fwd_applied=false same_dir_turn=false opp_turn_shape=false uphill_segment=false uphill_seg_floor=false uphill_roll_floor=false min_step_floor=false override=true timeout=false serial=[0,0.000,0.000]
[0m
[INFO] [1783729980.155151740] [cmd_vel_to_serial]: [0;96mserial tx: [0,0.000,0.000]
[0m
[INFO] [1783729982.155392301] [cmd_vel_to_serial]: [0;96mserial tx: [0,0.000,0.000]
[0m
[INFO] [1783729983.007308800] [cmd_vel_to_serial]: [1;35mstep_debug mode=0 vx=0.000 wz=0.000 left_m=0.0000 right_m=0.0000 fwd_m=0.0000 step_yaw=0.0000 left_norm=0.000 right_norm=0.000 odom_y=0.017 odom_roll=2.1deg goal_y_err=0.000 odom_corr=0.000 odom_corr_applied=false path_lat_err=0.000 path_corr=0.000 path_corr_applied=false path_yaw_err=0.0deg path_yaw_corr=0.000 path_yaw_applied=false path_profile=0 crouch_yaw_err=0.0deg crouch_yaw_corr=0.000 crouch_yaw_applied=false crouch_fwd_bias=0.000 crouch_fwd_applied=false same_dir_turn=false opp_turn_shape=false uphill_segment=false uphill_seg_floor=false uphill_roll_floor=false min_step_floor=false override=true timeout=false serial=[0,0.000,0.000]
[0m
[INFO] [1783729984.155641988] [cmd_vel_to_serial]: [0;96mserial tx: [0,0.000,0.000]
[0m
[INFO] [1783729986.007718203] [cmd_vel_to_serial]: [1;35mstep_debug mode=0 vx=0.000 wz=0.000 left_m=0.0000 right_m=0.0000 fwd_m=0.0000 step_yaw=0.0000 left_norm=0.000 right_norm=0.000 odom_y=0.017 odom_roll=2.1deg goal_y_err=0.000 odom_corr=0.000 odom_corr_applied=false path_lat_err=0.000 path_corr=0.000 path_corr_applied=false path_yaw_err=0.0deg path_yaw_corr=0.000 path_yaw_applied=false path_profile=0 crouch_yaw_err=0.0deg crouch_yaw_corr=0.000 crouch_yaw_applied=false crouch_fwd_bias=0.000 crouch_fwd_applied=false same_dir_turn=false opp_turn_shape=false uphill_segment=false uphill_seg_floor=false uphill_roll_floor=false min_step_floor=false override=true timeout=false serial=[0,0.000,0.000]
[0m
[INFO] [1783729986.155847446] [cmd_vel_to_serial]: [0;96mserial tx: [0,0.000,0.000]
[0m
[INFO] [1783729988.156138593] [cmd_vel_to_serial]: [0;96mserial tx: [0,0.000,0.000]
[0m
[INFO] [1783729989.008109247] [cmd_vel_to_serial]: [1;35mstep_debug mode=0 vx=0.000 wz=0.000 left_m=0.0000 right_m=0.0000 fwd_m=0.0000 step_yaw=0.0000 left_norm=0.000 right_norm=0.000 odom_y=0.017 odom_roll=2.1deg goal_y_err=0.000 odom_corr=0.000 odom_corr_applied=false path_lat_err=0.000 path_corr=0.000 path_corr_applied=false path_yaw_err=0.0deg path_yaw_corr=0.000 path_yaw_applied=false path_profile=0 crouch_yaw_err=0.0deg crouch_yaw_corr=0.000 crouch_yaw_applied=false crouch_fwd_bias=0.000 crouch_fwd_applied=false same_dir_turn=false opp_turn_shape=false uphill_segment=false uphill_seg_floor=false uphill_roll_floor=false min_step_floor=false override=true timeout=false serial=[0,0.000,0.000]
[0m
[INFO] [1783729990.156390706] [cmd_vel_to_serial]: [0;96mserial tx: [0,0.000,0.000]
[0m
[INFO] [1783729992.008454570] [cmd_vel_to_serial]: [1;35mstep_debug mode=0 vx=0.000 wz=0.000 left_m=0.0000 right_m=0.0000 fwd_m=0.0000 step_yaw=0.0000 left_norm=0.000 right_norm=0.000 odom_y=0.017 odom_roll=2.1deg goal_y_err=0.000 odom_corr=0.000 odom_corr_applied=false path_lat_err=0.000 path_corr=0.000 path_corr_applied=false path_yaw_err=0.0deg path_yaw_corr=0.000 path_yaw_applied=false path_profile=0 crouch_yaw_err=0.0deg crouch_yaw_corr=0.000 crouch_yaw_applied=false crouch_fwd_bias=0.000 crouch_fwd_applied=false same_dir_turn=false opp_turn_shape=false uphill_segment=false uphill_seg_floor=false uphill_roll_floor=false min_step_floor=false override=true timeout=false serial=[0,0.000,0.000]
[0m
[INFO] [1783729992.156642713] [cmd_vel_to_serial]: [0;96mserial tx: [0,0.000,0.000]
[0m
[INFO] [1783729994.156855734] [cmd_vel_to_serial]: [0;96mserial tx: [0,0.000,0.000]
[0m
[INFO] [1783729995.008847186] [cmd_vel_to_serial]: [1;35mstep_debug mode=0 vx=0.000 wz=0.000 left_m=0.0000 right_m=0.0000 fwd_m=0.0000 step_yaw=0.0000 left_norm=0.000 right_norm=0.000 odom_y=0.017 odom_roll=2.1deg goal_y_err=0.000 odom_corr=0.000 odom_corr_applied=false path_lat_err=0.000 path_corr=0.000 path_corr_applied=false path_yaw_err=0.0deg path_yaw_corr=0.000 path_yaw_applied=false path_profile=0 crouch_yaw_err=0.0deg crouch_yaw_corr=0.000 crouch_yaw_applied=false crouch_fwd_bias=0.000 crouch_fwd_applied=false same_dir_turn=false opp_turn_shape=false uphill_segment=false uphill_seg_floor=false uphill_roll_floor=false min_step_floor=false override=true timeout=false serial=[0,0.000,0.000]
[0m
[INFO] [1783729996.157110716] [cmd_vel_to_serial]: [0;96mserial tx: [0,0.000,0.000]
[0m
[INFO] [1783729998.009155293] [cmd_vel_to_serial]: [1;35mstep_debug mode=0 vx=0.000 wz=0.000 left_m=0.0000 right_m=0.0000 fwd_m=0.0000 step_yaw=0.0000 left_norm=0.000 right_norm=0.000 odom_y=0.017 odom_roll=2.1deg goal_y_err=0.000 odom_corr=0.000 odom_corr_applied=false path_lat_err=0.000 path_corr=0.000 path_corr_applied=false path_yaw_err=0.0deg path_yaw_corr=0.000 path_yaw_applied=false path_profile=0 crouch_yaw_err=0.0deg crouch_yaw_corr=0.000 crouch_yaw_applied=false crouch_fwd_bias=0.000 crouch_fwd_applied=false same_dir_turn=false opp_turn_shape=false uphill_segment=false uphill_seg_floor=false uphill_roll_floor=false min_step_floor=false override=true timeout=false serial=[0,0.000,0.000]
[0m
[INFO] [1783729998.157356003] [cmd_vel_to_serial]: [0;96mserial tx: [0,0.000,0.000]
[0m
[INFO] [1783730000.157583311] [cmd_vel_to_serial]: [0;96mserial tx: [0,0.000,0.000]
[0m
[INFO] [1783730001.009532661] [cmd_vel_to_serial]: [1;35mstep_debug mode=0 vx=0.000 wz=0.000 left_m=0.0000 right_m=0.0000 fwd_m=0.0000 step_yaw=0.0000 left_norm=0.000 right_norm=0.000 odom_y=0.017 odom_roll=2.1deg goal_y_err=0.000 odom_corr=0.000 odom_corr_applied=false path_lat_err=0.000 path_corr=0.000 path_corr_applied=false path_yaw_err=0.0deg path_yaw_corr=0.000 path_yaw_applied=false path_profile=0 crouch_yaw_err=0.0deg crouch_yaw_corr=0.000 crouch_yaw_applied=false crouch_fwd_bias=0.000 crouch_fwd_applied=false same_dir_turn=false opp_turn_shape=false uphill_segment=false uphill_seg_floor=false uphill_roll_floor=false min_step_floor=false override=true timeout=false serial=[0,0.000,0.000]
[0m
[INFO] [1783730002.157832721] [cmd_vel_to_serial]: [0;96mserial tx: [0,0.000,0.000]
[0m
[INFO] [1783730004.009841832] [cmd_vel_to_serial]: [1;35mstep_debug mode=0 vx=0.000 wz=0.000 left_m=0.0000 right_m=0.0000 fwd_m=0.0000 step_yaw=0.0000 left_norm=0.000 right_norm=0.000 odom_y=0.017 odom_roll=2.1deg goal_y_err=0.000 odom_corr=0.000 odom_corr_applied=false path_lat_err=0.000 path_corr=0.000 path_corr_applied=false path_yaw_err=0.0deg path_yaw_corr=0.000 path_yaw_applied=false path_profile=0 crouch_yaw_err=0.0deg crouch_yaw_corr=0.000 crouch_yaw_applied=false crouch_fwd_bias=0.000 crouch_fwd_applied=false same_dir_turn=false opp_turn_shape=false uphill_segment=false uphill_seg_floor=false uphill_roll_floor=false min_step_floor=false override=true timeout=false serial=[0,0.000,0.000]
[0m
[INFO] [1783730004.158044351] [cmd_vel_to_serial]: [0;96mserial tx: [0,0.000,0.000]
[0m
[INFO] [1783730006.158285720] [cmd_vel_to_serial]: [0;96mserial tx: [0,0.000,0.000]
[0m
[INFO] [1783730007.010227494] [cmd_vel_to_serial]: [1;35mstep_debug mode=0 vx=0.000 wz=0.000 left_m=0.0000 right_m=0.0000 fwd_m=0.0000 step_yaw=0.0000 left_norm=0.000 right_norm=0.000 odom_y=0.017 odom_roll=2.1deg goal_y_err=0.000 odom_corr=0.000 odom_corr_applied=false path_lat_err=0.000 path_corr=0.000 path_corr_applied=false path_yaw_err=0.0deg path_yaw_corr=0.000 path_yaw_applied=false path_profile=0 crouch_yaw_err=0.0deg crouch_yaw_corr=0.000 crouch_yaw_applied=false crouch_fwd_bias=0.000 crouch_fwd_applied=false same_dir_turn=false opp_turn_shape=false uphill_segment=false uphill_seg_floor=false uphill_roll_floor=false min_step_floor=false override=true timeout=false serial=[0,0.000,0.000]
[0m
[INFO] [1783730008.158493991] [cmd_vel_to_serial]: [0;96mserial tx: [0,0.000,0.000]
[0m
[INFO] [1783730010.010556925] [cmd_vel_to_serial]: [1;35mstep_debug mode=0 vx=0.000 wz=0.000 left_m=0.0000 right_m=0.0000 fwd_m=0.0000 step_yaw=0.0000 left_norm=0.000 right_norm=0.000 odom_y=0.017 odom_roll=2.1deg goal_y_err=0.000 odom_corr=0.000 odom_corr_applied=false path_lat_err=0.000 path_corr=0.000 path_corr_applied=false path_yaw_err=0.0deg path_yaw_corr=0.000 path_yaw_applied=false path_profile=0 crouch_yaw_err=0.0deg crouch_yaw_corr=0.000 crouch_yaw_applied=false crouch_fwd_bias=0.000 crouch_fwd_applied=false same_dir_turn=false opp_turn_shape=false uphill_segment=false uphill_seg_floor=false uphill_roll_floor=false min_step_floor=false override=true timeout=false serial=[0,0.000,0.000]
[0m
[INFO] [1783730010.158735655] [cmd_vel_to_serial]: [0;96mserial tx: [0,0.000,0.000]
[0m
[INFO] [1783730012.158931887] [cmd_vel_to_serial]: [0;96mserial tx: [0,0.000,0.000]
[0m
[INFO] [1783730013.010986195] [cmd_vel_to_serial]: [1;35mstep_debug mode=0 vx=0.000 wz=0.000 left_m=0.0000 right_m=0.0000 fwd_m=0.0000 step_yaw=0.0000 left_norm=0.000 right_norm=0.000 odom_y=0.017 odom_roll=2.1deg goal_y_err=0.000 odom_corr=0.000 odom_corr_applied=false path_lat_err=0.000 path_corr=0.000 path_corr_applied=false path_yaw_err=0.0deg path_yaw_corr=0.000 path_yaw_applied=false path_profile=0 crouch_yaw_err=0.0deg crouch_yaw_corr=0.000 crouch_yaw_applied=false crouch_fwd_bias=0.000 crouch_fwd_applied=false same_dir_turn=false opp_turn_shape=false uphill_segment=false uphill_seg_floor=false uphill_roll_floor=false min_step_floor=false override=true timeout=false serial=[0,0.000,0.000]
[0m
[INFO] [1783730014.159175510] [cmd_vel_to_serial]: [0;96mserial tx: [0,0.000,0.000]
[0m
[INFO] [1783730016.011262832] [cmd_vel_to_serial]: [1;35mstep_debug mode=0 vx=0.000 wz=0.000 left_m=0.0000 right_m=0.0000 fwd_m=0.0000 step_yaw=0.0000 left_norm=0.000 right_norm=0.000 odom_y=0.017 odom_roll=2.1deg goal_y_err=0.000 odom_corr=0.000 odom_corr_applied=false path_lat_err=0.000 path_corr=0.000 path_corr_applied=false path_yaw_err=0.0deg path_yaw_corr=0.000 path_yaw_applied=false path_profile=0 crouch_yaw_err=0.0deg crouch_yaw_corr=0.000 crouch_yaw_applied=false crouch_fwd_bias=0.000 crouch_fwd_applied=false same_dir_turn=false opp_turn_shape=false uphill_segment=false uphill_seg_floor=false uphill_roll_floor=false min_step_floor=false override=true timeout=false serial=[0,0.000,0.000]
[0m
[INFO] [1783730016.159408826] [cmd_vel_to_serial]: [0;96mserial tx: [0,0.000,0.000]
[0m
[INFO] [1783730018.159598513] [cmd_vel_to_serial]: [0;96mserial tx: [0,0.000,0.000]
[0m
[INFO] [1783730019.014607641] [cmd_vel_to_serial]: [1;35mstep_debug mode=0 vx=0.000 wz=0.000 left_m=0.0000 right_m=0.0000 fwd_m=0.0000 step_yaw=0.0000 left_norm=0.000 right_norm=0.000 odom_y=0.017 odom_roll=2.1deg goal_y_err=0.000 odom_corr=0.000 odom_corr_applied=false path_lat_err=0.000 path_corr=0.000 path_corr_applied=false path_yaw_err=0.0deg path_yaw_corr=0.000 path_yaw_applied=false path_profile=0 crouch_yaw_err=0.0deg crouch_yaw_corr=0.000 crouch_yaw_applied=false crouch_fwd_bias=0.000 crouch_fwd_applied=false same_dir_turn=false opp_turn_shape=false uphill_segment=false uphill_seg_floor=false uphill_roll_floor=false min_step_floor=false override=true timeout=false serial=[0,0.000,0.000]
[0m
[INFO] [1783730020.159811350] [cmd_vel_to_serial]: [0;96mserial tx: [0,0.000,0.000]
[0m
[INFO] [1783730022.048859864] [cmd_vel_to_serial]: [1;35mstep_debug mode=0 vx=0.000 wz=0.000 left_m=0.0000 right_m=0.0000 fwd_m=0.0000 step_yaw=0.0000 left_norm=0.000 right_norm=0.000 odom_y=0.017 odom_roll=2.1deg goal_y_err=0.000 odom_corr=0.000 odom_corr_applied=false path_lat_err=0.000 path_corr=0.000 path_corr_applied=false path_yaw_err=0.0deg path_yaw_corr=0.000 path_yaw_applied=false path_profile=0 crouch_yaw_err=0.0deg crouch_yaw_corr=0.000 crouch_yaw_applied=false crouch_fwd_bias=0.000 crouch_fwd_applied=false same_dir_turn=false opp_turn_shape=false uphill_segment=false uphill_seg_floor=false uphill_roll_floor=false min_step_floor=false override=true timeout=false serial=[0,0.000,0.000]
[0m
[INFO] [1783730022.160019324] [cmd_vel_to_serial]: [0;96mserial tx: [0,0.000,0.000]
[0m
[INFO] [1783730024.160240051] [cmd_vel_to_serial]: [0;96mserial tx: [0,0.000,0.000]
[0m
[INFO] [1783730025.049205598] [cmd_vel_to_serial]: [1;35mstep_debug mode=0 vx=0.000 wz=0.000 left_m=0.0000 right_m=0.0000 fwd_m=0.0000 step_yaw=0.0000 left_norm=0.000 right_norm=0.000 odom_y=0.017 odom_roll=2.1deg goal_y_err=0.000 odom_corr=0.000 odom_corr_applied=false path_lat_err=0.000 path_corr=0.000 path_corr_applied=false path_yaw_err=0.0deg path_yaw_corr=0.000 path_yaw_applied=false path_profile=0 crouch_yaw_err=0.0deg crouch_yaw_corr=0.000 crouch_yaw_applied=false crouch_fwd_bias=0.000 crouch_fwd_applied=false same_dir_turn=false opp_turn_shape=false uphill_segment=false uphill_seg_floor=false uphill_roll_floor=false min_step_floor=false override=true timeout=false serial=[0,0.000,0.000]
[0m
[INFO] [1783730026.160459977] [cmd_vel_to_serial]: [0;96mserial tx: [0,0.000,0.000]
[0m
[INFO] [1783730028.049521169] [cmd_vel_to_serial]: [1;35mstep_debug mode=0 vx=0.000 wz=0.000 left_m=0.0000 right_m=0.0000 fwd_m=0.0000 step_yaw=0.0000 left_norm=0.000 right_norm=0.000 odom_y=0.017 odom_roll=2.1deg goal_y_err=0.000 odom_corr=0.000 odom_corr_applied=false path_lat_err=0.000 path_corr=0.000 path_corr_applied=false path_yaw_err=0.0deg path_yaw_corr=0.000 path_yaw_applied=false path_profile=0 crouch_yaw_err=0.0deg crouch_yaw_corr=0.000 crouch_yaw_applied=false crouch_fwd_bias=0.000 crouch_fwd_applied=false same_dir_turn=false opp_turn_shape=false uphill_segment=false uphill_seg_floor=false uphill_roll_floor=false min_step_floor=false override=true timeout=false serial=[0,0.000,0.000]
[0m
[INFO] [1783730028.160653119] [cmd_vel_to_serial]: [0;96mserial tx: [0,0.000,0.000]
[0m
[INFO] [1783730030.160954541] [cmd_vel_to_serial]: [0;96mserial tx: [0,0.000,0.000]
[0m
[INFO] [1783730031.049858023] [cmd_vel_to_serial]: [1;35mstep_debug mode=0 vx=0.000 wz=0.000 left_m=0.0000 right_m=0.0000 fwd_m=0.0000 step_yaw=0.0000 left_norm=0.000 right_norm=0.000 odom_y=0.017 odom_roll=2.1deg goal_y_err=0.000 odom_corr=0.000 odom_corr_applied=false path_lat_err=0.000 path_corr=0.000 path_corr_applied=false path_yaw_err=0.0deg path_yaw_corr=0.000 path_yaw_applied=false path_profile=0 crouch_yaw_err=0.0deg crouch_yaw_corr=0.000 crouch_yaw_applied=false crouch_fwd_bias=0.000 crouch_fwd_applied=false same_dir_turn=false opp_turn_shape=false uphill_segment=false uphill_seg_floor=false uphill_roll_floor=false min_step_floor=false override=true timeout=false serial=[0,0.000,0.000]
[0m
[INFO] [1783730032.161903997] [cmd_vel_to_serial]: [0;96mserial tx: [0,0.000,0.000]
[0m
[INFO] [1783730034.050135679] [cmd_vel_to_serial]: [1;35mstep_debug mode=0 vx=0.000 wz=0.000 left_m=0.0000 right_m=0.0000 fwd_m=0.0000 step_yaw=0.0000 left_norm=0.000 right_norm=0.000 odom_y=0.017 odom_roll=2.1deg goal_y_err=0.000 odom_corr=0.000 odom_corr_applied=false path_lat_err=0.000 path_corr=0.000 path_corr_applied=false path_yaw_err=0.0deg path_yaw_corr=0.000 path_yaw_applied=false path_profile=0 crouch_yaw_err=0.0deg crouch_yaw_corr=0.000 crouch_yaw_applied=false crouch_fwd_bias=0.000 crouch_fwd_applied=false same_dir_turn=false opp_turn_shape=false uphill_segment=false uphill_seg_floor=false uphill_roll_floor=false min_step_floor=false override=true timeout=false serial=[0,0.000,0.000]
[0m
[INFO] [1783730034.198289402] [cmd_vel_to_serial]: [0;96mserial tx: [0,0.000,0.000]
[0m
[INFO] [1783730036.198495633] [cmd_vel_to_serial]: [0;96mserial tx: [0,0.000,0.000]
[0m
[INFO] [1783730037.050428404] [cmd_vel_to_serial]: [1;35mstep_debug mode=0 vx=0.000 wz=0.000 left_m=0.0000 right_m=0.0000 fwd_m=0.0000 step_yaw=0.0000 left_norm=0.000 right_norm=0.000 odom_y=0.017 odom_roll=2.1deg goal_y_err=0.000 odom_corr=0.000 odom_corr_applied=false path_lat_err=0.000 path_corr=0.000 path_corr_applied=false path_yaw_err=0.0deg path_yaw_corr=0.000 path_yaw_applied=false path_profile=0 crouch_yaw_err=0.0deg crouch_yaw_corr=0.000 crouch_yaw_applied=false crouch_fwd_bias=0.000 crouch_fwd_applied=false same_dir_turn=false opp_turn_shape=false uphill_segment=false uphill_seg_floor=false uphill_roll_floor=false min_step_floor=false override=true timeout=false serial=[0,0.000,0.000]
[0m
[INFO] [1783730038.198708910] [cmd_vel_to_serial]: [0;96mserial tx: [0,0.000,0.000]
[0m
[INFO] [1783730040.050711350] [cmd_vel_to_serial]: [1;35mstep_debug mode=0 vx=0.000 wz=0.000 left_m=0.0000 right_m=0.0000 fwd_m=0.0000 step_yaw=0.0000 left_norm=0.000 right_norm=0.000 odom_y=0.017 odom_roll=2.1deg goal_y_err=0.000 odom_corr=0.000 odom_corr_applied=false path_lat_err=0.000 path_corr=0.000 path_corr_applied=false path_yaw_err=0.0deg path_yaw_corr=0.000 path_yaw_applied=false path_profile=0 crouch_yaw_err=0.0deg crouch_yaw_corr=0.000 crouch_yaw_applied=false crouch_fwd_bias=0.000 crouch_fwd_applied=false same_dir_turn=false opp_turn_shape=false uphill_segment=false uphill_seg_floor=false uphill_roll_floor=false min_step_floor=false override=true timeout=false serial=[0,0.000,0.000]
[0m
[INFO] [1783730040.198869530] [cmd_vel_to_serial]: [0;96mserial tx: [0,0.000,0.000]
[0m
[INFO] [1783730042.199102696] [cmd_vel_to_serial]: [0;96mserial tx: [0,0.000,0.000]
[0m
[INFO] [1783730043.051019562] [cmd_vel_to_serial]: [1;35mstep_debug mode=0 vx=0.000 wz=0.000 left_m=0.0000 right_m=0.0000 fwd_m=0.0000 step_yaw=0.0000 left_norm=0.000 right_norm=0.000 odom_y=0.017 odom_roll=2.1deg goal_y_err=0.000 odom_corr=0.000 odom_corr_applied=false path_lat_err=0.000 path_corr=0.000 path_corr_applied=false path_yaw_err=0.0deg path_yaw_corr=0.000 path_yaw_applied=false path_profile=0 crouch_yaw_err=0.0deg crouch_yaw_corr=0.000 crouch_yaw_applied=false crouch_fwd_bias=0.000 crouch_fwd_applied=false same_dir_turn=false opp_turn_shape=false uphill_segment=false uphill_seg_floor=false uphill_roll_floor=false min_step_floor=false override=true timeout=false serial=[0,0.000,0.000]
[0m
[INFO] [1783730044.199276680] [cmd_vel_to_serial]: [0;96mserial tx: [0,0.000,0.000]
[0m
[INFO] [1783730046.051339790] [cmd_vel_to_serial]: [1;35mstep_debug mode=0 vx=0.000 wz=0.000 left_m=0.0000 right_m=0.0000 fwd_m=0.0000 step_yaw=0.0000 left_norm=0.000 right_norm=0.000 odom_y=0.017 odom_roll=2.1deg goal_y_err=0.000 odom_corr=0.000 odom_corr_applied=false path_lat_err=0.000 path_corr=0.000 path_corr_applied=false path_yaw_err=0.0deg path_yaw_corr=0.000 path_yaw_applied=false path_profile=0 crouch_yaw_err=0.0deg crouch_yaw_corr=0.000 crouch_yaw_applied=false crouch_fwd_bias=0.000 crouch_fwd_applied=false same_dir_turn=false opp_turn_shape=false uphill_segment=false uphill_seg_floor=false uphill_roll_floor=false min_step_floor=false override=true timeout=false serial=[0,0.000,0.000]
[0m
[INFO] [1783730046.199483086] [cmd_vel_to_serial]: [0;96mserial tx: [0,0.000,0.000]
[0m
[INFO] [1783730048.199682387] [cmd_vel_to_serial]: [0;96mserial tx: [0,0.000,0.000]
[0m
[INFO] [1783730049.051597039] [cmd_vel_to_serial]: [1;35mstep_debug mode=0 vx=0.000 wz=0.000 left_m=0.0000 right_m=0.0000 fwd_m=0.0000 step_yaw=0.0000 left_norm=0.000 right_norm=0.000 odom_y=0.017 odom_roll=2.1deg goal_y_err=0.000 odom_corr=0.000 odom_corr_applied=false path_lat_err=0.000 path_corr=0.000 path_corr_applied=false path_yaw_err=0.0deg path_yaw_corr=0.000 path_yaw_applied=false path_profile=0 crouch_yaw_err=0.0deg crouch_yaw_corr=0.000 crouch_yaw_applied=false crouch_fwd_bias=0.000 crouch_fwd_applied=false same_dir_turn=false opp_turn_shape=false uphill_segment=false uphill_seg_floor=false uphill_roll_floor=false min_step_floor=false override=true timeout=false serial=[0,0.000,0.000]
[0m
[INFO] [1783730050.199846695] [cmd_vel_to_serial]: [0;96mserial tx: [0,0.000,0.000]
[0m
