[INFO] [1783998428.993160160] [cmd_vel_to_serial]: Fixed step overrides enabled: [mode=1, left_norm=1, right_norm=1] [mode=6, left_norm=-0.35, right_norm=0.6]
[INFO] [1783998429.011526653] [cmd_vel_to_serial]: serial start signal RX enabled. token=[start] topic=/motion_bridge/start_signal case_sensitive=false
[INFO] [1783998429.011576711] [cmd_vel_to_serial]: serial finish signal RX enabled. token=[finish] topic=/motion_bridge/finish_signal case_sensitive=false
[INFO] [1783998429.011585270] [cmd_vel_to_serial]: serial action ack RX enabled. jumping_token=[jumping] topic=/motion_bridge/action_ack
[INFO] [1783998429.011592965] [cmd_vel_to_serial]: [1;36mcmd_vel->serial bridge started. device=/dev/ttyUSB0 baud=115200 step_frequency=27.000 Hz default_mode=0 mode_topic=/dog_mode_current mode_echo_topic=/dog_mode_feedback/current odom_y_correction=disabled path_lateral_correction=enabled path_yaw_correction=enabled crouch_yaw_correction=disabled pose_yaw_offset=90.0deg[0m
[INFO] [1783998429.011608956] [cmd_vel_to_serial]: path lateral step correction enabled. odom_topic=/Odometry goal_topic=/goal_pose path_reference_topic=/serial_path_reference modes=3 deadband=0.050 m gain=0.800 norm/m max=0.180 sign=-1 stale_timeout=0.50 s
[INFO] [1783998429.011620667] [cmd_vel_to_serial]: path reference explicit start enabled. topic=/serial_path_reference_start timeout=0.50 s
[INFO] [1783998429.011627489] [cmd_vel_to_serial]: uphill path lateral correction override enabled. deadband=0.030 m gain=1.200 norm/m max=0.240 sign=-1 max_wz=1.200 rad/s
[INFO] [1783998429.011639281] [cmd_vel_to_serial]: path yaw correction enabled. odom_topic=/Odometry goal_topic=/goal_pose path_reference_topic=/serial_path_reference modes=1 deadband=5.00 deg gain=1.000 norm/rad max=0.200 stale_timeout=0.50 s profile_topic=/race_manager/path_correction_profile default_profile=0 new_goal_delay=0.10 s
[INFO] [1783998429.011649384] [cmd_vel_to_serial]: uphill path yaw correction override enabled. modes=1 deadband=3.00 deg gain=1.500 norm/rad max=0.300 max_wz=1.200 rad/s
[INFO] [1783998429.011658395] [cmd_vel_to_serial]: same-direction turn enabled. modes=3 min_wz=0.150 rad/s min_norm=0.040
[INFO] [1783998429.011666320] [cmd_vel_to_serial]: step override small opposite-sign shaping enabled. modes=1 small_norm=0.150 large_norm=0.200
[INFO] [1783998429.011673624] [cmd_vel_to_serial]: cmd_vel small opposite-sign shaping enabled. modes=1 small_norm=0.180 large_norm=0.200
[INFO] [1783998429.011680156] [cmd_vel_to_serial]: minimum output step norm enabled. modes=1 min_norm=0.100 override_modes=2
[INFO] [1783998429.012459757] [cmd_vel_to_serial]: uphill segment step floor enabled. modes=2 min_norm=0.800 goal_distance_min=0.60 m max_wz=1.200 forward_only=true state_topic=/race_manager/uphill_step_floor_enabled
[INFO] [1783998429.012476720] [cmd_vel_to_serial]: uphill roll step floor enabled. modes=2 min_roll=2.00 deg use_abs_roll=true min_norm=0.700 max_wz=1.200 require_segment=true state_topic=/race_manager/uphill_step_floor_enabled
[INFO] [1783998429.012486245] [cmd_vel_to_serial]: fixed step override runtime state topic=/motion_bridge/fixed_step_override_enabled initial=true
[INFO] [1783998429.012492903] [cmd_vel_to_serial]: direct step override enabled. topic=/serial_step_override timeout=1.00 s one_shot_topic=/serial_step_once
[INFO] [1783998430.012187937] [cmd_vel_to_serial]: Opened serial device /dev/ttyUSB0
[INFO] [1783998430.012300156] [cmd_vel_to_serial]: [0;96mserial tx: [0,0.000,0.000]
[0m
[INFO] [1783998430.012321775] [cmd_vel_to_serial]: [1;33mstep_debug mode=0 vx=0.000 wz=0.000 left_m=0.0000 right_m=0.0000 fwd_m=0.0000 step_yaw=0.0000 left_norm=0.000 right_norm=0.000 odom_y=-0.276 odom_roll=1.6deg goal_y_err=0.000 odom_corr=0.000 odom_corr_applied=false path_lat_err=0.000 path_corr=0.000 path_corr_applied=false path_yaw_err=0.0deg path_yaw_corr=0.000 path_yaw_applied=false path_profile=0 crouch_yaw_err=0.0deg crouch_yaw_corr=0.000 crouch_yaw_applied=false crouch_fwd_bias=0.000 crouch_fwd_applied=false same_dir_turn=false opp_turn_shape=false uphill_segment=false uphill_seg_floor=false uphill_roll_floor=false min_step_floor=false override=false timeout=true serial=[0,0.000,0.000]
[0m
[INFO] [1783998432.048676470] [cmd_vel_to_serial]: [0;96mserial tx: [0,0.000,0.000]
[0m
[INFO] [1783998433.048685394] [cmd_vel_to_serial]: [1;35mstep_debug mode=0 vx=0.000 wz=0.000 left_m=0.0000 right_m=0.0000 fwd_m=0.0000 step_yaw=0.0000 left_norm=0.000 right_norm=0.000 odom_y=-0.280 odom_roll=1.6deg goal_y_err=0.000 odom_corr=0.000 odom_corr_applied=false path_lat_err=0.000 path_corr=0.000 path_corr_applied=false path_yaw_err=0.0deg path_yaw_corr=0.000 path_yaw_applied=false path_profile=0 crouch_yaw_err=0.0deg crouch_yaw_corr=0.000 crouch_yaw_applied=false crouch_fwd_bias=0.000 crouch_fwd_applied=false same_dir_turn=false opp_turn_shape=false uphill_segment=false uphill_seg_floor=false uphill_roll_floor=false min_step_floor=false override=true timeout=false serial=[0,0.000,0.000]
[0m
[INFO] [1783998434.048704002] [cmd_vel_to_serial]: [0;96mserial tx: [0,0.000,0.000]
[0m
[INFO] [1783998436.048703497] [cmd_vel_to_serial]: [1;35mstep_debug mode=0 vx=0.000 wz=0.000 left_m=0.0000 right_m=0.0000 fwd_m=0.0000 step_yaw=0.0000 left_norm=0.000 right_norm=0.000 odom_y=-0.256 odom_roll=1.6deg goal_y_err=0.000 odom_corr=0.000 odom_corr_applied=false path_lat_err=0.000 path_corr=0.000 path_corr_applied=false path_yaw_err=0.0deg path_yaw_corr=0.000 path_yaw_applied=false path_profile=0 crouch_yaw_err=0.0deg crouch_yaw_corr=0.000 crouch_yaw_applied=false crouch_fwd_bias=0.000 crouch_fwd_applied=false same_dir_turn=false opp_turn_shape=false uphill_segment=false uphill_seg_floor=false uphill_roll_floor=false min_step_floor=false override=true timeout=false serial=[0,0.000,0.000]
[0m
[INFO] [1783998436.085702106] [cmd_vel_to_serial]: [0;96mserial tx: [0,0.000,0.000]
[0m
[INFO] [1783998438.085727893] [cmd_vel_to_serial]: [0;96mserial tx: [0,0.000,0.000]
[0m
[INFO] [1783998439.048709544] [cmd_vel_to_serial]: [1;35mstep_debug mode=0 vx=0.000 wz=0.000 left_m=0.0000 right_m=0.0000 fwd_m=0.0000 step_yaw=0.0000 left_norm=0.000 right_norm=0.000 odom_y=-0.284 odom_roll=1.6deg goal_y_err=0.000 odom_corr=0.000 odom_corr_applied=false path_lat_err=0.000 path_corr=0.000 path_corr_applied=false path_yaw_err=0.0deg path_yaw_corr=0.000 path_yaw_applied=false path_profile=0 crouch_yaw_err=0.0deg crouch_yaw_corr=0.000 crouch_yaw_applied=false crouch_fwd_bias=0.000 crouch_fwd_applied=false same_dir_turn=false opp_turn_shape=false uphill_segment=false uphill_seg_floor=false uphill_roll_floor=false min_step_floor=false override=true timeout=false serial=[0,0.000,0.000]
[0m
[INFO] [1783998440.085727689] [cmd_vel_to_serial]: [0;96mserial tx: [0,0.000,0.000]
[0m
[INFO] [1783998442.085685985] [cmd_vel_to_serial]: [1;35mstep_debug mode=0 vx=0.000 wz=0.000 left_m=0.0000 right_m=0.0000 fwd_m=0.0000 step_yaw=0.0000 left_norm=0.000 right_norm=0.000 odom_y=-0.277 odom_roll=1.6deg goal_y_err=0.000 odom_corr=0.000 odom_corr_applied=false path_lat_err=0.000 path_corr=0.000 path_corr_applied=false path_yaw_err=0.0deg path_yaw_corr=0.000 path_yaw_applied=false path_profile=0 crouch_yaw_err=0.0deg crouch_yaw_corr=0.000 crouch_yaw_applied=false crouch_fwd_bias=0.000 crouch_fwd_applied=false same_dir_turn=false opp_turn_shape=false uphill_segment=false uphill_seg_floor=false uphill_roll_floor=false min_step_floor=false override=true timeout=false serial=[0,0.000,0.000]
[0m
[INFO] [1783998442.122771522] [cmd_vel_to_serial]: [0;96mserial tx: [0,0.000,0.000]
[0m
[INFO] [1783998444.159788265] [cmd_vel_to_serial]: [0;96mserial tx: [0,0.000,0.000]
[0m
[INFO] [1783998445.085677808] [cmd_vel_to_serial]: [1;35mstep_debug mode=0 vx=0.000 wz=0.000 left_m=0.0000 right_m=0.0000 fwd_m=0.0000 step_yaw=0.0000 left_norm=0.000 right_norm=0.000 odom_y=-0.276 odom_roll=1.6deg goal_y_err=0.000 odom_corr=0.000 odom_corr_applied=false path_lat_err=0.000 path_corr=0.000 path_corr_applied=false path_yaw_err=0.0deg path_yaw_corr=0.000 path_yaw_applied=false path_profile=0 crouch_yaw_err=0.0deg crouch_yaw_corr=0.000 crouch_yaw_applied=false crouch_fwd_bias=0.000 crouch_fwd_applied=false same_dir_turn=false opp_turn_shape=false uphill_segment=false uphill_seg_floor=false uphill_roll_floor=false min_step_floor=false override=true timeout=false serial=[0,0.000,0.000]
[0m
[INFO] [1783998446.159787561] [cmd_vel_to_serial]: [0;96mserial tx: [0,0.000,0.000]
[0m
[INFO] [1783998446.567217809] [cmd_vel_to_serial]: Received serial start token [start], published /motion_bridge/start_signal=true
[INFO] [1783998446.569612612] [cmd_vel_to_serial]: [1;35mUpdated serial mode to 1[0m
[INFO] [1783998446.571871487] [cmd_vel_to_serial]: [1;35mUpdated path correction profile to 1 (0=off, 1=normal, 2=uphill_strong, 3=uphill_strong_sign_test)[0m
[INFO] [1783998446.604250064] [cmd_vel_to_serial]: [0;96mserial tx: [1,0.000,0.000]
[0m
[INFO] [1783998446.604332592] [cmd_vel_to_serial]: [1;33mstep_debug mode=1 vx=0.000 wz=0.000 left_m=0.0000 right_m=0.0000 fwd_m=0.0000 step_yaw=0.0000 left_norm=0.000 right_norm=0.000 odom_y=-0.282 odom_roll=1.6deg goal_y_err=0.000 odom_corr=0.000 odom_corr_applied=false path_lat_err=0.000 path_corr=0.000 path_corr_applied=false path_yaw_err=0.0deg path_yaw_corr=0.000 path_yaw_applied=false path_profile=1 crouch_yaw_err=0.0deg crouch_yaw_corr=0.000 crouch_yaw_applied=false crouch_fwd_bias=0.000 crouch_fwd_applied=false same_dir_turn=false opp_turn_shape=false uphill_segment=false uphill_seg_floor=false uphill_roll_floor=false min_step_floor=false override=false timeout=true serial=[1,0.000,0.000]
[0m
[INFO] [1783998446.667548899] [cmd_vel_to_serial]: [1;35mUpdated path correction profile to 0 (0=off, 1=normal, 2=uphill_strong, 3=uphill_strong_sign_test)[0m
[INFO] [1783998446.678294032] [cmd_vel_to_serial]: [0;96mserial tx: [1,0.800,0.800]
[0m
[INFO] [1783998446.678338627] [cmd_vel_to_serial]: [1;35mstep_debug mode=1 vx=0.000 wz=0.000 left_m=0.0296 right_m=0.0296 fwd_m=0.0296 step_yaw=0.0000 left_norm=0.800 right_norm=0.800 odom_y=-0.279 odom_roll=1.6deg goal_y_err=0.000 odom_corr=0.000 odom_corr_applied=false path_lat_err=0.000 path_corr=0.000 path_corr_applied=false path_yaw_err=0.0deg path_yaw_corr=0.000 path_yaw_applied=false path_profile=0 crouch_yaw_err=0.0deg crouch_yaw_corr=0.000 crouch_yaw_applied=false crouch_fwd_bias=0.000 crouch_fwd_applied=false same_dir_turn=false opp_turn_shape=false uphill_segment=false uphill_seg_floor=false uphill_roll_floor=false min_step_floor=false override=true timeout=false serial=[1,0.800,0.800]
[0m
[INFO] [1783998448.678301337] [cmd_vel_to_serial]: [0;96mserial tx: [1,0.800,0.800]
[0m
[INFO] [1783998449.678294438] [cmd_vel_to_serial]: [1;35mstep_debug mode=1 vx=0.000 wz=0.000 left_m=0.0296 right_m=0.0296 fwd_m=0.0296 step_yaw=0.0000 left_norm=0.800 right_norm=0.800 odom_y=0.355 odom_roll=-15.8deg goal_y_err=0.000 odom_corr=0.000 odom_corr_applied=false path_lat_err=0.000 path_corr=0.000 path_corr_applied=false path_yaw_err=0.0deg path_yaw_corr=0.000 path_yaw_applied=false path_profile=0 crouch_yaw_err=0.0deg crouch_yaw_corr=0.000 crouch_yaw_applied=false crouch_fwd_bias=0.000 crouch_fwd_applied=false same_dir_turn=false opp_turn_shape=false uphill_segment=false uphill_seg_floor=false uphill_roll_floor=false min_step_floor=false override=true timeout=false serial=[1,0.800,0.800]
[0m
[INFO] [1783998450.715489136] [cmd_vel_to_serial]: [0;96mserial tx: [1,0.800,0.800]
[0m
[INFO] [1783998452.678307489] [cmd_vel_to_serial]: [1;35mstep_debug mode=1 vx=0.000 wz=0.000 left_m=0.0296 right_m=0.0296 fwd_m=0.0296 step_yaw=0.0000 left_norm=0.800 right_norm=0.800 odom_y=0.653 odom_roll=2.8deg goal_y_err=0.000 odom_corr=0.000 odom_corr_applied=false path_lat_err=0.000 path_corr=0.000 path_corr_applied=false path_yaw_err=0.0deg path_yaw_corr=0.000 path_yaw_applied=false path_profile=0 crouch_yaw_err=0.0deg crouch_yaw_corr=0.000 crouch_yaw_applied=false crouch_fwd_bias=0.000 crouch_fwd_applied=false same_dir_turn=false opp_turn_shape=false uphill_segment=false uphill_seg_floor=false uphill_roll_floor=false min_step_floor=false override=true timeout=false serial=[1,0.800,0.800]
[0m
[INFO] [1783998452.715440479] [cmd_vel_to_serial]: [0;96mserial tx: [1,0.800,0.800]
[0m
[INFO] [1783998454.752362061] [cmd_vel_to_serial]: [0;96mserial tx: [1,0.800,0.800]
[0m
[INFO] [1783998455.678310875] [cmd_vel_to_serial]: [1;35mstep_debug mode=1 vx=0.000 wz=0.000 left_m=0.0296 right_m=0.0296 fwd_m=0.0296 step_yaw=0.0000 left_norm=0.800 right_norm=0.800 odom_y=1.080 odom_roll=1.5deg goal_y_err=0.000 odom_corr=0.000 odom_corr_applied=false path_lat_err=0.000 path_corr=0.000 path_corr_applied=false path_yaw_err=0.0deg path_yaw_corr=0.000 path_yaw_applied=false path_profile=0 crouch_yaw_err=0.0deg crouch_yaw_corr=0.000 crouch_yaw_applied=false crouch_fwd_bias=0.000 crouch_fwd_applied=false same_dir_turn=false opp_turn_shape=false uphill_segment=false uphill_seg_floor=false uphill_roll_floor=false min_step_floor=false override=true timeout=false serial=[1,0.800,0.800]
[0m
[INFO] [1783998455.858664820] [cmd_vel_to_serial]: [1;35mUpdated uphill step floor segment state to true[0m
[INFO] [1783998455.858727416] [cmd_vel_to_serial]: [1;35mUpdated serial mode to 0[0m
[INFO] [1783998455.863462201] [cmd_vel_to_serial]: [0;96mserial tx: [0,0.000,0.000]
[0m
[INFO] [1783998455.863493798] [cmd_vel_to_serial]: [1;33mstep_debug mode=0 vx=0.000 wz=0.000 left_m=0.0000 right_m=0.0000 fwd_m=0.0000 step_yaw=0.0000 left_norm=0.000 right_norm=0.000 odom_y=1.114 odom_roll=1.8deg goal_y_err=0.000 odom_corr=0.000 odom_corr_applied=false path_lat_err=0.000 path_corr=0.000 path_corr_applied=false path_yaw_err=0.0deg path_yaw_corr=0.000 path_yaw_applied=false path_profile=0 crouch_yaw_err=0.0deg crouch_yaw_corr=0.000 crouch_yaw_applied=false crouch_fwd_bias=0.000 crouch_fwd_applied=false same_dir_turn=false opp_turn_shape=false uphill_segment=true uphill_seg_floor=false uphill_roll_floor=false min_step_floor=false override=false timeout=true serial=[0,0.000,0.000]
[0m
[INFO] [1783998455.863720412] [cmd_vel_to_serial]: [1;35mUpdated uphill step floor segment state to false[0m
[INFO] [1783998455.937572197] [cmd_vel_to_serial]: [0;96mserial tx: [6,0.100,-0.050]
[0m
[INFO] [1783998455.937608374] [cmd_vel_to_serial]: [1;35mstep_debug mode=6 vx=0.000 wz=0.000 left_m=0.0037 right_m=-0.0019 fwd_m=0.0009 step_yaw=-0.0154 left_norm=0.100 right_norm=-0.050 odom_y=1.123 odom_roll=3.4deg goal_y_err=0.000 odom_corr=0.000 odom_corr_applied=false path_lat_err=0.000 path_corr=0.000 path_corr_applied=false path_yaw_err=0.0deg path_yaw_corr=0.000 path_yaw_applied=false path_profile=0 crouch_yaw_err=0.0deg crouch_yaw_corr=0.000 crouch_yaw_applied=false crouch_fwd_bias=0.000 crouch_fwd_applied=false same_dir_turn=false opp_turn_shape=false uphill_segment=false uphill_seg_floor=false uphill_roll_floor=false min_step_floor=false override=true timeout=false serial=[6,0.100,-0.050]
[0m
[INFO] [1783998456.419022790] [cmd_vel_to_serial]: [0;96mserial tx: [0,0.000,0.000]
[0m
[INFO] [1783998456.419063962] [cmd_vel_to_serial]: [1;35mstep_debug mode=0 vx=0.000 wz=0.000 left_m=0.0000 right_m=0.0000 fwd_m=0.0000 step_yaw=0.0000 left_norm=0.000 right_norm=0.000 odom_y=1.133 odom_roll=9.5deg goal_y_err=0.000 odom_corr=0.000 odom_corr_applied=false path_lat_err=0.000 path_corr=0.000 path_corr_applied=false path_yaw_err=0.0deg path_yaw_corr=0.000 path_yaw_applied=false path_profile=0 crouch_yaw_err=0.0deg crouch_yaw_corr=0.000 crouch_yaw_applied=false crouch_fwd_bias=0.000 crouch_fwd_applied=false same_dir_turn=false opp_turn_shape=false uphill_segment=false uphill_seg_floor=false uphill_roll_floor=false min_step_floor=false override=true timeout=false serial=[0,0.000,0.000]
[0m
[INFO] [1783998456.641310943] [cmd_vel_to_serial]: [0;96mserial tx: [6,-0.050,0.100]
[0m
[INFO] [1783998456.641363912] [cmd_vel_to_serial]: [1;35mstep_debug mode=6 vx=0.000 wz=0.000 left_m=-0.0019 right_m=0.0037 fwd_m=0.0009 step_yaw=0.0154 left_norm=-0.050 right_norm=0.100 odom_y=1.199 odom_roll=4.4deg goal_y_err=0.000 odom_corr=0.000 odom_corr_applied=false path_lat_err=0.000 path_corr=0.000 path_corr_applied=false path_yaw_err=0.0deg path_yaw_corr=0.000 path_yaw_applied=false path_profile=0 crouch_yaw_err=0.0deg crouch_yaw_corr=0.000 crouch_yaw_applied=false crouch_fwd_bias=0.000 crouch_fwd_applied=false same_dir_turn=false opp_turn_shape=false uphill_segment=false uphill_seg_floor=false uphill_roll_floor=false min_step_floor=false override=true timeout=false serial=[6,-0.050,0.100]
[0m
[INFO] [1783998456.678295957] [cmd_vel_to_serial]: [0;96mserial tx: [0,0.000,0.000]
[0m
[INFO] [1783998456.678339299] [cmd_vel_to_serial]: [1;35mstep_debug mode=0 vx=0.000 wz=0.000 left_m=0.0000 right_m=0.0000 fwd_m=0.0000 step_yaw=0.0000 left_norm=0.000 right_norm=0.000 odom_y=1.173 odom_roll=4.4deg goal_y_err=0.000 odom_corr=0.000 odom_corr_applied=false path_lat_err=0.000 path_corr=0.000 path_corr_applied=false path_yaw_err=0.0deg path_yaw_corr=0.000 path_yaw_applied=false path_profile=0 crouch_yaw_err=0.0deg crouch_yaw_corr=0.000 crouch_yaw_applied=false crouch_fwd_bias=0.000 crouch_fwd_applied=false same_dir_turn=false opp_turn_shape=false uphill_segment=false uphill_seg_floor=false uphill_roll_floor=false min_step_floor=false override=true timeout=false serial=[0,0.000,0.000]
[0m
[INFO] [1783998457.085687360] [cmd_vel_to_serial]: [0;96mserial tx: [6,-0.050,0.100]
[0m
[INFO] [1783998457.085738967] [cmd_vel_to_serial]: [1;35mstep_debug mode=6 vx=0.000 wz=0.000 left_m=-0.0019 right_m=0.0037 fwd_m=0.0009 step_yaw=0.0154 left_norm=-0.050 right_norm=0.100 odom_y=1.171 odom_roll=3.0deg goal_y_err=0.000 odom_corr=0.000 odom_corr_applied=false path_lat_err=0.000 path_corr=0.000 path_corr_applied=false path_yaw_err=0.0deg path_yaw_corr=0.000 path_yaw_applied=false path_profile=0 crouch_yaw_err=0.0deg crouch_yaw_corr=0.000 crouch_yaw_applied=false crouch_fwd_bias=0.000 crouch_fwd_applied=false same_dir_turn=false opp_turn_shape=false uphill_segment=false uphill_seg_floor=false uphill_roll_floor=false min_step_floor=false override=true timeout=false serial=[6,-0.050,0.100]
[0m
[INFO] [1783998457.196802744] [cmd_vel_to_serial]: [0;96mserial tx: [0,0.000,0.000]
[0m
[INFO] [1783998457.196843909] [cmd_vel_to_serial]: [1;35mstep_debug mode=0 vx=0.000 wz=0.000 left_m=0.0000 right_m=0.0000 fwd_m=0.0000 step_yaw=0.0000 left_norm=0.000 right_norm=0.000 odom_y=1.182 odom_roll=2.7deg goal_y_err=0.000 odom_corr=0.000 odom_corr_applied=false path_lat_err=0.000 path_corr=0.000 path_corr_applied=false path_yaw_err=0.0deg path_yaw_corr=0.000 path_yaw_applied=false path_profile=0 crouch_yaw_err=0.0deg crouch_yaw_corr=0.000 crouch_yaw_applied=false crouch_fwd_bias=0.000 crouch_fwd_applied=false same_dir_turn=false opp_turn_shape=false uphill_segment=false uphill_seg_floor=false uphill_roll_floor=false min_step_floor=false override=true timeout=false serial=[0,0.000,0.000]
[0m
[INFO] [1783998457.789459599] [cmd_vel_to_serial]: [0;96mserial tx: [0,0.500,0.500]
[0m
[INFO] [1783998457.789501960] [cmd_vel_to_serial]: [1;35mstep_debug mode=0 vx=0.000 wz=0.000 left_m=0.0185 right_m=0.0185 fwd_m=0.0185 step_yaw=0.0000 left_norm=0.500 right_norm=0.500 odom_y=1.182 odom_roll=1.8deg goal_y_err=0.000 odom_corr=0.000 odom_corr_applied=false path_lat_err=0.000 path_corr=0.000 path_corr_applied=false path_yaw_err=0.0deg path_yaw_corr=0.000 path_yaw_applied=false path_profile=0 crouch_yaw_err=0.0deg crouch_yaw_corr=0.000 crouch_yaw_applied=false crouch_fwd_bias=0.000 crouch_fwd_applied=false same_dir_turn=false opp_turn_shape=false uphill_segment=false uphill_seg_floor=false uphill_roll_floor=false min_step_floor=false override=true timeout=false serial=[0,0.500,0.500]
[0m
[INFO] [1783998459.082790925] [cmd_vel_to_serial]: [0;96mserial tx: [0,0.000,0.000]
[0m
[INFO] [1783998459.082830631] [cmd_vel_to_serial]: [1;33mstep_debug mode=0 vx=0.000 wz=0.000 left_m=0.0000 right_m=0.0000 fwd_m=0.0000 step_yaw=0.0000 left_norm=0.000 right_norm=0.000 odom_y=1.543 odom_roll=12.5deg goal_y_err=0.000 odom_corr=0.000 odom_corr_applied=false path_lat_err=0.000 path_corr=0.000 path_corr_applied=false path_yaw_err=0.0deg path_yaw_corr=0.000 path_yaw_applied=false path_profile=0 crouch_yaw_err=0.0deg crouch_yaw_corr=0.000 crouch_yaw_applied=false crouch_fwd_bias=0.000 crouch_fwd_applied=false same_dir_turn=false opp_turn_shape=false uphill_segment=false uphill_seg_floor=false uphill_roll_floor=false min_step_floor=false override=false timeout=true serial=[0,0.000,0.000]
[0m
[INFO] [1783998459.152298604] [cmd_vel_to_serial]: [0;96mserial tx: [6,0.100,-0.050]
[0m
[INFO] [1783998459.152337506] [cmd_vel_to_serial]: [1;35mstep_debug mode=6 vx=0.000 wz=0.000 left_m=0.0037 right_m=-0.0019 fwd_m=0.0009 step_yaw=-0.0154 left_norm=0.100 right_norm=-0.050 odom_y=1.538 odom_roll=12.2deg goal_y_err=0.000 odom_corr=0.000 odom_corr_applied=false path_lat_err=0.000 path_corr=0.000 path_corr_applied=false path_yaw_err=0.0deg path_yaw_corr=0.000 path_yaw_applied=false path_profile=0 crouch_yaw_err=0.0deg crouch_yaw_corr=0.000 crouch_yaw_applied=false crouch_fwd_bias=0.000 crouch_fwd_applied=false same_dir_turn=false opp_turn_shape=false uphill_segment=false uphill_seg_floor=false uphill_roll_floor=false min_step_floor=false override=true timeout=false serial=[6,0.100,-0.050]
[0m
[INFO] [1783998459.187704543] [cmd_vel_to_serial]: [0;96mserial tx: [0,0.000,0.000]
[0m
[INFO] [1783998459.187749241] [cmd_vel_to_serial]: [1;35mstep_debug mode=0 vx=0.000 wz=0.000 left_m=0.0000 right_m=0.0000 fwd_m=0.0000 step_yaw=0.0000 left_norm=0.000 right_norm=0.000 odom_y=1.553 odom_roll=13.8deg goal_y_err=0.000 odom_corr=0.000 odom_corr_applied=false path_lat_err=0.000 path_corr=0.000 path_corr_applied=false path_yaw_err=0.0deg path_yaw_corr=0.000 path_yaw_applied=false path_profile=0 crouch_yaw_err=0.0deg crouch_yaw_corr=0.000 crouch_yaw_applied=false crouch_fwd_bias=0.000 crouch_fwd_applied=false same_dir_turn=false opp_turn_shape=false uphill_segment=false uphill_seg_floor=false uphill_roll_floor=false min_step_floor=false override=true timeout=false serial=[0,0.000,0.000]
[0m
[INFO] [1783998459.718637296] [cmd_vel_to_serial]: [1;35mUpdated serial mode to 7[0m
[INFO] [1783998459.719198831] [cmd_vel_to_serial]: [1;35mUpdated uphill step floor segment state to true[0m
[INFO] [1783998459.752260678] [cmd_vel_to_serial]: [0;96mserial tx: [7,0.000,0.000]
[0m
[INFO] [1783998459.752316748] [cmd_vel_to_serial]: [1;33mstep_debug mode=7 vx=0.000 wz=0.000 left_m=0.0000 right_m=0.0000 fwd_m=0.0000 step_yaw=0.0000 left_norm=0.000 right_norm=0.000 odom_y=1.535 odom_roll=13.6deg goal_y_err=0.000 odom_corr=0.000 odom_corr_applied=false path_lat_err=0.000 path_corr=0.000 path_corr_applied=false path_yaw_err=0.0deg path_yaw_corr=0.000 path_yaw_applied=false path_profile=0 crouch_yaw_err=0.0deg crouch_yaw_corr=0.000 crouch_yaw_applied=false crouch_fwd_bias=0.000 crouch_fwd_applied=false same_dir_turn=false opp_turn_shape=false uphill_segment=true uphill_seg_floor=false uphill_roll_floor=false min_step_floor=false override=false timeout=true serial=[7,0.000,0.000]
[0m
[INFO] [1783998459.787507729] [cmd_vel_to_serial]: [0;96mserial tx: [7,0.743,0.700]
[0m
[INFO] [1783998459.787546601] [cmd_vel_to_serial]: [1;32mstep_debug mode=7 vx=0.550 wz=-0.120 left_m=0.0275 right_m=0.0259 fwd_m=0.0267 step_yaw=-0.0044 left_norm=0.743 right_norm=0.700 odom_y=1.526 odom_roll=13.0deg goal_y_err=0.000 odom_corr=0.000 odom_corr_applied=false path_lat_err=0.000 path_corr=0.000 path_corr_applied=false path_yaw_err=0.0deg path_yaw_corr=0.000 path_yaw_applied=false path_profile=0 crouch_yaw_err=0.0deg crouch_yaw_corr=0.000 crouch_yaw_applied=false crouch_fwd_bias=0.000 crouch_fwd_applied=false same_dir_turn=false opp_turn_shape=false uphill_segment=true uphill_seg_floor=false uphill_roll_floor=true min_step_floor=true override=false timeout=false serial=[7,0.743,0.700]
[0m
[INFO] [1783998461.814603365] [cmd_vel_to_serial]: [0;96mserial tx: [7,0.700,0.743]
[0m
[INFO] [1783998462.817462695] [cmd_vel_to_serial]: [1;32mstep_debug mode=7 vx=0.528 wz=-0.120 left_m=0.0275 right_m=0.0259 fwd_m=0.0267 step_yaw=-0.0044 left_norm=0.743 right_norm=0.700 odom_y=2.453 odom_roll=8.6deg goal_y_err=0.000 odom_corr=0.000 odom_corr_applied=false path_lat_err=0.000 path_corr=0.000 path_corr_applied=false path_yaw_err=0.0deg path_yaw_corr=0.000 path_yaw_applied=false path_profile=0 crouch_yaw_err=0.0deg crouch_yaw_corr=0.000 crouch_yaw_applied=false crouch_fwd_bias=0.000 crouch_fwd_applied=false same_dir_turn=false opp_turn_shape=false uphill_segment=true uphill_seg_floor=false uphill_roll_floor=true min_step_floor=true override=false timeout=false serial=[7,0.743,0.700]
[0m
[INFO] [1783998463.320977604] [cmd_vel_to_serial]: [0;96mserial tx: [7,0.358,0.314]
[0m
[INFO] [1783998463.321020638] [cmd_vel_to_serial]: [0;94mstep_debug mode=7 vx=0.336 wz=-0.120 left_m=0.0132 right_m=0.0116 fwd_m=0.0124 step_yaw=-0.0044 left_norm=0.358 right_norm=0.314 odom_y=2.697 odom_roll=1.7deg goal_y_err=0.000 odom_corr=0.000 odom_corr_applied=false path_lat_err=0.000 path_corr=0.000 path_corr_applied=false path_yaw_err=0.0deg path_yaw_corr=0.000 path_yaw_applied=false path_profile=0 crouch_yaw_err=0.0deg crouch_yaw_corr=0.000 crouch_yaw_applied=false crouch_fwd_bias=0.000 crouch_fwd_applied=false same_dir_turn=false opp_turn_shape=false uphill_segment=true uphill_seg_floor=false uphill_roll_floor=false min_step_floor=false override=false timeout=false serial=[7,0.358,0.314]
[0m
[INFO] [1783998463.500981853] [cmd_vel_to_serial]: [0;96mserial tx: [7,0.238,0.195]
[0m
[INFO] [1783998463.788756193] [cmd_vel_to_serial]: [0;96mserial tx: [7,0.700,0.743]
[0m
[INFO] [1783998463.788805039] [cmd_vel_to_serial]: [1;32mstep_debug mode=7 vx=0.214 wz=0.120 left_m=0.0259 right_m=0.0275 fwd_m=0.0267 step_yaw=0.0044 left_norm=0.700 right_norm=0.743 odom_y=2.838 odom_roll=2.1deg goal_y_err=0.000 odom_corr=0.000 odom_corr_applied=false path_lat_err=0.000 path_corr=0.000 path_corr_applied=false path_yaw_err=0.0deg path_yaw_corr=0.000 path_yaw_applied=false path_profile=0 crouch_yaw_err=0.0deg crouch_yaw_corr=0.000 crouch_yaw_applied=false crouch_fwd_bias=0.000 crouch_fwd_applied=false same_dir_turn=false opp_turn_shape=false uphill_segment=true uphill_seg_floor=false uphill_roll_floor=true min_step_floor=true override=false timeout=false serial=[7,0.700,0.743]
[0m
[INFO] [1783998463.824765630] [cmd_vel_to_serial]: [0;96mserial tx: [7,0.240,0.197]
[0m
[INFO] [1783998463.824810582] [cmd_vel_to_serial]: [0;94mstep_debug mode=7 vx=0.219 wz=-0.120 left_m=0.0089 right_m=0.0073 fwd_m=0.0081 step_yaw=-0.0044 left_norm=0.240 right_norm=0.197 odom_y=2.829 odom_roll=1.7deg goal_y_err=0.000 odom_corr=0.000 odom_corr_applied=false path_lat_err=0.000 path_corr=0.000 path_corr_applied=false path_yaw_err=0.0deg path_yaw_corr=0.000 path_yaw_applied=false path_profile=0 crouch_yaw_err=0.0deg crouch_yaw_corr=0.000 crouch_yaw_applied=false crouch_fwd_bias=0.000 crouch_fwd_applied=false same_dir_turn=false opp_turn_shape=false uphill_segment=true uphill_seg_floor=false uphill_roll_floor=false min_step_floor=false override=false timeout=false serial=[7,0.240,0.197]
[0m
[INFO] [1783998463.896944001] [cmd_vel_to_serial]: [0;96mserial tx: [7,0.743,0.700]
[0m
[INFO] [1783998463.896991116] [cmd_vel_to_serial]: [1;32mstep_debug mode=7 vx=0.215 wz=-0.120 left_m=0.0275 right_m=0.0259 fwd_m=0.0267 step_yaw=-0.0044 left_norm=0.743 right_norm=0.700 odom_y=2.842 odom_roll=2.1deg goal_y_err=0.000 odom_corr=0.000 odom_corr_applied=false path_lat_err=0.000 path_corr=0.000 path_corr_applied=false path_yaw_err=0.0deg path_yaw_corr=0.000 path_yaw_applied=false path_profile=0 crouch_yaw_err=0.0deg crouch_yaw_corr=0.000 crouch_yaw_applied=false crouch_fwd_bias=0.000 crouch_fwd_applied=false same_dir_turn=false opp_turn_shape=false uphill_segment=true uphill_seg_floor=false uphill_roll_floor=true min_step_floor=true override=false timeout=false serial=[7,0.743,0.700]
[0m
[INFO] [1783998464.077492453] [cmd_vel_to_serial]: [0;96mserial tx: [7,0.238,0.195]
[0m
[INFO] [1783998464.077552110] [cmd_vel_to_serial]: [0;94mstep_debug mode=7 vx=0.217 wz=-0.120 left_m=0.0088 right_m=0.0072 fwd_m=0.0080 step_yaw=-0.0044 left_norm=0.238 right_norm=0.195 odom_y=2.839 odom_roll=1.5deg goal_y_err=0.000 odom_corr=0.000 odom_corr_applied=false path_lat_err=0.000 path_corr=0.000 path_corr_applied=false path_yaw_err=0.0deg path_yaw_corr=0.000 path_yaw_applied=false path_profile=0 crouch_yaw_err=0.0deg crouch_yaw_corr=0.000 crouch_yaw_applied=false crouch_fwd_bias=0.000 crouch_fwd_applied=false same_dir_turn=false opp_turn_shape=false uphill_segment=true uphill_seg_floor=false uphill_roll_floor=false min_step_floor=false override=false timeout=false serial=[7,0.238,0.195]
[0m
[INFO] [1783998464.113312674] [cmd_vel_to_serial]: [0;96mserial tx: [7,0.743,0.700]
[0m
[INFO] [1783998464.113351668] [cmd_vel_to_serial]: [1;32mstep_debug mode=7 vx=0.201 wz=-0.120 left_m=0.0275 right_m=0.0259 fwd_m=0.0267 step_yaw=-0.0044 left_norm=0.743 right_norm=0.700 odom_y=2.858 odom_roll=4.9deg goal_y_err=0.000 odom_corr=0.000 odom_corr_applied=false path_lat_err=0.000 path_corr=0.000 path_corr_applied=false path_yaw_err=0.0deg path_yaw_corr=0.000 path_yaw_applied=false path_profile=0 crouch_yaw_err=0.0deg crouch_yaw_corr=0.000 crouch_yaw_applied=false crouch_fwd_bias=0.000 crouch_fwd_applied=false same_dir_turn=false opp_turn_shape=false uphill_segment=true uphill_seg_floor=false uphill_roll_floor=true min_step_floor=true override=false timeout=false serial=[7,0.743,0.700]
[0m
[INFO] [1783998464.221897212] [cmd_vel_to_serial]: [0;96mserial tx: [7,0.203,0.160]
[0m
[INFO] [1783998464.221949769] [cmd_vel_to_serial]: [0;94mstep_debug mode=7 vx=0.181 wz=-0.120 left_m=0.0075 right_m=0.0059 fwd_m=0.0067 step_yaw=-0.0044 left_norm=0.203 right_norm=0.160 odom_y=2.894 odom_roll=1.9deg goal_y_err=0.000 odom_corr=0.000 odom_corr_applied=false path_lat_err=0.000 path_corr=0.000 path_corr_applied=false path_yaw_err=0.0deg path_yaw_corr=0.000 path_yaw_applied=false path_profile=0 crouch_yaw_err=0.0deg crouch_yaw_corr=0.000 crouch_yaw_applied=false crouch_fwd_bias=0.000 crouch_fwd_applied=false same_dir_turn=false opp_turn_shape=false uphill_segment=true uphill_seg_floor=false uphill_roll_floor=false min_step_floor=false override=false timeout=false serial=[7,0.203,0.160]
[0m
[INFO] [1783998464.266494005] [cmd_vel_to_serial]: [1;35mUpdated uphill step floor segment state to false[0m
[INFO] [1783998464.266561069] [cmd_vel_to_serial]: [1;35mUpdated serial mode to 0[0m
[INFO] [1783998464.293960181] [cmd_vel_to_serial]: [0;96mserial tx: [0,0.200,0.200]
[0m
[INFO] [1783998464.293995074] [cmd_vel_to_serial]: [1;32mstep_debug mode=0 vx=0.129 wz=0.120 left_m=0.0074 right_m=0.0074 fwd_m=0.0074 step_yaw=0.0000 left_norm=0.200 right_norm=0.200 odom_y=2.938 odom_roll=2.8deg goal_y_err=0.000 odom_corr=0.000 odom_corr_applied=false path_lat_err=0.000 path_corr=0.000 path_corr_applied=false path_yaw_err=0.0deg path_yaw_corr=0.000 path_yaw_applied=false path_profile=0 crouch_yaw_err=0.0deg crouch_yaw_corr=0.000 crouch_yaw_applied=false crouch_fwd_bias=0.000 crouch_fwd_applied=false same_dir_turn=false opp_turn_shape=false uphill_segment=false uphill_seg_floor=false uphill_roll_floor=false min_step_floor=true override=false timeout=false serial=[0,0.200,0.200]
[0m
[INFO] [1783998464.583393224] [cmd_vel_to_serial]: [0;96mserial tx: [6,-0.400,0.500]
[0m
[INFO] [1783998464.583449175] [cmd_vel_to_serial]: [1;35mstep_debug mode=6 vx=0.000 wz=0.000 left_m=-0.0148 right_m=0.0185 fwd_m=0.0019 step_yaw=0.0926 left_norm=-0.400 right_norm=0.500 odom_y=3.044 odom_roll=0.3deg goal_y_err=0.000 odom_corr=0.000 odom_corr_applied=false path_lat_err=0.000 path_corr=0.000 path_corr_applied=false path_yaw_err=0.0deg path_yaw_corr=0.000 path_yaw_applied=false path_profile=0 crouch_yaw_err=0.0deg crouch_yaw_corr=0.000 crouch_yaw_applied=false crouch_fwd_bias=0.000 crouch_fwd_applied=false same_dir_turn=false opp_turn_shape=false uphill_segment=false uphill_seg_floor=false uphill_roll_floor=false min_step_floor=false override=true timeout=false serial=[6,-0.400,0.500]
[0m
[INFO] [1783998466.062197266] [cmd_vel_to_serial]: [1;35mUpdated serial mode to 2[0m
[INFO] [1783998466.068165998] [cmd_vel_to_serial]: [0;96mserial tx: [2,0.000,0.000]
[0m
[INFO] [1783998466.068200431] [cmd_vel_to_serial]: [1;35mstep_debug mode=2 vx=0.000 wz=0.000 left_m=0.0000 right_m=0.0000 fwd_m=0.0000 step_yaw=0.0000 left_norm=0.000 right_norm=0.000 odom_y=2.970 odom_roll=1.1deg goal_y_err=0.000 odom_corr=0.000 odom_corr_applied=false path_lat_err=0.000 path_corr=0.000 path_corr_applied=false path_yaw_err=0.0deg path_yaw_corr=0.000 path_yaw_applied=false path_profile=0 crouch_yaw_err=0.0deg crouch_yaw_corr=0.000 crouch_yaw_applied=false crouch_fwd_bias=0.000 crouch_fwd_applied=false same_dir_turn=false opp_turn_shape=false uphill_segment=false uphill_seg_floor=false uphill_roll_floor=false min_step_floor=false override=true timeout=false serial=[2,0.000,0.000]
[0m
[INFO] [1783998467.086398542] [cmd_vel_to_serial]: [0;96mserial tx: [2,-0.200,0.650]
[0m
[INFO] [1783998467.086452397] [cmd_vel_to_serial]: [1;35mstep_debug mode=2 vx=0.000 wz=0.000 left_m=-0.0074 right_m=0.0241 fwd_m=0.0083 step_yaw=0.0875 left_norm=-0.200 right_norm=0.650 odom_y=2.987 odom_roll=-6.0deg goal_y_err=0.000 odom_corr=0.000 odom_corr_applied=false path_lat_err=0.000 path_corr=0.000 path_corr_applied=false path_yaw_err=0.0deg path_yaw_corr=0.000 path_yaw_applied=false path_profile=0 crouch_yaw_err=0.0deg crouch_yaw_corr=0.000 crouch_yaw_applied=false crouch_fwd_bias=0.000 crouch_fwd_applied=false same_dir_turn=false opp_turn_shape=true uphill_segment=false uphill_seg_floor=false uphill_roll_floor=false min_step_floor=false override=true timeout=false serial=[2,-0.200,0.650]
[0m
[INFO] [1783998469.092331123] [cmd_vel_to_serial]: [0;96mserial tx: [2,-0.200,0.650]
[0m
[INFO] [1783998469.897783459] [cmd_vel_to_serial]: [0;96mserial tx: [2,0.650,-0.200]
[0m
[INFO] [1783998469.897865228] [cmd_vel_to_serial]: [0;94mstep_debug mode=2 vx=0.000 wz=-0.800 left_m=0.0241 right_m=-0.0074 fwd_m=0.0083 step_yaw=-0.0875 left_norm=0.650 right_norm=-0.200 odom_y=2.998 odom_roll=0.5deg goal_y_err=0.000 odom_corr=0.000 odom_corr_applied=false path_lat_err=0.000 path_corr=0.000 path_corr_applied=false path_yaw_err=0.0deg path_yaw_corr=0.000 path_yaw_applied=false path_profile=0 crouch_yaw_err=0.0deg crouch_yaw_corr=0.000 crouch_yaw_applied=false crouch_fwd_bias=0.000 crouch_fwd_applied=false same_dir_turn=false opp_turn_shape=true uphill_segment=false uphill_seg_floor=false uphill_roll_floor=false min_step_floor=false override=false timeout=false serial=[2,0.650,-0.200]
[0m
[INFO] [1783998470.226592774] [cmd_vel_to_serial]: [0;96mserial tx: [2,0.000,0.000]
[0m
[INFO] [1783998470.226693994] [cmd_vel_to_serial]: [1;35mstep_debug mode=2 vx=0.000 wz=0.000 left_m=0.0000 right_m=0.0000 fwd_m=0.0000 step_yaw=0.0000 left_norm=0.000 right_norm=0.000 odom_y=2.999 odom_roll=0.1deg goal_y_err=0.000 odom_corr=0.000 odom_corr_applied=false path_lat_err=0.000 path_corr=0.000 path_corr_applied=false path_yaw_err=0.0deg path_yaw_corr=0.000 path_yaw_applied=false path_profile=0 crouch_yaw_err=0.0deg crouch_yaw_corr=0.000 crouch_yaw_applied=false crouch_fwd_bias=0.000 crouch_fwd_applied=false same_dir_turn=false opp_turn_shape=false uphill_segment=false uphill_seg_floor=false uphill_roll_floor=false min_step_floor=false override=true timeout=false serial=[2,0.000,0.000]
[0m
[INFO] [1783998470.446270701] [cmd_vel_to_serial]: [0;96mserial tx: [2,0.650,-0.200]
[0m
[INFO] [1783998470.446304766] [cmd_vel_to_serial]: [0;94mstep_debug mode=2 vx=0.000 wz=-0.800 left_m=0.0241 right_m=-0.0074 fwd_m=0.0083 step_yaw=-0.0875 left_norm=0.650 right_norm=-0.200 odom_y=2.993 odom_roll=0.8deg goal_y_err=0.000 odom_corr=0.000 odom_corr_applied=false path_lat_err=0.000 path_corr=0.000 path_corr_applied=false path_yaw_err=0.0deg path_yaw_corr=0.000 path_yaw_applied=false path_profile=0 crouch_yaw_err=0.0deg crouch_yaw_corr=0.000 crouch_yaw_applied=false crouch_fwd_bias=0.000 crouch_fwd_applied=false same_dir_turn=false opp_turn_shape=true uphill_segment=false uphill_seg_floor=false uphill_roll_floor=false min_step_floor=false override=false timeout=false serial=[2,0.650,-0.200]
[0m
[INFO] [1783998470.483220917] [cmd_vel_to_serial]: [0;96mserial tx: [2,1.000,1.000]
[0m
[INFO] [1783998470.483263001] [cmd_vel_to_serial]: [1;35mstep_debug mode=2 vx=0.000 wz=0.000 left_m=0.0370 right_m=0.0370 fwd_m=0.0370 step_yaw=0.0000 left_norm=1.000 right_norm=1.000 odom_y=2.989 odom_roll=0.9deg goal_y_err=0.000 odom_corr=0.000 odom_corr_applied=false path_lat_err=0.000 path_corr=0.000 path_corr_applied=false path_yaw_err=0.0deg path_yaw_corr=0.000 path_yaw_applied=false path_profile=0 crouch_yaw_err=0.0deg crouch_yaw_corr=0.000 crouch_yaw_applied=false crouch_fwd_bias=0.000 crouch_fwd_applied=false same_dir_turn=false opp_turn_shape=false uphill_segment=false uphill_seg_floor=false uphill_roll_floor=false min_step_floor=false override=true timeout=false serial=[2,1.000,1.000]
[0m
[INFO] [1783998471.656140914] [cmd_vel_to_serial]: [0;96mserial tx: [2,-0.200,0.650]
[0m
[INFO] [1783998471.656184032] [cmd_vel_to_serial]: [1;35mstep_debug mode=2 vx=0.000 wz=0.000 left_m=-0.0074 right_m=0.0241 fwd_m=0.0083 step_yaw=0.0875 left_norm=-0.200 right_norm=0.650 odom_y=2.998 odom_roll=0.8deg goal_y_err=0.000 odom_corr=0.000 odom_corr_applied=false path_lat_err=0.000 path_corr=0.000 path_corr_applied=false path_yaw_err=0.0deg path_yaw_corr=0.000 path_yaw_applied=false path_profile=0 crouch_yaw_err=0.0deg crouch_yaw_corr=0.000 crouch_yaw_applied=false crouch_fwd_bias=0.000 crouch_fwd_applied=false same_dir_turn=false opp_turn_shape=true uphill_segment=false uphill_seg_floor=false uphill_roll_floor=false min_step_floor=false override=true timeout=false serial=[2,-0.200,0.650]
[0m
[INFO] [1783998473.455877784] [cmd_vel_to_serial]: [0;96mserial tx: [2,1.000,1.000]
[0m
[INFO] [1783998473.455924186] [cmd_vel_to_serial]: [1;35mstep_debug mode=2 vx=0.000 wz=0.000 left_m=0.0370 right_m=0.0370 fwd_m=0.0370 step_yaw=0.0000 left_norm=1.000 right_norm=1.000 odom_y=2.999 odom_roll=0.9deg goal_y_err=0.000 odom_corr=0.000 odom_corr_applied=false path_lat_err=0.000 path_corr=0.000 path_corr_applied=false path_yaw_err=0.0deg path_yaw_corr=0.000 path_yaw_applied=false path_profile=0 crouch_yaw_err=0.0deg crouch_yaw_corr=0.000 crouch_yaw_applied=false crouch_fwd_bias=0.000 crouch_fwd_applied=false same_dir_turn=false opp_turn_shape=false uphill_segment=false uphill_seg_floor=false uphill_roll_floor=false min_step_floor=false override=true timeout=false serial=[2,1.000,1.000]
[0m
[INFO] [1783998475.479812860] [cmd_vel_to_serial]: [0;96mserial tx: [2,1.000,1.000]
[0m
[INFO] [1783998476.474559480] [cmd_vel_to_serial]: [1;35mstep_debug mode=2 vx=0.000 wz=0.000 left_m=0.0370 right_m=0.0370 fwd_m=0.0370 step_yaw=0.0000 left_norm=1.000 right_norm=1.000 odom_y=3.011 odom_roll=1.1deg goal_y_err=0.000 odom_corr=0.000 odom_corr_applied=false path_lat_err=0.000 path_corr=0.000 path_corr_applied=false path_yaw_err=0.0deg path_yaw_corr=0.000 path_yaw_applied=false path_profile=0 crouch_yaw_err=0.0deg crouch_yaw_corr=0.000 crouch_yaw_applied=false crouch_fwd_bias=0.000 crouch_fwd_applied=false same_dir_turn=false opp_turn_shape=false uphill_segment=false uphill_seg_floor=false uphill_roll_floor=false min_step_floor=false override=true timeout=false serial=[2,1.000,1.000]
[0m
[INFO] [1783998477.506784292] [cmd_vel_to_serial]: [0;96mserial tx: [2,1.000,1.000]
[0m
[INFO] [1783998478.871717243] [cmd_vel_to_serial]: [0;96mserial tx: [2,-0.200,0.650]
[0m
[INFO] [1783998478.871770839] [cmd_vel_to_serial]: [1;35mstep_debug mode=2 vx=0.000 wz=0.000 left_m=-0.0074 right_m=0.0241 fwd_m=0.0083 step_yaw=0.0875 left_norm=-0.200 right_norm=0.650 odom_y=3.032 odom_roll=2.1deg goal_y_err=0.000 odom_corr=0.000 odom_corr_applied=false path_lat_err=0.000 path_corr=0.000 path_corr_applied=false path_yaw_err=0.0deg path_yaw_corr=0.000 path_yaw_applied=false path_profile=0 crouch_yaw_err=0.0deg crouch_yaw_corr=0.000 crouch_yaw_applied=false crouch_fwd_bias=0.000 crouch_fwd_applied=false same_dir_turn=false opp_turn_shape=true uphill_segment=false uphill_seg_floor=false uphill_roll_floor=false min_step_floor=false override=true timeout=false serial=[2,-0.200,0.650]
[0m
[INFO] [1783998480.274698540] [cmd_vel_to_serial]: [0;96mserial tx: [2,1.000,1.000]
[0m
[INFO] [1783998480.274748178] [cmd_vel_to_serial]: [1;35mstep_debug mode=2 vx=0.000 wz=0.000 left_m=0.0370 right_m=0.0370 fwd_m=0.0370 step_yaw=0.0000 left_norm=1.000 right_norm=1.000 odom_y=3.038 odom_roll=0.5deg goal_y_err=0.000 odom_corr=0.000 odom_corr_applied=false path_lat_err=0.000 path_corr=0.000 path_corr_applied=false path_yaw_err=0.0deg path_yaw_corr=0.000 path_yaw_applied=false path_profile=0 crouch_yaw_err=0.0deg crouch_yaw_corr=0.000 crouch_yaw_applied=false crouch_fwd_bias=0.000 crouch_fwd_applied=false same_dir_turn=false opp_turn_shape=false uphill_segment=false uphill_seg_floor=false uphill_roll_floor=false min_step_floor=false override=true timeout=false serial=[2,1.000,1.000]
[0m
[INFO] [1783998481.678211043] [cmd_vel_to_serial]: [0;96mserial tx: [2,-0.200,0.650]
[0m
[INFO] [1783998481.678270179] [cmd_vel_to_serial]: [1;35mstep_debug mode=2 vx=0.000 wz=0.000 left_m=-0.0074 right_m=0.0241 fwd_m=0.0083 step_yaw=0.0875 left_norm=-0.200 right_norm=0.650 odom_y=3.011 odom_roll=1.9deg goal_y_err=0.000 odom_corr=0.000 odom_corr_applied=false path_lat_err=0.000 path_corr=0.000 path_corr_applied=false path_yaw_err=0.0deg path_yaw_corr=0.000 path_yaw_applied=false path_profile=0 crouch_yaw_err=0.0deg crouch_yaw_corr=0.000 crouch_yaw_applied=false crouch_fwd_bias=0.000 crouch_fwd_applied=false same_dir_turn=false opp_turn_shape=true uphill_segment=false uphill_seg_floor=false uphill_roll_floor=false min_step_floor=false override=true timeout=false serial=[2,-0.200,0.650]
[0m
[INFO] [1783998483.710802094] [cmd_vel_to_serial]: [0;96mserial tx: [2,-0.200,0.650]
[0m
[INFO] [1783998483.747787696] [cmd_vel_to_serial]: [0;96mserial tx: [2,1.000,1.000]
[0m
[INFO] [1783998483.747825577] [cmd_vel_to_serial]: [1;35mstep_debug mode=2 vx=0.000 wz=0.000 left_m=0.0370 right_m=0.0370 fwd_m=0.0370 step_yaw=0.0000 left_norm=1.000 right_norm=1.000 odom_y=3.015 odom_roll=1.0deg goal_y_err=0.000 odom_corr=0.000 odom_corr_applied=false path_lat_err=0.000 path_corr=0.000 path_corr_applied=false path_yaw_err=0.0deg path_yaw_corr=0.000 path_yaw_applied=false path_profile=0 crouch_yaw_err=0.0deg crouch_yaw_corr=0.000 crouch_yaw_applied=false crouch_fwd_bias=0.000 crouch_fwd_applied=false same_dir_turn=false opp_turn_shape=false uphill_segment=false uphill_seg_floor=false uphill_roll_floor=false min_step_floor=false override=true timeout=false serial=[2,1.000,1.000]
[0m
[INFO] [1783998485.781547883] [cmd_vel_to_serial]: [0;96mserial tx: [2,1.000,1.000]
[0m
[INFO] [1783998486.780223129] [cmd_vel_to_serial]: [1;35mstep_debug mode=2 vx=0.000 wz=0.000 left_m=0.0370 right_m=0.0370 fwd_m=0.0370 step_yaw=0.0000 left_norm=1.000 right_norm=1.000 odom_y=3.020 odom_roll=-0.9deg goal_y_err=0.000 odom_corr=0.000 odom_corr_applied=false path_lat_err=0.000 path_corr=0.000 path_corr_applied=false path_yaw_err=0.0deg path_yaw_corr=0.000 path_yaw_applied=false path_profile=0 crouch_yaw_err=0.0deg crouch_yaw_corr=0.000 crouch_yaw_applied=false crouch_fwd_bias=0.000 crouch_fwd_applied=false same_dir_turn=false opp_turn_shape=false uphill_segment=false uphill_seg_floor=false uphill_roll_floor=false min_step_floor=false override=true timeout=false serial=[2,1.000,1.000]
[0m
[INFO] [1783998487.372089192] [cmd_vel_to_serial]: [0;96mserial tx: [2,-0.200,0.650]
[0m
[INFO] [1783998487.372145604] [cmd_vel_to_serial]: [1;35mstep_debug mode=2 vx=0.000 wz=0.000 left_m=-0.0074 right_m=0.0241 fwd_m=0.0083 step_yaw=0.0875 left_norm=-0.200 right_norm=0.650 odom_y=3.015 odom_roll=1.2deg goal_y_err=0.000 odom_corr=0.000 odom_corr_applied=false path_lat_err=0.000 path_corr=0.000 path_corr_applied=false path_yaw_err=0.0deg path_yaw_corr=0.000 path_yaw_applied=false path_profile=0 crouch_yaw_err=0.0deg crouch_yaw_corr=0.000 crouch_yaw_applied=false crouch_fwd_bias=0.000 crouch_fwd_applied=false same_dir_turn=false opp_turn_shape=true uphill_segment=false uphill_seg_floor=false uphill_roll_floor=false min_step_floor=true override=true timeout=false serial=[2,-0.200,0.650]
[0m
[INFO] [1783998487.557068751] [cmd_vel_to_serial]: [0;96mserial tx: [2,1.000,1.000]
[0m
[INFO] [1783998487.557124816] [cmd_vel_to_serial]: [1;35mstep_debug mode=2 vx=0.000 wz=0.000 left_m=0.0370 right_m=0.0370 fwd_m=0.0370 step_yaw=0.0000 left_norm=1.000 right_norm=1.000 odom_y=3.025 odom_roll=1.0deg goal_y_err=0.000 odom_corr=0.000 odom_corr_applied=false path_lat_err=0.000 path_corr=0.000 path_corr_applied=false path_yaw_err=0.0deg path_yaw_corr=0.000 path_yaw_applied=false path_profile=0 crouch_yaw_err=0.0deg crouch_yaw_corr=0.000 crouch_yaw_applied=false crouch_fwd_bias=0.000 crouch_fwd_applied=false same_dir_turn=false opp_turn_shape=false uphill_segment=false uphill_seg_floor=false uphill_roll_floor=false min_step_floor=false override=true timeout=false serial=[2,1.000,1.000]
[0m
[INFO] [1783998489.370160498] [cmd_vel_to_serial]: [0;96mserial tx: [2,-0.200,0.650]
[0m
[INFO] [1783998489.370219655] [cmd_vel_to_serial]: [1;35mstep_debug mode=2 vx=0.000 wz=0.000 left_m=-0.0074 right_m=0.0241 fwd_m=0.0083 step_yaw=0.0875 left_norm=-0.200 right_norm=0.650 odom_y=3.018 odom_roll=1.6deg goal_y_err=0.000 odom_corr=0.000 odom_corr_applied=false path_lat_err=0.000 path_corr=0.000 path_corr_applied=false path_yaw_err=0.0deg path_yaw_corr=0.000 path_yaw_applied=false path_profile=0 crouch_yaw_err=0.0deg crouch_yaw_corr=0.000 crouch_yaw_applied=false crouch_fwd_bias=0.000 crouch_fwd_applied=false same_dir_turn=false opp_turn_shape=true uphill_segment=false uphill_seg_floor=false uphill_roll_floor=false min_step_floor=true override=true timeout=false serial=[2,-0.200,0.650]
[0m
[INFO] [1783998490.369309219] [cmd_vel_to_serial]: [0;96mserial tx: [2,1.000,1.000]
[0m
[INFO] [1783998490.369366956] [cmd_vel_to_serial]: [1;35mstep_debug mode=2 vx=0.000 wz=0.000 left_m=0.0370 right_m=0.0370 fwd_m=0.0370 step_yaw=0.0000 left_norm=1.000 right_norm=1.000 odom_y=3.038 odom_roll=1.0deg goal_y_err=0.000 odom_corr=0.000 odom_corr_applied=false path_lat_err=0.000 path_corr=0.000 path_corr_applied=false path_yaw_err=0.0deg path_yaw_corr=0.000 path_yaw_applied=false path_profile=0 crouch_yaw_err=0.0deg crouch_yaw_corr=0.000 crouch_yaw_applied=false crouch_fwd_bias=0.000 crouch_fwd_applied=false same_dir_turn=false opp_turn_shape=false uphill_segment=false uphill_seg_floor=false uphill_roll_floor=false min_step_floor=false override=true timeout=false serial=[2,1.000,1.000]
[0m
[INFO] [1783998492.400450060] [cmd_vel_to_serial]: [0;96mserial tx: [2,1.000,1.000]
[0m
[INFO] [1783998493.388631908] [cmd_vel_to_serial]: [1;35mstep_debug mode=2 vx=0.000 wz=0.000 left_m=0.0370 right_m=0.0370 fwd_m=0.0370 step_yaw=0.0000 left_norm=1.000 right_norm=1.000 odom_y=3.030 odom_roll=0.7deg goal_y_err=0.000 odom_corr=0.000 odom_corr_applied=false path_lat_err=0.000 path_corr=0.000 path_corr_applied=false path_yaw_err=0.0deg path_yaw_corr=0.000 path_yaw_applied=false path_profile=0 crouch_yaw_err=0.0deg crouch_yaw_corr=0.000 crouch_yaw_applied=false crouch_fwd_bias=0.000 crouch_fwd_applied=false same_dir_turn=false opp_turn_shape=false uphill_segment=false uphill_seg_floor=false uphill_roll_floor=false min_step_floor=false override=true timeout=false serial=[2,1.000,1.000]
[0m
[INFO] [1783998493.571644666] [cmd_vel_to_serial]: [0;96mserial tx: [2,0.650,-0.200]
[0m
[INFO] [1783998493.571682132] [cmd_vel_to_serial]: [1;35mstep_debug mode=2 vx=0.000 wz=0.000 left_m=0.0241 right_m=-0.0074 fwd_m=0.0083 step_yaw=-0.0875 left_norm=0.650 right_norm=-0.200 odom_y=3.022 odom_roll=1.4deg goal_y_err=0.000 odom_corr=0.000 odom_corr_applied=false path_lat_err=0.000 path_corr=0.000 path_corr_applied=false path_yaw_err=0.0deg path_yaw_corr=0.000 path_yaw_applied=false path_profile=0 crouch_yaw_err=0.0deg crouch_yaw_corr=0.000 crouch_yaw_applied=false crouch_fwd_bias=0.000 crouch_fwd_applied=false same_dir_turn=false opp_turn_shape=true uphill_segment=false uphill_seg_floor=false uphill_roll_floor=false min_step_floor=true override=true timeout=false serial=[2,0.650,-0.200]
[0m
[INFO] [1783998494.378262934] [cmd_vel_to_serial]: [0;96mserial tx: [2,1.000,1.000]
[0m
[INFO] [1783998494.378309784] [cmd_vel_to_serial]: [1;35mstep_debug mode=2 vx=0.000 wz=0.000 left_m=0.0370 right_m=0.0370 fwd_m=0.0370 step_yaw=0.0000 left_norm=1.000 right_norm=1.000 odom_y=3.012 odom_roll=1.1deg goal_y_err=0.000 odom_corr=0.000 odom_corr_applied=false path_lat_err=0.000 path_corr=0.000 path_corr_applied=false path_yaw_err=0.0deg path_yaw_corr=0.000 path_yaw_applied=false path_profile=0 crouch_yaw_err=0.0deg crouch_yaw_corr=0.000 crouch_yaw_applied=false crouch_fwd_bias=0.000 crouch_fwd_applied=false same_dir_turn=false opp_turn_shape=false uphill_segment=false uphill_seg_floor=false uphill_roll_floor=false min_step_floor=false override=true timeout=false serial=[2,1.000,1.000]
[0m
[INFO] [1783998496.397992207] [cmd_vel_to_serial]: [0;96mserial tx: [2,1.000,1.000]
[0m
[INFO] [1783998497.059813861] [cmd_vel_to_serial]: [0;96mserial tx: [2,0.650,-0.200]
[0m
[INFO] [1783998497.059885010] [cmd_vel_to_serial]: [1;35mstep_debug mode=2 vx=0.000 wz=0.000 left_m=0.0241 right_m=-0.0074 fwd_m=0.0083 step_yaw=-0.0875 left_norm=0.650 right_norm=-0.200 odom_y=3.034 odom_roll=-0.6deg goal_y_err=0.000 odom_corr=0.000 odom_corr_applied=false path_lat_err=0.000 path_corr=0.000 path_corr_applied=false path_yaw_err=0.0deg path_yaw_corr=0.000 path_yaw_applied=false path_profile=0 crouch_yaw_err=0.0deg crouch_yaw_corr=0.000 crouch_yaw_applied=false crouch_fwd_bias=0.000 crouch_fwd_applied=false same_dir_turn=false opp_turn_shape=true uphill_segment=false uphill_seg_floor=false uphill_roll_floor=false min_step_floor=false override=true timeout=false serial=[2,0.650,-0.200]
[0m
[INFO] [1783998497.942893698] [cmd_vel_to_serial]: [0;96mserial tx: [2,1.000,1.000]
[0m
[INFO] [1783998497.942935428] [cmd_vel_to_serial]: [1;35mstep_debug mode=2 vx=0.000 wz=0.000 left_m=0.0370 right_m=0.0370 fwd_m=0.0370 step_yaw=0.0000 left_norm=1.000 right_norm=1.000 odom_y=3.015 odom_roll=0.9deg goal_y_err=0.000 odom_corr=0.000 odom_corr_applied=false path_lat_err=0.000 path_corr=0.000 path_corr_applied=false path_yaw_err=0.0deg path_yaw_corr=0.000 path_yaw_applied=false path_profile=0 crouch_yaw_err=0.0deg crouch_yaw_corr=0.000 crouch_yaw_applied=false crouch_fwd_bias=0.000 crouch_fwd_applied=false same_dir_turn=false opp_turn_shape=false uphill_segment=false uphill_seg_floor=false uphill_roll_floor=false min_step_floor=false override=true timeout=false serial=[2,1.000,1.000]
[0m
[INFO] [1783998499.969132486] [cmd_vel_to_serial]: [0;96mserial tx: [2,1.000,1.000]
[0m
[INFO] [1783998500.964393320] [cmd_vel_to_serial]: [1;35mstep_debug mode=2 vx=0.000 wz=0.000 left_m=0.0370 right_m=0.0370 fwd_m=0.0370 step_yaw=0.0000 left_norm=1.000 right_norm=1.000 odom_y=3.031 odom_roll=1.7deg goal_y_err=0.000 odom_corr=0.000 odom_corr_applied=false path_lat_err=0.000 path_corr=0.000 path_corr_applied=false path_yaw_err=0.0deg path_yaw_corr=0.000 path_yaw_applied=false path_profile=0 crouch_yaw_err=0.0deg crouch_yaw_corr=0.000 crouch_yaw_applied=false crouch_fwd_bias=0.000 crouch_fwd_applied=false same_dir_turn=false opp_turn_shape=false uphill_segment=false uphill_seg_floor=false uphill_roll_floor=false min_step_floor=false override=true timeout=false serial=[2,1.000,1.000]
[0m
[INFO] [1783998501.997205838] [cmd_vel_to_serial]: [0;96mserial tx: [2,1.000,1.000]
[0m
[INFO] [1783998503.990453049] [cmd_vel_to_serial]: [1;35mstep_debug mode=2 vx=0.000 wz=0.000 left_m=0.0370 right_m=0.0370 fwd_m=0.0370 step_yaw=0.0000 left_norm=1.000 right_norm=1.000 odom_y=3.031 odom_roll=1.3deg goal_y_err=0.000 odom_corr=0.000 odom_corr_applied=false path_lat_err=0.000 path_corr=0.000 path_corr_applied=false path_yaw_err=0.0deg path_yaw_corr=0.000 path_yaw_applied=false path_profile=0 crouch_yaw_err=0.0deg crouch_yaw_corr=0.000 crouch_yaw_applied=false crouch_fwd_bias=0.000 crouch_fwd_applied=false same_dir_turn=false opp_turn_shape=false uphill_segment=false uphill_seg_floor=false uphill_roll_floor=false min_step_floor=false override=true timeout=false serial=[2,1.000,1.000]
[0m
[INFO] [1783998504.027324289] [cmd_vel_to_serial]: [0;96mserial tx: [2,1.000,1.000]
[0m
[INFO] [1783998505.061427570] [cmd_vel_to_serial]: [0;96mserial tx: [2,-0.200,-0.200]
[0m
[INFO] [1783998505.061471941] [cmd_vel_to_serial]: [1;35mstep_debug mode=2 vx=0.000 wz=0.000 left_m=-0.0074 right_m=-0.0074 fwd_m=-0.0074 step_yaw=0.0000 left_norm=-0.200 right_norm=-0.200 odom_y=3.041 odom_roll=1.5deg goal_y_err=0.000 odom_corr=0.000 odom_corr_applied=false path_lat_err=0.000 path_corr=0.000 path_corr_applied=false path_yaw_err=0.0deg path_yaw_corr=0.000 path_yaw_applied=false path_profile=0 crouch_yaw_err=0.0deg crouch_yaw_corr=0.000 crouch_yaw_applied=false crouch_fwd_bias=0.000 crouch_fwd_applied=false same_dir_turn=false opp_turn_shape=false uphill_segment=false uphill_seg_floor=false uphill_roll_floor=false min_step_floor=false override=true timeout=false serial=[2,-0.200,-0.200]
[0m
[INFO] [1783998507.093533434] [cmd_vel_to_serial]: [0;96mserial tx: [2,-0.200,-0.200]
[0m
[INFO] [1783998508.091589090] [cmd_vel_to_serial]: [1;35mstep_debug mode=2 vx=0.000 wz=0.000 left_m=-0.0074 right_m=-0.0074 fwd_m=-0.0074 step_yaw=0.0000 left_norm=-0.200 right_norm=-0.200 odom_y=3.045 odom_roll=1.0deg goal_y_err=0.000 odom_corr=0.000 odom_corr_applied=false path_lat_err=0.000 path_corr=0.000 path_corr_applied=false path_yaw_err=0.0deg path_yaw_corr=0.000 path_yaw_applied=false path_profile=0 crouch_yaw_err=0.0deg crouch_yaw_corr=0.000 crouch_yaw_applied=false crouch_fwd_bias=0.000 crouch_fwd_applied=false same_dir_turn=false opp_turn_shape=false uphill_segment=false uphill_seg_floor=false uphill_roll_floor=false min_step_floor=false override=true timeout=false serial=[2,-0.200,-0.200]
[0m
[INFO] [1783998509.089650133] [cmd_vel_to_serial]: [0;96mserial tx: [2,0.000,0.000]
[0m
[INFO] [1783998510.075422173] [cmd_vel_to_serial]: [1;35mUpdated serial mode to 0[0m
[INFO] [1783998510.088184160] [cmd_vel_to_serial]: [0;96mserial tx: [0,0.000,0.000]
[0m
[INFO] [1783998510.088236095] [cmd_vel_to_serial]: [1;35mstep_debug mode=0 vx=0.000 wz=0.000 left_m=0.0000 right_m=0.0000 fwd_m=0.0000 step_yaw=0.0000 left_norm=0.000 right_norm=0.000 odom_y=3.046 odom_roll=1.1deg goal_y_err=0.000 odom_corr=0.000 odom_corr_applied=false path_lat_err=0.000 path_corr=0.000 path_corr_applied=false path_yaw_err=0.0deg path_yaw_corr=0.000 path_yaw_applied=false path_profile=0 crouch_yaw_err=0.0deg crouch_yaw_corr=0.000 crouch_yaw_applied=false crouch_fwd_bias=0.000 crouch_fwd_applied=false same_dir_turn=false opp_turn_shape=false uphill_segment=false uphill_seg_floor=false uphill_roll_floor=false min_step_floor=false override=true timeout=false serial=[0,0.000,0.000]
[0m
[INFO] [1783998511.937042114] [cmd_vel_to_serial]: [0;96mserial tx: [6,-0.350,0.600]
[0m
[INFO] [1783998511.937086177] [cmd_vel_to_serial]: [1;35mstep_debug mode=6 vx=0.000 wz=0.000 left_m=-0.0130 right_m=0.0222 fwd_m=0.0046 step_yaw=0.0977 left_norm=-0.350 right_norm=0.600 odom_y=3.013 odom_roll=1.0deg goal_y_err=0.000 odom_corr=0.000 odom_corr_applied=false path_lat_err=0.000 path_corr=0.000 path_corr_applied=false path_yaw_err=0.0deg path_yaw_corr=0.000 path_yaw_applied=false path_profile=0 crouch_yaw_err=0.0deg crouch_yaw_corr=0.000 crouch_yaw_applied=false crouch_fwd_bias=0.000 crouch_fwd_applied=false same_dir_turn=false opp_turn_shape=false uphill_segment=false uphill_seg_floor=false uphill_roll_floor=false min_step_floor=false override=true timeout=false serial=[6,-0.350,0.600]
[0m
[INFO] [1783998513.468841343] [cmd_vel_to_serial]: [1;35mUpdated path correction profile to 2 (0=off, 1=normal, 2=uphill_strong, 3=uphill_strong_sign_test)[0m
[INFO] [1783998513.490642742] [cmd_vel_to_serial]: [0;96mserial tx: [0,0.000,0.000]
[0m
[INFO] [1783998513.490681010] [cmd_vel_to_serial]: [1;35mstep_debug mode=0 vx=0.000 wz=0.000 left_m=0.0000 right_m=0.0000 fwd_m=0.0000 step_yaw=0.0000 left_norm=0.000 right_norm=0.000 odom_y=2.843 odom_roll=0.9deg goal_y_err=0.000 odom_corr=0.000 odom_corr_applied=false path_lat_err=0.000 path_corr=0.000 path_corr_applied=false path_yaw_err=0.0deg path_yaw_corr=0.000 path_yaw_applied=false path_profile=2 crouch_yaw_err=0.0deg crouch_yaw_corr=0.000 crouch_yaw_applied=false crouch_fwd_bias=0.000 crouch_fwd_applied=false same_dir_turn=false opp_turn_shape=false uphill_segment=false uphill_seg_floor=false uphill_roll_floor=false min_step_floor=false override=true timeout=false serial=[0,0.000,0.000]
[0m
[INFO] [1783998514.785411345] [cmd_vel_to_serial]: [0;96mserial tx: [6,-0.150,0.200]
[0m
[INFO] [1783998514.785453076] [cmd_vel_to_serial]: [1;35mstep_debug mode=6 vx=0.000 wz=0.000 left_m=-0.0056 right_m=0.0074 fwd_m=0.0009 step_yaw=0.0360 left_norm=-0.150 right_norm=0.200 odom_y=2.788 odom_roll=1.1deg goal_y_err=0.000 odom_corr=0.000 odom_corr_applied=false path_lat_err=0.000 path_corr=0.000 path_corr_applied=false path_yaw_err=0.0deg path_yaw_corr=0.000 path_yaw_applied=false path_profile=2 crouch_yaw_err=0.0deg crouch_yaw_corr=0.000 crouch_yaw_applied=false crouch_fwd_bias=0.000 crouch_fwd_applied=false same_dir_turn=false opp_turn_shape=false uphill_segment=false uphill_seg_floor=false uphill_roll_floor=false min_step_floor=false override=true timeout=false serial=[6,-0.150,0.200]
[0m
[INFO] [1783998515.118394627] [cmd_vel_to_serial]: [0;96mserial tx: [0,0.000,0.000]
[0m
[INFO] [1783998515.118449315] [cmd_vel_to_serial]: [1;35mstep_debug mode=0 vx=0.000 wz=0.000 left_m=0.0000 right_m=0.0000 fwd_m=0.0000 step_yaw=0.0000 left_norm=0.000 right_norm=0.000 odom_y=2.787 odom_roll=1.5deg goal_y_err=0.000 odom_corr=0.000 odom_corr_applied=false path_lat_err=0.000 path_corr=0.000 path_corr_applied=false path_yaw_err=0.0deg path_yaw_corr=0.000 path_yaw_applied=false path_profile=2 crouch_yaw_err=0.0deg crouch_yaw_corr=0.000 crouch_yaw_applied=false crouch_fwd_bias=0.000 crouch_fwd_applied=false same_dir_turn=false opp_turn_shape=false uphill_segment=false uphill_seg_floor=false uphill_roll_floor=false min_step_floor=false override=true timeout=false serial=[0,0.000,0.000]
[0m
[INFO] [1783998515.229364005] [cmd_vel_to_serial]: [0;96mserial tx: [0,0.250,0.250]
[0m
[INFO] [1783998515.451380366] [cmd_vel_to_serial]: [0;96mserial tx: [0,0.337,0.337]
[0m
[INFO] [1783998515.562358099] [cmd_vel_to_serial]: [1;35mstep_debug mode=0 vx=0.000 wz=0.000 left_m=0.0153 right_m=0.0153 fwd_m=0.0153 step_yaw=0.0000 left_norm=0.414 right_norm=0.414 odom_y=2.763 odom_roll=1.8deg goal_y_err=0.000 odom_corr=0.000 odom_corr_applied=false path_lat_err=0.010 path_corr=0.000 path_corr_applied=false path_yaw_err=-2.8deg path_yaw_corr=0.000 path_yaw_applied=false path_profile=2 crouch_yaw_err=0.0deg crouch_yaw_corr=0.000 crouch_yaw_applied=false crouch_fwd_bias=0.000 crouch_fwd_applied=false same_dir_turn=false opp_turn_shape=false uphill_segment=false uphill_seg_floor=false uphill_roll_floor=false min_step_floor=false override=true timeout=false serial=[0,0.414,0.414]
[0m
[INFO] [1783998515.673378140] [cmd_vel_to_serial]: [0;96mserial tx: [0,0.511,0.495]
[0m
[INFO] [1783998515.747396069] [cmd_vel_to_serial]: [0;96mserial tx: [0,0.604,0.584]
[0m
[INFO] [1783998515.858349489] [cmd_vel_to_serial]: [0;96mserial tx: [0,0.678,0.678]
[0m
[INFO] [1783998516.043338185] [cmd_vel_to_serial]: [0;96mserial tx: [0,0.789,0.789]
[0m
[INFO] [1783998516.043378127] [cmd_vel_to_serial]: [1;35mstep_debug mode=0 vx=0.000 wz=0.000 left_m=0.0292 right_m=0.0292 fwd_m=0.0292 step_yaw=0.0000 left_norm=0.789 right_norm=0.789 odom_y=2.582 odom_roll=1.4deg goal_y_err=0.000 odom_corr=0.000 odom_corr_applied=false path_lat_err=-0.009 path_corr=0.000 path_corr_applied=false path_yaw_err=-2.7deg path_yaw_corr=0.000 path_yaw_applied=false path_profile=2 crouch_yaw_err=0.0deg crouch_yaw_corr=0.000 crouch_yaw_applied=false crouch_fwd_bias=0.000 crouch_fwd_applied=false same_dir_turn=false opp_turn_shape=false uphill_segment=false uphill_seg_floor=false uphill_roll_floor=false min_step_floor=false override=true timeout=false serial=[0,0.789,0.789]
[0m
[INFO] [1783998518.078657516] [cmd_vel_to_serial]: [0;96mserial tx: [0,0.800,0.800]
[0m
[INFO] [1783998519.040575119] [cmd_vel_to_serial]: [0;96mserial tx: [0,-0.160,0.210]
[0m
[INFO] [1783998519.040611477] [cmd_vel_to_serial]: [1;35mstep_debug mode=0 vx=0.000 wz=0.000 left_m=-0.0059 right_m=0.0078 fwd_m=0.0009 step_yaw=0.0380 left_norm=-0.160 right_norm=0.210 odom_y=0.397 odom_roll=2.6deg goal_y_err=0.000 odom_corr=0.000 odom_corr_applied=false path_lat_err=0.002 path_corr=0.000 path_corr_applied=false path_yaw_err=4.0deg path_yaw_corr=0.027 path_yaw_applied=true path_profile=2 crouch_yaw_err=0.0deg crouch_yaw_corr=0.000 crouch_yaw_applied=false crouch_fwd_bias=0.000 crouch_fwd_applied=false same_dir_turn=false opp_turn_shape=false uphill_segment=false uphill_seg_floor=false uphill_roll_floor=false min_step_floor=false override=true timeout=false serial=[0,-0.160,0.210]
[0m
[INFO] [1783998519.558701847] [cmd_vel_to_serial]: [0;96mserial tx: [0,0.200,-0.150]
[0m
[INFO] [1783998519.558750058] [cmd_vel_to_serial]: [1;35mstep_debug mode=0 vx=0.000 wz=0.000 left_m=0.0074 right_m=-0.0056 fwd_m=0.0009 step_yaw=-0.0360 left_norm=0.200 right_norm=-0.150 odom_y=0.141 odom_roll=-9.4deg goal_y_err=0.000 odom_corr=0.000 odom_corr_applied=false path_lat_err=0.110 path_corr=0.096 path_corr_applied=true path_yaw_err=0.3deg path_yaw_corr=0.000 path_yaw_applied=false path_profile=2 crouch_yaw_err=0.0deg crouch_yaw_corr=0.000 crouch_yaw_applied=false crouch_fwd_bias=0.000 crouch_fwd_applied=false same_dir_turn=false opp_turn_shape=true uphill_segment=false uphill_seg_floor=false uphill_roll_floor=false min_step_floor=true override=true timeout=false serial=[0,0.200,-0.150]
[0m
[INFO] [1783998519.669751829] [cmd_vel_to_serial]: [0;96mserial tx: [0,0.297,-0.247]
[0m
[INFO] [1783998519.743841278] [cmd_vel_to_serial]: [0;96mserial tx: [0,0.468,-0.418]
[0m
[INFO] [1783998519.817784465] [cmd_vel_to_serial]: [0;96mserial tx: [0,0.379,-0.329]
[0m
[INFO] [1783998519.854764465] [cmd_vel_to_serial]: [0;96mserial tx: [0,0.200,-0.150]
[0m
[INFO] [1783998519.965772581] [cmd_vel_to_serial]: [0;96mserial tx: [0,0.540,-0.490]
[0m
[INFO] [1783998520.002810332] [cmd_vel_to_serial]: [1;35mstep_debug mode=0 vx=0.000 wz=0.000 left_m=0.0209 right_m=-0.0191 fwd_m=0.0009 step_yaw=-0.1111 left_norm=0.565 right_norm=-0.515 odom_y=0.299 odom_roll=-178.4deg goal_y_err=0.000 odom_corr=0.000 odom_corr_applied=false path_lat_err=0.612 path_corr=0.240 path_corr_applied=true path_yaw_err=-172.5deg path_yaw_corr=-0.300 path_yaw_applied=true path_profile=2 crouch_yaw_err=0.0deg crouch_yaw_corr=0.000 crouch_yaw_applied=false crouch_fwd_bias=0.000 crouch_fwd_applied=false same_dir_turn=false opp_turn_shape=false uphill_segment=false uphill_seg_floor=false uphill_roll_floor=false min_step_floor=false override=true timeout=false serial=[0,0.565,-0.515]
[0m
[INFO] [1783998520.078378376] [cmd_vel_to_serial]: [0;96mserial tx: [0,0.740,-0.690]
[0m
[INFO] [1783998522.112330853] [cmd_vel_to_serial]: [0;96mserial tx: [0,0.740,-0.690]
[0m
[INFO] [1783998522.149335522] [cmd_vel_to_serial]: [0;96mserial tx: [0,1.000,0.260]
[0m
[INFO] [1783998522.149385962] [cmd_vel_to_serial]: [1;35mstep_debug mode=0 vx=0.000 wz=0.000 left_m=0.0370 right_m=0.0096 fwd_m=0.0233 step_yaw=-0.0761 left_norm=1.000 right_norm=0.260 odom_y=0.185 odom_roll=177.4deg goal_y_err=0.000 odom_corr=0.000 odom_corr_applied=false path_lat_err=1.045 path_corr=0.240 path_corr_applied=true path_yaw_err=-172.4deg path_yaw_corr=-0.300 path_yaw_applied=true path_profile=2 crouch_yaw_err=0.0deg crouch_yaw_corr=0.000 crouch_yaw_applied=false crouch_fwd_bias=0.000 crouch_fwd_applied=false same_dir_turn=false opp_turn_shape=false uphill_segment=false uphill_seg_floor=false uphill_roll_floor=false min_step_floor=false override=true timeout=false serial=[0,1.000,0.260]
[0m
[INFO] [1783998522.334376586] [cmd_vel_to_serial]: [0;96mserial tx: [0,0.700,0.860]
[0m
[INFO] [1783998522.334413371] [cmd_vel_to_serial]: [1;35mstep_debug mode=0 vx=0.000 wz=0.000 left_m=0.0259 right_m=0.0319 fwd_m=0.0289 step_yaw=0.0165 left_norm=0.700 right_norm=0.860 odom_y=0.293 odom_roll=166.4deg goal_y_err=0.000 odom_corr=0.000 odom_corr_applied=false path_lat_err=0.872 path_corr=0.240 path_corr_applied=true path_yaw_err=177.7deg path_yaw_corr=0.300 path_yaw_applied=true path_profile=2 crouch_yaw_err=0.0deg crouch_yaw_corr=0.000 crouch_yaw_applied=false crouch_fwd_bias=0.000 crouch_fwd_applied=false same_dir_turn=false opp_turn_shape=false uphill_segment=false uphill_seg_floor=false uphill_roll_floor=false min_step_floor=false override=true timeout=false serial=[0,0.700,0.860]
[0m
[INFO] [1783998522.556412241] [cmd_vel_to_serial]: [0;96mserial tx: [0,-0.210,0.260]
[0m
[INFO] [1783998522.556459530] [cmd_vel_to_serial]: [1;35mstep_debug mode=0 vx=0.000 wz=0.000 left_m=-0.0078 right_m=0.0096 fwd_m=0.0009 step_yaw=0.0484 left_norm=-0.210 right_norm=0.260 odom_y=0.418 odom_roll=136.1deg goal_y_err=0.000 odom_corr=0.000 odom_corr_applied=false path_lat_err=0.872 path_corr=0.240 path_corr_applied=true path_yaw_err=117.9deg path_yaw_corr=0.300 path_yaw_applied=true path_profile=2 crouch_yaw_err=0.0deg crouch_yaw_corr=0.000 crouch_yaw_applied=false crouch_fwd_bias=0.000 crouch_fwd_applied=false same_dir_turn=false opp_turn_shape=false uphill_segment=false uphill_seg_floor=false uphill_roll_floor=false min_step_floor=false override=true timeout=false serial=[0,-0.210,0.260]
[0m
[INFO] [1783998523.000553935] [cmd_vel_to_serial]: [0;96mserial tx: [0,0.200,0.200]
[0m
[INFO] [1783998523.001166040] [cmd_vel_to_serial]: [1;35mstep_debug mode=0 vx=0.000 wz=0.000 left_m=0.0074 right_m=0.0074 fwd_m=0.0074 step_yaw=0.0000 left_norm=0.200 right_norm=0.200 odom_y=0.975 odom_roll=37.6deg goal_y_err=0.000 odom_corr=0.000 odom_corr_applied=false path_lat_err=0.617 path_corr=0.240 path_corr_applied=true path_yaw_err=5.4deg path_yaw_corr=0.063 path_yaw_applied=true path_profile=2 crouch_yaw_err=0.0deg crouch_yaw_corr=0.000 crouch_yaw_applied=false crouch_fwd_bias=0.000 crouch_fwd_applied=false same_dir_turn=false opp_turn_shape=false uphill_segment=false uphill_seg_floor=false uphill_roll_floor=false min_step_floor=true override=true timeout=false serial=[0,0.200,0.200]
[0m
[INFO] [1783998523.037547753] [cmd_vel_to_serial]: [0;96mserial tx: [0,0.200,-0.150]
[0m
[INFO] [1783998523.037587299] [cmd_vel_to_serial]: [1;35mstep_debug mode=0 vx=0.000 wz=0.000 left_m=0.0074 right_m=-0.0056 fwd_m=0.0009 step_yaw=-0.0360 left_norm=0.200 right_norm=-0.150 odom_y=1.063 odom_roll=29.6deg goal_y_err=0.000 odom_corr=0.000 odom_corr_applied=false path_lat_err=0.581 path_corr=0.240 path_corr_applied=true path_yaw_err=-1.7deg path_yaw_corr=0.000 path_yaw_applied=false path_profile=2 crouch_yaw_err=0.0deg crouch_yaw_corr=0.000 crouch_yaw_applied=false crouch_fwd_bias=0.000 crouch_fwd_applied=false same_dir_turn=false opp_turn_shape=true uphill_segment=false uphill_seg_floor=false uphill_roll_floor=false min_step_floor=true override=true timeout=false serial=[0,0.200,-0.150]
[0m
[INFO] [1783998523.074688239] [cmd_vel_to_serial]: [0;96mserial tx: [0,0.358,-0.308]
[0m
[INFO] [1783998523.111575616] [cmd_vel_to_serial]: [0;96mserial tx: [0,0.604,-0.554]
[0m
[INFO] [1783998523.111624891] [cmd_vel_to_serial]: [1;35mstep_debug mode=0 vx=0.000 wz=0.000 left_m=0.0224 right_m=-0.0205 fwd_m=0.0009 step_yaw=-0.1192 left_norm=0.604 right_norm=-0.554 odom_y=1.157 odom_roll=17.0deg goal_y_err=0.000 odom_corr=0.000 odom_corr_applied=false path_lat_err=0.534 path_corr=0.240 path_corr_applied=true path_yaw_err=-15.5deg path_yaw_corr=-0.300 path_yaw_applied=true path_profile=2 crouch_yaw_err=0.0deg crouch_yaw_corr=0.000 crouch_yaw_applied=false crouch_fwd_bias=0.000 crouch_fwd_applied=false same_dir_turn=false opp_turn_shape=false uphill_segment=false uphill_seg_floor=false uphill_roll_floor=false min_step_floor=false override=true timeout=false serial=[0,0.604,-0.554]
[0m
[INFO] [1783998523.148809953] [cmd_vel_to_serial]: [0;96mserial tx: [0,0.740,-0.690]
[0m
[INFO] [1783998523.740771665] [cmd_vel_to_serial]: [0;96mserial tx: [0,0.577,-0.527]
[0m
[INFO] [1783998523.777784318] [cmd_vel_to_serial]: [0;96mserial tx: [0,0.482,-0.432]
[0m
[INFO] [1783998523.851823307] [cmd_vel_to_serial]: [0;96mserial tx: [0,0.284,-0.234]
[0m
[INFO] [1783998523.888831465] [cmd_vel_to_serial]: [1;35mstep_debug mode=0 vx=0.000 wz=0.000 left_m=0.0076 right_m=-0.0074 fwd_m=0.0001 step_yaw=-0.0418 left_norm=0.206 right_norm=-0.200 odom_y=2.369 odom_roll=12.3deg goal_y_err=0.000 odom_corr=0.000 odom_corr_applied=false path_lat_err=0.055 path_corr=0.030 path_corr_applied=true path_yaw_err=-2.5deg path_yaw_corr=0.000 path_yaw_applied=false path_profile=2 crouch_yaw_err=0.0deg crouch_yaw_corr=0.000 crouch_yaw_applied=false crouch_fwd_bias=0.000 crouch_fwd_applied=false same_dir_turn=false opp_turn_shape=false uphill_segment=false uphill_seg_floor=false uphill_roll_floor=false min_step_floor=true override=true timeout=false serial=[0,0.206,-0.200]
[0m
[INFO] [1783998523.925788677] [cmd_vel_to_serial]: [0;96mserial tx: [0,0.200,-0.150]
[0m
[INFO] [1783998524.073934986] [cmd_vel_to_serial]: [0;96mserial tx: [0,0.200,0.200]
[0m
[INFO] [1783998524.073982813] [cmd_vel_to_serial]: [1;35mstep_debug mode=0 vx=0.000 wz=0.000 left_m=0.0074 right_m=0.0074 fwd_m=0.0074 step_yaw=0.0000 left_norm=0.200 right_norm=0.200 odom_y=2.482 odom_roll=11.9deg goal_y_err=0.000 odom_corr=0.000 odom_corr_applied=false path_lat_err=-0.038 path_corr=-0.010 path_corr_applied=true path_yaw_err=-1.4deg path_yaw_corr=0.000 path_yaw_applied=false path_profile=2 crouch_yaw_err=0.0deg crouch_yaw_corr=0.000 crouch_yaw_applied=false crouch_fwd_bias=0.000 crouch_fwd_applied=false same_dir_turn=false opp_turn_shape=false uphill_segment=false uphill_seg_floor=false uphill_roll_floor=false min_step_floor=true override=true timeout=false serial=[0,0.200,0.200]
[0m
[INFO] [1783998524.258915831] [cmd_vel_to_serial]: [0;96mserial tx: [0,0.200,-0.150]
[0m
[INFO] [1783998524.258956204] [cmd_vel_to_serial]: [1;35mstep_debug mode=0 vx=0.000 wz=0.000 left_m=0.0074 right_m=-0.0056 fwd_m=0.0009 step_yaw=-0.0360 left_norm=0.200 right_norm=-0.150 odom_y=2.565 odom_roll=10.2deg goal_y_err=0.000 odom_corr=0.000 odom_corr_applied=false path_lat_err=-0.077 path_corr=-0.057 path_corr_applied=true path_yaw_err=-4.0deg path_yaw_corr=-0.027 path_yaw_applied=true path_profile=2 crouch_yaw_err=0.0deg crouch_yaw_corr=0.000 crouch_yaw_applied=false crouch_fwd_bias=0.000 crouch_fwd_applied=false same_dir_turn=false opp_turn_shape=true uphill_segment=false uphill_seg_floor=false uphill_roll_floor=false min_step_floor=true override=true timeout=false serial=[0,0.200,-0.150]
[0m
[INFO] [1783998524.369975533] [cmd_vel_to_serial]: [0;96mserial tx: [0,0.200,0.200]
[0m
[INFO] [1783998524.370027740] [cmd_vel_to_serial]: [1;35mstep_debug mode=0 vx=0.000 wz=0.000 left_m=0.0074 right_m=0.0074 fwd_m=0.0074 step_yaw=0.0000 left_norm=0.200 right_norm=0.200 odom_y=2.585 odom_roll=15.8deg goal_y_err=0.000 odom_corr=0.000 odom_corr_applied=false path_lat_err=-0.051 path_corr=-0.025 path_corr_applied=true path_yaw_err=2.0deg path_yaw_corr=0.000 path_yaw_applied=false path_profile=2 crouch_yaw_err=0.0deg crouch_yaw_corr=0.000 crouch_yaw_applied=false crouch_fwd_bias=0.000 crouch_fwd_applied=false same_dir_turn=false opp_turn_shape=false uphill_segment=false uphill_seg_floor=false uphill_roll_floor=false min_step_floor=true override=true timeout=false serial=[0,0.200,0.200]
[0m
[INFO] [1783998524.444056958] [cmd_vel_to_serial]: [0;96mserial tx: [0,-0.150,0.200]
[0m
[INFO] [1783998524.444103310] [cmd_vel_to_serial]: [1;35mstep_debug mode=0 vx=0.000 wz=0.000 left_m=-0.0056 right_m=0.0074 fwd_m=0.0009 step_yaw=0.0360 left_norm=-0.150 right_norm=0.200 odom_y=2.580 odom_roll=16.9deg goal_y_err=0.000 odom_corr=0.000 odom_corr_applied=false path_lat_err=-0.039 path_corr=-0.010 path_corr_applied=true path_yaw_err=3.3deg path_yaw_corr=0.007 path_yaw_applied=true path_profile=2 crouch_yaw_err=0.0deg crouch_yaw_corr=0.000 crouch_yaw_applied=false crouch_fwd_bias=0.000 crouch_fwd_applied=false same_dir_turn=false opp_turn_shape=true uphill_segment=false uphill_seg_floor=false uphill_roll_floor=false min_step_floor=true override=true timeout=false serial=[0,-0.150,0.200]
[0m
[INFO] [1783998524.666381613] [cmd_vel_to_serial]: [0;96mserial tx: [0,0.200,0.200]
[0m
[INFO] [1783998524.666604673] [cmd_vel_to_serial]: [1;35mstep_debug mode=0 vx=0.000 wz=0.000 left_m=0.0074 right_m=0.0074 fwd_m=0.0074 step_yaw=0.0000 left_norm=0.200 right_norm=0.200 odom_y=2.639 odom_roll=19.2deg goal_y_err=0.000 odom_corr=0.000 odom_corr_applied=false path_lat_err=-0.060 path_corr=-0.036 path_corr_applied=true path_yaw_err=-3.5deg path_yaw_corr=-0.013 path_yaw_applied=true path_profile=2 crouch_yaw_err=0.0deg crouch_yaw_corr=0.000 crouch_yaw_applied=false crouch_fwd_bias=0.000 crouch_fwd_applied=false same_dir_turn=false opp_turn_shape=false uphill_segment=false uphill_seg_floor=false uphill_roll_floor=false min_step_floor=true override=true timeout=false serial=[0,0.200,0.200]
[0m
[INFO] [1783998524.740405800] [cmd_vel_to_serial]: [0;96mserial tx: [0,0.220,-0.200]
[0m
[INFO] [1783998524.740465002] [cmd_vel_to_serial]: [1;35mstep_debug mode=0 vx=0.000 wz=0.000 left_m=0.0081 right_m=-0.0074 fwd_m=0.0004 step_yaw=-0.0432 left_norm=0.220 right_norm=-0.200 odom_y=2.640 odom_roll=18.7deg goal_y_err=0.000 odom_corr=0.000 odom_corr_applied=false path_lat_err=-0.038 path_corr=-0.009 path_corr_applied=true path_yaw_err=-4.3deg path_yaw_corr=-0.033 path_yaw_applied=true path_profile=2 crouch_yaw_err=0.0deg crouch_yaw_corr=0.000 crouch_yaw_applied=false crouch_fwd_bias=0.000 crouch_fwd_applied=false same_dir_turn=false opp_turn_shape=false uphill_segment=false uphill_seg_floor=false uphill_roll_floor=false min_step_floor=true override=true timeout=false serial=[0,0.220,-0.200]
[0m
[INFO] [1783998524.777486812] [cmd_vel_to_serial]: [0;96mserial tx: [0,0.328,-0.278]
[0m
[INFO] [1783998524.888628852] [cmd_vel_to_serial]: [0;96mserial tx: [0,0.477,-0.427]
[0m
[INFO] [1783998525.673114022] [cmd_vel_to_serial]: [0;96mserial tx: [0,1.000,0.500]
[0m
[INFO] [1783998525.673146427] [cmd_vel_to_serial]: [1;35mstep_debug mode=0 vx=0.000 wz=0.000 left_m=0.0370 right_m=0.0185 fwd_m=0.0278 step_yaw=-0.0514 left_norm=1.000 right_norm=0.500 odom_y=2.422 odom_roll=-1.7deg goal_y_err=0.000 odom_corr=0.000 odom_corr_applied=false path_lat_err=0.017 path_corr=0.000 path_corr_applied=false path_yaw_err=-22.4deg path_yaw_corr=-0.300 path_yaw_applied=true path_profile=2 crouch_yaw_err=0.0deg crouch_yaw_corr=0.000 crouch_yaw_applied=false crouch_fwd_bias=0.000 crouch_fwd_applied=false same_dir_turn=false opp_turn_shape=false uphill_segment=false uphill_seg_floor=false uphill_roll_floor=false min_step_floor=false override=true timeout=false serial=[0,1.000,0.500]
[0m
[INFO] [1783998525.972380713] [cmd_vel_to_serial]: [0;96mserial tx: [0,0.929,0.671]
[0m
[INFO] [1783998526.084553860] [cmd_vel_to_serial]: [0;96mserial tx: [0,0.845,0.755]
[0m
[INFO] [1783998528.101029174] [cmd_vel_to_serial]: [0;96mserial tx: [0,0.798,0.802]
[0m
[INFO] [1783998528.697731090] [cmd_vel_to_serial]: [1;35mstep_debug mode=0 vx=0.000 wz=0.000 left_m=0.0296 right_m=0.0296 fwd_m=0.0296 step_yaw=0.0000 left_norm=0.800 right_norm=0.800 odom_y=2.623 odom_roll=1.1deg goal_y_err=0.000 odom_corr=0.000 odom_corr_applied=false path_lat_err=-0.027 path_corr=0.000 path_corr_applied=false path_yaw_err=-0.1deg path_yaw_corr=0.000 path_yaw_applied=false path_profile=2 crouch_yaw_err=0.0deg crouch_yaw_corr=0.000 crouch_yaw_applied=false crouch_fwd_bias=0.000 crouch_fwd_applied=false same_dir_turn=false opp_turn_shape=false uphill_segment=false uphill_seg_floor=false uphill_roll_floor=false min_step_floor=false override=true timeout=false serial=[0,0.800,0.800]
[0m
[INFO] [1783998530.113864884] [cmd_vel_to_serial]: [0;96mserial tx: [0,0.800,0.800]
[0m
[INFO] [1783998531.714653387] [cmd_vel_to_serial]: [1;35mstep_debug mode=0 vx=0.000 wz=0.000 left_m=0.0289 right_m=0.0304 fwd_m=0.0296 step_yaw=0.0041 left_norm=0.780 right_norm=0.820 odom_y=2.637 odom_roll=2.5deg goal_y_err=0.000 odom_corr=0.000 odom_corr_applied=false path_lat_err=-0.046 path_corr=-0.020 path_corr_applied=true path_yaw_err=-2.8deg path_yaw_corr=0.000 path_yaw_applied=false path_profile=2 crouch_yaw_err=0.0deg crouch_yaw_corr=0.000 crouch_yaw_applied=false crouch_fwd_bias=0.000 crouch_fwd_applied=false same_dir_turn=false opp_turn_shape=false uphill_segment=false uphill_seg_floor=false uphill_roll_floor=false min_step_floor=false override=true timeout=false serial=[0,0.780,0.820]
[0m
[INFO] [1783998532.123956436] [cmd_vel_to_serial]: [0;96mserial tx: [0,0.794,0.806]
[0m
[INFO] [1783998534.131853804] [cmd_vel_to_serial]: [0;96mserial tx: [0,0.798,0.802]
[0m
[INFO] [1783998534.726434390] [cmd_vel_to_serial]: [1;35mstep_debug mode=0 vx=0.000 wz=0.000 left_m=0.0296 right_m=0.0296 fwd_m=0.0296 step_yaw=0.0000 left_norm=0.800 right_norm=0.800 odom_y=2.618 odom_roll=1.2deg goal_y_err=0.000 odom_corr=0.000 odom_corr_applied=false path_lat_err=-0.028 path_corr=0.000 path_corr_applied=false path_yaw_err=-1.9deg path_yaw_corr=0.000 path_yaw_applied=false path_profile=2 crouch_yaw_err=0.0deg crouch_yaw_corr=0.000 crouch_yaw_applied=false crouch_fwd_bias=0.000 crouch_fwd_applied=false same_dir_turn=false opp_turn_shape=false uphill_segment=false uphill_seg_floor=false uphill_roll_floor=false min_step_floor=false override=true timeout=false serial=[0,0.800,0.800]
[0m
[INFO] [1783998536.138135762] [cmd_vel_to_serial]: [0;96mserial tx: [0,0.793,0.807]
[0m
[INFO] [1783998536.363078860] [cmd_vel_to_serial]: [1;35mUpdated serial mode to 7[0m
[INFO] [1783998536.398099960] [cmd_vel_to_serial]: [0;96mserial tx: [7,-0.144,0.144]
[0m
[INFO] [1783998536.398149619] [cmd_vel_to_serial]: [0;94mstep_debug mode=7 vx=0.000 wz=0.800 left_m=-0.0053 right_m=0.0053 fwd_m=0.0000 step_yaw=0.0296 left_norm=-0.144 right_norm=0.144 odom_y=2.630 odom_roll=1.0deg goal_y_err=0.000 odom_corr=0.000 odom_corr_applied=false path_lat_err=0.000 path_corr=0.000 path_corr_applied=false path_yaw_err=0.0deg path_yaw_corr=0.000 path_yaw_applied=false path_profile=2 crouch_yaw_err=0.0deg crouch_yaw_corr=0.000 crouch_yaw_applied=false crouch_fwd_bias=0.000 crouch_fwd_applied=false same_dir_turn=false opp_turn_shape=false uphill_segment=false uphill_seg_floor=false uphill_roll_floor=false min_step_floor=false override=false timeout=false serial=[7,-0.144,0.144]
[0m
[INFO] [1783998536.449053390] [cmd_vel_to_serial]: [1;35mUpdated serial mode to 0[0m
[INFO] [1783998536.472377688] [cmd_vel_to_serial]: [0;96mserial tx: [0,0.000,0.000]
[0m
[INFO] [1783998536.472423759] [cmd_vel_to_serial]: [1;35mstep_debug mode=0 vx=0.000 wz=0.000 left_m=0.0000 right_m=0.0000 fwd_m=0.0000 step_yaw=0.0000 left_norm=0.000 right_norm=0.000 odom_y=2.626 odom_roll=0.6deg goal_y_err=0.000 odom_corr=0.000 odom_corr_applied=false path_lat_err=0.000 path_corr=0.000 path_corr_applied=false path_yaw_err=0.0deg path_yaw_corr=0.000 path_yaw_applied=false path_profile=2 crouch_yaw_err=0.0deg crouch_yaw_corr=0.000 crouch_yaw_applied=false crouch_fwd_bias=0.000 crouch_fwd_applied=false same_dir_turn=false opp_turn_shape=false uphill_segment=false uphill_seg_floor=false uphill_roll_floor=false min_step_floor=false override=true timeout=false serial=[0,0.000,0.000]
[0m
[INFO] [1783998536.583755354] [cmd_vel_to_serial]: [0;96mserial tx: [0,0.250,0.250]
[0m
[INFO] [1783998536.843778530] [cmd_vel_to_serial]: [0;96mserial tx: [0,0.381,0.381]
[0m
[INFO] [1783998536.843827125] [cmd_vel_to_serial]: [1;35mstep_debug mode=0 vx=0.000 wz=0.000 left_m=0.0141 right_m=0.0141 fwd_m=0.0141 step_yaw=0.0000 left_norm=0.381 right_norm=0.381 odom_y=2.617 odom_roll=2.7deg goal_y_err=0.000 odom_corr=0.000 odom_corr_applied=false path_lat_err=-0.001 path_corr=0.000 path_corr_applied=false path_yaw_err=0.5deg path_yaw_corr=0.000 path_yaw_applied=false path_profile=2 crouch_yaw_err=0.0deg crouch_yaw_corr=0.000 crouch_yaw_applied=false crouch_fwd_bias=0.000 crouch_fwd_applied=false same_dir_turn=false opp_turn_shape=false uphill_segment=false uphill_seg_floor=false uphill_roll_floor=false min_step_floor=false override=true timeout=false serial=[0,0.381,0.381]
[0m
[INFO] [1783998536.955208469] [cmd_vel_to_serial]: [0;96mserial tx: [0,0.467,0.467]
[0m
[INFO] [1783998537.066594999] [cmd_vel_to_serial]: [0;96mserial tx: [0,0.558,0.558]
[0m
[INFO] [1783998537.140824416] [cmd_vel_to_serial]: [0;96mserial tx: [0,0.646,0.646]
[0m
[INFO] [1783998537.363573451] [cmd_vel_to_serial]: [0;96mserial tx: [0,0.776,0.776]
[0m
[INFO] [1783998537.363616925] [cmd_vel_to_serial]: [1;35mstep_debug mode=0 vx=0.000 wz=0.000 left_m=0.0287 right_m=0.0287 fwd_m=0.0287 step_yaw=0.0000 left_norm=0.776 right_norm=0.776 odom_y=2.382 odom_roll=4.2deg goal_y_err=0.000 odom_corr=0.000 odom_corr_applied=false path_lat_err=-0.002 path_corr=0.000 path_corr_applied=false path_yaw_err=0.6deg path_yaw_corr=0.000 path_yaw_applied=false path_profile=2 crouch_yaw_err=0.0deg crouch_yaw_corr=0.000 crouch_yaw_applied=false crouch_fwd_bias=0.000 crouch_fwd_applied=false same_dir_turn=false opp_turn_shape=false uphill_segment=false uphill_seg_floor=false uphill_roll_floor=false min_step_floor=false override=true timeout=false serial=[0,0.776,0.776]
[0m
[INFO] [1783998539.368040852] [cmd_vel_to_serial]: [0;96mserial tx: [0,0.800,0.800]
[0m
[INFO] [1783998540.370136054] [cmd_vel_to_serial]: [1;35mstep_debug mode=0 vx=0.000 wz=0.000 left_m=0.0297 right_m=0.0295 fwd_m=0.0296 step_yaw=-0.0007 left_norm=0.803 right_norm=0.797 odom_y=0.228 odom_roll=0.6deg goal_y_err=0.000 odom_corr=0.000 odom_corr_applied=false path_lat_err=0.033 path_corr=0.003 path_corr_applied=true path_yaw_err=2.9deg path_yaw_corr=0.000 path_yaw_applied=false path_profile=2 crouch_yaw_err=0.0deg crouch_yaw_corr=0.000 crouch_yaw_applied=false crouch_fwd_bias=0.000 crouch_fwd_applied=false same_dir_turn=false opp_turn_shape=false uphill_segment=false uphill_seg_floor=false uphill_roll_floor=false min_step_floor=false override=true timeout=false serial=[0,0.803,0.797]
[0m
[INFO] [1783998541.186145641] [cmd_vel_to_serial]: [0;96mserial tx: [0,0.000,0.000]
[0m
[INFO] [1783998541.186197882] [cmd_vel_to_serial]: [1;35mstep_debug mode=0 vx=0.000 wz=0.000 left_m=0.0000 right_m=0.0000 fwd_m=0.0000 step_yaw=0.0000 left_norm=0.000 right_norm=0.000 odom_y=-0.353 odom_roll=2.4deg goal_y_err=0.000 odom_corr=0.000 odom_corr_applied=false path_lat_err=0.000 path_corr=0.000 path_corr_applied=false path_yaw_err=0.0deg path_yaw_corr=0.000 path_yaw_applied=false path_profile=2 crouch_yaw_err=0.0deg crouch_yaw_corr=0.000 crouch_yaw_applied=false crouch_fwd_bias=0.000 crouch_fwd_applied=false same_dir_turn=false opp_turn_shape=false uphill_segment=false uphill_seg_floor=false uphill_roll_floor=false min_step_floor=false override=true timeout=false serial=[0,0.000,0.000]
[0m
[INFO] [1783998541.298645621] [cmd_vel_to_serial]: [0;96mserial tx: [6,-0.400,0.850]
[0m
[INFO] [1783998541.298710529] [cmd_vel_to_serial]: [1;35mstep_debug mode=6 vx=0.000 wz=0.000 left_m=-0.0148 right_m=0.0315 fwd_m=0.0083 step_yaw=0.1286 left_norm=-0.400 right_norm=0.850 odom_y=-0.447 odom_roll=1.5deg goal_y_err=0.000 odom_corr=0.000 odom_corr_applied=false path_lat_err=0.000 path_corr=0.000 path_corr_applied=false path_yaw_err=0.0deg path_yaw_corr=0.000 path_yaw_applied=false path_profile=2 crouch_yaw_err=0.0deg crouch_yaw_corr=0.000 crouch_yaw_applied=false crouch_fwd_bias=0.000 crouch_fwd_applied=false same_dir_turn=false opp_turn_shape=false uphill_segment=false uphill_seg_floor=false uphill_roll_floor=false min_step_floor=false override=true timeout=false serial=[6,-0.400,0.850]
[0m
[INFO] [1783998542.015585365] [cmd_vel_to_serial]: [1;35mUpdated path correction profile to 0 (0=off, 1=normal, 2=uphill_strong, 3=uphill_strong_sign_test)[0m
[INFO] [1783998542.039419320] [cmd_vel_to_serial]: [0;96mserial tx: [0,0.000,0.000]
[0m
[INFO] [1783998542.039471347] [cmd_vel_to_serial]: [1;35mstep_debug mode=0 vx=0.000 wz=0.000 left_m=0.0000 right_m=0.0000 fwd_m=0.0000 step_yaw=0.0000 left_norm=0.000 right_norm=0.000 odom_y=-0.706 odom_roll=1.3deg goal_y_err=0.000 odom_corr=0.000 odom_corr_applied=false path_lat_err=0.000 path_corr=0.000 path_corr_applied=false path_yaw_err=0.0deg path_yaw_corr=0.000 path_yaw_applied=false path_profile=0 crouch_yaw_err=0.0deg crouch_yaw_corr=0.000 crouch_yaw_applied=false crouch_fwd_bias=0.000 crouch_fwd_applied=false same_dir_turn=false opp_turn_shape=false uphill_segment=false uphill_seg_floor=false uphill_roll_floor=false min_step_floor=false override=true timeout=false serial=[0,0.000,0.000]
[0m
[INFO] [1783998542.118437904] [cmd_vel_to_serial]: [1;35mUpdated path correction profile to 2 (0=off, 1=normal, 2=uphill_strong, 3=uphill_strong_sign_test)[0m
[INFO] [1783998542.150942516] [cmd_vel_to_serial]: [0;96mserial tx: [7,0.800,0.800]
[0m
[INFO] [1783998542.150992918] [cmd_vel_to_serial]: [1;35mstep_debug mode=7 vx=0.000 wz=0.000 left_m=0.0296 right_m=0.0296 fwd_m=0.0296 step_yaw=0.0000 left_norm=0.800 right_norm=0.800 odom_y=-0.713 odom_roll=0.8deg goal_y_err=0.000 odom_corr=0.000 odom_corr_applied=false path_lat_err=0.000 path_corr=0.000 path_corr_applied=false path_yaw_err=0.0deg path_yaw_corr=0.000 path_yaw_applied=false path_profile=2 crouch_yaw_err=0.0deg crouch_yaw_corr=0.000 crouch_yaw_applied=false crouch_fwd_bias=0.000 crouch_fwd_applied=false same_dir_turn=false opp_turn_shape=false uphill_segment=false uphill_seg_floor=false uphill_roll_floor=false min_step_floor=false override=true timeout=false serial=[7,0.800,0.800]
[0m
[INFO] [1783998543.745591982] [cmd_vel_to_serial]: [0;96mserial tx: [0,-0.180,0.200]
[0m
[INFO] [1783998543.745685023] [cmd_vel_to_serial]: [1;32mstep_debug mode=0 vx=0.000 wz=0.800 left_m=-0.0067 right_m=0.0074 fwd_m=0.0004 step_yaw=0.0391 left_norm=-0.180 right_norm=0.200 odom_y=-0.984 odom_roll=-4.5deg goal_y_err=0.000 odom_corr=0.000 odom_corr_applied=false path_lat_err=0.000 path_corr=0.000 path_corr_applied=false path_yaw_err=0.0deg path_yaw_corr=0.000 path_yaw_applied=false path_profile=2 crouch_yaw_err=0.0deg crouch_yaw_corr=0.000 crouch_yaw_applied=false crouch_fwd_bias=0.000 crouch_fwd_applied=false same_dir_turn=false opp_turn_shape=true uphill_segment=false uphill_seg_floor=false uphill_roll_floor=false min_step_floor=true override=false timeout=false serial=[0,-0.180,0.200]
[0m
[INFO] [1783998543.819699563] [cmd_vel_to_serial]: [0;96mserial tx: [7,0.700,-0.600]
[0m
[INFO] [1783998543.819732467] [cmd_vel_to_serial]: [1;35mstep_debug mode=7 vx=0.000 wz=0.000 left_m=0.0259 right_m=-0.0222 fwd_m=0.0019 step_yaw=-0.1338 left_norm=0.700 right_norm=-0.600 odom_y=-1.007 odom_roll=-2.7deg goal_y_err=0.000 odom_corr=0.000 odom_corr_applied=false path_lat_err=0.000 path_corr=0.000 path_corr_applied=false path_yaw_err=0.0deg path_yaw_corr=0.000 path_yaw_applied=false path_profile=2 crouch_yaw_err=0.0deg crouch_yaw_corr=0.000 crouch_yaw_applied=false crouch_fwd_bias=0.000 crouch_fwd_applied=false same_dir_turn=false opp_turn_shape=false uphill_segment=false uphill_seg_floor=false uphill_roll_floor=false min_step_floor=false override=true timeout=false serial=[7,0.700,-0.600]
[0m
[INFO] [1783998545.565431074] [cmd_vel_to_serial]: [1;35mUpdated path correction profile to 0 (0=off, 1=normal, 2=uphill_strong, 3=uphill_strong_sign_test)[0m
[INFO] [1783998545.599727238] [cmd_vel_to_serial]: [0;96mserial tx: [0,-0.180,0.200]
[0m
[INFO] [1783998545.599779227] [cmd_vel_to_serial]: [1;32mstep_debug mode=0 vx=0.000 wz=0.800 left_m=-0.0067 right_m=0.0074 fwd_m=0.0004 step_yaw=0.0391 left_norm=-0.180 right_norm=0.200 odom_y=-1.126 odom_roll=1.0deg goal_y_err=0.000 odom_corr=0.000 odom_corr_applied=false path_lat_err=0.000 path_corr=0.000 path_corr_applied=false path_yaw_err=0.0deg path_yaw_corr=0.000 path_yaw_applied=false path_profile=0 crouch_yaw_err=0.0deg crouch_yaw_corr=0.000 crouch_yaw_applied=false crouch_fwd_bias=0.000 crouch_fwd_applied=false same_dir_turn=false opp_turn_shape=true uphill_segment=false uphill_seg_floor=false uphill_roll_floor=false min_step_floor=true override=false timeout=false serial=[0,-0.180,0.200]
[0m
[INFO] [1783998545.667626979] [cmd_vel_to_serial]: [1;35mUpdated path correction profile to 2 (0=off, 1=normal, 2=uphill_strong, 3=uphill_strong_sign_test)[0m
[INFO] [1783998545.673859402] [cmd_vel_to_serial]: [0;96mserial tx: [7,1.000,0.600]
[0m
[INFO] [1783998545.673898591] [cmd_vel_to_serial]: [1;35mstep_debug mode=7 vx=0.000 wz=0.000 left_m=0.0370 right_m=0.0222 fwd_m=0.0296 step_yaw=-0.0412 left_norm=1.000 right_norm=0.600 odom_y=-1.124 odom_roll=0.5deg goal_y_err=0.000 odom_corr=0.000 odom_corr_applied=false path_lat_err=0.000 path_corr=0.000 path_corr_applied=false path_yaw_err=0.0deg path_yaw_corr=0.000 path_yaw_applied=false path_profile=2 crouch_yaw_err=0.0deg crouch_yaw_corr=0.000 crouch_yaw_applied=false crouch_fwd_bias=0.000 crouch_fwd_applied=false same_dir_turn=false opp_turn_shape=false uphill_segment=false uphill_seg_floor=false uphill_roll_floor=false min_step_floor=false override=true timeout=false serial=[7,1.000,0.600]
[0m
[INFO] [1783998547.675962577] [cmd_vel_to_serial]: [0;96mserial tx: [7,1.000,0.600]
[0m
[INFO] [1783998548.195014649] [cmd_vel_to_serial]: [0;96mserial tx: [0,-0.180,0.200]
[0m
[INFO] [1783998548.195068553] [cmd_vel_to_serial]: [1;32mstep_debug mode=0 vx=0.000 wz=0.800 left_m=-0.0067 right_m=0.0074 fwd_m=0.0004 step_yaw=0.0391 left_norm=-0.180 right_norm=0.200 odom_y=-2.135 odom_roll=5.1deg goal_y_err=0.000 odom_corr=0.000 odom_corr_applied=false path_lat_err=0.000 path_corr=0.000 path_corr_applied=false path_yaw_err=0.0deg path_yaw_corr=0.000 path_yaw_applied=false path_profile=2 crouch_yaw_err=0.0deg crouch_yaw_corr=0.000 crouch_yaw_applied=false crouch_fwd_bias=0.000 crouch_fwd_applied=false same_dir_turn=false opp_turn_shape=true uphill_segment=false uphill_seg_floor=false uphill_roll_floor=false min_step_floor=true override=false timeout=false serial=[0,-0.180,0.200]
[0m
[INFO] [1783998548.269182482] [cmd_vel_to_serial]: [0;96mserial tx: [7,0.900,0.000]
[0m
[INFO] [1783998548.269217108] [cmd_vel_to_serial]: [1;35mstep_debug mode=7 vx=0.000 wz=0.000 left_m=0.0333 right_m=0.0000 fwd_m=0.0167 step_yaw=-0.0926 left_norm=0.900 right_norm=0.000 odom_y=-2.168 odom_roll=6.1deg goal_y_err=0.000 odom_corr=0.000 odom_corr_applied=false path_lat_err=0.000 path_corr=0.000 path_corr_applied=false path_yaw_err=0.0deg path_yaw_corr=0.000 path_yaw_applied=false path_profile=2 crouch_yaw_err=0.0deg crouch_yaw_corr=0.000 crouch_yaw_applied=false crouch_fwd_bias=0.000 crouch_fwd_applied=false same_dir_turn=false opp_turn_shape=false uphill_segment=false uphill_seg_floor=false uphill_roll_floor=false min_step_floor=false override=true timeout=false serial=[7,0.900,0.000]
[0m
[INFO] [1783998550.270956603] [cmd_vel_to_serial]: [0;96mserial tx: [7,0.900,0.000]
[0m
[INFO] [1783998551.263759705] [cmd_vel_to_serial]: [1;35mUpdated path correction profile to 0 (0=off, 1=normal, 2=uphill_strong, 3=uphill_strong_sign_test)[0m
[INFO] [1783998551.271787704] [cmd_vel_to_serial]: [0;96mserial tx: [0,0.200,-0.180]
[0m
[INFO] [1783998551.271824188] [cmd_vel_to_serial]: [1;32mstep_debug mode=0 vx=0.000 wz=-0.800 left_m=0.0074 right_m=-0.0067 fwd_m=0.0004 step_yaw=-0.0391 left_norm=0.200 right_norm=-0.180 odom_y=-2.292 odom_roll=10.1deg goal_y_err=0.000 odom_corr=0.000 odom_corr_applied=false path_lat_err=0.000 path_corr=0.000 path_corr_applied=false path_yaw_err=0.0deg path_yaw_corr=0.000 path_yaw_applied=false path_profile=0 crouch_yaw_err=0.0deg crouch_yaw_corr=0.000 crouch_yaw_applied=false crouch_fwd_bias=0.000 crouch_fwd_applied=false same_dir_turn=false opp_turn_shape=true uphill_segment=false uphill_seg_floor=false uphill_roll_floor=false min_step_floor=true override=false timeout=false serial=[0,0.200,-0.180]
[0m
[INFO] [1783998551.366230463] [cmd_vel_to_serial]: [1;35mUpdated path correction profile to 2 (0=off, 1=normal, 2=uphill_strong, 3=uphill_strong_sign_test)[0m
[INFO] [1783998551.383016823] [cmd_vel_to_serial]: [0;96mserial tx: [7,0.800,0.800]
[0m
[INFO] [1783998551.383081642] [cmd_vel_to_serial]: [1;35mstep_debug mode=7 vx=0.000 wz=0.000 left_m=0.0296 right_m=0.0296 fwd_m=0.0296 step_yaw=0.0000 left_norm=0.800 right_norm=0.800 odom_y=-2.294 odom_roll=9.2deg goal_y_err=0.000 odom_corr=0.000 odom_corr_applied=false path_lat_err=0.000 path_corr=0.000 path_corr_applied=false path_yaw_err=0.0deg path_yaw_corr=0.000 path_yaw_applied=false path_profile=2 crouch_yaw_err=0.0deg crouch_yaw_corr=0.000 crouch_yaw_applied=false crouch_fwd_bias=0.000 crouch_fwd_applied=false same_dir_turn=false opp_turn_shape=false uphill_segment=false uphill_seg_floor=false uphill_roll_floor=false min_step_floor=false override=true timeout=false serial=[7,0.800,0.800]
[0m
[INFO] [1783998552.161345931] [cmd_vel_to_serial]: [0;96mserial tx: [0,0.200,-0.180]
[0m
[INFO] [1783998552.161380374] [cmd_vel_to_serial]: [1;32mstep_debug mode=0 vx=0.000 wz=-0.800 left_m=0.0074 right_m=-0.0067 fwd_m=0.0004 step_yaw=-0.0391 left_norm=0.200 right_norm=-0.180 odom_y=-2.291 odom_roll=-10.4deg goal_y_err=0.000 odom_corr=0.000 odom_corr_applied=false path_lat_err=0.000 path_corr=0.000 path_corr_applied=false path_yaw_err=0.0deg path_yaw_corr=0.000 path_yaw_applied=false path_profile=2 crouch_yaw_err=0.0deg crouch_yaw_corr=0.000 crouch_yaw_applied=false crouch_fwd_bias=0.000 crouch_fwd_applied=false same_dir_turn=false opp_turn_shape=true uphill_segment=false uphill_seg_floor=false uphill_roll_floor=false min_step_floor=true override=false timeout=false serial=[0,0.200,-0.180]
[0m
[INFO] [1783998552.272585683] [cmd_vel_to_serial]: [0;96mserial tx: [7,-0.600,0.700]
[0m
[INFO] [1783998552.272626032] [cmd_vel_to_serial]: [1;35mstep_debug mode=7 vx=0.000 wz=0.000 left_m=-0.0222 right_m=0.0259 fwd_m=0.0019 step_yaw=0.1338 left_norm=-0.600 right_norm=0.700 odom_y=-2.300 odom_roll=-10.8deg goal_y_err=0.000 odom_corr=0.000 odom_corr_applied=false path_lat_err=0.000 path_corr=0.000 path_corr_applied=false path_yaw_err=0.0deg path_yaw_corr=0.000 path_yaw_applied=false path_profile=2 crouch_yaw_err=0.0deg crouch_yaw_corr=0.000 crouch_yaw_applied=false crouch_fwd_bias=0.000 crouch_fwd_applied=false same_dir_turn=false opp_turn_shape=false uphill_segment=false uphill_seg_floor=false uphill_roll_floor=false min_step_floor=false override=true timeout=false serial=[7,-0.600,0.700]
[0m
[INFO] [1783998554.274056940] [cmd_vel_to_serial]: [0;96mserial tx: [7,-0.600,0.700]
[0m
[INFO] [1783998554.802513245] [cmd_vel_to_serial]: [1;35mUpdated path correction profile to 0 (0=off, 1=normal, 2=uphill_strong, 3=uphill_strong_sign_test)[0m
[INFO] [1783998554.829997792] [cmd_vel_to_serial]: [0;96mserial tx: [0,-0.180,0.200]
[0m
[INFO] [1783998554.830038291] [cmd_vel_to_serial]: [1;32mstep_debug mode=0 vx=0.000 wz=0.800 left_m=-0.0067 right_m=0.0074 fwd_m=0.0004 step_yaw=0.0391 left_norm=-0.180 right_norm=0.200 odom_y=-2.434 odom_roll=0.8deg goal_y_err=0.000 odom_corr=0.000 odom_corr_applied=false path_lat_err=0.000 path_corr=0.000 path_corr_applied=false path_yaw_err=0.0deg path_yaw_corr=0.000 path_yaw_applied=false path_profile=0 crouch_yaw_err=0.0deg crouch_yaw_corr=0.000 crouch_yaw_applied=false crouch_fwd_bias=0.000 crouch_fwd_applied=false same_dir_turn=false opp_turn_shape=true uphill_segment=false uphill_seg_floor=false uphill_roll_floor=false min_step_floor=true override=false timeout=false serial=[0,-0.180,0.200]
[0m
[INFO] [1783998554.904843123] [cmd_vel_to_serial]: [1;35mUpdated path correction profile to 2 (0=off, 1=normal, 2=uphill_strong, 3=uphill_strong_sign_test)[0m
[INFO] [1783998554.941251655] [cmd_vel_to_serial]: [0;96mserial tx: [7,0.800,1.000]
[0m
[INFO] [1783998554.941301990] [cmd_vel_to_serial]: [1;35mstep_debug mode=7 vx=0.000 wz=0.000 left_m=0.0296 right_m=0.0370 fwd_m=0.0333 step_yaw=0.0206 left_norm=0.800 right_norm=1.000 odom_y=-2.425 odom_roll=2.9deg goal_y_err=0.000 odom_corr=0.000 odom_corr_applied=false path_lat_err=0.000 path_corr=0.000 path_corr_applied=false path_yaw_err=0.0deg path_yaw_corr=0.000 path_yaw_applied=false path_profile=2 crouch_yaw_err=0.0deg crouch_yaw_corr=0.000 crouch_yaw_applied=false crouch_fwd_bias=0.000 crouch_fwd_applied=false same_dir_turn=false opp_turn_shape=false uphill_segment=false uphill_seg_floor=false uphill_roll_floor=false min_step_floor=false override=true timeout=false serial=[7,0.800,1.000]
[0m
[INFO] [1783998556.942532643] [cmd_vel_to_serial]: [0;96mserial tx: [7,0.806,0.994]
[0m
[INFO] [1783998557.943154589] [cmd_vel_to_serial]: [1;35mstep_debug mode=7 vx=0.000 wz=0.000 left_m=0.0299 right_m=0.0368 fwd_m=0.0333 step_yaw=0.0192 left_norm=0.807 right_norm=0.993 odom_y=-3.948 odom_roll=0.3deg goal_y_err=0.000 odom_corr=0.000 odom_corr_applied=false path_lat_err=0.000 path_corr=0.000 path_corr_applied=false path_yaw_err=0.0deg path_yaw_corr=0.000 path_yaw_applied=false path_profile=2 crouch_yaw_err=0.0deg crouch_yaw_corr=0.000 crouch_yaw_applied=false crouch_fwd_bias=0.000 crouch_fwd_applied=false same_dir_turn=false opp_turn_shape=false uphill_segment=false uphill_seg_floor=false uphill_roll_floor=false min_step_floor=false override=true timeout=false serial=[7,0.807,0.993]
[0m
[INFO] [1783998558.610659956] [cmd_vel_to_serial]: [0;96mserial tx: [0,-0.180,0.200]
[0m
[INFO] [1783998558.610746489] [cmd_vel_to_serial]: [1;32mstep_debug mode=0 vx=0.000 wz=0.800 left_m=-0.0067 right_m=0.0074 fwd_m=0.0004 step_yaw=0.0391 left_norm=-0.180 right_norm=0.200 odom_y=-4.350 odom_roll=-11.8deg goal_y_err=0.000 odom_corr=0.000 odom_corr_applied=false path_lat_err=0.000 path_corr=0.000 path_corr_applied=false path_yaw_err=0.0deg path_yaw_corr=0.000 path_yaw_applied=false path_profile=2 crouch_yaw_err=0.0deg crouch_yaw_corr=0.000 crouch_yaw_applied=false crouch_fwd_bias=0.000 crouch_fwd_applied=false same_dir_turn=false opp_turn_shape=true uphill_segment=false uphill_seg_floor=false uphill_roll_floor=false min_step_floor=true override=false timeout=false serial=[0,-0.180,0.200]
[0m
[INFO] [1783998558.721860082] [cmd_vel_to_serial]: [0;96mserial tx: [6,-0.200,0.400]
[0m
[INFO] [1783998558.721905660] [cmd_vel_to_serial]: [1;35mstep_debug mode=6 vx=0.000 wz=0.000 left_m=-0.0074 right_m=0.0148 fwd_m=0.0037 step_yaw=0.0617 left_norm=-0.200 right_norm=0.400 odom_y=-4.371 odom_roll=-11.9deg goal_y_err=0.000 odom_corr=0.000 odom_corr_applied=false path_lat_err=0.000 path_corr=0.000 path_corr_applied=false path_yaw_err=0.0deg path_yaw_corr=0.000 path_yaw_applied=false path_profile=2 crouch_yaw_err=0.0deg crouch_yaw_corr=0.000 crouch_yaw_applied=false crouch_fwd_bias=0.000 crouch_fwd_applied=false same_dir_turn=false opp_turn_shape=false uphill_segment=false uphill_seg_floor=false uphill_roll_floor=false min_step_floor=false override=true timeout=false serial=[6,-0.200,0.400]
[0m
[INFO] [1783998558.760395665] [cmd_vel_to_serial]: [1;35mUpdated path correction profile to 0 (0=off, 1=normal, 2=uphill_strong, 3=uphill_strong_sign_test)[0m
[INFO] [1783998558.796360547] [cmd_vel_to_serial]: [0;96mserial tx: [0,-0.180,0.200]
[0m
[INFO] [1783998558.796427813] [cmd_vel_to_serial]: [1;32mstep_debug mode=0 vx=0.000 wz=0.800 left_m=-0.0067 right_m=0.0074 fwd_m=0.0004 step_yaw=0.0391 left_norm=-0.180 right_norm=0.200 odom_y=-4.392 odom_roll=-9.4deg goal_y_err=0.000 odom_corr=0.000 odom_corr_applied=false path_lat_err=0.000 path_corr=0.000 path_corr_applied=false path_yaw_err=0.0deg path_yaw_corr=0.000 path_yaw_applied=false path_profile=0 crouch_yaw_err=0.0deg crouch_yaw_corr=0.000 crouch_yaw_applied=false crouch_fwd_bias=0.000 crouch_fwd_applied=false same_dir_turn=false opp_turn_shape=true uphill_segment=false uphill_seg_floor=false uphill_roll_floor=false min_step_floor=true override=false timeout=false serial=[0,-0.180,0.200]
[0m
[INFO] [1783998558.870202559] [cmd_vel_to_serial]: [0;96mserial tx: [0,0.500,0.500]
[0m
[INFO] [1783998558.870247252] [cmd_vel_to_serial]: [1;35mstep_debug mode=0 vx=0.000 wz=0.000 left_m=0.0185 right_m=0.0185 fwd_m=0.0185 step_yaw=0.0000 left_norm=0.500 right_norm=0.500 odom_y=-4.389 odom_roll=-5.6deg goal_y_err=0.000 odom_corr=0.000 odom_corr_applied=false path_lat_err=0.000 path_corr=0.000 path_corr_applied=false path_yaw_err=0.0deg path_yaw_corr=0.000 path_yaw_applied=false path_profile=0 crouch_yaw_err=0.0deg crouch_yaw_corr=0.000 crouch_yaw_applied=false crouch_fwd_bias=0.000 crouch_fwd_applied=false same_dir_turn=false opp_turn_shape=false uphill_segment=false uphill_seg_floor=false uphill_roll_floor=false min_step_floor=false override=true timeout=false serial=[0,0.500,0.500]
[0m
[INFO] [1783998559.092735136] [cmd_vel_to_serial]: [0;96mserial tx: [0,-0.180,0.200]
[0m
[INFO] [1783998559.092787005] [cmd_vel_to_serial]: [1;32mstep_debug mode=0 vx=0.000 wz=0.800 left_m=-0.0067 right_m=0.0074 fwd_m=0.0004 step_yaw=0.0391 left_norm=-0.180 right_norm=0.200 odom_y=-4.433 odom_roll=-3.3deg goal_y_err=0.000 odom_corr=0.000 odom_corr_applied=false path_lat_err=0.000 path_corr=0.000 path_corr_applied=false path_yaw_err=0.0deg path_yaw_corr=0.000 path_yaw_applied=false path_profile=0 crouch_yaw_err=0.0deg crouch_yaw_corr=0.000 crouch_yaw_applied=false crouch_fwd_bias=0.000 crouch_fwd_applied=false same_dir_turn=false opp_turn_shape=true uphill_segment=false uphill_seg_floor=false uphill_roll_floor=false min_step_floor=true override=false timeout=false serial=[0,-0.180,0.200]
[0m
[INFO] [1783998559.130425952] [cmd_vel_to_serial]: [0;96mserial tx: [6,0.099,-0.054]
[0m
[INFO] [1783998559.130484001] [cmd_vel_to_serial]: [1;35mstep_debug mode=6 vx=0.000 wz=0.000 left_m=0.0037 right_m=-0.0020 fwd_m=0.0008 step_yaw=-0.0157 left_norm=0.099 right_norm=-0.054 odom_y=-4.448 odom_roll=-3.7deg goal_y_err=0.000 odom_corr=0.000 odom_corr_applied=false path_lat_err=0.000 path_corr=0.000 path_corr_applied=false path_yaw_err=0.0deg path_yaw_corr=0.000 path_yaw_applied=false path_profile=0 crouch_yaw_err=0.0deg crouch_yaw_corr=0.000 crouch_yaw_applied=false crouch_fwd_bias=0.000 crouch_fwd_applied=false same_dir_turn=false opp_turn_shape=false uphill_segment=false uphill_seg_floor=false uphill_roll_floor=false min_step_floor=false override=true timeout=false serial=[6,0.099,-0.054]
[0m
[INFO] [1783998559.315205983] [cmd_vel_to_serial]: [0;96mserial tx: [6,-0.054,0.099]
[0m
[INFO] [1783998559.352305680] [cmd_vel_to_serial]: [0;96mserial tx: [6,0.129,-0.071]
[0m
[INFO] [1783998559.500616363] [cmd_vel_to_serial]: [0;96mserial tx: [6,-0.054,0.099]
[0m
[INFO] [1783998559.574763645] [cmd_vel_to_serial]: [0;96mserial tx: [6,-0.102,0.188]
[0m
[INFO] [1783998559.760163558] [cmd_vel_to_serial]: [0;96mserial tx: [6,0.099,-0.054]
[0m
[INFO] [1783998559.834301246] [cmd_vel_to_serial]: [0;96mserial tx: [6,-0.054,0.099]
[0m
[INFO] [1783998559.982635266] [cmd_vel_to_serial]: [0;96mserial tx: [6,-0.120,0.220]
[0m
[INFO] [1783998561.984917439] [cmd_vel_to_serial]: [0;96mserial tx: [6,-0.120,0.220]
[0m
[INFO] [1783998562.133403473] [cmd_vel_to_serial]: [1;35mstep_debug mode=6 vx=0.000 wz=0.000 left_m=-0.0044 right_m=0.0081 fwd_m=0.0019 step_yaw=0.0350 left_norm=-0.120 right_norm=0.220 odom_y=-4.562 odom_roll=1.8deg goal_y_err=0.000 odom_corr=0.000 odom_corr_applied=false path_lat_err=0.000 path_corr=0.000 path_corr_applied=false path_yaw_err=0.0deg path_yaw_corr=0.000 path_yaw_applied=false path_profile=0 crouch_yaw_err=0.0deg crouch_yaw_corr=0.000 crouch_yaw_applied=false crouch_fwd_bias=0.000 crouch_fwd_applied=false same_dir_turn=false opp_turn_shape=false uphill_segment=false uphill_seg_floor=false uphill_roll_floor=false min_step_floor=false override=true timeout=false serial=[6,-0.120,0.220]
[0m
[INFO] [1783998563.616295569] [cmd_vel_to_serial]: [0;96mserial tx: [6,-0.076,0.139]
[0m
[INFO] [1783998564.135336404] [cmd_vel_to_serial]: [0;96mserial tx: [0,0.000,0.000]
[0m
[INFO] [1783998564.135388749] [cmd_vel_to_serial]: [1;35mstep_debug mode=0 vx=0.000 wz=0.000 left_m=0.0000 right_m=0.0000 fwd_m=0.0000 step_yaw=0.0000 left_norm=0.000 right_norm=0.000 odom_y=-4.445 odom_roll=2.3deg goal_y_err=0.000 odom_corr=0.000 odom_corr_applied=false path_lat_err=0.000 path_corr=0.000 path_corr_applied=false path_yaw_err=0.0deg path_yaw_corr=0.000 path_yaw_applied=false path_profile=0 crouch_yaw_err=0.0deg crouch_yaw_corr=0.000 crouch_yaw_applied=false crouch_fwd_bias=0.000 crouch_fwd_applied=false same_dir_turn=false opp_turn_shape=false uphill_segment=false uphill_seg_floor=false uphill_roll_floor=false min_step_floor=false override=true timeout=false serial=[0,0.000,0.000]
[0m
[INFO] [1783998564.172438872] [cmd_vel_to_serial]: [0;96mserial tx: [0,0.500,0.500]
[0m
[INFO] [1783998564.172478765] [cmd_vel_to_serial]: [1;35mstep_debug mode=0 vx=0.000 wz=0.000 left_m=0.0185 right_m=0.0185 fwd_m=0.0185 step_yaw=0.0000 left_norm=0.500 right_norm=0.500 odom_y=-4.448 odom_roll=1.4deg goal_y_err=0.000 odom_corr=0.000 odom_corr_applied=false path_lat_err=0.000 path_corr=0.000 path_corr_applied=false path_yaw_err=0.0deg path_yaw_corr=0.000 path_yaw_applied=false path_profile=0 crouch_yaw_err=0.0deg crouch_yaw_corr=0.000 crouch_yaw_applied=false crouch_fwd_bias=0.000 crouch_fwd_applied=false same_dir_turn=false opp_turn_shape=false uphill_segment=false uphill_seg_floor=false uphill_roll_floor=false min_step_floor=false override=true timeout=false serial=[0,0.500,0.500]
[0m
[INFO] [1783998564.691441429] [cmd_vel_to_serial]: [0;96mserial tx: [0,0.000,0.000]
[0m
[INFO] [1783998564.691480930] [cmd_vel_to_serial]: [1;35mstep_debug mode=0 vx=0.000 wz=0.000 left_m=0.0000 right_m=0.0000 fwd_m=0.0000 step_yaw=0.0000 left_norm=0.000 right_norm=0.000 odom_y=-4.400 odom_roll=0.1deg goal_y_err=0.000 odom_corr=0.000 odom_corr_applied=false path_lat_err=0.000 path_corr=0.000 path_corr_applied=false path_yaw_err=0.0deg path_yaw_corr=0.000 path_yaw_applied=false path_profile=0 crouch_yaw_err=0.0deg crouch_yaw_corr=0.000 crouch_yaw_applied=false crouch_fwd_bias=0.000 crouch_fwd_applied=false same_dir_turn=false opp_turn_shape=false uphill_segment=false uphill_seg_floor=false uphill_roll_floor=false min_step_floor=false override=true timeout=false serial=[0,0.000,0.000]
[0m
[INFO] [1783998564.728555907] [cmd_vel_to_serial]: [0;96mserial tx: [6,0.220,-0.120]
[0m
[INFO] [1783998564.728600470] [cmd_vel_to_serial]: [1;35mstep_debug mode=6 vx=0.000 wz=0.000 left_m=0.0081 right_m=-0.0044 fwd_m=0.0019 step_yaw=-0.0350 left_norm=0.220 right_norm=-0.120 odom_y=-4.406 odom_roll=0.2deg goal_y_err=0.000 odom_corr=0.000 odom_corr_applied=false path_lat_err=0.000 path_corr=0.000 path_corr_applied=false path_yaw_err=0.0deg path_yaw_corr=0.000 path_yaw_applied=false path_profile=0 crouch_yaw_err=0.0deg crouch_yaw_corr=0.000 crouch_yaw_applied=false crouch_fwd_bias=0.000 crouch_fwd_applied=false same_dir_turn=false opp_turn_shape=false uphill_segment=false uphill_seg_floor=false uphill_roll_floor=false min_step_floor=false override=true timeout=false serial=[6,0.220,-0.120]
[0m
[INFO] [1783998566.730478300] [cmd_vel_to_serial]: [0;96mserial tx: [6,0.220,-0.120]
[0m
[INFO] [1783998567.731406810] [cmd_vel_to_serial]: [1;35mstep_debug mode=6 vx=0.000 wz=0.000 left_m=0.0081 right_m=-0.0044 fwd_m=0.0019 step_yaw=-0.0350 left_norm=0.220 right_norm=-0.120 odom_y=-4.545 odom_roll=1.9deg goal_y_err=0.000 odom_corr=0.000 odom_corr_applied=false path_lat_err=0.000 path_corr=0.000 path_corr_applied=false path_yaw_err=0.0deg path_yaw_corr=0.000 path_yaw_applied=false path_profile=0 crouch_yaw_err=0.0deg crouch_yaw_corr=0.000 crouch_yaw_applied=false crouch_fwd_bias=0.000 crouch_fwd_applied=false same_dir_turn=false opp_turn_shape=false uphill_segment=false uphill_seg_floor=false uphill_roll_floor=false min_step_floor=false override=true timeout=false serial=[6,0.220,-0.120]
[0m
[INFO] [1783998568.732325283] [cmd_vel_to_serial]: [0;96mserial tx: [6,0.169,-0.092]
[0m
[INFO] [1783998569.362474667] [cmd_vel_to_serial]: [0;96mserial tx: [0,0.500,0.500]
[0m
[INFO] [1783998569.362574363] [cmd_vel_to_serial]: [1;35mstep_debug mode=0 vx=0.000 wz=0.000 left_m=0.0185 right_m=0.0185 fwd_m=0.0185 step_yaw=0.0000 left_norm=0.500 right_norm=0.500 odom_y=-4.555 odom_roll=1.9deg goal_y_err=0.000 odom_corr=0.000 odom_corr_applied=false path_lat_err=0.000 path_corr=0.000 path_corr_applied=false path_yaw_err=0.0deg path_yaw_corr=0.000 path_yaw_applied=false path_profile=0 crouch_yaw_err=0.0deg crouch_yaw_corr=0.000 crouch_yaw_applied=false crouch_fwd_bias=0.000 crouch_fwd_applied=false same_dir_turn=false opp_turn_shape=false uphill_segment=false uphill_seg_floor=false uphill_roll_floor=false min_step_floor=false override=true timeout=false serial=[0,0.500,0.500]
[0m
[INFO] [1783998570.993508487] [cmd_vel_to_serial]: [0;96mserial tx: [0,0.000,0.000]
[0m
[INFO] [1783998570.993555309] [cmd_vel_to_serial]: [1;35mstep_debug mode=0 vx=0.000 wz=0.000 left_m=0.0000 right_m=0.0000 fwd_m=0.0000 step_yaw=0.0000 left_norm=0.000 right_norm=0.000 odom_y=-5.172 odom_roll=1.5deg goal_y_err=0.000 odom_corr=0.000 odom_corr_applied=false path_lat_err=0.000 path_corr=0.000 path_corr_applied=false path_yaw_err=0.0deg path_yaw_corr=0.000 path_yaw_applied=false path_profile=0 crouch_yaw_err=0.0deg crouch_yaw_corr=0.000 crouch_yaw_applied=false crouch_fwd_bias=0.000 crouch_fwd_applied=false same_dir_turn=false opp_turn_shape=false uphill_segment=false uphill_seg_floor=false uphill_roll_floor=false min_step_floor=false override=true timeout=false serial=[0,0.000,0.000]
[0m
[INFO] [1783998571.030577046] [cmd_vel_to_serial]: [0;96mserial tx: [6,0.110,-0.060]
[0m
[INFO] [1783998571.030618913] [cmd_vel_to_serial]: [1;35mstep_debug mode=6 vx=0.000 wz=0.000 left_m=0.0041 right_m=-0.0022 fwd_m=0.0009 step_yaw=-0.0175 left_norm=0.110 right_norm=-0.060 odom_y=-5.188 odom_roll=2.0deg goal_y_err=0.000 odom_corr=0.000 odom_corr_applied=false path_lat_err=0.000 path_corr=0.000 path_corr_applied=false path_yaw_err=0.0deg path_yaw_corr=0.000 path_yaw_applied=false path_profile=0 crouch_yaw_err=0.0deg crouch_yaw_corr=0.000 crouch_yaw_applied=false crouch_fwd_bias=0.000 crouch_fwd_applied=false same_dir_turn=false opp_turn_shape=false uphill_segment=false uphill_seg_floor=false uphill_roll_floor=false min_step_floor=false override=true timeout=false serial=[6,0.110,-0.060]
[0m
[INFO] [1783998571.438323020] [cmd_vel_to_serial]: [0;96mserial tx: [0,0.000,0.000]
[0m
[INFO] [1783998571.438365618] [cmd_vel_to_serial]: [1;35mstep_debug mode=0 vx=0.000 wz=0.000 left_m=0.0000 right_m=0.0000 fwd_m=0.0000 step_yaw=0.0000 left_norm=0.000 right_norm=0.000 odom_y=-5.285 odom_roll=0.4deg goal_y_err=0.000 odom_corr=0.000 odom_corr_applied=false path_lat_err=0.000 path_corr=0.000 path_corr_applied=false path_yaw_err=0.0deg path_yaw_corr=0.000 path_yaw_applied=false path_profile=0 crouch_yaw_err=0.0deg crouch_yaw_corr=0.000 crouch_yaw_applied=false crouch_fwd_bias=0.000 crouch_fwd_applied=false same_dir_turn=false opp_turn_shape=false uphill_segment=false uphill_seg_floor=false uphill_roll_floor=false min_step_floor=false override=true timeout=false serial=[0,0.000,0.000]
[0m
[INFO] [1783998571.586620340] [cmd_vel_to_serial]: [0;96mserial tx: [2,0.000,0.000]
[0m
[INFO] [1783998571.586658892] [cmd_vel_to_serial]: [1;35mstep_debug mode=2 vx=0.000 wz=0.000 left_m=0.0000 right_m=0.0000 fwd_m=0.0000 step_yaw=0.0000 left_norm=0.000 right_norm=0.000 odom_y=-5.285 odom_roll=1.4deg goal_y_err=0.000 odom_corr=0.000 odom_corr_applied=false path_lat_err=0.000 path_corr=0.000 path_corr_applied=false path_yaw_err=0.0deg path_yaw_corr=0.000 path_yaw_applied=false path_profile=0 crouch_yaw_err=0.0deg crouch_yaw_corr=0.000 crouch_yaw_applied=false crouch_fwd_bias=0.000 crouch_fwd_applied=false same_dir_turn=false opp_turn_shape=false uphill_segment=false uphill_seg_floor=false uphill_roll_floor=false min_step_floor=false override=true timeout=false serial=[2,0.000,0.000]
[0m
[INFO] [1783998571.623662173] [cmd_vel_to_serial]: [0;96mserial tx: [2,0.864,0.936]
[0m
[INFO] [1783998571.623734624] [cmd_vel_to_serial]: [1;35mstep_debug mode=2 vx=0.000 wz=0.000 left_m=0.0320 right_m=0.0347 fwd_m=0.0333 step_yaw=0.0074 left_norm=0.864 right_norm=0.936 odom_y=-5.277 odom_roll=2.2deg goal_y_err=0.000 odom_corr=0.000 odom_corr_applied=false path_lat_err=0.000 path_corr=0.000 path_corr_applied=false path_yaw_err=0.0deg path_yaw_corr=0.000 path_yaw_applied=false path_profile=0 crouch_yaw_err=0.0deg crouch_yaw_corr=0.000 crouch_yaw_applied=false crouch_fwd_bias=0.000 crouch_fwd_applied=false same_dir_turn=false opp_turn_shape=false uphill_segment=false uphill_seg_floor=false uphill_roll_floor=false min_step_floor=false override=true timeout=false serial=[2,0.864,0.936]
[0m
[INFO] [1783998571.920190934] [cmd_vel_to_serial]: [0;96mserial tx: [2,0.757,1.000]
[0m
[INFO] [1783998572.216774456] [cmd_vel_to_serial]: [0;96mserial tx: [2,0.856,0.944]
[0m
[INFO] [1783998572.513828446] [cmd_vel_to_serial]: [0;96mserial tx: [2,0.756,1.000]
[0m
[INFO] [1783998574.514823344] [cmd_vel_to_serial]: [0;96mserial tx: [2,0.807,0.993]
[0m
[INFO] [1783998574.626063293] [cmd_vel_to_serial]: [1;35mstep_debug mode=2 vx=0.000 wz=0.000 left_m=0.0302 right_m=0.0365 fwd_m=0.0333 step_yaw=0.0174 left_norm=0.816 right_norm=0.984 odom_y=-5.656 odom_roll=1.8deg goal_y_err=0.000 odom_corr=0.000 odom_corr_applied=false path_lat_err=0.000 path_corr=0.000 path_corr_applied=false path_yaw_err=0.0deg path_yaw_corr=0.000 path_yaw_applied=false path_profile=0 crouch_yaw_err=0.0deg crouch_yaw_corr=0.000 crouch_yaw_applied=false crouch_fwd_bias=0.000 crouch_fwd_applied=false same_dir_turn=false opp_turn_shape=false uphill_segment=false uphill_seg_floor=false uphill_roll_floor=false min_step_floor=false override=true timeout=false serial=[2,0.816,0.984]
[0m
[INFO] [1783998576.516366732] [cmd_vel_to_serial]: [0;96mserial tx: [2,0.806,0.994]
[0m
[INFO] [1783998577.628360552] [cmd_vel_to_serial]: [1;35mstep_debug mode=2 vx=0.000 wz=0.000 left_m=0.0296 right_m=0.0370 fwd_m=0.0333 step_yaw=0.0206 left_norm=0.800 right_norm=1.000 odom_y=-6.090 odom_roll=1.4deg goal_y_err=0.000 odom_corr=0.000 odom_corr_applied=false path_lat_err=0.000 path_corr=0.000 path_corr_applied=false path_yaw_err=0.0deg path_yaw_corr=0.000 path_yaw_applied=false path_profile=0 crouch_yaw_err=0.0deg crouch_yaw_corr=0.000 crouch_yaw_applied=false crouch_fwd_bias=0.000 crouch_fwd_applied=false same_dir_turn=false opp_turn_shape=false uphill_segment=false uphill_seg_floor=false uphill_roll_floor=false min_step_floor=false override=true timeout=false serial=[2,0.800,1.000]
[0m
[INFO] [1783998578.517783986] [cmd_vel_to_serial]: [0;96mserial tx: [2,0.812,0.988]
[0m
[INFO] [1783998580.000326458] [cmd_vel_to_serial]: [0;96mserial tx: [0,0.000,0.000]
[0m
[INFO] [1783998580.000370861] [cmd_vel_to_serial]: [1;35mstep_debug mode=0 vx=0.000 wz=0.000 left_m=0.0000 right_m=0.0000 fwd_m=0.0000 step_yaw=0.0000 left_norm=0.000 right_norm=0.000 odom_y=-6.414 odom_roll=1.4deg goal_y_err=0.000 odom_corr=0.000 odom_corr_applied=false path_lat_err=0.000 path_corr=0.000 path_corr_applied=false path_yaw_err=0.0deg path_yaw_corr=0.000 path_yaw_applied=false path_profile=0 crouch_yaw_err=0.0deg crouch_yaw_corr=0.000 crouch_yaw_applied=false crouch_fwd_bias=0.000 crouch_fwd_applied=false same_dir_turn=false opp_turn_shape=false uphill_segment=false uphill_seg_floor=false uphill_roll_floor=false min_step_floor=false override=true timeout=false serial=[0,0.000,0.000]
[0m
[INFO] [1783998581.001039787] [cmd_vel_to_serial]: [0;96mserial tx: [0,-0.180,0.200]
[0m
[INFO] [1783998581.001103302] [cmd_vel_to_serial]: [1;32mstep_debug mode=0 vx=0.000 wz=0.800 left_m=-0.0067 right_m=0.0074 fwd_m=0.0004 step_yaw=0.0391 left_norm=-0.180 right_norm=0.200 odom_y=-6.444 odom_roll=1.3deg goal_y_err=0.000 odom_corr=0.000 odom_corr_applied=false path_lat_err=0.000 path_corr=0.000 path_corr_applied=false path_yaw_err=0.0deg path_yaw_corr=0.000 path_yaw_applied=false path_profile=0 crouch_yaw_err=0.0deg crouch_yaw_corr=0.000 crouch_yaw_applied=false crouch_fwd_bias=0.000 crouch_fwd_applied=false same_dir_turn=false opp_turn_shape=true uphill_segment=false uphill_seg_floor=false uphill_roll_floor=false min_step_floor=true override=false timeout=false serial=[0,-0.180,0.200]
[0m
[INFO] [1783998581.038033021] [cmd_vel_to_serial]: [0;96mserial tx: [6,-0.060,0.110]
[0m
[INFO] [1783998581.038073393] [cmd_vel_to_serial]: [1;35mstep_debug mode=6 vx=0.000 wz=0.000 left_m=-0.0022 right_m=0.0041 fwd_m=0.0009 step_yaw=0.0175 left_norm=-0.060 right_norm=0.110 odom_y=-6.433 odom_roll=1.3deg goal_y_err=0.000 odom_corr=0.000 odom_corr_applied=false path_lat_err=0.000 path_corr=0.000 path_corr_applied=false path_yaw_err=0.0deg path_yaw_corr=0.000 path_yaw_applied=false path_profile=0 crouch_yaw_err=0.0deg crouch_yaw_corr=0.000 crouch_yaw_applied=false crouch_fwd_bias=0.000 crouch_fwd_applied=false same_dir_turn=false opp_turn_shape=false uphill_segment=false uphill_seg_floor=false uphill_roll_floor=false min_step_floor=false override=true timeout=false serial=[6,-0.060,0.110]
[0m
[INFO] [1783998581.705153320] [cmd_vel_to_serial]: [0;96mserial tx: [0,0.000,0.000]
[0m
[INFO] [1783998581.705202550] [cmd_vel_to_serial]: [1;35mstep_debug mode=0 vx=0.000 wz=0.000 left_m=0.0000 right_m=0.0000 fwd_m=0.0000 step_yaw=0.0000 left_norm=0.000 right_norm=0.000 odom_y=-6.399 odom_roll=1.7deg goal_y_err=0.000 odom_corr=0.000 odom_corr_applied=false path_lat_err=0.000 path_corr=0.000 path_corr_applied=false path_yaw_err=0.0deg path_yaw_corr=0.000 path_yaw_applied=false path_profile=0 crouch_yaw_err=0.0deg crouch_yaw_corr=0.000 crouch_yaw_applied=false crouch_fwd_bias=0.000 crouch_fwd_applied=false same_dir_turn=false opp_turn_shape=false uphill_segment=false uphill_seg_floor=false uphill_roll_floor=false min_step_floor=false override=true timeout=false serial=[0,0.000,0.000]
[0m
[INFO] [1783998582.038741750] [cmd_vel_to_serial]: [0;96mserial tx: [0,-0.180,0.200]
[0m
[INFO] [1783998582.038795390] [cmd_vel_to_serial]: [1;32mstep_debug mode=0 vx=0.000 wz=0.800 left_m=-0.0067 right_m=0.0074 fwd_m=0.0004 step_yaw=0.0391 left_norm=-0.180 right_norm=0.200 odom_y=-6.383 odom_roll=1.8deg goal_y_err=0.000 odom_corr=0.000 odom_corr_applied=false path_lat_err=0.000 path_corr=0.000 path_corr_applied=false path_yaw_err=0.0deg path_yaw_corr=0.000 path_yaw_applied=false path_profile=0 crouch_yaw_err=0.0deg crouch_yaw_corr=0.000 crouch_yaw_applied=false crouch_fwd_bias=0.000 crouch_fwd_applied=false same_dir_turn=false opp_turn_shape=true uphill_segment=false uphill_seg_floor=false uphill_roll_floor=false min_step_floor=true override=false timeout=false serial=[0,-0.180,0.200]
[0m
[INFO] [1783998582.075771901] [cmd_vel_to_serial]: [0;96mserial tx: [0,0.350,0.350]
[0m
[INFO] [1783998582.075840656] [cmd_vel_to_serial]: [1;35mstep_debug mode=0 vx=0.000 wz=0.000 left_m=0.0130 right_m=0.0130 fwd_m=0.0130 step_yaw=0.0000 left_norm=0.350 right_norm=0.350 odom_y=-6.383 odom_roll=1.9deg goal_y_err=0.000 odom_corr=0.000 odom_corr_applied=false path_lat_err=0.000 path_corr=0.000 path_corr_applied=false path_yaw_err=0.0deg path_yaw_corr=0.000 path_yaw_applied=false path_profile=0 crouch_yaw_err=0.0deg crouch_yaw_corr=0.000 crouch_yaw_applied=false crouch_fwd_bias=0.000 crouch_fwd_applied=false same_dir_turn=false opp_turn_shape=false uphill_segment=false uphill_seg_floor=false uphill_roll_floor=false min_step_floor=false override=true timeout=false serial=[0,0.350,0.350]
[0m
[INFO] [1783998584.077079322] [cmd_vel_to_serial]: [0;96mserial tx: [0,0.350,0.350]
[0m
[INFO] [1783998584.188364335] [cmd_vel_to_serial]: [0;96mserial tx: [0,-0.180,0.200]
[0m
[INFO] [1783998584.188396634] [cmd_vel_to_serial]: [1;32mstep_debug mode=0 vx=0.000 wz=0.800 left_m=-0.0067 right_m=0.0074 fwd_m=0.0004 step_yaw=0.0391 left_norm=-0.180 right_norm=0.200 odom_y=-6.988 odom_roll=1.4deg goal_y_err=0.000 odom_corr=0.000 odom_corr_applied=false path_lat_err=0.000 path_corr=0.000 path_corr_applied=false path_yaw_err=0.0deg path_yaw_corr=0.000 path_yaw_applied=false path_profile=0 crouch_yaw_err=0.0deg crouch_yaw_corr=0.000 crouch_yaw_applied=false crouch_fwd_bias=0.000 crouch_fwd_applied=false same_dir_turn=false opp_turn_shape=true uphill_segment=false uphill_seg_floor=false uphill_roll_floor=false min_step_floor=true override=false timeout=false serial=[0,-0.180,0.200]
[0m
[INFO] [1783998584.225309649] [cmd_vel_to_serial]: [0;96mserial tx: [0,0.000,0.000]
[0m
[INFO] [1783998584.225348758] [cmd_vel_to_serial]: [1;35mstep_debug mode=0 vx=0.000 wz=0.000 left_m=0.0000 right_m=0.0000 fwd_m=0.0000 step_yaw=0.0000 left_norm=0.000 right_norm=0.000 odom_y=-7.014 odom_roll=1.5deg goal_y_err=0.000 odom_corr=0.000 odom_corr_applied=false path_lat_err=0.000 path_corr=0.000 path_corr_applied=false path_yaw_err=0.0deg path_yaw_corr=0.000 path_yaw_applied=false path_profile=0 crouch_yaw_err=0.0deg crouch_yaw_corr=0.000 crouch_yaw_applied=false crouch_fwd_bias=0.000 crouch_fwd_applied=false same_dir_turn=false opp_turn_shape=false uphill_segment=false uphill_seg_floor=false uphill_roll_floor=false min_step_floor=false override=true timeout=false serial=[0,0.000,0.000]
[0m
[INFO] [1783998584.299450840] [cmd_vel_to_serial]: [0;96mserial tx: [6,-0.080,0.200]
[0m
[INFO] [1783998584.299493129] [cmd_vel_to_serial]: [1;35mstep_debug mode=6 vx=0.000 wz=0.000 left_m=-0.0030 right_m=0.0074 fwd_m=0.0022 step_yaw=0.0288 left_norm=-0.080 right_norm=0.200 odom_y=-7.023 odom_roll=1.2deg goal_y_err=0.000 odom_corr=0.000 odom_corr_applied=false path_lat_err=0.000 path_corr=0.000 path_corr_applied=false path_yaw_err=0.0deg path_yaw_corr=0.000 path_yaw_applied=false path_profile=0 crouch_yaw_err=0.0deg crouch_yaw_corr=0.000 crouch_yaw_applied=false crouch_fwd_bias=0.000 crouch_fwd_applied=false same_dir_turn=false opp_turn_shape=false uphill_segment=false uphill_seg_floor=false uphill_roll_floor=false min_step_floor=false override=true timeout=false serial=[6,-0.080,0.200]
[0m
[INFO] [1783998584.373597546] [cmd_vel_to_serial]: [0;96mserial tx: [0,0.000,0.000]
[0m
[INFO] [1783998584.373650919] [cmd_vel_to_serial]: [1;35mstep_debug mode=0 vx=0.000 wz=0.000 left_m=0.0000 right_m=0.0000 fwd_m=0.0000 step_yaw=0.0000 left_norm=0.000 right_norm=0.000 odom_y=-7.049 odom_roll=0.3deg goal_y_err=0.000 odom_corr=0.000 odom_corr_applied=false path_lat_err=0.000 path_corr=0.000 path_corr_applied=false path_yaw_err=0.0deg path_yaw_corr=0.000 path_yaw_applied=false path_profile=0 crouch_yaw_err=0.0deg crouch_yaw_corr=0.000 crouch_yaw_applied=false crouch_fwd_bias=0.000 crouch_fwd_applied=false same_dir_turn=false opp_turn_shape=false uphill_segment=false uphill_seg_floor=false uphill_roll_floor=false min_step_floor=false override=true timeout=false serial=[0,0.000,0.000]
[0m
[INFO] [1783998584.595941590] [cmd_vel_to_serial]: [0;96mserial tx: [0,0.300,0.300]
[0m
[INFO] [1783998584.707160855] [cmd_vel_to_serial]: [0;96mserial tx: [0,0.000,0.000]
[0m
[INFO] [1783998584.952310010] [cmd_vel_to_serial]: [0;96mserial tx once: [4,0.000,0.000]
[0m
[INFO] [1783998584.966638486] [cmd_vel_to_serial]: Received serial action ack [jumping], published /motion_bridge/action_ack
[INFO] [1783998586.708397143] [cmd_vel_to_serial]: [0;96mserial tx: [0,0.000,0.000]
[0m
[INFO] [1783998586.745468017] [cmd_vel_to_serial]: Received serial action ack [finish], published /motion_bridge/action_ack
[INFO] [1783998586.745528611] [cmd_vel_to_serial]: Received serial finish token [finish], published /motion_bridge/finish_signal=true
[INFO] [1783998587.190173360] [cmd_vel_to_serial]: [0;96mserial tx: [10,0.900,0.900]
[0m
[INFO] [1783998587.190259471] [cmd_vel_to_serial]: [1;35mstep_debug mode=10 vx=0.000 wz=0.000 left_m=0.0333 right_m=0.0333 fwd_m=0.0333 step_yaw=0.0000 left_norm=0.900 right_norm=0.900 odom_y=-8.236 odom_roll=-4.2deg goal_y_err=0.000 odom_corr=0.000 odom_corr_applied=false path_lat_err=0.000 path_corr=0.000 path_corr_applied=false path_yaw_err=0.0deg path_yaw_corr=0.000 path_yaw_applied=false path_profile=0 crouch_yaw_err=0.0deg crouch_yaw_corr=0.000 crouch_yaw_applied=false crouch_fwd_bias=0.000 crouch_fwd_applied=false same_dir_turn=false opp_turn_shape=false uphill_segment=false uphill_seg_floor=false uphill_roll_floor=false min_step_floor=false override=true timeout=false serial=[10,0.900,0.900]
[0m
[INFO] [1783998589.154313889] [cmd_vel_to_serial]: [0;96mserial tx: [10,0.980,0.820]
[0m
[INFO] [1783998589.191467516] [cmd_vel_to_serial]: [0;96mserial tx: [7,-0.700,0.800]
[0m
[INFO] [1783998589.191511834] [cmd_vel_to_serial]: [1;35mstep_debug mode=7 vx=0.000 wz=0.000 left_m=-0.0259 right_m=0.0296 fwd_m=0.0019 step_yaw=0.1543 left_norm=-0.700 right_norm=0.800 odom_y=-8.676 odom_roll=12.3deg goal_y_err=0.000 odom_corr=0.000 odom_corr_applied=false path_lat_err=0.000 path_corr=0.000 path_corr_applied=false path_yaw_err=0.0deg path_yaw_corr=0.000 path_yaw_applied=false path_profile=0 crouch_yaw_err=0.0deg crouch_yaw_corr=0.000 crouch_yaw_applied=false crouch_fwd_bias=0.000 crouch_fwd_applied=false same_dir_turn=false opp_turn_shape=false uphill_segment=false uphill_seg_floor=false uphill_roll_floor=false min_step_floor=false override=true timeout=false serial=[7,-0.700,0.800]
[0m
[INFO] [1783998590.414348168] [cmd_vel_to_serial]: [0;96mserial tx: [0,0.000,0.000]
[0m
[INFO] [1783998590.414404912] [cmd_vel_to_serial]: [1;35mstep_debug mode=0 vx=0.000 wz=0.000 left_m=0.0000 right_m=0.0000 fwd_m=0.0000 step_yaw=0.0000 left_norm=0.000 right_norm=0.000 odom_y=-8.587 odom_roll=13.6deg goal_y_err=0.000 odom_corr=0.000 odom_corr_applied=false path_lat_err=0.000 path_corr=0.000 path_corr_applied=false path_yaw_err=0.0deg path_yaw_corr=0.000 path_yaw_applied=false path_profile=0 crouch_yaw_err=0.0deg crouch_yaw_corr=0.000 crouch_yaw_applied=false crouch_fwd_bias=0.000 crouch_fwd_applied=false same_dir_turn=false opp_turn_shape=false uphill_segment=false uphill_seg_floor=false uphill_roll_floor=false min_step_floor=false override=true timeout=false serial=[0,0.000,0.000]
[0m
[INFO] [1783998591.685603632] [cmd_vel_to_serial]: [0;96mserial tx once: [11,0.000,0.000]
[0m
[INFO] [1783998591.714107666] [cmd_vel_to_serial]: Received serial action ack [jumping], published /motion_bridge/action_ack
[INFO] [1783998591.748478007] [cmd_vel_to_serial]: [0;96mserial tx: [11,0.000,0.000]
[0m
[INFO] [1783998591.748529438] [cmd_vel_to_serial]: [1;35mstep_debug mode=11 vx=0.000 wz=0.000 left_m=0.0000 right_m=0.0000 fwd_m=0.0000 step_yaw=0.0000 left_norm=0.000 right_norm=0.000 odom_y=-8.580 odom_roll=10.3deg goal_y_err=0.000 odom_corr=0.000 odom_corr_applied=false path_lat_err=0.000 path_corr=0.000 path_corr_applied=false path_yaw_err=0.0deg path_yaw_corr=0.000 path_yaw_applied=false path_profile=0 crouch_yaw_err=0.0deg crouch_yaw_corr=0.000 crouch_yaw_applied=false crouch_fwd_bias=0.000 crouch_fwd_applied=false same_dir_turn=false opp_turn_shape=false uphill_segment=false uphill_seg_floor=false uphill_roll_floor=false min_step_floor=false override=true timeout=false serial=[11,0.000,0.000]
[0m
[INFO] [1783998591.785478127] [cmd_vel_to_serial]: [0;96mserial tx: [0,0.000,0.000]
[0m
[INFO] [1783998591.785520226] [cmd_vel_to_serial]: [1;35mstep_debug mode=0 vx=0.000 wz=0.000 left_m=0.0000 right_m=0.0000 fwd_m=0.0000 step_yaw=0.0000 left_norm=0.000 right_norm=0.000 odom_y=-8.584 odom_roll=10.1deg goal_y_err=0.000 odom_corr=0.000 odom_corr_applied=false path_lat_err=0.000 path_corr=0.000 path_corr_applied=false path_yaw_err=0.0deg path_yaw_corr=0.000 path_yaw_applied=false path_profile=0 crouch_yaw_err=0.0deg crouch_yaw_corr=0.000 crouch_yaw_applied=false crouch_fwd_bias=0.000 crouch_fwd_applied=false same_dir_turn=false opp_turn_shape=false uphill_segment=false uphill_seg_floor=false uphill_roll_floor=false min_step_floor=false override=true timeout=false serial=[0,0.000,0.000]
[0m
[INFO] [1783998593.601409972] [cmd_vel_to_serial]: Received serial action ack [finish], published /motion_bridge/action_ack
[INFO] [1783998593.675476774] [cmd_vel_to_serial]: [0;96mserial tx: [0,-0.150,0.200]
[0m
[INFO] [1783998594.083132603] [cmd_vel_to_serial]: [0;96mserial tx: [0,0.000,0.000]
[0m
[INFO] [1783998594.342564031] [cmd_vel_to_serial]: [0;96mserial tx: [0,0.810,0.790]
[0m
[INFO] [1783998594.342598354] [cmd_vel_to_serial]: [1;35mstep_debug mode=0 vx=0.000 wz=0.000 left_m=0.0300 right_m=0.0292 fwd_m=0.0296 step_yaw=-0.0021 left_norm=0.810 right_norm=0.790 odom_y=-8.992 odom_roll=-4.8deg goal_y_err=0.000 odom_corr=0.000 odom_corr_applied=false path_lat_err=0.000 path_corr=0.000 path_corr_applied=false path_yaw_err=0.0deg path_yaw_corr=0.000 path_yaw_applied=false path_profile=0 crouch_yaw_err=0.0deg crouch_yaw_corr=0.000 crouch_yaw_applied=false crouch_fwd_bias=0.000 crouch_fwd_applied=false same_dir_turn=false opp_turn_shape=false uphill_segment=false uphill_seg_floor=false uphill_roll_floor=false min_step_floor=false override=true timeout=false serial=[0,0.810,0.790]
[0m
[INFO] [1783998595.285838473] [cmd_vel_to_serial]: [0;96mserial tx once: [11,0.000,0.000]
[0m
[INFO] [1783998595.306057198] [cmd_vel_to_serial]: Received serial action ack [jumping], published /motion_bridge/action_ack
[INFO] [1783998595.343127607] [cmd_vel_to_serial]: [0;96mserial tx: [11,0.000,0.000]
[0m
[INFO] [1783998595.343157439] [cmd_vel_to_serial]: [1;35mstep_debug mode=11 vx=0.000 wz=0.000 left_m=0.0000 right_m=0.0000 fwd_m=0.0000 step_yaw=0.0000 left_norm=0.000 right_norm=0.000 odom_y=-8.975 odom_roll=-6.8deg goal_y_err=0.000 odom_corr=0.000 odom_corr_applied=false path_lat_err=0.000 path_corr=0.000 path_corr_applied=false path_yaw_err=0.0deg path_yaw_corr=0.000 path_yaw_applied=false path_profile=0 crouch_yaw_err=0.0deg crouch_yaw_corr=0.000 crouch_yaw_applied=false crouch_fwd_bias=0.000 crouch_fwd_applied=false same_dir_turn=false opp_turn_shape=false uphill_segment=false uphill_seg_floor=false uphill_roll_floor=false min_step_floor=false override=true timeout=false serial=[11,0.000,0.000]
[0m
[INFO] [1783998595.380209259] [cmd_vel_to_serial]: [0;96mserial tx: [0,0.000,0.000]
[0m
[INFO] [1783998595.380249022] [cmd_vel_to_serial]: [1;35mstep_debug mode=0 vx=0.000 wz=0.000 left_m=0.0000 right_m=0.0000 fwd_m=0.0000 step_yaw=0.0000 left_norm=0.000 right_norm=0.000 odom_y=-8.974 odom_roll=-6.4deg goal_y_err=0.000 odom_corr=0.000 odom_corr_applied=false path_lat_err=0.000 path_corr=0.000 path_corr_applied=false path_yaw_err=0.0deg path_yaw_corr=0.000 path_yaw_applied=false path_profile=0 crouch_yaw_err=0.0deg crouch_yaw_corr=0.000 crouch_yaw_applied=false crouch_fwd_bias=0.000 crouch_fwd_applied=false same_dir_turn=false opp_turn_shape=false uphill_segment=false uphill_seg_floor=false uphill_roll_floor=false min_step_floor=false override=true timeout=false serial=[0,0.000,0.000]
[0m
[INFO] [1783998597.196066526] [cmd_vel_to_serial]: Received serial action ack [finish], published /motion_bridge/action_ack
[INFO] [1783998597.270172366] [cmd_vel_to_serial]: [0;96mserial tx: [6,-0.600,0.600]
[0m
[INFO] [1783998597.270225022] [cmd_vel_to_serial]: [1;35mstep_debug mode=6 vx=0.000 wz=0.000 left_m=-0.0222 right_m=0.0222 fwd_m=0.0000 step_yaw=0.1235 left_norm=-0.600 right_norm=0.600 odom_y=-9.165 odom_roll=-1.1deg goal_y_err=0.000 odom_corr=0.000 odom_corr_applied=false path_lat_err=0.000 path_corr=0.000 path_corr_applied=false path_yaw_err=0.0deg path_yaw_corr=0.000 path_yaw_applied=false path_profile=0 crouch_yaw_err=0.0deg crouch_yaw_corr=0.000 crouch_yaw_applied=false crouch_fwd_bias=0.000 crouch_fwd_applied=false same_dir_turn=false opp_turn_shape=false uphill_segment=false uphill_seg_floor=false uphill_roll_floor=false min_step_floor=false override=true timeout=false serial=[6,-0.600,0.600]
[0m
[INFO] [1783998598.196711828] [cmd_vel_to_serial]: [0;96mserial tx: [0,0.000,0.000]
[0m
[INFO] [1783998598.196776322] [cmd_vel_to_serial]: [1;35mstep_debug mode=0 vx=0.000 wz=0.000 left_m=0.0000 right_m=0.0000 fwd_m=0.0000 step_yaw=0.0000 left_norm=0.000 right_norm=0.000 odom_y=-9.104 odom_roll=1.0deg goal_y_err=0.000 odom_corr=0.000 odom_corr_applied=false path_lat_err=0.000 path_corr=0.000 path_corr_applied=false path_yaw_err=0.0deg path_yaw_corr=0.000 path_yaw_applied=false path_profile=0 crouch_yaw_err=0.0deg crouch_yaw_corr=0.000 crouch_yaw_applied=false crouch_fwd_bias=0.000 crouch_fwd_applied=false same_dir_turn=false opp_turn_shape=false uphill_segment=false uphill_seg_floor=false uphill_roll_floor=false min_step_floor=false override=true timeout=false serial=[0,0.000,0.000]
[0m
[INFO] [1783998598.307756905] [cmd_vel_to_serial]: [0;96mserial tx: [6,0.600,-0.600]
[0m
[INFO] [1783998598.307802975] [cmd_vel_to_serial]: [1;35mstep_debug mode=6 vx=0.000 wz=0.000 left_m=0.0222 right_m=-0.0222 fwd_m=0.0000 step_yaw=-0.1235 left_norm=0.600 right_norm=-0.600 odom_y=-9.094 odom_roll=0.3deg goal_y_err=0.000 odom_corr=0.000 odom_corr_applied=false path_lat_err=0.000 path_corr=0.000 path_corr_applied=false path_yaw_err=0.0deg path_yaw_corr=0.000 path_yaw_applied=false path_profile=0 crouch_yaw_err=0.0deg crouch_yaw_corr=0.000 crouch_yaw_applied=false crouch_fwd_bias=0.000 crouch_fwd_applied=false same_dir_turn=false opp_turn_shape=false uphill_segment=false uphill_seg_floor=false uphill_roll_floor=false min_step_floor=false override=true timeout=false serial=[6,0.600,-0.600]
[0m
[INFO] [1783998598.641273117] [cmd_vel_to_serial]: [0;96mserial tx: [0,0.000,0.000]
[0m
[INFO] [1783998598.641335548] [cmd_vel_to_serial]: [1;35mstep_debug mode=0 vx=0.000 wz=0.000 left_m=0.0000 right_m=0.0000 fwd_m=0.0000 step_yaw=0.0000 left_norm=0.000 right_norm=0.000 odom_y=-9.102 odom_roll=1.7deg goal_y_err=0.000 odom_corr=0.000 odom_corr_applied=false path_lat_err=0.000 path_corr=0.000 path_corr_applied=false path_yaw_err=0.0deg path_yaw_corr=0.000 path_yaw_applied=false path_profile=0 crouch_yaw_err=0.0deg crouch_yaw_corr=0.000 crouch_yaw_applied=false crouch_fwd_bias=0.000 crouch_fwd_applied=false same_dir_turn=false opp_turn_shape=false uphill_segment=false uphill_seg_floor=false uphill_roll_floor=false min_step_floor=false override=true timeout=false serial=[0,0.000,0.000]
[0m
[INFO] [1783998598.715366250] [cmd_vel_to_serial]: [0;96mserial tx: [6,-0.600,0.600]
[0m
[INFO] [1783998598.715412796] [cmd_vel_to_serial]: [1;35mstep_debug mode=6 vx=0.000 wz=0.000 left_m=-0.0222 right_m=0.0222 fwd_m=0.0000 step_yaw=0.1235 left_norm=-0.600 right_norm=0.600 odom_y=-9.099 odom_roll=0.0deg goal_y_err=0.000 odom_corr=0.000 odom_corr_applied=false path_lat_err=0.000 path_corr=0.000 path_corr_applied=false path_yaw_err=0.0deg path_yaw_corr=0.000 path_yaw_applied=false path_profile=0 crouch_yaw_err=0.0deg crouch_yaw_corr=0.000 crouch_yaw_applied=false crouch_fwd_bias=0.000 crouch_fwd_applied=false same_dir_turn=false opp_turn_shape=false uphill_segment=false uphill_seg_floor=false uphill_roll_floor=false min_step_floor=false override=true timeout=false serial=[6,-0.600,0.600]
[0m
[INFO] [1783998598.937745389] [cmd_vel_to_serial]: [0;96mserial tx: [0,0.000,0.000]
[0m
[INFO] [1783998598.937785829] [cmd_vel_to_serial]: [1;35mstep_debug mode=0 vx=0.000 wz=0.000 left_m=0.0000 right_m=0.0000 fwd_m=0.0000 step_yaw=0.0000 left_norm=0.000 right_norm=0.000 odom_y=-9.102 odom_roll=2.5deg goal_y_err=0.000 odom_corr=0.000 odom_corr_applied=false path_lat_err=0.000 path_corr=0.000 path_corr_applied=false path_yaw_err=0.0deg path_yaw_corr=0.000 path_yaw_applied=false path_profile=0 crouch_yaw_err=0.0deg crouch_yaw_corr=0.000 crouch_yaw_applied=false crouch_fwd_bias=0.000 crouch_fwd_applied=false same_dir_turn=false opp_turn_shape=false uphill_segment=false uphill_seg_floor=false uphill_roll_floor=false min_step_floor=false override=true timeout=false serial=[0,0.000,0.000]
[0m
[INFO] [1783998599.048915076] [cmd_vel_to_serial]: [0;96mserial tx: [6,0.600,-0.600]
[0m
[INFO] [1783998599.048978756] [cmd_vel_to_serial]: [1;35mstep_debug mode=6 vx=0.000 wz=0.000 left_m=0.0222 right_m=-0.0222 fwd_m=0.0000 step_yaw=-0.1235 left_norm=0.600 right_norm=-0.600 odom_y=-9.074 odom_roll=1.3deg goal_y_err=0.000 odom_corr=0.000 odom_corr_applied=false path_lat_err=0.000 path_corr=0.000 path_corr_applied=false path_yaw_err=0.0deg path_yaw_corr=0.000 path_yaw_applied=false path_profile=0 crouch_yaw_err=0.0deg crouch_yaw_corr=0.000 crouch_yaw_applied=false crouch_fwd_bias=0.000 crouch_fwd_applied=false same_dir_turn=false opp_turn_shape=false uphill_segment=false uphill_seg_floor=false uphill_roll_floor=false min_step_floor=false override=true timeout=false serial=[6,0.600,-0.600]
[0m
[INFO] [1783998599.308302775] [cmd_vel_to_serial]: [0;96mserial tx: [0,0.000,0.000]
[0m
[INFO] [1783998599.308361361] [cmd_vel_to_serial]: [1;35mstep_debug mode=0 vx=0.000 wz=0.000 left_m=0.0000 right_m=0.0000 fwd_m=0.0000 step_yaw=0.0000 left_norm=0.000 right_norm=0.000 odom_y=-9.104 odom_roll=1.3deg goal_y_err=0.000 odom_corr=0.000 odom_corr_applied=false path_lat_err=0.000 path_corr=0.000 path_corr_applied=false path_yaw_err=0.0deg path_yaw_corr=0.000 path_yaw_applied=false path_profile=0 crouch_yaw_err=0.0deg crouch_yaw_corr=0.000 crouch_yaw_applied=false crouch_fwd_bias=0.000 crouch_fwd_applied=false same_dir_turn=false opp_turn_shape=false uphill_segment=false uphill_seg_floor=false uphill_roll_floor=false min_step_floor=false override=true timeout=false serial=[0,0.000,0.000]
[0m
[INFO] [1783998599.419488480] [cmd_vel_to_serial]: [0;96mserial tx: [6,-0.600,0.600]
[0m
[INFO] [1783998599.419525947] [cmd_vel_to_serial]: [1;35mstep_debug mode=6 vx=0.000 wz=0.000 left_m=-0.0222 right_m=0.0222 fwd_m=0.0000 step_yaw=0.1235 left_norm=-0.600 right_norm=0.600 odom_y=-9.116 odom_roll=0.6deg goal_y_err=0.000 odom_corr=0.000 odom_corr_applied=false path_lat_err=0.000 path_corr=0.000 path_corr_applied=false path_yaw_err=0.0deg path_yaw_corr=0.000 path_yaw_applied=false path_profile=0 crouch_yaw_err=0.0deg crouch_yaw_corr=0.000 crouch_yaw_applied=false crouch_fwd_bias=0.000 crouch_fwd_applied=false same_dir_turn=false opp_turn_shape=false uphill_segment=false uphill_seg_floor=false uphill_roll_floor=false min_step_floor=false override=true timeout=false serial=[6,-0.600,0.600]
[0m
[INFO] [1783998599.790105522] [cmd_vel_to_serial]: [0;96mserial tx: [0,0.700,0.700]
[0m
[INFO] [1783998599.790188363] [cmd_vel_to_serial]: [1;35mstep_debug mode=0 vx=0.000 wz=0.000 left_m=0.0259 right_m=0.0259 fwd_m=0.0259 step_yaw=0.0000 left_norm=0.700 right_norm=0.700 odom_y=-9.121 odom_roll=1.4deg goal_y_err=0.000 odom_corr=0.000 odom_corr_applied=false path_lat_err=0.000 path_corr=0.000 path_corr_applied=false path_yaw_err=0.0deg path_yaw_corr=0.000 path_yaw_applied=false path_profile=0 crouch_yaw_err=0.0deg crouch_yaw_corr=0.000 crouch_yaw_applied=false crouch_fwd_bias=0.000 crouch_fwd_applied=false same_dir_turn=false opp_turn_shape=false uphill_segment=false uphill_seg_floor=false uphill_roll_floor=false min_step_floor=false override=true timeout=false serial=[0,0.700,0.700]
[0m
[INFO] [1783998601.791184074] [cmd_vel_to_serial]: [0;96mserial tx: [0,0.700,0.700]
[0m
[INFO] [1783998602.791734830] [cmd_vel_to_serial]: [1;35mstep_debug mode=0 vx=0.000 wz=0.000 left_m=0.0259 right_m=0.0259 fwd_m=0.0259 step_yaw=0.0000 left_norm=0.700 right_norm=0.700 odom_y=-9.127 odom_roll=7.3deg goal_y_err=0.000 odom_corr=0.000 odom_corr_applied=false path_lat_err=0.000 path_corr=0.000 path_corr_applied=false path_yaw_err=0.0deg path_yaw_corr=0.000 path_yaw_applied=false path_profile=0 crouch_yaw_err=0.0deg crouch_yaw_corr=0.000 crouch_yaw_applied=false crouch_fwd_bias=0.000 crouch_fwd_applied=false same_dir_turn=false opp_turn_shape=false uphill_segment=false uphill_seg_floor=false uphill_roll_floor=false min_step_floor=false override=true timeout=false serial=[0,0.700,0.700]
[0m
[INFO] [1783998603.792346534] [cmd_vel_to_serial]: [0;96mserial tx: [0,0.700,0.700]
[0m
[INFO] [1783998605.793336737] [cmd_vel_to_serial]: [0;96mserial tx: [0,0.700,0.700]
[0m
[INFO] [1783998605.793379495] [cmd_vel_to_serial]: [1;35mstep_debug mode=0 vx=0.000 wz=0.000 left_m=0.0259 right_m=0.0259 fwd_m=0.0259 step_yaw=0.0000 left_norm=0.700 right_norm=0.700 odom_y=-9.062 odom_roll=8.6deg goal_y_err=0.000 odom_corr=0.000 odom_corr_applied=false path_lat_err=0.000 path_corr=0.000 path_corr_applied=false path_yaw_err=0.0deg path_yaw_corr=0.000 path_yaw_applied=false path_profile=0 crouch_yaw_err=0.0deg crouch_yaw_corr=0.000 crouch_yaw_applied=false crouch_fwd_bias=0.000 crouch_fwd_applied=false same_dir_turn=false opp_turn_shape=false uphill_segment=false uphill_seg_floor=false uphill_roll_floor=false min_step_floor=false override=true timeout=false serial=[0,0.700,0.700]
[0m
[INFO] [1783998607.794353393] [cmd_vel_to_serial]: [0;96mserial tx: [0,0.700,0.700]
[0m
[INFO] [1783998608.794921889] [cmd_vel_to_serial]: [1;35mstep_debug mode=0 vx=0.000 wz=0.000 left_m=0.0259 right_m=0.0259 fwd_m=0.0259 step_yaw=0.0000 left_norm=0.700 right_norm=0.700 odom_y=-9.107 odom_roll=4.8deg goal_y_err=0.000 odom_corr=0.000 odom_corr_applied=false path_lat_err=0.000 path_corr=0.000 path_corr_applied=false path_yaw_err=0.0deg path_yaw_corr=0.000 path_yaw_applied=false path_profile=0 crouch_yaw_err=0.0deg crouch_yaw_corr=0.000 crouch_yaw_applied=false crouch_fwd_bias=0.000 crouch_fwd_applied=false same_dir_turn=false opp_turn_shape=false uphill_segment=false uphill_seg_floor=false uphill_roll_floor=false min_step_floor=false override=true timeout=false serial=[0,0.700,0.700]
[0m
[INFO] [1783998609.052179103] [cmd_vel_to_serial]: [0;96mserial tx once: [9,0.000,0.000]
[0m
[INFO] [1783998609.091354778] [cmd_vel_to_serial]: [0;96mserial tx: [9,0.000,0.000]
[0m
[INFO] [1783998609.091396101] [cmd_vel_to_serial]: [1;35mstep_debug mode=9 vx=0.000 wz=0.000 left_m=0.0000 right_m=0.0000 fwd_m=0.0000 step_yaw=0.0000 left_norm=0.000 right_norm=0.000 odom_y=-9.110 odom_roll=6.0deg goal_y_err=0.000 odom_corr=0.000 odom_corr_applied=false path_lat_err=0.000 path_corr=0.000 path_corr_applied=false path_yaw_err=0.0deg path_yaw_corr=0.000 path_yaw_applied=false path_profile=0 crouch_yaw_err=0.0deg crouch_yaw_corr=0.000 crouch_yaw_applied=false crouch_fwd_bias=0.000 crouch_fwd_applied=false same_dir_turn=false opp_turn_shape=false uphill_segment=false uphill_seg_floor=false uphill_roll_floor=false min_step_floor=false override=true timeout=false serial=[9,0.000,0.000]
[0m
[INFO] [1783998609.128567078] [cmd_vel_to_serial]: Received serial action ack [jumping], published /motion_bridge/action_ack
[INFO] [1783998609.128666143] [cmd_vel_to_serial]: [0;96mserial tx: [0,0.000,0.000]
[0m
[INFO] [1783998609.128678564] [cmd_vel_to_serial]: [1;35mstep_debug mode=0 vx=0.000 wz=0.000 left_m=0.0000 right_m=0.0000 fwd_m=0.0000 step_yaw=0.0000 left_norm=0.000 right_norm=0.000 odom_y=-9.102 odom_roll=6.8deg goal_y_err=0.000 odom_corr=0.000 odom_corr_applied=false path_lat_err=0.000 path_corr=0.000 path_corr_applied=false path_yaw_err=0.0deg path_yaw_corr=0.000 path_yaw_applied=false path_profile=0 crouch_yaw_err=0.0deg crouch_yaw_corr=0.000 crouch_yaw_applied=false crouch_fwd_bias=0.000 crouch_fwd_applied=false same_dir_turn=false opp_turn_shape=false uphill_segment=false uphill_seg_floor=false uphill_roll_floor=false min_step_floor=false override=true timeout=false serial=[0,0.000,0.000]
[0m
[INFO] [1783998610.907201729] [cmd_vel_to_serial]: Received serial action ack [finish], published /motion_bridge/action_ack
[INFO] [1783998610.981244723] [cmd_vel_to_serial]: [0;96mserial tx: [0,0.500,0.500]
[0m
[INFO] [1783998610.981702814] [cmd_vel_to_serial]: [1;35mstep_debug mode=0 vx=0.000 wz=0.000 left_m=0.0185 right_m=0.0185 fwd_m=0.0185 step_yaw=0.0000 left_norm=0.500 right_norm=0.500 odom_y=-9.193 odom_roll=19.7deg goal_y_err=0.000 odom_corr=0.000 odom_corr_applied=false path_lat_err=0.000 path_corr=0.000 path_corr_applied=false path_yaw_err=0.0deg path_yaw_corr=0.000 path_yaw_applied=false path_profile=0 crouch_yaw_err=0.0deg crouch_yaw_corr=0.000 crouch_yaw_applied=false crouch_fwd_bias=0.000 crouch_fwd_applied=false same_dir_turn=false opp_turn_shape=false uphill_segment=false uphill_seg_floor=false uphill_roll_floor=false min_step_floor=false override=true timeout=false serial=[0,0.500,0.500]
[0m
[INFO] [1783998611.218831872] [cmd_vel_to_serial]: [0;96mserial tx once: [9,0.000,0.000]
[0m
[INFO] [1783998611.240645018] [cmd_vel_to_serial]: Received serial action ack [jumping], published /motion_bridge/action_ack
[INFO] [1783998611.277969509] [cmd_vel_to_serial]: [0;96mserial tx: [9,0.000,0.000]
[0m
[INFO] [1783998611.278019935] [cmd_vel_to_serial]: [1;35mstep_debug mode=9 vx=0.000 wz=0.000 left_m=0.0000 right_m=0.0000 fwd_m=0.0000 step_yaw=0.0000 left_norm=0.000 right_norm=0.000 odom_y=-9.173 odom_roll=-7.9deg goal_y_err=0.000 odom_corr=0.000 odom_corr_applied=false path_lat_err=0.000 path_corr=0.000 path_corr_applied=false path_yaw_err=0.0deg path_yaw_corr=0.000 path_yaw_applied=false path_profile=0 crouch_yaw_err=0.0deg crouch_yaw_corr=0.000 crouch_yaw_applied=false crouch_fwd_bias=0.000 crouch_fwd_applied=false same_dir_turn=false opp_turn_shape=false uphill_segment=false uphill_seg_floor=false uphill_roll_floor=false min_step_floor=false override=true timeout=false serial=[9,0.000,0.000]
[0m
[INFO] [1783998611.314756656] [cmd_vel_to_serial]: [0;96mserial tx: [0,0.000,0.000]
[0m
[INFO] [1783998611.314796868] [cmd_vel_to_serial]: [1;35mstep_debug mode=0 vx=0.000 wz=0.000 left_m=0.0000 right_m=0.0000 fwd_m=0.0000 step_yaw=0.0000 left_norm=0.000 right_norm=0.000 odom_y=-9.167 odom_roll=-10.9deg goal_y_err=0.000 odom_corr=0.000 odom_corr_applied=false path_lat_err=0.000 path_corr=0.000 path_corr_applied=false path_yaw_err=0.0deg path_yaw_corr=0.000 path_yaw_applied=false path_profile=0 crouch_yaw_err=0.0deg crouch_yaw_corr=0.000 crouch_yaw_applied=false crouch_fwd_bias=0.000 crouch_fwd_applied=false same_dir_turn=false opp_turn_shape=false uphill_segment=false uphill_seg_floor=false uphill_roll_floor=false min_step_floor=false override=true timeout=false serial=[0,0.000,0.000]
[0m
[INFO] [1783998613.056420693] [cmd_vel_to_serial]: Received serial action ack [finish], published /motion_bridge/action_ack
[INFO] [1783998613.130521012] [cmd_vel_to_serial]: [0;96mserial tx: [6,0.280,-0.180]
[0m
[INFO] [1783998613.130572466] [cmd_vel_to_serial]: [1;35mstep_debug mode=6 vx=0.000 wz=0.000 left_m=0.0104 right_m=-0.0067 fwd_m=0.0019 step_yaw=-0.0473 left_norm=0.280 right_norm=-0.180 odom_y=-9.211 odom_roll=2.8deg goal_y_err=0.000 odom_corr=0.000 odom_corr_applied=false path_lat_err=0.000 path_corr=0.000 path_corr_applied=false path_yaw_err=0.0deg path_yaw_corr=0.000 path_yaw_applied=false path_profile=0 crouch_yaw_err=0.0deg crouch_yaw_corr=0.000 crouch_yaw_applied=false crouch_fwd_bias=0.000 crouch_fwd_applied=false same_dir_turn=false opp_turn_shape=false uphill_segment=false uphill_seg_floor=false uphill_roll_floor=false min_step_floor=true override=true timeout=false serial=[6,0.280,-0.180]
[0m
[INFO] [1783998613.501130794] [cmd_vel_to_serial]: [0;96mserial tx: [6,0.200,-0.080]
[0m
[INFO] [1783998613.686383145] [cmd_vel_to_serial]: [0;96mserial tx: [0,0.000,0.000]
[0m
[INFO] [1783998613.686436278] [cmd_vel_to_serial]: [1;35mstep_debug mode=0 vx=0.000 wz=0.000 left_m=0.0000 right_m=0.0000 fwd_m=0.0000 step_yaw=0.0000 left_norm=0.000 right_norm=0.000 odom_y=-9.232 odom_roll=2.2deg goal_y_err=0.000 odom_corr=0.000 odom_corr_applied=false path_lat_err=0.000 path_corr=0.000 path_corr_applied=false path_yaw_err=0.0deg path_yaw_corr=0.000 path_yaw_applied=false path_profile=0 crouch_yaw_err=0.0deg crouch_yaw_corr=0.000 crouch_yaw_applied=false crouch_fwd_bias=0.000 crouch_fwd_applied=false same_dir_turn=false opp_turn_shape=false uphill_segment=false uphill_seg_floor=false uphill_roll_floor=false min_step_floor=false override=true timeout=false serial=[0,0.000,0.000]
[0m
[INFO] [1783998613.908704242] [cmd_vel_to_serial]: [0;96mserial tx: [0,-0.180,0.200]
[0m
[INFO] [1783998613.909196234] [cmd_vel_to_serial]: [1;32mstep_debug mode=0 vx=0.000 wz=0.800 left_m=-0.0067 right_m=0.0074 fwd_m=0.0004 step_yaw=0.0391 left_norm=-0.180 right_norm=0.200 odom_y=-9.236 odom_roll=1.7deg goal_y_err=0.000 odom_corr=0.000 odom_corr_applied=false path_lat_err=0.000 path_corr=0.000 path_corr_applied=false path_yaw_err=0.0deg path_yaw_corr=0.000 path_yaw_applied=false path_profile=0 crouch_yaw_err=0.0deg crouch_yaw_corr=0.000 crouch_yaw_applied=false crouch_fwd_bias=0.000 crouch_fwd_applied=false same_dir_turn=false opp_turn_shape=true uphill_segment=false uphill_seg_floor=false uphill_roll_floor=false min_step_floor=true override=false timeout=false serial=[0,-0.180,0.200]
[0m
[INFO] [1783998613.946590357] [cmd_vel_to_serial]: [0;96mserial tx: [0,0.000,0.000]
[0m
[INFO] [1783998613.946648366] [cmd_vel_to_serial]: [0;94mstep_debug mode=0 vx=0.000 wz=0.000 left_m=0.0000 right_m=0.0000 fwd_m=0.0000 step_yaw=0.0000 left_norm=0.000 right_norm=0.000 odom_y=-9.232 odom_roll=1.7deg goal_y_err=0.000 odom_corr=0.000 odom_corr_applied=false path_lat_err=0.000 path_corr=0.000 path_corr_applied=false path_yaw_err=0.0deg path_yaw_corr=0.000 path_yaw_applied=false path_profile=0 crouch_yaw_err=0.0deg crouch_yaw_corr=0.000 crouch_yaw_applied=false crouch_fwd_bias=0.000 crouch_fwd_applied=false same_dir_turn=false opp_turn_shape=false uphill_segment=false uphill_seg_floor=false uphill_roll_floor=false min_step_floor=false override=false timeout=false serial=[0,0.000,0.000]
[0m
[INFO] [1783998614.131072361] [cmd_vel_to_serial]: [0;96mserial tx: [6,-0.018,0.035]
[0m
[INFO] [1783998614.131142646] [cmd_vel_to_serial]: [1;35mstep_debug mode=6 vx=0.000 wz=0.000 left_m=-0.0006 right_m=0.0013 fwd_m=0.0003 step_yaw=0.0054 left_norm=-0.018 right_norm=0.035 odom_y=-9.234 odom_roll=2.1deg goal_y_err=0.000 odom_corr=0.000 odom_corr_applied=false path_lat_err=0.000 path_corr=0.000 path_corr_applied=false path_yaw_err=0.0deg path_yaw_corr=0.000 path_yaw_applied=false path_profile=0 crouch_yaw_err=0.0deg crouch_yaw_corr=0.000 crouch_yaw_applied=false crouch_fwd_bias=0.000 crouch_fwd_applied=false same_dir_turn=false opp_turn_shape=false uphill_segment=false uphill_seg_floor=false uphill_roll_floor=false min_step_floor=false override=true timeout=false serial=[6,-0.018,0.035]
[0m
[INFO] [1783998614.242211264] [cmd_vel_to_serial]: [0;96mserial tx: [0,0.000,0.000]
[0m
[INFO] [1783998614.242254286] [cmd_vel_to_serial]: [1;35mstep_debug mode=0 vx=0.000 wz=0.000 left_m=0.0000 right_m=0.0000 fwd_m=0.0000 step_yaw=0.0000 left_norm=0.000 right_norm=0.000 odom_y=-9.228 odom_roll=1.9deg goal_y_err=0.000 odom_corr=0.000 odom_corr_applied=false path_lat_err=0.000 path_corr=0.000 path_corr_applied=false path_yaw_err=0.0deg path_yaw_corr=0.000 path_yaw_applied=false path_profile=0 crouch_yaw_err=0.0deg crouch_yaw_corr=0.000 crouch_yaw_applied=false crouch_fwd_bias=0.000 crouch_fwd_applied=false same_dir_turn=false opp_turn_shape=false uphill_segment=false uphill_seg_floor=false uphill_roll_floor=false min_step_floor=false override=true timeout=false serial=[0,0.000,0.000]
[0m
[INFO] [1783998614.761001836] [cmd_vel_to_serial]: [0;96mserial tx: [6,-0.072,0.180]
[0m
[INFO] [1783998614.761044173] [cmd_vel_to_serial]: [1;35mstep_debug mode=6 vx=0.000 wz=0.000 left_m=-0.0027 right_m=0.0067 fwd_m=0.0020 step_yaw=0.0259 left_norm=-0.072 right_norm=0.180 odom_y=-9.230 odom_roll=1.8deg goal_y_err=0.000 odom_corr=0.000 odom_corr_applied=false path_lat_err=0.000 path_corr=0.000 path_corr_applied=false path_yaw_err=0.0deg path_yaw_corr=0.000 path_yaw_applied=false path_profile=0 crouch_yaw_err=0.0deg crouch_yaw_corr=0.000 crouch_yaw_applied=false crouch_fwd_bias=0.000 crouch_fwd_applied=false same_dir_turn=false opp_turn_shape=false uphill_segment=false uphill_seg_floor=false uphill_roll_floor=false min_step_floor=false override=true timeout=false serial=[6,-0.072,0.180]
[0m
[INFO] [1783998616.762042986] [cmd_vel_to_serial]: [0;96mserial tx: [6,-0.072,0.180]
[0m
[INFO] [1783998617.762550167] [cmd_vel_to_serial]: [1;35mstep_debug mode=6 vx=0.000 wz=0.000 left_m=-0.0027 right_m=0.0067 fwd_m=0.0020 step_yaw=0.0259 left_norm=-0.072 right_norm=0.180 odom_y=-9.078 odom_roll=1.9deg goal_y_err=0.000 odom_corr=0.000 odom_corr_applied=false path_lat_err=0.000 path_corr=0.000 path_corr_applied=false path_yaw_err=0.0deg path_yaw_corr=0.000 path_yaw_applied=false path_profile=0 crouch_yaw_err=0.0deg crouch_yaw_corr=0.000 crouch_yaw_applied=false crouch_fwd_bias=0.000 crouch_fwd_applied=false same_dir_turn=false opp_turn_shape=false uphill_segment=false uphill_seg_floor=false uphill_roll_floor=false min_step_floor=false override=true timeout=false serial=[6,-0.072,0.180]
[0m
[INFO] [1783998618.763073162] [cmd_vel_to_serial]: [0;96mserial tx: [6,-0.072,0.180]
[0m
[INFO] [1783998619.133646016] [cmd_vel_to_serial]: [0;96mserial tx: [6,-0.038,0.095]
[0m
[INFO] [1783998620.134147967] [cmd_vel_to_serial]: [0;96mserial tx: [0,0.000,0.000]
[0m
[INFO] [1783998620.134210144] [cmd_vel_to_serial]: [1;35mstep_debug mode=0 vx=0.000 wz=0.000 left_m=0.0000 right_m=0.0000 fwd_m=0.0000 step_yaw=0.0000 left_norm=0.000 right_norm=0.000 odom_y=-9.093 odom_roll=2.3deg goal_y_err=0.000 odom_corr=0.000 odom_corr_applied=false path_lat_err=0.000 path_corr=0.000 path_corr_applied=false path_yaw_err=0.0deg path_yaw_corr=0.000 path_yaw_applied=false path_profile=0 crouch_yaw_err=0.0deg crouch_yaw_corr=0.000 crouch_yaw_applied=false crouch_fwd_bias=0.000 crouch_fwd_applied=false same_dir_turn=false opp_turn_shape=false uphill_segment=false uphill_seg_floor=false uphill_roll_floor=false min_step_floor=false override=true timeout=false serial=[0,0.000,0.000]
[0m
[INFO] [1783998620.541777474] [cmd_vel_to_serial]: [0;96mserial tx: [0,0.300,0.300]
[0m
[INFO] [1783998621.134632149] [cmd_vel_to_serial]: [0;96mserial tx: [0,0.000,0.000]
[0m
[INFO] [1783998621.356999142] [cmd_vel_to_serial]: [0;96mserial tx: [6,0.180,-0.072]
[0m
[INFO] [1783998621.357036241] [cmd_vel_to_serial]: [1;35mstep_debug mode=6 vx=0.000 wz=0.000 left_m=0.0067 right_m=-0.0027 fwd_m=0.0020 step_yaw=-0.0259 left_norm=0.180 right_norm=-0.072 odom_y=-8.934 odom_roll=1.0deg goal_y_err=0.000 odom_corr=0.000 odom_corr_applied=false path_lat_err=0.000 path_corr=0.000 path_corr_applied=false path_yaw_err=0.0deg path_yaw_corr=0.000 path_yaw_applied=false path_profile=0 crouch_yaw_err=0.0deg crouch_yaw_corr=0.000 crouch_yaw_applied=false crouch_fwd_bias=0.000 crouch_fwd_applied=false same_dir_turn=false opp_turn_shape=false uphill_segment=false uphill_seg_floor=false uphill_roll_floor=false min_step_floor=false override=true timeout=false serial=[6,0.180,-0.072]
[0m
[INFO] [1783998623.358961270] [cmd_vel_to_serial]: [0;96mserial tx: [6,0.180,-0.072]
[0m
[INFO] [1783998624.360113181] [cmd_vel_to_serial]: [1;35mstep_debug mode=6 vx=0.000 wz=0.000 left_m=0.0067 right_m=-0.0027 fwd_m=0.0020 step_yaw=-0.0259 left_norm=0.180 right_norm=-0.072 odom_y=-9.006 odom_roll=2.4deg goal_y_err=0.000 odom_corr=0.000 odom_corr_applied=false path_lat_err=0.000 path_corr=0.000 path_corr_applied=false path_yaw_err=0.0deg path_yaw_corr=0.000 path_yaw_applied=false path_profile=0 crouch_yaw_err=0.0deg crouch_yaw_corr=0.000 crouch_yaw_applied=false crouch_fwd_bias=0.000 crouch_fwd_applied=false same_dir_turn=false opp_turn_shape=false uphill_segment=false uphill_seg_floor=false uphill_roll_floor=false min_step_floor=false override=true timeout=false serial=[6,0.180,-0.072]
[0m
[INFO] [1783998625.361279092] [cmd_vel_to_serial]: [0;96mserial tx: [6,0.114,-0.046]
[0m
[INFO] [1783998626.325313386] [cmd_vel_to_serial]: [0;96mserial tx: [0,0.000,0.000]
[0m
[INFO] [1783998626.325356399] [cmd_vel_to_serial]: [1;35mstep_debug mode=0 vx=0.000 wz=0.000 left_m=0.0000 right_m=0.0000 fwd_m=0.0000 step_yaw=0.0000 left_norm=0.000 right_norm=0.000 odom_y=-9.062 odom_roll=2.2deg goal_y_err=0.000 odom_corr=0.000 odom_corr_applied=false path_lat_err=0.000 path_corr=0.000 path_corr_applied=false path_yaw_err=0.0deg path_yaw_corr=0.000 path_yaw_applied=false path_profile=0 crouch_yaw_err=0.0deg crouch_yaw_corr=0.000 crouch_yaw_applied=false crouch_fwd_bias=0.000 crouch_fwd_applied=false same_dir_turn=false opp_turn_shape=false uphill_segment=false uphill_seg_floor=false uphill_roll_floor=false min_step_floor=false override=true timeout=false serial=[0,0.000,0.000]
[0m
[INFO] [1783998627.326477922] [cmd_vel_to_serial]: [0;96mserial tx: [0,0.300,0.300]
[0m
[INFO] [1783998628.253385358] [cmd_vel_to_serial]: [0;96mserial tx: [0,0.000,0.000]
[0m
[INFO] [1783998628.825785160] [cmd_vel_to_serial]: [1;35mUpdated fixed step override runtime state to false[0m
[INFO] [1783998628.827769700] [cmd_vel_to_serial]: [1;35mUpdated serial mode to 6[0m
[INFO] [1783998628.846614273] [cmd_vel_to_serial]: [0;96mserial tx: [6,-0.200,0.650]
[0m
[INFO] [1783998628.846657680] [cmd_vel_to_serial]: [1;35mstep_debug mode=6 vx=0.000 wz=0.000 left_m=-0.0074 right_m=0.0241 fwd_m=0.0083 step_yaw=0.0875 left_norm=-0.200 right_norm=0.650 odom_y=-9.048 odom_roll=2.0deg goal_y_err=0.000 odom_corr=0.000 odom_corr_applied=false path_lat_err=0.000 path_corr=0.000 path_corr_applied=false path_yaw_err=0.0deg path_yaw_corr=0.000 path_yaw_applied=false path_profile=0 crouch_yaw_err=0.0deg crouch_yaw_corr=0.000 crouch_yaw_applied=false crouch_fwd_bias=0.000 crouch_fwd_applied=false same_dir_turn=false opp_turn_shape=false uphill_segment=false uphill_seg_floor=false uphill_roll_floor=false min_step_floor=false override=true timeout=false serial=[6,-0.200,0.650]
[0m
[INFO] [1783998629.439805297] [cmd_vel_to_serial]: [0;96mserial tx: [6,-0.180,0.350]
[0m
[INFO] [1783998629.736462593] [cmd_vel_to_serial]: [0;96mserial tx: [6,0.000,0.000]
[0m
[INFO] [1783998629.736495818] [cmd_vel_to_serial]: [1;33mstep_debug mode=6 vx=0.000 wz=0.000 left_m=0.0000 right_m=0.0000 fwd_m=0.0000 step_yaw=0.0000 left_norm=0.000 right_norm=0.000 odom_y=-8.927 odom_roll=1.4deg goal_y_err=0.000 odom_corr=0.000 odom_corr_applied=false path_lat_err=0.000 path_corr=0.000 path_corr_applied=false path_yaw_err=0.0deg path_yaw_corr=0.000 path_yaw_applied=false path_profile=0 crouch_yaw_err=0.0deg crouch_yaw_corr=0.000 crouch_yaw_applied=false crouch_fwd_bias=0.000 crouch_fwd_applied=false same_dir_turn=false opp_turn_shape=false uphill_segment=false uphill_seg_floor=false uphill_roll_floor=false min_step_floor=false override=false timeout=true serial=[6,0.000,0.000]
[0m
[INFO] [1783998630.292656596] [cmd_vel_to_serial]: [0;96mserial tx: [6,0.507,0.413]
[0m
[INFO] [1783998630.292703099] [cmd_vel_to_serial]: [0;94mstep_debug mode=6 vx=0.460 wz=-0.263 left_m=0.0188 right_m=0.0153 fwd_m=0.0170 step_yaw=-0.0098 left_norm=0.507 right_norm=0.413 odom_y=-8.938 odom_roll=2.4deg goal_y_err=0.000 odom_corr=0.000 odom_corr_applied=false path_lat_err=0.000 path_corr=0.000 path_corr_applied=false path_yaw_err=0.0deg path_yaw_corr=0.000 path_yaw_applied=false path_profile=0 crouch_yaw_err=0.0deg crouch_yaw_corr=0.000 crouch_yaw_applied=false crouch_fwd_bias=0.000 crouch_fwd_applied=false same_dir_turn=false opp_turn_shape=false uphill_segment=false uphill_seg_floor=false uphill_roll_floor=false min_step_floor=false override=false timeout=false serial=[6,0.507,0.413]
[0m
[INFO] [1783998630.329636589] [cmd_vel_to_serial]: [1;35mstep_debug mode=6 vx=0.000 wz=0.000 left_m=0.0204 right_m=0.0167 fwd_m=0.0185 step_yaw=-0.0102 left_norm=0.549 right_norm=0.451 odom_y=-8.927 odom_roll=2.3deg goal_y_err=0.000 odom_corr=0.000 odom_corr_applied=false path_lat_err=0.000 path_corr=0.000 path_corr_applied=false path_yaw_err=0.0deg path_yaw_corr=0.000 path_yaw_applied=false path_profile=0 crouch_yaw_err=0.0deg crouch_yaw_corr=0.000 crouch_yaw_applied=false crouch_fwd_bias=0.000 crouch_fwd_applied=false same_dir_turn=false opp_turn_shape=false uphill_segment=false uphill_seg_floor=false uphill_roll_floor=false min_step_floor=false override=true timeout=false serial=[6,0.549,0.451]
[0m
[INFO] [1783998631.441933163] [cmd_vel_to_serial]: [0;96mserial tx: [6,0.650,-0.200]
[0m
[INFO] [1783998631.442002410] [cmd_vel_to_serial]: [1;35mstep_debug mode=6 vx=0.000 wz=0.000 left_m=0.0241 right_m=-0.0074 fwd_m=0.0083 step_yaw=-0.0875 left_norm=0.650 right_norm=-0.200 odom_y=-8.478 odom_roll=2.0deg goal_y_err=0.000 odom_corr=0.000 odom_corr_applied=false path_lat_err=0.000 path_corr=0.000 path_corr_applied=false path_yaw_err=0.0deg path_yaw_corr=0.000 path_yaw_applied=false path_profile=0 crouch_yaw_err=0.0deg crouch_yaw_corr=0.000 crouch_yaw_applied=false crouch_fwd_bias=0.000 crouch_fwd_applied=false same_dir_turn=false opp_turn_shape=false uphill_segment=false uphill_seg_floor=false uphill_roll_floor=false min_step_floor=false override=true timeout=false serial=[6,0.650,-0.200]
[0m
[INFO] [1783998633.147375544] [cmd_vel_to_serial]: [0;96mserial tx: [6,0.350,-0.180]
[0m
[INFO] [1783998633.444152598] [cmd_vel_to_serial]: [0;96mserial tx: [6,0.000,0.000]
[0m
[INFO] [1783998633.444200788] [cmd_vel_to_serial]: [1;33mstep_debug mode=6 vx=0.000 wz=0.000 left_m=0.0000 right_m=0.0000 fwd_m=0.0000 step_yaw=0.0000 left_norm=0.000 right_norm=0.000 odom_y=-8.549 odom_roll=0.7deg goal_y_err=0.000 odom_corr=0.000 odom_corr_applied=false path_lat_err=0.000 path_corr=0.000 path_corr_applied=false path_yaw_err=0.0deg path_yaw_corr=0.000 path_yaw_applied=false path_profile=0 crouch_yaw_err=0.0deg crouch_yaw_corr=0.000 crouch_yaw_applied=false crouch_fwd_bias=0.000 crouch_fwd_applied=false same_dir_turn=false opp_turn_shape=false uphill_segment=false uphill_seg_floor=false uphill_roll_floor=false min_step_floor=false override=false timeout=true serial=[6,0.000,0.000]
[0m
[INFO] [1783998633.962927269] [cmd_vel_to_serial]: [0;96mserial tx: [6,0.604,0.496]
[0m
[INFO] [1783998633.962974095] [cmd_vel_to_serial]: [0;94mstep_debug mode=6 vx=0.550 wz=-0.300 left_m=0.0224 right_m=0.0184 fwd_m=0.0204 step_yaw=-0.0111 left_norm=0.604 right_norm=0.496 odom_y=-8.566 odom_roll=0.9deg goal_y_err=0.000 odom_corr=0.000 odom_corr_applied=false path_lat_err=0.000 path_corr=0.000 path_corr_applied=false path_yaw_err=0.0deg path_yaw_corr=0.000 path_yaw_applied=false path_profile=0 crouch_yaw_err=0.0deg crouch_yaw_corr=0.000 crouch_yaw_applied=false crouch_fwd_bias=0.000 crouch_fwd_applied=false same_dir_turn=false opp_turn_shape=false uphill_segment=false uphill_seg_floor=false uphill_roll_floor=false min_step_floor=false override=false timeout=false serial=[6,0.604,0.496]
[0m
[INFO] [1783998634.037176936] [cmd_vel_to_serial]: [0;96mserial tx: [6,0.465,0.535]
[0m
[INFO] [1783998634.037246930] [cmd_vel_to_serial]: [1;35mstep_debug mode=6 vx=0.000 wz=0.000 left_m=0.0172 right_m=0.0198 fwd_m=0.0185 step_yaw=0.0071 left_norm=0.465 right_norm=0.535 odom_y=-8.580 odom_roll=1.4deg goal_y_err=0.000 odom_corr=0.000 odom_corr_applied=false path_lat_err=0.000 path_corr=0.000 path_corr_applied=false path_yaw_err=0.0deg path_yaw_corr=0.000 path_yaw_applied=false path_profile=0 crouch_yaw_err=0.0deg crouch_yaw_corr=0.000 crouch_yaw_applied=false crouch_fwd_bias=0.000 crouch_fwd_applied=false same_dir_turn=false opp_turn_shape=false uphill_segment=false uphill_seg_floor=false uphill_roll_floor=false min_step_floor=false override=true timeout=false serial=[6,0.465,0.535]
[0m
[INFO] [1783998635.334648509] [cmd_vel_to_serial]: [0;96mserial tx: [6,-0.200,0.650]
[0m
[INFO] [1783998635.334692536] [cmd_vel_to_serial]: [1;35mstep_debug mode=6 vx=0.000 wz=0.000 left_m=-0.0074 right_m=0.0241 fwd_m=0.0083 step_yaw=0.0875 left_norm=-0.200 right_norm=0.650 odom_y=-9.277 odom_roll=1.2deg goal_y_err=0.000 odom_corr=0.000 odom_corr_applied=false path_lat_err=0.000 path_corr=0.000 path_corr_applied=false path_yaw_err=0.0deg path_yaw_corr=0.000 path_yaw_applied=false path_profile=0 crouch_yaw_err=0.0deg crouch_yaw_corr=0.000 crouch_yaw_applied=false crouch_fwd_bias=0.000 crouch_fwd_applied=false same_dir_turn=false opp_turn_shape=false uphill_segment=false uphill_seg_floor=false uphill_roll_floor=false min_step_floor=false override=true timeout=false serial=[6,-0.200,0.650]
[0m
[INFO] [1783998636.855285780] [cmd_vel_to_serial]: [0;96mserial tx: [6,-0.180,0.350]
[0m
[INFO] [1783998637.040005673] [cmd_vel_to_serial]: [0;96mserial tx: [6,0.000,0.000]
[0m
[INFO] [1783998637.040063971] [cmd_vel_to_serial]: [1;33mstep_debug mode=6 vx=0.000 wz=0.000 left_m=0.0000 right_m=0.0000 fwd_m=0.0000 step_yaw=0.0000 left_norm=0.000 right_norm=0.000 odom_y=-9.375 odom_roll=0.8deg goal_y_err=0.000 odom_corr=0.000 odom_corr_applied=false path_lat_err=0.000 path_corr=0.000 path_corr_applied=false path_yaw_err=0.0deg path_yaw_corr=0.000 path_yaw_applied=false path_profile=0 crouch_yaw_err=0.0deg crouch_yaw_corr=0.000 crouch_yaw_applied=false crouch_fwd_bias=0.000 crouch_fwd_applied=false same_dir_turn=false opp_turn_shape=false uphill_segment=false uphill_seg_floor=false uphill_roll_floor=false min_step_floor=false override=false timeout=true serial=[6,0.000,0.000]
[0m
[INFO] [1783998637.559009949] [cmd_vel_to_serial]: [0;96mserial tx: [6,0.180,0.306]
[0m
[INFO] [1783998637.559057301] [cmd_vel_to_serial]: [1;32mstep_debug mode=6 vx=0.231 wz=0.416 left_m=0.0067 right_m=0.0113 fwd_m=0.0090 step_yaw=0.0130 left_norm=0.180 right_norm=0.306 odom_y=-9.331 odom_roll=1.9deg goal_y_err=0.000 odom_corr=0.000 odom_corr_applied=false path_lat_err=0.000 path_corr=0.000 path_corr_applied=false path_yaw_err=0.0deg path_yaw_corr=0.000 path_yaw_applied=false path_profile=0 crouch_yaw_err=0.0deg crouch_yaw_corr=0.000 crouch_yaw_applied=false crouch_fwd_bias=0.000 crouch_fwd_applied=false same_dir_turn=false opp_turn_shape=false uphill_segment=false uphill_seg_floor=false uphill_roll_floor=false min_step_floor=true override=false timeout=false serial=[6,0.180,0.306]
[0m
[INFO] [1783998637.633146805] [cmd_vel_to_serial]: [0;96mserial tx: [6,0.501,0.499]
[0m
[INFO] [1783998637.633192129] [cmd_vel_to_serial]: [1;35mstep_debug mode=6 vx=0.000 wz=0.000 left_m=0.0185 right_m=0.0185 fwd_m=0.0185 step_yaw=-0.0001 left_norm=0.501 right_norm=0.499 odom_y=-9.344 odom_roll=2.4deg goal_y_err=0.000 odom_corr=0.000 odom_corr_applied=false path_lat_err=0.000 path_corr=0.000 path_corr_applied=false path_yaw_err=0.0deg path_yaw_corr=0.000 path_yaw_applied=false path_profile=0 crouch_yaw_err=0.0deg crouch_yaw_corr=0.000 crouch_yaw_applied=false crouch_fwd_bias=0.000 crouch_fwd_applied=false same_dir_turn=false opp_turn_shape=false uphill_segment=false uphill_seg_floor=false uphill_roll_floor=false min_step_floor=false override=true timeout=false serial=[6,0.501,0.499]
[0m
[INFO] [1783998638.337507780] [cmd_vel_to_serial]: [0;96mserial tx: [6,-0.200,0.650]
[0m
[INFO] [1783998638.337550189] [cmd_vel_to_serial]: [1;35mstep_debug mode=6 vx=0.000 wz=0.000 left_m=-0.0074 right_m=0.0241 fwd_m=0.0083 step_yaw=0.0875 left_norm=-0.200 right_norm=0.650 odom_y=-9.143 odom_roll=2.1deg goal_y_err=0.000 odom_corr=0.000 odom_corr_applied=false path_lat_err=0.000 path_corr=0.000 path_corr_applied=false path_yaw_err=0.0deg path_yaw_corr=0.000 path_yaw_applied=false path_profile=0 crouch_yaw_err=0.0deg crouch_yaw_corr=0.000 crouch_yaw_applied=false crouch_fwd_bias=0.000 crouch_fwd_applied=false same_dir_turn=false opp_turn_shape=false uphill_segment=false uphill_seg_floor=false uphill_roll_floor=false min_step_floor=false override=true timeout=false serial=[6,-0.200,0.650]
[0m
[INFO] [1783998640.228175432] [cmd_vel_to_serial]: [0;96mserial tx: [6,-0.180,0.350]
[0m
[INFO] [1783998640.561720936] [cmd_vel_to_serial]: [0;96mserial tx: [6,0.000,0.000]
[0m
[INFO] [1783998640.561767195] [cmd_vel_to_serial]: [1;33mstep_debug mode=6 vx=0.000 wz=0.000 left_m=0.0000 right_m=0.0000 fwd_m=0.0000 step_yaw=0.0000 left_norm=0.000 right_norm=0.000 odom_y=-8.568 odom_roll=1.4deg goal_y_err=0.000 odom_corr=0.000 odom_corr_applied=false path_lat_err=0.000 path_corr=0.000 path_corr_applied=false path_yaw_err=0.0deg path_yaw_corr=0.000 path_yaw_applied=false path_profile=0 crouch_yaw_err=0.0deg crouch_yaw_corr=0.000 crouch_yaw_applied=false crouch_fwd_bias=0.000 crouch_fwd_applied=false same_dir_turn=false opp_turn_shape=false uphill_segment=false uphill_seg_floor=false uphill_roll_floor=false min_step_floor=false override=false timeout=true serial=[6,0.000,0.000]
[0m
[INFO] [1783998641.117845409] [cmd_vel_to_serial]: [0;96mserial tx: [6,0.509,0.591]
[0m
[INFO] [1783998641.117913787] [cmd_vel_to_serial]: [0;94mstep_debug mode=6 vx=0.550 wz=0.227 left_m=0.0189 right_m=0.0219 fwd_m=0.0204 step_yaw=0.0084 left_norm=0.509 right_norm=0.591 odom_y=-8.579 odom_roll=2.3deg goal_y_err=0.000 odom_corr=0.000 odom_corr_applied=false path_lat_err=0.000 path_corr=0.000 path_corr_applied=false path_yaw_err=0.0deg path_yaw_corr=0.000 path_yaw_applied=false path_profile=0 crouch_yaw_err=0.0deg crouch_yaw_corr=0.000 crouch_yaw_applied=false crouch_fwd_bias=0.000 crouch_fwd_applied=false same_dir_turn=false opp_turn_shape=false uphill_segment=false uphill_seg_floor=false uphill_roll_floor=false min_step_floor=false override=false timeout=false serial=[6,0.509,0.591]
[0m
[INFO] [1783998641.154815576] [cmd_vel_to_serial]: [0;96mserial tx: [6,0.523,0.477]
[0m
[INFO] [1783998641.154862053] [cmd_vel_to_serial]: [1;35mstep_debug mode=6 vx=0.000 wz=0.000 left_m=0.0194 right_m=0.0177 fwd_m=0.0185 step_yaw=-0.0048 left_norm=0.523 right_norm=0.477 odom_y=-8.576 odom_roll=2.2deg goal_y_err=0.000 odom_corr=0.000 odom_corr_applied=false path_lat_err=0.000 path_corr=0.000 path_corr_applied=false path_yaw_err=0.0deg path_yaw_corr=0.000 path_yaw_applied=false path_profile=0 crouch_yaw_err=0.0deg crouch_yaw_corr=0.000 crouch_yaw_applied=false crouch_fwd_bias=0.000 crouch_fwd_applied=false same_dir_turn=false opp_turn_shape=false uphill_segment=false uphill_seg_floor=false uphill_roll_floor=false min_step_floor=false override=true timeout=false serial=[6,0.523,0.477]
[0m
[INFO] [1783998642.748815770] [cmd_vel_to_serial]: [0;96mserial tx: [6,0.650,-0.200]
[0m
[INFO] [1783998642.748859652] [cmd_vel_to_serial]: [1;35mstep_debug mode=6 vx=0.000 wz=0.000 left_m=0.0241 right_m=-0.0074 fwd_m=0.0083 step_yaw=-0.0875 left_norm=0.650 right_norm=-0.200 odom_y=-8.132 odom_roll=3.1deg goal_y_err=0.000 odom_corr=0.000 odom_corr_applied=false path_lat_err=0.000 path_corr=0.000 path_corr_applied=false path_yaw_err=0.0deg path_yaw_corr=0.000 path_yaw_applied=false path_profile=0 crouch_yaw_err=0.0deg crouch_yaw_corr=0.000 crouch_yaw_applied=false crouch_fwd_bias=0.000 crouch_fwd_applied=false same_dir_turn=false opp_turn_shape=false uphill_segment=false uphill_seg_floor=false uphill_roll_floor=false min_step_floor=false override=true timeout=false serial=[6,0.650,-0.200]
[0m
[INFO] [1783998644.750554317] [cmd_vel_to_serial]: [0;96mserial tx: [6,0.350,-0.180]
[0m
[INFO] [1783998645.047107887] [cmd_vel_to_serial]: [0;96mserial tx: [6,0.000,0.000]
[0m
[INFO] [1783998645.047152565] [cmd_vel_to_serial]: [1;33mstep_debug mode=6 vx=0.000 wz=0.000 left_m=0.0000 right_m=0.0000 fwd_m=0.0000 step_yaw=0.0000 left_norm=0.000 right_norm=0.000 odom_y=-7.539 odom_roll=0.2deg goal_y_err=0.000 odom_corr=0.000 odom_corr_applied=false path_lat_err=0.000 path_corr=0.000 path_corr_applied=false path_yaw_err=0.0deg path_yaw_corr=0.000 path_yaw_applied=false path_profile=0 crouch_yaw_err=0.0deg crouch_yaw_corr=0.000 crouch_yaw_applied=false crouch_fwd_bias=0.000 crouch_fwd_applied=false same_dir_turn=false opp_turn_shape=false uphill_segment=false uphill_seg_floor=false uphill_roll_floor=false min_step_floor=false override=false timeout=true serial=[6,0.000,0.000]
[0m
[INFO] [1783998645.566049529] [cmd_vel_to_serial]: [0;96mserial tx: [6,0.467,0.510]
[0m
[INFO] [1783998645.566088091] [cmd_vel_to_serial]: [0;94mstep_debug mode=6 vx=0.489 wz=0.120 left_m=0.0173 right_m=0.0189 fwd_m=0.0181 step_yaw=0.0044 left_norm=0.467 right_norm=0.510 odom_y=-7.550 odom_roll=2.1deg goal_y_err=0.000 odom_corr=0.000 odom_corr_applied=false path_lat_err=0.000 path_corr=0.000 path_corr_applied=false path_yaw_err=0.0deg path_yaw_corr=0.000 path_yaw_applied=false path_profile=0 crouch_yaw_err=0.0deg crouch_yaw_corr=0.000 crouch_yaw_applied=false crouch_fwd_bias=0.000 crouch_fwd_applied=false same_dir_turn=false opp_turn_shape=false uphill_segment=false uphill_seg_floor=false uphill_roll_floor=false min_step_floor=false override=false timeout=false serial=[6,0.467,0.510]
[0m
[INFO] [1783998645.640183585] [cmd_vel_to_serial]: [1;35mstep_debug mode=6 vx=0.000 wz=0.000 left_m=0.0170 right_m=0.0200 fwd_m=0.0185 step_yaw=0.0083 left_norm=0.460 right_norm=0.540 odom_y=-7.550 odom_roll=2.4deg goal_y_err=0.000 odom_corr=0.000 odom_corr_applied=false path_lat_err=0.000 path_corr=0.000 path_corr_applied=false path_yaw_err=0.0deg path_yaw_corr=0.000 path_yaw_applied=false path_profile=0 crouch_yaw_err=0.0deg crouch_yaw_corr=0.000 crouch_yaw_applied=false crouch_fwd_bias=0.000 crouch_fwd_applied=false same_dir_turn=false opp_turn_shape=false uphill_segment=false uphill_seg_floor=false uphill_roll_floor=false min_step_floor=false override=true timeout=false serial=[6,0.460,0.540]
[0m
[INFO] [1783998646.752246551] [cmd_vel_to_serial]: [0;96mserial tx: [6,-0.200,0.650]
[0m
[INFO] [1783998646.752295700] [cmd_vel_to_serial]: [1;35mstep_debug mode=6 vx=0.000 wz=0.000 left_m=-0.0074 right_m=0.0241 fwd_m=0.0083 step_yaw=0.0875 left_norm=-0.200 right_norm=0.650 odom_y=-7.241 odom_roll=2.0deg goal_y_err=0.000 odom_corr=0.000 odom_corr_applied=false path_lat_err=0.000 path_corr=0.000 path_corr_applied=false path_yaw_err=0.0deg path_yaw_corr=0.000 path_yaw_applied=false path_profile=0 crouch_yaw_err=0.0deg crouch_yaw_corr=0.000 crouch_yaw_applied=false crouch_fwd_bias=0.000 crouch_fwd_applied=false same_dir_turn=false opp_turn_shape=false uphill_segment=false uphill_seg_floor=false uphill_roll_floor=false min_step_floor=false override=true timeout=false serial=[6,-0.200,0.650]
[0m
[INFO] [1783998648.531488763] [cmd_vel_to_serial]: [0;96mserial tx: [6,-0.180,0.350]
[0m
[INFO] [1783998648.753802051] [cmd_vel_to_serial]: [0;96mserial tx: [6,0.000,0.000]
[0m
[INFO] [1783998648.753844554] [cmd_vel_to_serial]: [1;33mstep_debug mode=6 vx=0.000 wz=0.000 left_m=0.0000 right_m=0.0000 fwd_m=0.0000 step_yaw=0.0000 left_norm=0.000 right_norm=0.000 odom_y=-6.694 odom_roll=1.2deg goal_y_err=0.000 odom_corr=0.000 odom_corr_applied=false path_lat_err=0.000 path_corr=0.000 path_corr_applied=false path_yaw_err=0.0deg path_yaw_corr=0.000 path_yaw_applied=false path_profile=0 crouch_yaw_err=0.0deg crouch_yaw_corr=0.000 crouch_yaw_applied=false crouch_fwd_bias=0.000 crouch_fwd_applied=false same_dir_turn=false opp_turn_shape=false uphill_segment=false uphill_seg_floor=false uphill_roll_floor=false min_step_floor=false override=false timeout=true serial=[6,0.000,0.000]
[0m
[INFO] [1783998649.309866823] [cmd_vel_to_serial]: [0;96mserial tx: [6,0.180,0.308]
[0m
[INFO] [1783998649.309927954] [cmd_vel_to_serial]: [1;32mstep_debug mode=6 vx=0.164 wz=0.800 left_m=0.0067 right_m=0.0114 fwd_m=0.0090 step_yaw=0.0131 left_norm=0.180 right_norm=0.308 odom_y=-6.732 odom_roll=2.2deg goal_y_err=0.000 odom_corr=0.000 odom_corr_applied=false path_lat_err=0.000 path_corr=0.000 path_corr_applied=false path_yaw_err=0.0deg path_yaw_corr=0.000 path_yaw_applied=false path_profile=0 crouch_yaw_err=0.0deg crouch_yaw_corr=0.000 crouch_yaw_applied=false crouch_fwd_bias=0.000 crouch_fwd_applied=false same_dir_turn=false opp_turn_shape=false uphill_segment=false uphill_seg_floor=false uphill_roll_floor=false min_step_floor=true override=false timeout=false serial=[6,0.180,0.308]
[0m
[INFO] [1783998649.346913347] [cmd_vel_to_serial]: [0;96mserial tx: [6,0.449,0.551]
[0m
[INFO] [1783998649.346966347] [cmd_vel_to_serial]: [1;35mstep_debug mode=6 vx=0.000 wz=0.000 left_m=0.0166 right_m=0.0204 fwd_m=0.0185 step_yaw=0.0105 left_norm=0.449 right_norm=0.551 odom_y=-6.732 odom_roll=2.2deg goal_y_err=0.000 odom_corr=0.000 odom_corr_applied=false path_lat_err=0.000 path_corr=0.000 path_corr_applied=false path_yaw_err=0.0deg path_yaw_corr=0.000 path_yaw_applied=false path_profile=0 crouch_yaw_err=0.0deg crouch_yaw_corr=0.000 crouch_yaw_applied=false crouch_fwd_bias=0.000 crouch_fwd_applied=false same_dir_turn=false opp_turn_shape=false uphill_segment=false uphill_seg_floor=false uphill_roll_floor=false min_step_floor=false override=true timeout=false serial=[6,0.449,0.551]
[0m
[INFO] [1783998649.939977150] [cmd_vel_to_serial]: [0;96mserial tx: [6,0.650,-0.200]
[0m
[INFO] [1783998649.940008234] [cmd_vel_to_serial]: [1;35mstep_debug mode=6 vx=0.000 wz=0.000 left_m=0.0241 right_m=-0.0074 fwd_m=0.0083 step_yaw=-0.0875 left_norm=0.650 right_norm=-0.200 odom_y=-6.578 odom_roll=1.8deg goal_y_err=0.000 odom_corr=0.000 odom_corr_applied=false path_lat_err=0.000 path_corr=0.000 path_corr_applied=false path_yaw_err=0.0deg path_yaw_corr=0.000 path_yaw_applied=false path_profile=0 crouch_yaw_err=0.0deg crouch_yaw_corr=0.000 crouch_yaw_applied=false crouch_fwd_bias=0.000 crouch_fwd_applied=false same_dir_turn=false opp_turn_shape=false uphill_segment=false uphill_seg_floor=false uphill_roll_floor=false min_step_floor=false override=true timeout=false serial=[6,0.650,-0.200]
[0m
[INFO] [1783998650.644246255] [cmd_vel_to_serial]: [0;96mserial tx: [6,0.350,-0.180]
[0m
[INFO] [1783998650.829563515] [cmd_vel_to_serial]: [0;96mserial tx: [6,0.000,0.000]
[0m
[INFO] [1783998650.829605217] [cmd_vel_to_serial]: [1;33mstep_debug mode=6 vx=0.000 wz=0.000 left_m=0.0000 right_m=0.0000 fwd_m=0.0000 step_yaw=0.0000 left_norm=0.000 right_norm=0.000 odom_y=-6.274 odom_roll=0.5deg goal_y_err=0.000 odom_corr=0.000 odom_corr_applied=false path_lat_err=0.000 path_corr=0.000 path_corr_applied=false path_yaw_err=0.0deg path_yaw_corr=0.000 path_yaw_applied=false path_profile=0 crouch_yaw_err=0.0deg crouch_yaw_corr=0.000 crouch_yaw_applied=false crouch_fwd_bias=0.000 crouch_fwd_applied=false same_dir_turn=false opp_turn_shape=false uphill_segment=false uphill_seg_floor=false uphill_roll_floor=false min_step_floor=false override=false timeout=true serial=[6,0.000,0.000]
[0m
[INFO] [1783998651.025557622] [cmd_vel_to_serial]: [1;35mUpdated fixed step override runtime state to true[0m
[INFO] [1783998651.025613651] [cmd_vel_to_serial]: [1;35mUpdated serial mode to 0[0m
[INFO] [1783998651.051991971] [cmd_vel_to_serial]: [0;96mserial tx: [0,0.000,0.000]
[0m
[INFO] [1783998651.052056689] [cmd_vel_to_serial]: [1;33mstep_debug mode=0 vx=0.000 wz=0.000 left_m=0.0000 right_m=0.0000 fwd_m=0.0000 step_yaw=0.0000 left_norm=0.000 right_norm=0.000 odom_y=-6.250 odom_roll=-0.2deg goal_y_err=0.000 odom_corr=0.000 odom_corr_applied=false path_lat_err=0.000 path_corr=0.000 path_corr_applied=false path_yaw_err=0.0deg path_yaw_corr=0.000 path_yaw_applied=false path_profile=0 crouch_yaw_err=0.0deg crouch_yaw_corr=0.000 crouch_yaw_applied=false crouch_fwd_bias=0.000 crouch_fwd_applied=false same_dir_turn=false opp_turn_shape=false uphill_segment=false uphill_seg_floor=false uphill_roll_floor=false min_step_floor=false override=false timeout=true serial=[0,0.000,0.000]
[0m
[INFO] [1783998651.126115601] [cmd_vel_to_serial]: [0;96mserial tx: [0,0.500,0.500]
[0m
[INFO] [1783998651.126156283] [cmd_vel_to_serial]: [1;35mstep_debug mode=0 vx=0.000 wz=0.000 left_m=0.0185 right_m=0.0185 fwd_m=0.0185 step_yaw=0.0000 left_norm=0.500 right_norm=0.500 odom_y=-6.252 odom_roll=0.2deg goal_y_err=0.000 odom_corr=0.000 odom_corr_applied=false path_lat_err=0.000 path_corr=0.000 path_corr_applied=false path_yaw_err=0.0deg path_yaw_corr=0.000 path_yaw_applied=false path_profile=0 crouch_yaw_err=0.0deg crouch_yaw_corr=0.000 crouch_yaw_applied=false crouch_fwd_bias=0.000 crouch_fwd_applied=false same_dir_turn=false opp_turn_shape=false uphill_segment=false uphill_seg_floor=false uphill_roll_floor=false min_step_floor=false override=true timeout=false serial=[0,0.500,0.500]
[0m
[INFO] [1783998652.460484189] [cmd_vel_to_serial]: [0;96mserial tx: [0,0.000,0.000]
[0m
[INFO] [1783998652.460529004] [cmd_vel_to_serial]: [1;33mstep_debug mode=0 vx=0.000 wz=0.000 left_m=0.0000 right_m=0.0000 fwd_m=0.0000 step_yaw=0.0000 left_norm=0.000 right_norm=0.000 odom_y=-5.757 odom_roll=3.1deg goal_y_err=0.000 odom_corr=0.000 odom_corr_applied=false path_lat_err=0.000 path_corr=0.000 path_corr_applied=false path_yaw_err=0.0deg path_yaw_corr=0.000 path_yaw_applied=false path_profile=0 crouch_yaw_err=0.0deg crouch_yaw_corr=0.000 crouch_yaw_applied=false crouch_fwd_bias=0.000 crouch_fwd_applied=false same_dir_turn=false opp_turn_shape=false uphill_segment=false uphill_seg_floor=false uphill_roll_floor=false min_step_floor=false override=false timeout=true serial=[0,0.000,0.000]
[0m
[INFO] [1783998652.497541860] [cmd_vel_to_serial]: [0;96mserial tx: [6,-0.076,0.140]
[0m
[INFO] [1783998652.497583446] [cmd_vel_to_serial]: [1;35mstep_debug mode=6 vx=0.000 wz=0.000 left_m=-0.0028 right_m=0.0052 fwd_m=0.0012 step_yaw=0.0223 left_norm=-0.076 right_norm=0.140 odom_y=-5.744 odom_roll=1.6deg goal_y_err=0.000 odom_corr=0.000 odom_corr_applied=false path_lat_err=0.000 path_corr=0.000 path_corr_applied=false path_yaw_err=0.0deg path_yaw_corr=0.000 path_yaw_applied=false path_profile=0 crouch_yaw_err=0.0deg crouch_yaw_corr=0.000 crouch_yaw_applied=false crouch_fwd_bias=0.000 crouch_fwd_applied=false same_dir_turn=false opp_turn_shape=false uphill_segment=false uphill_seg_floor=false uphill_roll_floor=false min_step_floor=false override=true timeout=false serial=[6,-0.076,0.140]
[0m
[INFO] [1783998654.499059177] [cmd_vel_to_serial]: [0;96mserial tx: [6,-0.120,0.220]
[0m
[INFO] [1783998655.499816927] [cmd_vel_to_serial]: [1;35mstep_debug mode=6 vx=0.000 wz=0.000 left_m=-0.0044 right_m=0.0081 fwd_m=0.0019 step_yaw=0.0350 left_norm=-0.120 right_norm=0.220 odom_y=-5.735 odom_roll=2.4deg goal_y_err=0.000 odom_corr=0.000 odom_corr_applied=false path_lat_err=0.000 path_corr=0.000 path_corr_applied=false path_yaw_err=0.0deg path_yaw_corr=0.000 path_yaw_applied=false path_profile=0 crouch_yaw_err=0.0deg crouch_yaw_corr=0.000 crouch_yaw_applied=false crouch_fwd_bias=0.000 crouch_fwd_applied=false same_dir_turn=false opp_turn_shape=false uphill_segment=false uphill_seg_floor=false uphill_roll_floor=false min_step_floor=false override=true timeout=false serial=[6,-0.120,0.220]
[0m
[INFO] [1783998656.500544367] [cmd_vel_to_serial]: [0;96mserial tx: [6,-0.120,0.220]
[0m
[INFO] [1783998656.797065426] [cmd_vel_to_serial]: [0;96mserial tx: [6,-0.071,0.130]
[0m
[INFO] [1783998657.353056338] [cmd_vel_to_serial]: [0;96mserial tx: [0,0.497,0.503]
[0m
[INFO] [1783998657.353112180] [cmd_vel_to_serial]: [1;35mstep_debug mode=0 vx=0.000 wz=0.000 left_m=0.0184 right_m=0.0186 fwd_m=0.0185 step_yaw=0.0005 left_norm=0.497 right_norm=0.503 odom_y=-5.830 odom_roll=2.1deg goal_y_err=0.000 odom_corr=0.000 odom_corr_applied=false path_lat_err=0.000 path_corr=0.000 path_corr_applied=false path_yaw_err=0.0deg path_yaw_corr=0.000 path_yaw_applied=false path_profile=0 crouch_yaw_err=0.0deg crouch_yaw_corr=0.000 crouch_yaw_applied=false crouch_fwd_bias=0.000 crouch_fwd_applied=false same_dir_turn=false opp_turn_shape=false uphill_segment=false uphill_seg_floor=false uphill_roll_floor=false min_step_floor=false override=true timeout=false serial=[0,0.497,0.503]
[0m
[INFO] [1783998657.760727831] [cmd_vel_to_serial]: [0;96mserial tx: [0,0.000,0.000]
[0m
[INFO] [1783998657.760765214] [cmd_vel_to_serial]: [1;35mstep_debug mode=0 vx=0.000 wz=0.000 left_m=0.0000 right_m=0.0000 fwd_m=0.0000 step_yaw=0.0000 left_norm=0.000 right_norm=0.000 odom_y=-5.855 odom_roll=5.0deg goal_y_err=0.000 odom_corr=0.000 odom_corr_applied=false path_lat_err=0.000 path_corr=0.000 path_corr_applied=false path_yaw_err=0.0deg path_yaw_corr=0.000 path_yaw_applied=false path_profile=0 crouch_yaw_err=0.0deg crouch_yaw_corr=0.000 crouch_yaw_applied=false crouch_fwd_bias=0.000 crouch_fwd_applied=false same_dir_turn=false opp_turn_shape=false uphill_segment=false uphill_seg_floor=false uphill_roll_floor=false min_step_floor=false override=true timeout=false serial=[0,0.000,0.000]
[0m
[INFO] [1783998657.797795425] [cmd_vel_to_serial]: [0;96mserial tx: [6,0.220,-0.120]
[0m
[INFO] [1783998657.797855336] [cmd_vel_to_serial]: [1;35mstep_debug mode=6 vx=0.000 wz=0.000 left_m=0.0081 right_m=-0.0044 fwd_m=0.0019 step_yaw=-0.0350 left_norm=0.220 right_norm=-0.120 odom_y=-5.852 odom_roll=0.8deg goal_y_err=0.000 odom_corr=0.000 odom_corr_applied=false path_lat_err=0.000 path_corr=0.000 path_corr_applied=false path_yaw_err=0.0deg path_yaw_corr=0.000 path_yaw_applied=false path_profile=0 crouch_yaw_err=0.0deg crouch_yaw_corr=0.000 crouch_yaw_applied=false crouch_fwd_bias=0.000 crouch_fwd_applied=false same_dir_turn=false opp_turn_shape=false uphill_segment=false uphill_seg_floor=false uphill_roll_floor=false min_step_floor=false override=true timeout=false serial=[6,0.220,-0.120]
[0m
[INFO] [1783998659.799248802] [cmd_vel_to_serial]: [0;96mserial tx: [6,0.220,-0.120]
[0m
[INFO] [1783998660.799909265] [cmd_vel_to_serial]: [1;35mstep_debug mode=6 vx=0.000 wz=0.000 left_m=0.0077 right_m=-0.0042 fwd_m=0.0018 step_yaw=-0.0331 left_norm=0.208 right_norm=-0.113 odom_y=-5.705 odom_roll=1.7deg goal_y_err=0.000 odom_corr=0.000 odom_corr_applied=false path_lat_err=0.000 path_corr=0.000 path_corr_applied=false path_yaw_err=0.0deg path_yaw_corr=0.000 path_yaw_applied=false path_profile=0 crouch_yaw_err=0.0deg crouch_yaw_corr=0.000 crouch_yaw_applied=false crouch_fwd_bias=0.000 crouch_fwd_applied=false same_dir_turn=false opp_turn_shape=false uphill_segment=false uphill_seg_floor=false uphill_roll_floor=false min_step_floor=false override=true timeout=false serial=[6,0.208,-0.113]
[0m
[INFO] [1783998661.800688508] [cmd_vel_to_serial]: [0;96mserial tx: [6,0.188,-0.103]
[0m
[INFO] [1783998663.802037990] [cmd_vel_to_serial]: [0;96mserial tx: [6,0.220,-0.120]
[0m
[INFO] [1783998663.802081821] [cmd_vel_to_serial]: [1;35mstep_debug mode=6 vx=0.000 wz=0.000 left_m=0.0081 right_m=-0.0044 fwd_m=0.0019 step_yaw=-0.0350 left_norm=0.220 right_norm=-0.120 odom_y=-5.904 odom_roll=1.0deg goal_y_err=0.000 odom_corr=0.000 odom_corr_applied=false path_lat_err=0.000 path_corr=0.000 path_corr_applied=false path_yaw_err=0.0deg path_yaw_corr=0.000 path_yaw_applied=false path_profile=0 crouch_yaw_err=0.0deg crouch_yaw_corr=0.000 crouch_yaw_applied=false crouch_fwd_bias=0.000 crouch_fwd_applied=false same_dir_turn=false opp_turn_shape=false uphill_segment=false uphill_seg_floor=false uphill_roll_floor=false min_step_floor=false override=true timeout=false serial=[6,0.220,-0.120]
[0m
[INFO] [1783998664.283797996] [cmd_vel_to_serial]: [0;96mserial tx: [6,-0.120,0.220]
[0m
[INFO] [1783998665.729273972] [cmd_vel_to_serial]: [0;96mserial tx: [6,-0.071,0.130]
[0m
[INFO] [1783998665.840455205] [cmd_vel_to_serial]: [0;96mserial tx: [6,0.099,-0.054]
[0m
[INFO] [1783998665.988722960] [cmd_vel_to_serial]: [0;96mserial tx: [6,0.215,-0.117]
[0m
[INFO] [1783998666.804082691] [cmd_vel_to_serial]: [1;35mstep_debug mode=6 vx=0.000 wz=0.000 left_m=0.0081 right_m=-0.0044 fwd_m=0.0019 step_yaw=-0.0350 left_norm=0.220 right_norm=-0.120 odom_y=-5.863 odom_roll=1.4deg goal_y_err=0.000 odom_corr=0.000 odom_corr_applied=false path_lat_err=0.000 path_corr=0.000 path_corr_applied=false path_yaw_err=0.0deg path_yaw_corr=0.000 path_yaw_applied=false path_profile=0 crouch_yaw_err=0.0deg crouch_yaw_corr=0.000 crouch_yaw_applied=false crouch_fwd_bias=0.000 crouch_fwd_applied=false same_dir_turn=false opp_turn_shape=false uphill_segment=false uphill_seg_floor=false uphill_roll_floor=false min_step_floor=false override=true timeout=false serial=[6,0.220,-0.120]
[0m
[INFO] [1783998667.990067621] [cmd_vel_to_serial]: [0;96mserial tx: [6,0.220,-0.120]
[0m
[INFO] [1783998669.806041949] [cmd_vel_to_serial]: [1;35mstep_debug mode=6 vx=0.000 wz=0.000 left_m=0.0081 right_m=-0.0044 fwd_m=0.0019 step_yaw=-0.0350 left_norm=0.220 right_norm=-0.120 odom_y=-5.855 odom_roll=1.8deg goal_y_err=0.000 odom_corr=0.000 odom_corr_applied=false path_lat_err=0.000 path_corr=0.000 path_corr_applied=false path_yaw_err=0.0deg path_yaw_corr=0.000 path_yaw_applied=false path_profile=0 crouch_yaw_err=0.0deg crouch_yaw_corr=0.000 crouch_yaw_applied=false crouch_fwd_bias=0.000 crouch_fwd_applied=false same_dir_turn=false opp_turn_shape=false uphill_segment=false uphill_seg_floor=false uphill_roll_floor=false min_step_floor=false override=true timeout=false serial=[6,0.220,-0.120]
[0m
[INFO] [1783998669.991394228] [cmd_vel_to_serial]: [0;96mserial tx: [6,0.220,-0.120]
[0m
[INFO] [1783998671.992691442] [cmd_vel_to_serial]: [0;96mserial tx: [6,0.220,-0.120]
[0m
[INFO] [1783998672.808012648] [cmd_vel_to_serial]: [1;35mstep_debug mode=6 vx=0.000 wz=0.000 left_m=0.0081 right_m=-0.0044 fwd_m=0.0019 step_yaw=-0.0350 left_norm=0.220 right_norm=-0.120 odom_y=-5.847 odom_roll=1.7deg goal_y_err=0.000 odom_corr=0.000 odom_corr_applied=false path_lat_err=0.000 path_corr=0.000 path_corr_applied=false path_yaw_err=0.0deg path_yaw_corr=0.000 path_yaw_applied=false path_profile=0 crouch_yaw_err=0.0deg crouch_yaw_corr=0.000 crouch_yaw_applied=false crouch_fwd_bias=0.000 crouch_fwd_applied=false same_dir_turn=false opp_turn_shape=false uphill_segment=false uphill_seg_floor=false uphill_roll_floor=false min_step_floor=false override=true timeout=false serial=[6,0.220,-0.120]
[0m
[INFO] [1783998673.993953413] [cmd_vel_to_serial]: [0;96mserial tx: [6,0.220,-0.120]
[0m
[INFO] [1783998675.809887835] [cmd_vel_to_serial]: [1;35mstep_debug mode=6 vx=0.000 wz=0.000 left_m=0.0081 right_m=-0.0044 fwd_m=0.0019 step_yaw=-0.0350 left_norm=0.220 right_norm=-0.120 odom_y=-5.856 odom_roll=1.7deg goal_y_err=0.000 odom_corr=0.000 odom_corr_applied=false path_lat_err=0.000 path_corr=0.000 path_corr_applied=false path_yaw_err=0.0deg path_yaw_corr=0.000 path_yaw_applied=false path_profile=0 crouch_yaw_err=0.0deg crouch_yaw_corr=0.000 crouch_yaw_applied=false crouch_fwd_bias=0.000 crouch_fwd_applied=false same_dir_turn=false opp_turn_shape=false uphill_segment=false uphill_seg_floor=false uphill_roll_floor=false min_step_floor=false override=true timeout=false serial=[6,0.220,-0.120]
[0m
[INFO] [1783998675.995238151] [cmd_vel_to_serial]: [0;96mserial tx: [6,0.220,-0.120]
[0m
[INFO] [1783998677.996501023] [cmd_vel_to_serial]: [0;96mserial tx: [6,0.220,-0.120]
[0m
[INFO] [1783998678.811742056] [cmd_vel_to_serial]: [1;35mstep_debug mode=6 vx=0.000 wz=0.000 left_m=0.0081 right_m=-0.0044 fwd_m=0.0019 step_yaw=-0.0350 left_norm=0.220 right_norm=-0.120 odom_y=-5.857 odom_roll=1.7deg goal_y_err=0.000 odom_corr=0.000 odom_corr_applied=false path_lat_err=0.000 path_corr=0.000 path_corr_applied=false path_yaw_err=0.0deg path_yaw_corr=0.000 path_yaw_applied=false path_profile=0 crouch_yaw_err=0.0deg crouch_yaw_corr=0.000 crouch_yaw_applied=false crouch_fwd_bias=0.000 crouch_fwd_applied=false same_dir_turn=false opp_turn_shape=false uphill_segment=false uphill_seg_floor=false uphill_roll_floor=false min_step_floor=false override=true timeout=false serial=[6,0.220,-0.120]
[0m
[INFO] [1783998679.997706106] [cmd_vel_to_serial]: [0;96mserial tx: [6,0.220,-0.120]
[0m
[INFO] [1783998681.813620990] [cmd_vel_to_serial]: [1;35mstep_debug mode=6 vx=0.000 wz=0.000 left_m=0.0081 right_m=-0.0044 fwd_m=0.0019 step_yaw=-0.0350 left_norm=0.220 right_norm=-0.120 odom_y=-5.838 odom_roll=1.7deg goal_y_err=0.000 odom_corr=0.000 odom_corr_applied=false path_lat_err=0.000 path_corr=0.000 path_corr_applied=false path_yaw_err=0.0deg path_yaw_corr=0.000 path_yaw_applied=false path_profile=0 crouch_yaw_err=0.0deg crouch_yaw_corr=0.000 crouch_yaw_applied=false crouch_fwd_bias=0.000 crouch_fwd_applied=false same_dir_turn=false opp_turn_shape=false uphill_segment=false uphill_seg_floor=false uphill_roll_floor=false min_step_floor=false override=true timeout=false serial=[6,0.220,-0.120]
[0m
[INFO] [1783998681.998921650] [cmd_vel_to_serial]: [0;96mserial tx: [6,0.220,-0.120]
[0m
[INFO] [1783998684.000115469] [cmd_vel_to_serial]: [0;96mserial tx: [6,0.220,-0.120]
[0m
[INFO] [1783998684.815452478] [cmd_vel_to_serial]: [1;35mstep_debug mode=6 vx=0.000 wz=0.000 left_m=0.0081 right_m=-0.0044 fwd_m=0.0019 step_yaw=-0.0350 left_norm=0.220 right_norm=-0.120 odom_y=-5.842 odom_roll=1.7deg goal_y_err=0.000 odom_corr=0.000 odom_corr_applied=false path_lat_err=0.000 path_corr=0.000 path_corr_applied=false path_yaw_err=0.0deg path_yaw_corr=0.000 path_yaw_applied=false path_profile=0 crouch_yaw_err=0.0deg crouch_yaw_corr=0.000 crouch_yaw_applied=false crouch_fwd_bias=0.000 crouch_fwd_applied=false same_dir_turn=false opp_turn_shape=false uphill_segment=false uphill_seg_floor=false uphill_roll_floor=false min_step_floor=false override=true timeout=false serial=[6,0.220,-0.120]
[0m
[INFO] [1783998686.001316827] [cmd_vel_to_serial]: [0;96mserial tx: [6,0.220,-0.120]
[0m
[INFO] [1783998687.817211210] [cmd_vel_to_serial]: [1;35mstep_debug mode=6 vx=0.000 wz=0.000 left_m=0.0081 right_m=-0.0044 fwd_m=0.0019 step_yaw=-0.0350 left_norm=0.220 right_norm=-0.120 odom_y=-6.565 odom_roll=1.4deg goal_y_err=0.000 odom_corr=0.000 odom_corr_applied=false path_lat_err=0.000 path_corr=0.000 path_corr_applied=false path_yaw_err=0.0deg path_yaw_corr=0.000 path_yaw_applied=false path_profile=0 crouch_yaw_err=0.0deg crouch_yaw_corr=0.000 crouch_yaw_applied=false crouch_fwd_bias=0.000 crouch_fwd_applied=false same_dir_turn=false opp_turn_shape=false uphill_segment=false uphill_seg_floor=false uphill_roll_floor=false min_step_floor=false override=true timeout=false serial=[6,0.220,-0.120]
[0m
[INFO] [1783998688.002518594] [cmd_vel_to_serial]: [0;96mserial tx: [6,0.220,-0.120]
[0m
[INFO] [1783998690.003660709] [cmd_vel_to_serial]: [0;96mserial tx: [6,0.220,-0.120]
[0m
[INFO] [1783998690.818959530] [cmd_vel_to_serial]: [0;96mserial tx: [6,0.118,-0.064]
[0m
[INFO] [1783998690.819005951] [cmd_vel_to_serial]: [1;35mstep_debug mode=6 vx=0.000 wz=0.000 left_m=0.0044 right_m=-0.0024 fwd_m=0.0010 step_yaw=-0.0188 left_norm=0.118 right_norm=-0.064 odom_y=-10.322 odom_roll=-4.6deg goal_y_err=0.000 odom_corr=0.000 odom_corr_applied=false path_lat_err=0.000 path_corr=0.000 path_corr_applied=false path_yaw_err=0.0deg path_yaw_corr=0.000 path_yaw_applied=false path_profile=0 crouch_yaw_err=0.0deg crouch_yaw_corr=0.000 crouch_yaw_applied=false crouch_fwd_bias=0.000 crouch_fwd_applied=false same_dir_turn=false opp_turn_shape=false uphill_segment=false uphill_seg_floor=false uphill_roll_floor=false min_step_floor=false override=true timeout=false serial=[6,0.118,-0.064]
[0m
[INFO] [1783998691.004275746] [cmd_vel_to_serial]: [0;96mserial tx: [0,0.500,0.500]
[0m
[INFO] [1783998691.004326228] [cmd_vel_to_serial]: [1;35mstep_debug mode=0 vx=0.000 wz=0.000 left_m=0.0185 right_m=0.0185 fwd_m=0.0185 step_yaw=0.0000 left_norm=0.500 right_norm=0.500 odom_y=-10.399 odom_roll=-1.4deg goal_y_err=0.000 odom_corr=0.000 odom_corr_applied=false path_lat_err=0.000 path_corr=0.000 path_corr_applied=false path_yaw_err=0.0deg path_yaw_corr=0.000 path_yaw_applied=false path_profile=0 crouch_yaw_err=0.0deg crouch_yaw_corr=0.000 crouch_yaw_applied=false crouch_fwd_bias=0.000 crouch_fwd_applied=false same_dir_turn=false opp_turn_shape=false uphill_segment=false uphill_seg_floor=false uphill_roll_floor=false min_step_floor=false override=true timeout=false serial=[0,0.500,0.500]
[0m
[INFO] [1783998691.560125097] [cmd_vel_to_serial]: [0;96mserial tx: [6,-0.054,0.099]
[0m
[INFO] [1783998691.560162854] [cmd_vel_to_serial]: [1;35mstep_debug mode=6 vx=0.000 wz=0.000 left_m=-0.0020 right_m=0.0037 fwd_m=0.0008 step_yaw=0.0157 left_norm=-0.054 right_norm=0.099 odom_y=-10.477 odom_roll=-0.6deg goal_y_err=0.000 odom_corr=0.000 odom_corr_applied=false path_lat_err=0.000 path_corr=0.000 path_corr_applied=false path_yaw_err=0.0deg path_yaw_corr=0.000 path_yaw_applied=false path_profile=0 crouch_yaw_err=0.0deg crouch_yaw_corr=0.000 crouch_yaw_applied=false crouch_fwd_bias=0.000 crouch_fwd_applied=false same_dir_turn=false opp_turn_shape=false uphill_segment=false uphill_seg_floor=false uphill_roll_floor=false min_step_floor=false override=true timeout=false serial=[6,-0.054,0.099]
[0m
[INFO] [1783998691.930737099] [cmd_vel_to_serial]: [0;96mserial tx: [0,0.447,0.553]
[0m
[INFO] [1783998691.930778946] [cmd_vel_to_serial]: [1;35mstep_debug mode=0 vx=0.000 wz=0.000 left_m=0.0166 right_m=0.0205 fwd_m=0.0185 step_yaw=0.0109 left_norm=0.447 right_norm=0.553 odom_y=-10.441 odom_roll=-0.3deg goal_y_err=0.000 odom_corr=0.000 odom_corr_applied=false path_lat_err=0.000 path_corr=0.000 path_corr_applied=false path_yaw_err=0.0deg path_yaw_corr=0.000 path_yaw_applied=false path_profile=0 crouch_yaw_err=0.0deg crouch_yaw_corr=0.000 crouch_yaw_applied=false crouch_fwd_bias=0.000 crouch_fwd_applied=false same_dir_turn=false opp_turn_shape=false uphill_segment=false uphill_seg_floor=false uphill_roll_floor=false min_step_floor=false override=true timeout=false serial=[0,0.447,0.553]
[0m
[INFO] [1783998693.635360626] [cmd_vel_to_serial]: [0;96mserial tx: [6,-0.054,0.099]
[0m
[INFO] [1783998693.635406848] [cmd_vel_to_serial]: [1;35mstep_debug mode=6 vx=0.000 wz=0.000 left_m=-0.0020 right_m=0.0037 fwd_m=0.0008 step_yaw=0.0157 left_norm=-0.054 right_norm=0.099 odom_y=-10.440 odom_roll=-1.7deg goal_y_err=0.000 odom_corr=0.000 odom_corr_applied=false path_lat_err=0.000 path_corr=0.000 path_corr_applied=false path_yaw_err=0.0deg path_yaw_corr=0.000 path_yaw_applied=false path_profile=0 crouch_yaw_err=0.0deg crouch_yaw_corr=0.000 crouch_yaw_applied=false crouch_fwd_bias=0.000 crouch_fwd_applied=false same_dir_turn=false opp_turn_shape=false uphill_segment=false uphill_seg_floor=false uphill_roll_floor=false min_step_floor=false override=true timeout=false serial=[6,-0.054,0.099]
[0m
[INFO] [1783998693.968958534] [cmd_vel_to_serial]: [0;96mserial tx: [6,-0.113,0.207]
[0m
[INFO] [1783998695.154783925] [cmd_vel_to_serial]: [0;96mserial tx: [6,-0.060,0.110]
[0m
[INFO] [1783998696.637126124] [cmd_vel_to_serial]: [1;35mstep_debug mode=6 vx=0.000 wz=0.000 left_m=-0.0022 right_m=0.0041 fwd_m=0.0009 step_yaw=0.0175 left_norm=-0.060 right_norm=0.110 odom_y=-8.341 odom_roll=3.3deg goal_y_err=0.000 odom_corr=0.000 odom_corr_applied=false path_lat_err=0.000 path_corr=0.000 path_corr_applied=false path_yaw_err=0.0deg path_yaw_corr=0.000 path_yaw_applied=false path_profile=0 crouch_yaw_err=0.0deg crouch_yaw_corr=0.000 crouch_yaw_applied=false crouch_fwd_bias=0.000 crouch_fwd_applied=false same_dir_turn=false opp_turn_shape=false uphill_segment=false uphill_seg_floor=false uphill_roll_floor=false min_step_floor=false override=true timeout=false serial=[6,-0.060,0.110]
[0m
[INFO] [1783998697.155905439] [cmd_vel_to_serial]: [0;96mserial tx: [6,-0.060,0.110]
[0m
[INFO] [1783998699.157036658] [cmd_vel_to_serial]: [0;96mserial tx: [6,-0.060,0.110]
[0m
[INFO] [1783998699.638832671] [cmd_vel_to_serial]: [1;35mstep_debug mode=6 vx=0.000 wz=0.000 left_m=-0.0022 right_m=0.0041 fwd_m=0.0009 step_yaw=0.0175 left_norm=-0.060 right_norm=0.110 odom_y=-7.231 odom_roll=8.9deg goal_y_err=0.000 odom_corr=0.000 odom_corr_applied=false path_lat_err=0.000 path_corr=0.000 path_corr_applied=false path_yaw_err=0.0deg path_yaw_corr=0.000 path_yaw_applied=false path_profile=0 crouch_yaw_err=0.0deg crouch_yaw_corr=0.000 crouch_yaw_applied=false crouch_fwd_bias=0.000 crouch_fwd_applied=false same_dir_turn=false opp_turn_shape=false uphill_segment=false uphill_seg_floor=false uphill_roll_floor=false min_step_floor=false override=true timeout=false serial=[6,-0.060,0.110]
[0m
[INFO] [1783998701.158142616] [cmd_vel_to_serial]: [0;96mserial tx: [6,-0.060,0.110]
[0m
[INFO] [1783998702.640472013] [cmd_vel_to_serial]: [1;35mstep_debug mode=6 vx=0.000 wz=0.000 left_m=-0.0022 right_m=0.0041 fwd_m=0.0009 step_yaw=0.0175 left_norm=-0.060 right_norm=0.110 odom_y=-6.586 odom_roll=1.6deg goal_y_err=0.000 odom_corr=0.000 odom_corr_applied=false path_lat_err=0.000 path_corr=0.000 path_corr_applied=false path_yaw_err=0.0deg path_yaw_corr=0.000 path_yaw_applied=false path_profile=0 crouch_yaw_err=0.0deg crouch_yaw_corr=0.000 crouch_yaw_applied=false crouch_fwd_bias=0.000 crouch_fwd_applied=false same_dir_turn=false opp_turn_shape=false uphill_segment=false uphill_seg_floor=false uphill_roll_floor=false min_step_floor=false override=true timeout=false serial=[6,-0.060,0.110]
[0m
[INFO] [1783998703.159276980] [cmd_vel_to_serial]: [0;96mserial tx: [6,-0.060,0.110]
[0m
[INFO] [1783998705.160382916] [cmd_vel_to_serial]: [0;96mserial tx: [6,-0.060,0.110]
[0m
[INFO] [1783998705.642132419] [cmd_vel_to_serial]: [1;35mstep_debug mode=6 vx=0.000 wz=0.000 left_m=-0.0022 right_m=0.0041 fwd_m=0.0009 step_yaw=0.0175 left_norm=-0.060 right_norm=0.110 odom_y=-6.596 odom_roll=1.4deg goal_y_err=0.000 odom_corr=0.000 odom_corr_applied=false path_lat_err=0.000 path_corr=0.000 path_corr_applied=false path_yaw_err=0.0deg path_yaw_corr=0.000 path_yaw_applied=false path_profile=0 crouch_yaw_err=0.0deg crouch_yaw_corr=0.000 crouch_yaw_applied=false crouch_fwd_bias=0.000 crouch_fwd_applied=false same_dir_turn=false opp_turn_shape=false uphill_segment=false uphill_seg_floor=false uphill_roll_floor=false min_step_floor=false override=true timeout=false serial=[6,-0.060,0.110]
[0m
[INFO] [1783998707.161482785] [cmd_vel_to_serial]: [0;96mserial tx: [6,-0.060,0.110]
[0m
[INFO] [1783998708.643773481] [cmd_vel_to_serial]: [1;35mstep_debug mode=6 vx=0.000 wz=0.000 left_m=-0.0022 right_m=0.0041 fwd_m=0.0009 step_yaw=0.0175 left_norm=-0.060 right_norm=0.110 odom_y=-6.579 odom_roll=1.6deg goal_y_err=0.000 odom_corr=0.000 odom_corr_applied=false path_lat_err=0.000 path_corr=0.000 path_corr_applied=false path_yaw_err=0.0deg path_yaw_corr=0.000 path_yaw_applied=false path_profile=0 crouch_yaw_err=0.0deg crouch_yaw_corr=0.000 crouch_yaw_applied=false crouch_fwd_bias=0.000 crouch_fwd_applied=false same_dir_turn=false opp_turn_shape=false uphill_segment=false uphill_seg_floor=false uphill_roll_floor=false min_step_floor=false override=true timeout=false serial=[6,-0.060,0.110]
[0m
[INFO] [1783998709.162578919] [cmd_vel_to_serial]: [0;96mserial tx: [6,-0.060,0.110]
[0m
[INFO] [1783998711.163672277] [cmd_vel_to_serial]: [0;96mserial tx: [6,-0.060,0.110]
[0m
[INFO] [1783998711.645413411] [cmd_vel_to_serial]: [1;35mstep_debug mode=6 vx=0.000 wz=0.000 left_m=-0.0022 right_m=0.0041 fwd_m=0.0009 step_yaw=0.0175 left_norm=-0.060 right_norm=0.110 odom_y=-6.593 odom_roll=1.7deg goal_y_err=0.000 odom_corr=0.000 odom_corr_applied=false path_lat_err=0.000 path_corr=0.000 path_corr_applied=false path_yaw_err=0.0deg path_yaw_corr=0.000 path_yaw_applied=false path_profile=0 crouch_yaw_err=0.0deg crouch_yaw_corr=0.000 crouch_yaw_applied=false crouch_fwd_bias=0.000 crouch_fwd_applied=false same_dir_turn=false opp_turn_shape=false uphill_segment=false uphill_seg_floor=false uphill_roll_floor=false min_step_floor=false override=true timeout=false serial=[6,-0.060,0.110]
[0m
[INFO] [1783998713.164758535] [cmd_vel_to_serial]: [0;96mserial tx: [6,-0.060,0.110]
[0m
[INFO] [1783998714.647035830] [cmd_vel_to_serial]: [1;35mstep_debug mode=6 vx=0.000 wz=0.000 left_m=-0.0022 right_m=0.0041 fwd_m=0.0009 step_yaw=0.0175 left_norm=-0.060 right_norm=0.110 odom_y=-6.578 odom_roll=1.5deg goal_y_err=0.000 odom_corr=0.000 odom_corr_applied=false path_lat_err=0.000 path_corr=0.000 path_corr_applied=false path_yaw_err=0.0deg path_yaw_corr=0.000 path_yaw_applied=false path_profile=0 crouch_yaw_err=0.0deg crouch_yaw_corr=0.000 crouch_yaw_applied=false crouch_fwd_bias=0.000 crouch_fwd_applied=false same_dir_turn=false opp_turn_shape=false uphill_segment=false uphill_seg_floor=false uphill_roll_floor=false min_step_floor=false override=true timeout=false serial=[6,-0.060,0.110]
[0m
[INFO] [1783998715.165809587] [cmd_vel_to_serial]: [0;96mserial tx: [6,-0.060,0.110]
[0m
[INFO] [1783998717.166880424] [cmd_vel_to_serial]: [0;96mserial tx: [6,-0.060,0.110]
[0m
[INFO] [1783998717.648629586] [cmd_vel_to_serial]: [1;35mstep_debug mode=6 vx=0.000 wz=0.000 left_m=-0.0022 right_m=0.0041 fwd_m=0.0009 step_yaw=0.0175 left_norm=-0.060 right_norm=0.110 odom_y=-6.571 odom_roll=1.6deg goal_y_err=0.000 odom_corr=0.000 odom_corr_applied=false path_lat_err=0.000 path_corr=0.000 path_corr_applied=false path_yaw_err=0.0deg path_yaw_corr=0.000 path_yaw_applied=false path_profile=0 crouch_yaw_err=0.0deg crouch_yaw_corr=0.000 crouch_yaw_applied=false crouch_fwd_bias=0.000 crouch_fwd_applied=false same_dir_turn=false opp_turn_shape=false uphill_segment=false uphill_seg_floor=false uphill_roll_floor=false min_step_floor=false override=true timeout=false serial=[6,-0.060,0.110]
[0m
[INFO] [1783998719.167938024] [cmd_vel_to_serial]: [0;96mserial tx: [6,-0.060,0.110]
[0m
[INFO] [1783998720.650193035] [cmd_vel_to_serial]: [1;35mstep_debug mode=6 vx=0.000 wz=0.000 left_m=-0.0022 right_m=0.0041 fwd_m=0.0009 step_yaw=0.0175 left_norm=-0.060 right_norm=0.110 odom_y=-6.587 odom_roll=2.5deg goal_y_err=0.000 odom_corr=0.000 odom_corr_applied=false path_lat_err=0.000 path_corr=0.000 path_corr_applied=false path_yaw_err=0.0deg path_yaw_corr=0.000 path_yaw_applied=false path_profile=0 crouch_yaw_err=0.0deg crouch_yaw_corr=0.000 crouch_yaw_applied=false crouch_fwd_bias=0.000 crouch_fwd_applied=false same_dir_turn=false opp_turn_shape=false uphill_segment=false uphill_seg_floor=false uphill_roll_floor=false min_step_floor=false override=true timeout=false serial=[6,-0.060,0.110]
[0m
[INFO] [1783998721.169006827] [cmd_vel_to_serial]: [0;96mserial tx: [6,-0.060,0.110]
[0m
[INFO] [1783998723.170063457] [cmd_vel_to_serial]: [0;96mserial tx: [6,-0.060,0.110]
[0m
[INFO] [1783998723.651810785] [cmd_vel_to_serial]: [1;35mstep_debug mode=6 vx=0.000 wz=0.000 left_m=-0.0022 right_m=0.0041 fwd_m=0.0009 step_yaw=0.0175 left_norm=-0.060 right_norm=0.110 odom_y=-6.563 odom_roll=1.3deg goal_y_err=0.000 odom_corr=0.000 odom_corr_applied=false path_lat_err=0.000 path_corr=0.000 path_corr_applied=false path_yaw_err=0.0deg path_yaw_corr=0.000 path_yaw_applied=false path_profile=0 crouch_yaw_err=0.0deg crouch_yaw_corr=0.000 crouch_yaw_applied=false crouch_fwd_bias=0.000 crouch_fwd_applied=false same_dir_turn=false opp_turn_shape=false uphill_segment=false uphill_seg_floor=false uphill_roll_floor=false min_step_floor=false override=true timeout=false serial=[6,-0.060,0.110]
[0m
[INFO] [1783998725.171164891] [cmd_vel_to_serial]: [0;96mserial tx: [6,-0.060,0.110]
[0m
[INFO] [1783998726.653399054] [cmd_vel_to_serial]: [1;35mstep_debug mode=6 vx=0.000 wz=0.000 left_m=-0.0022 right_m=0.0041 fwd_m=0.0009 step_yaw=0.0175 left_norm=-0.060 right_norm=0.110 odom_y=-6.585 odom_roll=1.5deg goal_y_err=0.000 odom_corr=0.000 odom_corr_applied=false path_lat_err=0.000 path_corr=0.000 path_corr_applied=false path_yaw_err=0.0deg path_yaw_corr=0.000 path_yaw_applied=false path_profile=0 crouch_yaw_err=0.0deg crouch_yaw_corr=0.000 crouch_yaw_applied=false crouch_fwd_bias=0.000 crouch_fwd_applied=false same_dir_turn=false opp_turn_shape=false uphill_segment=false uphill_seg_floor=false uphill_roll_floor=false min_step_floor=false override=true timeout=false serial=[6,-0.060,0.110]
[0m
[INFO] [1783998727.173502459] [cmd_vel_to_serial]: [0;96mserial tx: [6,-0.060,0.110]
[0m
[INFO] [1783998729.210256002] [cmd_vel_to_serial]: [0;96mserial tx: [6,-0.060,0.110]
[0m
[INFO] [1783998729.654934447] [cmd_vel_to_serial]: [1;35mstep_debug mode=6 vx=0.000 wz=0.000 left_m=-0.0022 right_m=0.0041 fwd_m=0.0009 step_yaw=0.0175 left_norm=-0.060 right_norm=0.110 odom_y=-6.584 odom_roll=1.3deg goal_y_err=0.000 odom_corr=0.000 odom_corr_applied=false path_lat_err=0.000 path_corr=0.000 path_corr_applied=false path_yaw_err=0.0deg path_yaw_corr=0.000 path_yaw_applied=false path_profile=0 crouch_yaw_err=0.0deg crouch_yaw_corr=0.000 crouch_yaw_applied=false crouch_fwd_bias=0.000 crouch_fwd_applied=false same_dir_turn=false opp_turn_shape=false uphill_segment=false uphill_seg_floor=false uphill_roll_floor=false min_step_floor=false override=true timeout=false serial=[6,-0.060,0.110]
[0m
[INFO] [1783998731.211356895] [cmd_vel_to_serial]: [0;96mserial tx: [6,-0.060,0.110]
[0m
[INFO] [1783998732.656557579] [cmd_vel_to_serial]: [1;35mstep_debug mode=6 vx=0.000 wz=0.000 left_m=-0.0022 right_m=0.0041 fwd_m=0.0009 step_yaw=0.0175 left_norm=-0.060 right_norm=0.110 odom_y=-6.575 odom_roll=1.4deg goal_y_err=0.000 odom_corr=0.000 odom_corr_applied=false path_lat_err=0.000 path_corr=0.000 path_corr_applied=false path_yaw_err=0.0deg path_yaw_corr=0.000 path_yaw_applied=false path_profile=0 crouch_yaw_err=0.0deg crouch_yaw_corr=0.000 crouch_yaw_applied=false crouch_fwd_bias=0.000 crouch_fwd_applied=false same_dir_turn=false opp_turn_shape=false uphill_segment=false uphill_seg_floor=false uphill_roll_floor=false min_step_floor=false override=true timeout=false serial=[6,-0.060,0.110]
[0m
[INFO] [1783998733.212485401] [cmd_vel_to_serial]: [0;96mserial tx: [6,-0.060,0.110]
[0m
[INFO] [1783998735.213408670] [cmd_vel_to_serial]: [0;96mserial tx: [6,-0.060,0.110]
[0m
[INFO] [1783998735.658110806] [cmd_vel_to_serial]: [1;35mstep_debug mode=6 vx=0.000 wz=0.000 left_m=-0.0022 right_m=0.0041 fwd_m=0.0009 step_yaw=0.0175 left_norm=-0.060 right_norm=0.110 odom_y=-6.595 odom_roll=1.3deg goal_y_err=0.000 odom_corr=0.000 odom_corr_applied=false path_lat_err=0.000 path_corr=0.000 path_corr_applied=false path_yaw_err=0.0deg path_yaw_corr=0.000 path_yaw_applied=false path_profile=0 crouch_yaw_err=0.0deg crouch_yaw_corr=0.000 crouch_yaw_applied=false crouch_fwd_bias=0.000 crouch_fwd_applied=false same_dir_turn=false opp_turn_shape=false uphill_segment=false uphill_seg_floor=false uphill_roll_floor=false min_step_floor=false override=true timeout=false serial=[6,-0.060,0.110]
[0m
[INFO] [1783998737.214476420] [cmd_vel_to_serial]: [0;96mserial tx: [6,-0.060,0.110]
[0m
[INFO] [1783998738.659668094] [cmd_vel_to_serial]: [1;35mstep_debug mode=6 vx=0.000 wz=0.000 left_m=-0.0022 right_m=0.0041 fwd_m=0.0009 step_yaw=0.0175 left_norm=-0.060 right_norm=0.110 odom_y=-6.560 odom_roll=1.3deg goal_y_err=0.000 odom_corr=0.000 odom_corr_applied=false path_lat_err=0.000 path_corr=0.000 path_corr_applied=false path_yaw_err=0.0deg path_yaw_corr=0.000 path_yaw_applied=false path_profile=0 crouch_yaw_err=0.0deg crouch_yaw_corr=0.000 crouch_yaw_applied=false crouch_fwd_bias=0.000 crouch_fwd_applied=false same_dir_turn=false opp_turn_shape=false uphill_segment=false uphill_seg_floor=false uphill_roll_floor=false min_step_floor=false override=true timeout=false serial=[6,-0.060,0.110]
[0m
[INFO] [1783998739.215492963] [cmd_vel_to_serial]: [0;96mserial tx: [6,-0.060,0.110]
[0m
[INFO] [1783998741.216644887] [cmd_vel_to_serial]: [0;96mserial tx: [6,-0.060,0.110]
[0m
[INFO] [1783998741.661217796] [cmd_vel_to_serial]: [1;35mstep_debug mode=6 vx=0.000 wz=0.000 left_m=-0.0022 right_m=0.0041 fwd_m=0.0009 step_yaw=0.0175 left_norm=-0.060 right_norm=0.110 odom_y=-6.568 odom_roll=1.4deg goal_y_err=0.000 odom_corr=0.000 odom_corr_applied=false path_lat_err=0.000 path_corr=0.000 path_corr_applied=false path_yaw_err=0.0deg path_yaw_corr=0.000 path_yaw_applied=false path_profile=0 crouch_yaw_err=0.0deg crouch_yaw_corr=0.000 crouch_yaw_applied=false crouch_fwd_bias=0.000 crouch_fwd_applied=false same_dir_turn=false opp_turn_shape=false uphill_segment=false uphill_seg_floor=false uphill_roll_floor=false min_step_floor=false override=true timeout=false serial=[6,-0.060,0.110]
[0m
[INFO] [1783998743.217571089] [cmd_vel_to_serial]: [0;96mserial tx: [6,-0.060,0.110]
[0m
[INFO] [1783998744.662772170] [cmd_vel_to_serial]: [1;35mstep_debug mode=6 vx=0.000 wz=0.000 left_m=-0.0022 right_m=0.0041 fwd_m=0.0009 step_yaw=0.0175 left_norm=-0.060 right_norm=0.110 odom_y=-6.578 odom_roll=1.3deg goal_y_err=0.000 odom_corr=0.000 odom_corr_applied=false path_lat_err=0.000 path_corr=0.000 path_corr_applied=false path_yaw_err=0.0deg path_yaw_corr=0.000 path_yaw_applied=false path_profile=0 crouch_yaw_err=0.0deg crouch_yaw_corr=0.000 crouch_yaw_applied=false crouch_fwd_bias=0.000 crouch_fwd_applied=false same_dir_turn=false opp_turn_shape=false uphill_segment=false uphill_seg_floor=false uphill_roll_floor=false min_step_floor=false override=true timeout=false serial=[6,-0.060,0.110]
[0m
[INFO] [1783998745.218570789] [cmd_vel_to_serial]: [0;96mserial tx: [6,-0.060,0.110]
[0m
[INFO] [1783998747.219616094] [cmd_vel_to_serial]: [0;96mserial tx: [6,-0.060,0.110]
[0m
[INFO] [1783998747.664314756] [cmd_vel_to_serial]: [1;35mstep_debug mode=6 vx=0.000 wz=0.000 left_m=-0.0022 right_m=0.0041 fwd_m=0.0009 step_yaw=0.0175 left_norm=-0.060 right_norm=0.110 odom_y=-6.535 odom_roll=1.4deg goal_y_err=0.000 odom_corr=0.000 odom_corr_applied=false path_lat_err=0.000 path_corr=0.000 path_corr_applied=false path_yaw_err=0.0deg path_yaw_corr=0.000 path_yaw_applied=false path_profile=0 crouch_yaw_err=0.0deg crouch_yaw_corr=0.000 crouch_yaw_applied=false crouch_fwd_bias=0.000 crouch_fwd_applied=false same_dir_turn=false opp_turn_shape=false uphill_segment=false uphill_seg_floor=false uphill_roll_floor=false min_step_floor=false override=true timeout=false serial=[6,-0.060,0.110]
[0m
[INFO] [1783998749.220616589] [cmd_vel_to_serial]: [0;96mserial tx: [6,-0.060,0.110]
[0m
[INFO] [1783998750.665938743] [cmd_vel_to_serial]: [1;35mstep_debug mode=6 vx=0.000 wz=0.000 left_m=-0.0022 right_m=0.0041 fwd_m=0.0009 step_yaw=0.0175 left_norm=-0.060 right_norm=0.110 odom_y=-6.582 odom_roll=1.3deg goal_y_err=0.000 odom_corr=0.000 odom_corr_applied=false path_lat_err=0.000 path_corr=0.000 path_corr_applied=false path_yaw_err=0.0deg path_yaw_corr=0.000 path_yaw_applied=false path_profile=0 crouch_yaw_err=0.0deg crouch_yaw_corr=0.000 crouch_yaw_applied=false crouch_fwd_bias=0.000 crouch_fwd_applied=false same_dir_turn=false opp_turn_shape=false uphill_segment=false uphill_seg_floor=false uphill_roll_floor=false min_step_floor=false override=true timeout=false serial=[6,-0.060,0.110]
[0m
[INFO] [1783998751.221687199] [cmd_vel_to_serial]: [0;96mserial tx: [6,-0.060,0.110]
[0m
[INFO] [1783998753.222795861] [cmd_vel_to_serial]: [0;96mserial tx: [6,-0.060,0.110]
[0m
[INFO] [1783998753.667473731] [cmd_vel_to_serial]: [1;35mstep_debug mode=6 vx=0.000 wz=0.000 left_m=-0.0022 right_m=0.0041 fwd_m=0.0009 step_yaw=0.0175 left_norm=-0.060 right_norm=0.110 odom_y=-6.575 odom_roll=1.4deg goal_y_err=0.000 odom_corr=0.000 odom_corr_applied=false path_lat_err=0.000 path_corr=0.000 path_corr_applied=false path_yaw_err=0.0deg path_yaw_corr=0.000 path_yaw_applied=false path_profile=0 crouch_yaw_err=0.0deg crouch_yaw_corr=0.000 crouch_yaw_applied=false crouch_fwd_bias=0.000 crouch_fwd_applied=false same_dir_turn=false opp_turn_shape=false uphill_segment=false uphill_seg_floor=false uphill_roll_floor=false min_step_floor=false override=true timeout=false serial=[6,-0.060,0.110]
[0m
[INFO] [1783998755.223725571] [cmd_vel_to_serial]: [0;96mserial tx: [6,-0.060,0.110]
[0m
[INFO] [1783998755.668385246] [cmd_vel_to_serial]: [0;96mserial tx: [0,0.000,0.000]
[0m
[INFO] [1783998755.668425675] [cmd_vel_to_serial]: [1;35mstep_debug mode=0 vx=0.000 wz=0.000 left_m=0.0000 right_m=0.0000 fwd_m=0.0000 step_yaw=0.0000 left_norm=0.000 right_norm=0.000 odom_y=-7.113 odom_roll=3.7deg goal_y_err=0.000 odom_corr=0.000 odom_corr_applied=false path_lat_err=0.000 path_corr=0.000 path_corr_applied=false path_yaw_err=0.0deg path_yaw_corr=0.000 path_yaw_applied=false path_profile=0 crouch_yaw_err=0.0deg crouch_yaw_corr=0.000 crouch_yaw_applied=false crouch_fwd_bias=0.000 crouch_fwd_applied=false same_dir_turn=false opp_turn_shape=false uphill_segment=false uphill_seg_floor=false uphill_roll_floor=false min_step_floor=false override=true timeout=false serial=[0,0.000,0.000]
[0m
[INFO] [1783998755.742488735] [cmd_vel_to_serial]: [0;96mserial tx: [6,0.110,-0.060]
[0m
[INFO] [1783998755.742537096] [cmd_vel_to_serial]: [1;35mstep_debug mode=6 vx=0.000 wz=0.000 left_m=0.0041 right_m=-0.0022 fwd_m=0.0009 step_yaw=-0.0175 left_norm=0.110 right_norm=-0.060 odom_y=-7.150 odom_roll=3.6deg goal_y_err=0.000 odom_corr=0.000 odom_corr_applied=false path_lat_err=0.000 path_corr=0.000 path_corr_applied=false path_yaw_err=0.0deg path_yaw_corr=0.000 path_yaw_applied=false path_profile=0 crouch_yaw_err=0.0deg crouch_yaw_corr=0.000 crouch_yaw_applied=false crouch_fwd_bias=0.000 crouch_fwd_applied=false same_dir_turn=false opp_turn_shape=false uphill_segment=false uphill_seg_floor=false uphill_roll_floor=false min_step_floor=false override=true timeout=false serial=[6,0.110,-0.060]
[0m
[INFO] [1783998756.854155414] [cmd_vel_to_serial]: [0;96mserial tx: [6,-0.060,0.110]
[0m
[INFO] [1783998758.744553181] [cmd_vel_to_serial]: [1;35mstep_debug mode=6 vx=0.000 wz=0.000 left_m=-0.0022 right_m=0.0041 fwd_m=0.0009 step_yaw=0.0175 left_norm=-0.060 right_norm=0.110 odom_y=-6.643 odom_roll=9.9deg goal_y_err=0.000 odom_corr=0.000 odom_corr_applied=false path_lat_err=0.000 path_corr=0.000 path_corr_applied=false path_yaw_err=0.0deg path_yaw_corr=0.000 path_yaw_applied=false path_profile=0 crouch_yaw_err=0.0deg crouch_yaw_corr=0.000 crouch_yaw_applied=false crouch_fwd_bias=0.000 crouch_fwd_applied=false same_dir_turn=false opp_turn_shape=false uphill_segment=false uphill_seg_floor=false uphill_roll_floor=false min_step_floor=false override=true timeout=false serial=[6,-0.060,0.110]
[0m
[INFO] [1783998758.855202628] [cmd_vel_to_serial]: [0;96mserial tx: [6,-0.060,0.110]
[0m
[INFO] [1783998760.856199023] [cmd_vel_to_serial]: [0;96mserial tx: [6,-0.060,0.110]
[0m
[INFO] [1783998761.746622189] [cmd_vel_to_serial]: [1;35mstep_debug mode=6 vx=0.000 wz=0.000 left_m=-0.0022 right_m=0.0041 fwd_m=0.0009 step_yaw=0.0175 left_norm=-0.060 right_norm=0.110 odom_y=-6.821 odom_roll=7.1deg goal_y_err=0.000 odom_corr=0.000 odom_corr_applied=false path_lat_err=0.000 path_corr=0.000 path_corr_applied=false path_yaw_err=0.0deg path_yaw_corr=0.000 path_yaw_applied=false path_profile=0 crouch_yaw_err=0.0deg crouch_yaw_corr=0.000 crouch_yaw_applied=false crouch_fwd_bias=0.000 crouch_fwd_applied=false same_dir_turn=false opp_turn_shape=false uphill_segment=false uphill_seg_floor=false uphill_roll_floor=false min_step_floor=false override=true timeout=false serial=[6,-0.060,0.110]
[0m
[INFO] [1783998762.857173578] [cmd_vel_to_serial]: [0;96mserial tx: [6,-0.060,0.110]
[0m
[INFO] [1783998764.747136011] [cmd_vel_to_serial]: [1;35mstep_debug mode=6 vx=0.000 wz=0.000 left_m=-0.0022 right_m=0.0041 fwd_m=0.0009 step_yaw=0.0175 left_norm=-0.060 right_norm=0.110 odom_y=-4.728 odom_roll=5.3deg goal_y_err=0.000 odom_corr=0.000 odom_corr_applied=false path_lat_err=0.000 path_corr=0.000 path_corr_applied=false path_yaw_err=0.0deg path_yaw_corr=0.000 path_yaw_applied=false path_profile=0 crouch_yaw_err=0.0deg crouch_yaw_corr=0.000 crouch_yaw_applied=false crouch_fwd_bias=0.000 crouch_fwd_applied=false same_dir_turn=false opp_turn_shape=false uphill_segment=false uphill_seg_floor=false uphill_roll_floor=false min_step_floor=false override=true timeout=false serial=[6,-0.060,0.110]
[0m
[INFO] [1783998764.858228519] [cmd_vel_to_serial]: [0;96mserial tx: [6,-0.060,0.110]
[0m
[INFO] [1783998766.859250791] [cmd_vel_to_serial]: [0;96mserial tx: [6,-0.060,0.110]
[0m
[INFO] [1783998767.748630527] [cmd_vel_to_serial]: [1;35mstep_debug mode=6 vx=0.000 wz=0.000 left_m=-0.0022 right_m=0.0041 fwd_m=0.0009 step_yaw=0.0175 left_norm=-0.060 right_norm=0.110 odom_y=0.058 odom_roll=4.3deg goal_y_err=0.000 odom_corr=0.000 odom_corr_applied=false path_lat_err=0.000 path_corr=0.000 path_corr_applied=false path_yaw_err=0.0deg path_yaw_corr=0.000 path_yaw_applied=false path_profile=0 crouch_yaw_err=0.0deg crouch_yaw_corr=0.000 crouch_yaw_applied=false crouch_fwd_bias=0.000 crouch_fwd_applied=false same_dir_turn=false opp_turn_shape=false uphill_segment=false uphill_seg_floor=false uphill_roll_floor=false min_step_floor=false override=true timeout=false serial=[6,-0.060,0.110]
[0m
[INFO] [1783998768.860283866] [cmd_vel_to_serial]: [0;96mserial tx: [6,-0.060,0.110]
[0m
[INFO] [1783998770.750102103] [cmd_vel_to_serial]: [1;35mstep_debug mode=6 vx=0.000 wz=0.000 left_m=-0.0022 right_m=0.0041 fwd_m=0.0009 step_yaw=0.0175 left_norm=-0.060 right_norm=0.110 odom_y=5.619 odom_roll=5.3deg goal_y_err=0.000 odom_corr=0.000 odom_corr_applied=false path_lat_err=0.000 path_corr=0.000 path_corr_applied=false path_yaw_err=0.0deg path_yaw_corr=0.000 path_yaw_applied=false path_profile=0 crouch_yaw_err=0.0deg crouch_yaw_corr=0.000 crouch_yaw_applied=false crouch_fwd_bias=0.000 crouch_fwd_applied=false same_dir_turn=false opp_turn_shape=false uphill_segment=false uphill_seg_floor=false uphill_roll_floor=false min_step_floor=false override=true timeout=false serial=[6,-0.060,0.110]
[0m
[INFO] [1783998770.861265596] [cmd_vel_to_serial]: [0;96mserial tx: [6,-0.060,0.110]
[0m
[INFO] [1783998772.862305507] [cmd_vel_to_serial]: [0;96mserial tx: [6,-0.060,0.110]
[0m
[INFO] [1783998773.751622326] [cmd_vel_to_serial]: [1;35mstep_debug mode=6 vx=0.000 wz=0.000 left_m=-0.0022 right_m=0.0041 fwd_m=0.0009 step_yaw=0.0175 left_norm=-0.060 right_norm=0.110 odom_y=10.995 odom_roll=4.9deg goal_y_err=0.000 odom_corr=0.000 odom_corr_applied=false path_lat_err=0.000 path_corr=0.000 path_corr_applied=false path_yaw_err=0.0deg path_yaw_corr=0.000 path_yaw_applied=false path_profile=0 crouch_yaw_err=0.0deg crouch_yaw_corr=0.000 crouch_yaw_applied=false crouch_fwd_bias=0.000 crouch_fwd_applied=false same_dir_turn=false opp_turn_shape=false uphill_segment=false uphill_seg_floor=false uphill_roll_floor=false min_step_floor=false override=true timeout=false serial=[6,-0.060,0.110]
[0m
[INFO] [1783998774.863299716] [cmd_vel_to_serial]: [0;96mserial tx: [6,-0.060,0.110]
[0m
[INFO] [1783998776.753115175] [cmd_vel_to_serial]: [1;35mstep_debug mode=6 vx=0.000 wz=0.000 left_m=-0.0022 right_m=0.0041 fwd_m=0.0009 step_yaw=0.0175 left_norm=-0.060 right_norm=0.110 odom_y=15.096 odom_roll=4.5deg goal_y_err=0.000 odom_corr=0.000 odom_corr_applied=false path_lat_err=0.000 path_corr=0.000 path_corr_applied=false path_yaw_err=0.0deg path_yaw_corr=0.000 path_yaw_applied=false path_profile=0 crouch_yaw_err=0.0deg crouch_yaw_corr=0.000 crouch_yaw_applied=false crouch_fwd_bias=0.000 crouch_fwd_applied=false same_dir_turn=false opp_turn_shape=false uphill_segment=false uphill_seg_floor=false uphill_roll_floor=false min_step_floor=false override=true timeout=false serial=[6,-0.060,0.110]
[0m
[INFO] [1783998776.864300092] [cmd_vel_to_serial]: [0;96mserial tx: [6,-0.060,0.110]
[0m
[INFO] [1783998777.642478672] [cmd_vel_to_serial]: [0;96mserial tx: [6,0.110,-0.060]
[0m
[INFO] [1783998778.754150919] [cmd_vel_to_serial]: [0;96mserial tx: [6,-0.060,0.110]
[0m
[INFO] [1783998779.161761698] [cmd_vel_to_serial]: [0;96mserial tx: [6,0.110,-0.060]
[0m
[INFO] [1783998779.421144344] [cmd_vel_to_serial]: [0;96mserial tx: [6,-0.060,0.110]
[0m
[INFO] [1783998779.754638657] [cmd_vel_to_serial]: [1;35mstep_debug mode=6 vx=0.000 wz=0.000 left_m=-0.0022 right_m=0.0041 fwd_m=0.0009 step_yaw=0.0175 left_norm=-0.060 right_norm=0.110 odom_y=15.499 odom_roll=6.2deg goal_y_err=0.000 odom_corr=0.000 odom_corr_applied=false path_lat_err=0.000 path_corr=0.000 path_corr_applied=false path_yaw_err=0.0deg path_yaw_corr=0.000 path_yaw_applied=false path_profile=0 crouch_yaw_err=0.0deg crouch_yaw_corr=0.000 crouch_yaw_applied=false crouch_fwd_bias=0.000 crouch_fwd_applied=false same_dir_turn=false opp_turn_shape=false uphill_segment=false uphill_seg_floor=false uphill_roll_floor=false min_step_floor=false override=true timeout=false serial=[6,-0.060,0.110]
[0m
[INFO] [1783998780.051121306] [cmd_vel_to_serial]: [0;96mserial tx: [6,0.110,-0.060]
[0m
[INFO] [1783998782.052082754] [cmd_vel_to_serial]: [0;96mserial tx: [6,0.110,-0.060]
[0m
[INFO] [1783998782.682040592] [cmd_vel_to_serial]: [0;96mserial tx: [6,-0.060,0.110]
[0m
[INFO] [1783998782.756156235] [cmd_vel_to_serial]: [1;35mstep_debug mode=6 vx=0.000 wz=0.000 left_m=-0.0022 right_m=0.0041 fwd_m=0.0009 step_yaw=0.0175 left_norm=-0.060 right_norm=0.110 odom_y=15.528 odom_roll=8.1deg goal_y_err=0.000 odom_corr=0.000 odom_corr_applied=false path_lat_err=0.000 path_corr=0.000 path_corr_applied=false path_yaw_err=0.0deg path_yaw_corr=0.000 path_yaw_applied=false path_profile=0 crouch_yaw_err=0.0deg crouch_yaw_corr=0.000 crouch_yaw_applied=false crouch_fwd_bias=0.000 crouch_fwd_applied=false same_dir_turn=false opp_turn_shape=false uphill_segment=false uphill_seg_floor=false uphill_roll_floor=false min_step_floor=false override=true timeout=false serial=[6,-0.060,0.110]
[0m
[INFO] [1783998784.683064396] [cmd_vel_to_serial]: [0;96mserial tx: [6,-0.060,0.110]
[0m
[INFO] [1783998785.757667345] [cmd_vel_to_serial]: [1;35mstep_debug mode=6 vx=0.000 wz=0.000 left_m=-0.0022 right_m=0.0041 fwd_m=0.0009 step_yaw=0.0175 left_norm=-0.060 right_norm=0.110 odom_y=15.456 odom_roll=8.7deg goal_y_err=0.000 odom_corr=0.000 odom_corr_applied=false path_lat_err=0.000 path_corr=0.000 path_corr_applied=false path_yaw_err=0.0deg path_yaw_corr=0.000 path_yaw_applied=false path_profile=0 crouch_yaw_err=0.0deg crouch_yaw_corr=0.000 crouch_yaw_applied=false crouch_fwd_bias=0.000 crouch_fwd_applied=false same_dir_turn=false opp_turn_shape=false uphill_segment=false uphill_seg_floor=false uphill_roll_floor=false min_step_floor=false override=true timeout=false serial=[6,-0.060,0.110]
[0m
[INFO] [1783998786.684070708] [cmd_vel_to_serial]: [0;96mserial tx: [6,-0.060,0.110]
[0m
[INFO] [1783998788.685031052] [cmd_vel_to_serial]: [0;96mserial tx: [6,-0.060,0.110]
[0m
[INFO] [1783998788.759212171] [cmd_vel_to_serial]: [1;35mstep_debug mode=6 vx=0.000 wz=0.000 left_m=-0.0022 right_m=0.0041 fwd_m=0.0009 step_yaw=0.0175 left_norm=-0.060 right_norm=0.110 odom_y=15.175 odom_roll=3.4deg goal_y_err=0.000 odom_corr=0.000 odom_corr_applied=false path_lat_err=0.000 path_corr=0.000 path_corr_applied=false path_yaw_err=0.0deg path_yaw_corr=0.000 path_yaw_applied=false path_profile=0 crouch_yaw_err=0.0deg crouch_yaw_corr=0.000 crouch_yaw_applied=false crouch_fwd_bias=0.000 crouch_fwd_applied=false same_dir_turn=false opp_turn_shape=false uphill_segment=false uphill_seg_floor=false uphill_roll_floor=false min_step_floor=false override=true timeout=false serial=[6,-0.060,0.110]
[0m
[INFO] [1783998789.463247582] [cmd_vel_to_serial]: [0;96mserial tx: [6,0.110,-0.060]
[0m
[INFO] [1783998791.464263035] [cmd_vel_to_serial]: [0;96mserial tx: [6,0.110,-0.060]
[0m
[INFO] [1783998791.760729247] [cmd_vel_to_serial]: [1;35mstep_debug mode=6 vx=0.000 wz=0.000 left_m=0.0041 right_m=-0.0022 fwd_m=0.0009 step_yaw=-0.0175 left_norm=0.110 right_norm=-0.060 odom_y=14.351 odom_roll=2.6deg goal_y_err=0.000 odom_corr=0.000 odom_corr_applied=false path_lat_err=0.000 path_corr=0.000 path_corr_applied=false path_yaw_err=0.0deg path_yaw_corr=0.000 path_yaw_applied=false path_profile=0 crouch_yaw_err=0.0deg crouch_yaw_corr=0.000 crouch_yaw_applied=false crouch_fwd_bias=0.000 crouch_fwd_applied=false same_dir_turn=false opp_turn_shape=false uphill_segment=false uphill_seg_floor=false uphill_roll_floor=false min_step_floor=false override=true timeout=false serial=[6,0.110,-0.060]
[0m
[INFO] [1783998793.465287203] [cmd_vel_to_serial]: [0;96mserial tx: [6,0.110,-0.060]
[0m
[INFO] [1783998794.762199983] [cmd_vel_to_serial]: [1;35mstep_debug mode=6 vx=0.000 wz=0.000 left_m=0.0041 right_m=-0.0022 fwd_m=0.0009 step_yaw=-0.0175 left_norm=0.110 right_norm=-0.060 odom_y=13.795 odom_roll=2.5deg goal_y_err=0.000 odom_corr=0.000 odom_corr_applied=false path_lat_err=0.000 path_corr=0.000 path_corr_applied=false path_yaw_err=0.0deg path_yaw_corr=0.000 path_yaw_applied=false path_profile=0 crouch_yaw_err=0.0deg crouch_yaw_corr=0.000 crouch_yaw_applied=false crouch_fwd_bias=0.000 crouch_fwd_applied=false same_dir_turn=false opp_turn_shape=false uphill_segment=false uphill_seg_floor=false uphill_roll_floor=false min_step_floor=false override=true timeout=false serial=[6,0.110,-0.060]
[0m
[INFO] [1783998795.466269566] [cmd_vel_to_serial]: [0;96mserial tx: [6,0.110,-0.060]
[0m
[INFO] [1783998797.467301572] [cmd_vel_to_serial]: [0;96mserial tx: [6,0.110,-0.060]
[0m
[INFO] [1783998797.763676065] [cmd_vel_to_serial]: [1;35mstep_debug mode=6 vx=0.000 wz=0.000 left_m=0.0041 right_m=-0.0022 fwd_m=0.0009 step_yaw=-0.0175 left_norm=0.110 right_norm=-0.060 odom_y=13.063 odom_roll=-7.3deg goal_y_err=0.000 odom_corr=0.000 odom_corr_applied=false path_lat_err=0.000 path_corr=0.000 path_corr_applied=false path_yaw_err=0.0deg path_yaw_corr=0.000 path_yaw_applied=false path_profile=0 crouch_yaw_err=0.0deg crouch_yaw_corr=0.000 crouch_yaw_applied=false crouch_fwd_bias=0.000 crouch_fwd_applied=false same_dir_turn=false opp_turn_shape=false uphill_segment=false uphill_seg_floor=false uphill_roll_floor=false min_step_floor=false override=true timeout=false serial=[6,0.110,-0.060]
[0m
[INFO] [1783998799.468301969] [cmd_vel_to_serial]: [0;96mserial tx: [6,0.110,-0.060]
[0m
[INFO] [1783998800.765226084] [cmd_vel_to_serial]: [1;35mstep_debug mode=6 vx=0.000 wz=0.000 left_m=0.0041 right_m=-0.0022 fwd_m=0.0009 step_yaw=-0.0175 left_norm=0.110 right_norm=-0.060 odom_y=12.900 odom_roll=0.3deg goal_y_err=0.000 odom_corr=0.000 odom_corr_applied=false path_lat_err=0.000 path_corr=0.000 path_corr_applied=false path_yaw_err=0.0deg path_yaw_corr=0.000 path_yaw_applied=false path_profile=0 crouch_yaw_err=0.0deg crouch_yaw_corr=0.000 crouch_yaw_applied=false crouch_fwd_bias=0.000 crouch_fwd_applied=false same_dir_turn=false opp_turn_shape=false uphill_segment=false uphill_seg_floor=false uphill_roll_floor=false min_step_floor=false override=true timeout=false serial=[6,0.110,-0.060]
[0m
[INFO] [1783998801.469282306] [cmd_vel_to_serial]: [0;96mserial tx: [6,0.110,-0.060]
[0m
[INFO] [1783998803.470311304] [cmd_vel_to_serial]: [0;96mserial tx: [6,0.110,-0.060]
[0m
[INFO] [1783998803.766738025] [cmd_vel_to_serial]: [1;35mstep_debug mode=6 vx=0.000 wz=0.000 left_m=0.0041 right_m=-0.0022 fwd_m=0.0009 step_yaw=-0.0175 left_norm=0.110 right_norm=-0.060 odom_y=12.889 odom_roll=0.1deg goal_y_err=0.000 odom_corr=0.000 odom_corr_applied=false path_lat_err=0.000 path_corr=0.000 path_corr_applied=false path_yaw_err=0.0deg path_yaw_corr=0.000 path_yaw_applied=false path_profile=0 crouch_yaw_err=0.0deg crouch_yaw_corr=0.000 crouch_yaw_applied=false crouch_fwd_bias=0.000 crouch_fwd_applied=false same_dir_turn=false opp_turn_shape=false uphill_segment=false uphill_seg_floor=false uphill_roll_floor=false min_step_floor=false override=true timeout=false serial=[6,0.110,-0.060]
[0m
[INFO] [1783998805.471318957] [cmd_vel_to_serial]: [0;96mserial tx: [6,0.110,-0.060]
[0m
[INFO] [1783998806.768237459] [cmd_vel_to_serial]: [1;35mstep_debug mode=6 vx=0.000 wz=0.000 left_m=0.0041 right_m=-0.0022 fwd_m=0.0009 step_yaw=-0.0175 left_norm=0.110 right_norm=-0.060 odom_y=12.907 odom_roll=0.2deg goal_y_err=0.000 odom_corr=0.000 odom_corr_applied=false path_lat_err=0.000 path_corr=0.000 path_corr_applied=false path_yaw_err=0.0deg path_yaw_corr=0.000 path_yaw_applied=false path_profile=0 crouch_yaw_err=0.0deg crouch_yaw_corr=0.000 crouch_yaw_applied=false crouch_fwd_bias=0.000 crouch_fwd_applied=false same_dir_turn=false opp_turn_shape=false uphill_segment=false uphill_seg_floor=false uphill_roll_floor=false min_step_floor=false override=true timeout=false serial=[6,0.110,-0.060]
[0m
[INFO] [1783998807.472356392] [cmd_vel_to_serial]: [0;96mserial tx: [6,0.110,-0.060]
[0m
[INFO] [1783998809.474256629] [cmd_vel_to_serial]: [0;96mserial tx: [6,0.110,-0.060]
[0m
[INFO] [1783998809.769746821] [cmd_vel_to_serial]: [1;35mstep_debug mode=6 vx=0.000 wz=0.000 left_m=0.0041 right_m=-0.0022 fwd_m=0.0009 step_yaw=-0.0175 left_norm=0.110 right_norm=-0.060 odom_y=12.904 odom_roll=0.1deg goal_y_err=0.000 odom_corr=0.000 odom_corr_applied=false path_lat_err=0.000 path_corr=0.000 path_corr_applied=false path_yaw_err=0.0deg path_yaw_corr=0.000 path_yaw_applied=false path_profile=0 crouch_yaw_err=0.0deg crouch_yaw_corr=0.000 crouch_yaw_applied=false crouch_fwd_bias=0.000 crouch_fwd_applied=false same_dir_turn=false opp_turn_shape=false uphill_segment=false uphill_seg_floor=false uphill_roll_floor=false min_step_floor=false override=true timeout=false serial=[6,0.110,-0.060]
[0m
[INFO] [1783998811.474645835] [cmd_vel_to_serial]: [0;96mserial tx: [6,0.110,-0.060]
[0m
[INFO] [1783998812.771277421] [cmd_vel_to_serial]: [1;35mstep_debug mode=6 vx=0.000 wz=0.000 left_m=0.0041 right_m=-0.0022 fwd_m=0.0009 step_yaw=-0.0175 left_norm=0.110 right_norm=-0.060 odom_y=12.903 odom_roll=0.2deg goal_y_err=0.000 odom_corr=0.000 odom_corr_applied=false path_lat_err=0.000 path_corr=0.000 path_corr_applied=false path_yaw_err=0.0deg path_yaw_corr=0.000 path_yaw_applied=false path_profile=0 crouch_yaw_err=0.0deg crouch_yaw_corr=0.000 crouch_yaw_applied=false crouch_fwd_bias=0.000 crouch_fwd_applied=false same_dir_turn=false opp_turn_shape=false uphill_segment=false uphill_seg_floor=false uphill_roll_floor=false min_step_floor=false override=true timeout=false serial=[6,0.110,-0.060]
[0m
[INFO] [1783998813.476451733] [cmd_vel_to_serial]: [0;96mserial tx: [6,0.110,-0.060]
[0m
[INFO] [1783998815.512999604] [cmd_vel_to_serial]: [0;96mserial tx: [6,0.110,-0.060]
[0m
[INFO] [1783998815.772144008] [cmd_vel_to_serial]: [1;35mstep_debug mode=6 vx=0.000 wz=0.000 left_m=0.0041 right_m=-0.0022 fwd_m=0.0009 step_yaw=-0.0175 left_norm=0.110 right_norm=-0.060 odom_y=12.882 odom_roll=0.2deg goal_y_err=0.000 odom_corr=0.000 odom_corr_applied=false path_lat_err=0.000 path_corr=0.000 path_corr_applied=false path_yaw_err=0.0deg path_yaw_corr=0.000 path_yaw_applied=false path_profile=0 crouch_yaw_err=0.0deg crouch_yaw_corr=0.000 crouch_yaw_applied=false crouch_fwd_bias=0.000 crouch_fwd_applied=false same_dir_turn=false opp_turn_shape=false uphill_segment=false uphill_seg_floor=false uphill_roll_floor=false min_step_floor=false override=true timeout=false serial=[6,0.110,-0.060]
[0m
[INFO] [1783998817.547414303] [cmd_vel_to_serial]: [0;96mserial tx: [6,0.110,-0.060]
[0m
[INFO] [1783998818.779717474] [cmd_vel_to_serial]: [1;35mstep_debug mode=6 vx=0.000 wz=0.000 left_m=0.0041 right_m=-0.0022 fwd_m=0.0009 step_yaw=-0.0175 left_norm=0.110 right_norm=-0.060 odom_y=12.886 odom_roll=0.4deg goal_y_err=0.000 odom_corr=0.000 odom_corr_applied=false path_lat_err=0.000 path_corr=0.000 path_corr_applied=false path_yaw_err=0.0deg path_yaw_corr=0.000 path_yaw_applied=false path_profile=0 crouch_yaw_err=0.0deg crouch_yaw_corr=0.000 crouch_yaw_applied=false crouch_fwd_bias=0.000 crouch_fwd_applied=false same_dir_turn=false opp_turn_shape=false uphill_segment=false uphill_seg_floor=false uphill_roll_floor=false min_step_floor=false override=true timeout=false serial=[6,0.110,-0.060]
[0m
[INFO] [1783998819.579374417] [cmd_vel_to_serial]: [0;96mserial tx: [6,0.110,-0.060]
[0m
[INFO] [1783998821.584674811] [cmd_vel_to_serial]: [0;96mserial tx: [6,0.110,-0.060]
[0m
[INFO] [1783998821.803532550] [cmd_vel_to_serial]: [1;35mstep_debug mode=6 vx=0.000 wz=0.000 left_m=0.0041 right_m=-0.0022 fwd_m=0.0009 step_yaw=-0.0175 left_norm=0.110 right_norm=-0.060 odom_y=12.885 odom_roll=0.2deg goal_y_err=0.000 odom_corr=0.000 odom_corr_applied=false path_lat_err=0.000 path_corr=0.000 path_corr_applied=false path_yaw_err=0.0deg path_yaw_corr=0.000 path_yaw_applied=false path_profile=0 crouch_yaw_err=0.0deg crouch_yaw_corr=0.000 crouch_yaw_applied=false crouch_fwd_bias=0.000 crouch_fwd_applied=false same_dir_turn=false opp_turn_shape=false uphill_segment=false uphill_seg_floor=false uphill_roll_floor=false min_step_floor=false override=true timeout=false serial=[6,0.110,-0.060]
[0m
[INFO] [1783998823.597010433] [cmd_vel_to_serial]: [0;96mserial tx: [6,0.110,-0.060]
[0m
[INFO] [1783998824.807217354] [cmd_vel_to_serial]: [1;35mstep_debug mode=6 vx=0.000 wz=0.000 left_m=0.0041 right_m=-0.0022 fwd_m=0.0009 step_yaw=-0.0175 left_norm=0.110 right_norm=-0.060 odom_y=12.878 odom_roll=0.1deg goal_y_err=0.000 odom_corr=0.000 odom_corr_applied=false path_lat_err=0.000 path_corr=0.000 path_corr_applied=false path_yaw_err=0.0deg path_yaw_corr=0.000 path_yaw_applied=false path_profile=0 crouch_yaw_err=0.0deg crouch_yaw_corr=0.000 crouch_yaw_applied=false crouch_fwd_bias=0.000 crouch_fwd_applied=false same_dir_turn=false opp_turn_shape=false uphill_segment=false uphill_seg_floor=false uphill_roll_floor=false min_step_floor=false override=true timeout=false serial=[6,0.110,-0.060]
[0m
[INFO] [1783998825.615032788] [cmd_vel_to_serial]: [0;96mserial tx: [6,0.110,-0.060]
[0m
[INFO] [1783998827.637428605] [cmd_vel_to_serial]: [0;96mserial tx: [6,0.110,-0.060]
[0m
[INFO] [1783998827.821303534] [cmd_vel_to_serial]: [1;35mstep_debug mode=6 vx=0.000 wz=0.000 left_m=0.0041 right_m=-0.0022 fwd_m=0.0009 step_yaw=-0.0175 left_norm=0.110 right_norm=-0.060 odom_y=12.900 odom_roll=0.2deg goal_y_err=0.000 odom_corr=0.000 odom_corr_applied=false path_lat_err=0.000 path_corr=0.000 path_corr_applied=false path_yaw_err=0.0deg path_yaw_corr=0.000 path_yaw_applied=false path_profile=0 crouch_yaw_err=0.0deg crouch_yaw_corr=0.000 crouch_yaw_applied=false crouch_fwd_bias=0.000 crouch_fwd_applied=false same_dir_turn=false opp_turn_shape=false uphill_segment=false uphill_seg_floor=false uphill_roll_floor=false min_step_floor=false override=true timeout=false serial=[6,0.110,-0.060]
[0m
[INFO] [1783998829.662912383] [cmd_vel_to_serial]: [0;96mserial tx: [6,0.110,-0.060]
[0m
[INFO] [1783998830.842687175] [cmd_vel_to_serial]: [1;35mstep_debug mode=6 vx=0.000 wz=0.000 left_m=0.0041 right_m=-0.0022 fwd_m=0.0009 step_yaw=-0.0175 left_norm=0.110 right_norm=-0.060 odom_y=12.896 odom_roll=0.2deg goal_y_err=0.000 odom_corr=0.000 odom_corr_applied=false path_lat_err=0.000 path_corr=0.000 path_corr_applied=false path_yaw_err=0.0deg path_yaw_corr=0.000 path_yaw_applied=false path_profile=0 crouch_yaw_err=0.0deg crouch_yaw_corr=0.000 crouch_yaw_applied=false crouch_fwd_bias=0.000 crouch_fwd_applied=false same_dir_turn=false opp_turn_shape=false uphill_segment=false uphill_seg_floor=false uphill_roll_floor=false min_step_floor=false override=true timeout=false serial=[6,0.110,-0.060]
[0m
[INFO] [1783998831.690962516] [cmd_vel_to_serial]: [0;96mserial tx: [6,0.110,-0.060]
[0m
[INFO] [1783998833.720868608] [cmd_vel_to_serial]: [0;96mserial tx: [6,0.110,-0.060]
[0m
[INFO] [1783998833.868599564] [cmd_vel_to_serial]: [1;35mstep_debug mode=6 vx=0.000 wz=0.000 left_m=0.0041 right_m=-0.0022 fwd_m=0.0009 step_yaw=-0.0175 left_norm=0.110 right_norm=-0.060 odom_y=12.893 odom_roll=0.2deg goal_y_err=0.000 odom_corr=0.000 odom_corr_applied=false path_lat_err=0.000 path_corr=0.000 path_corr_applied=false path_yaw_err=0.0deg path_yaw_corr=0.000 path_yaw_applied=false path_profile=0 crouch_yaw_err=0.0deg crouch_yaw_corr=0.000 crouch_yaw_applied=false crouch_fwd_bias=0.000 crouch_fwd_applied=false same_dir_turn=false opp_turn_shape=false uphill_segment=false uphill_seg_floor=false uphill_roll_floor=false min_step_floor=false override=true timeout=false serial=[6,0.110,-0.060]
[0m
[INFO] [1783998835.752246911] [cmd_vel_to_serial]: [0;96mserial tx: [6,0.110,-0.060]
[0m
[INFO] [1783998836.897759716] [cmd_vel_to_serial]: [1;35mstep_debug mode=6 vx=0.000 wz=0.000 left_m=0.0041 right_m=-0.0022 fwd_m=0.0009 step_yaw=-0.0175 left_norm=0.110 right_norm=-0.060 odom_y=12.895 odom_roll=0.3deg goal_y_err=0.000 odom_corr=0.000 odom_corr_applied=false path_lat_err=0.000 path_corr=0.000 path_corr_applied=false path_yaw_err=0.0deg path_yaw_corr=0.000 path_yaw_applied=false path_profile=0 crouch_yaw_err=0.0deg crouch_yaw_corr=0.000 crouch_yaw_applied=false crouch_fwd_bias=0.000 crouch_fwd_applied=false same_dir_turn=false opp_turn_shape=false uphill_segment=false uphill_seg_floor=false uphill_roll_floor=false min_step_floor=false override=true timeout=false serial=[6,0.110,-0.060]
[0m
[INFO] [1783998837.784803136] [cmd_vel_to_serial]: [0;96mserial tx: [6,0.110,-0.060]
[0m
[INFO] [1783998839.818150797] [cmd_vel_to_serial]: [0;96mserial tx: [6,0.110,-0.060]
[0m
[INFO] [1783998839.929010701] [cmd_vel_to_serial]: [1;35mstep_debug mode=6 vx=0.000 wz=0.000 left_m=0.0041 right_m=-0.0022 fwd_m=0.0009 step_yaw=-0.0175 left_norm=0.110 right_norm=-0.060 odom_y=12.894 odom_roll=0.2deg goal_y_err=0.000 odom_corr=0.000 odom_corr_applied=false path_lat_err=0.000 path_corr=0.000 path_corr_applied=false path_yaw_err=0.0deg path_yaw_corr=0.000 path_yaw_applied=false path_profile=0 crouch_yaw_err=0.0deg crouch_yaw_corr=0.000 crouch_yaw_applied=false crouch_fwd_bias=0.000 crouch_fwd_applied=false same_dir_turn=false opp_turn_shape=false uphill_segment=false uphill_seg_floor=false uphill_roll_floor=false min_step_floor=false override=true timeout=false serial=[6,0.110,-0.060]
[0m
[INFO] [1783998841.852003275] [cmd_vel_to_serial]: [0;96mserial tx: [6,0.110,-0.060]
[0m
[INFO] [1783998842.961704438] [cmd_vel_to_serial]: [1;35mstep_debug mode=6 vx=0.000 wz=0.000 left_m=0.0041 right_m=-0.0022 fwd_m=0.0009 step_yaw=-0.0175 left_norm=0.110 right_norm=-0.060 odom_y=12.897 odom_roll=0.2deg goal_y_err=0.000 odom_corr=0.000 odom_corr_applied=false path_lat_err=0.000 path_corr=0.000 path_corr_applied=false path_yaw_err=0.0deg path_yaw_corr=0.000 path_yaw_applied=false path_profile=0 crouch_yaw_err=0.0deg crouch_yaw_corr=0.000 crouch_yaw_applied=false crouch_fwd_bias=0.000 crouch_fwd_applied=false same_dir_turn=false opp_turn_shape=false uphill_segment=false uphill_seg_floor=false uphill_roll_floor=false min_step_floor=false override=true timeout=false serial=[6,0.110,-0.060]
[0m
[INFO] [1783998843.886478062] [cmd_vel_to_serial]: [0;96mserial tx: [6,0.110,-0.060]
[0m
[INFO] [1783998845.921319846] [cmd_vel_to_serial]: [0;96mserial tx: [6,0.110,-0.060]
[0m
[INFO] [1783998845.995344002] [cmd_vel_to_serial]: [1;35mstep_debug mode=6 vx=0.000 wz=0.000 left_m=0.0041 right_m=-0.0022 fwd_m=0.0009 step_yaw=-0.0175 left_norm=0.110 right_norm=-0.060 odom_y=12.892 odom_roll=0.3deg goal_y_err=0.000 odom_corr=0.000 odom_corr_applied=false path_lat_err=0.000 path_corr=0.000 path_corr_applied=false path_yaw_err=0.0deg path_yaw_corr=0.000 path_yaw_applied=false path_profile=0 crouch_yaw_err=0.0deg crouch_yaw_corr=0.000 crouch_yaw_applied=false crouch_fwd_bias=0.000 crouch_fwd_applied=false same_dir_turn=false opp_turn_shape=false uphill_segment=false uphill_seg_floor=false uphill_roll_floor=false min_step_floor=false override=true timeout=false serial=[6,0.110,-0.060]
[0m
[INFO] [1783998847.956447688] [cmd_vel_to_serial]: [0;96mserial tx: [6,0.110,-0.060]
[0m
[INFO] [1783998849.031281241] [cmd_vel_to_serial]: [1;35mstep_debug mode=6 vx=0.000 wz=0.000 left_m=0.0041 right_m=-0.0022 fwd_m=0.0009 step_yaw=-0.0175 left_norm=0.110 right_norm=-0.060 odom_y=12.912 odom_roll=0.3deg goal_y_err=0.000 odom_corr=0.000 odom_corr_applied=false path_lat_err=0.000 path_corr=0.000 path_corr_applied=false path_yaw_err=0.0deg path_yaw_corr=0.000 path_yaw_applied=false path_profile=0 crouch_yaw_err=0.0deg crouch_yaw_corr=0.000 crouch_yaw_applied=false crouch_fwd_bias=0.000 crouch_fwd_applied=false same_dir_turn=false opp_turn_shape=false uphill_segment=false uphill_seg_floor=false uphill_roll_floor=false min_step_floor=false override=true timeout=false serial=[6,0.110,-0.060]
[0m
[INFO] [1783998849.957826208] [cmd_vel_to_serial]: [0;96mserial tx: [6,0.110,-0.060]
[0m
[INFO] [1783998851.959070751] [cmd_vel_to_serial]: [0;96mserial tx: [6,0.110,-0.060]
[0m
[INFO] [1783998852.033198504] [cmd_vel_to_serial]: [1;35mstep_debug mode=6 vx=0.000 wz=0.000 left_m=0.0041 right_m=-0.0022 fwd_m=0.0009 step_yaw=-0.0175 left_norm=0.110 right_norm=-0.060 odom_y=12.912 odom_roll=0.2deg goal_y_err=0.000 odom_corr=0.000 odom_corr_applied=false path_lat_err=0.000 path_corr=0.000 path_corr_applied=false path_yaw_err=0.0deg path_yaw_corr=0.000 path_yaw_applied=false path_profile=0 crouch_yaw_err=0.0deg crouch_yaw_corr=0.000 crouch_yaw_applied=false crouch_fwd_bias=0.000 crouch_fwd_applied=false same_dir_turn=false opp_turn_shape=false uphill_segment=false uphill_seg_floor=false uphill_roll_floor=false min_step_floor=false override=true timeout=false serial=[6,0.110,-0.060]
[0m
[INFO] [1783998853.960012085] [cmd_vel_to_serial]: [0;96mserial tx: [6,0.110,-0.060]
[0m
[INFO] [1783998855.034557100] [cmd_vel_to_serial]: [1;35mstep_debug mode=6 vx=0.000 wz=0.000 left_m=0.0041 right_m=-0.0022 fwd_m=0.0009 step_yaw=-0.0175 left_norm=0.110 right_norm=-0.060 odom_y=12.883 odom_roll=0.3deg goal_y_err=0.000 odom_corr=0.000 odom_corr_applied=false path_lat_err=0.000 path_corr=0.000 path_corr_applied=false path_yaw_err=0.0deg path_yaw_corr=0.000 path_yaw_applied=false path_profile=0 crouch_yaw_err=0.0deg crouch_yaw_corr=0.000 crouch_yaw_applied=false crouch_fwd_bias=0.000 crouch_fwd_applied=false same_dir_turn=false opp_turn_shape=false uphill_segment=false uphill_seg_floor=false uphill_roll_floor=false min_step_floor=false override=true timeout=false serial=[6,0.110,-0.060]
[0m
[INFO] [1783998855.961067226] [cmd_vel_to_serial]: [0;96mserial tx: [6,0.110,-0.060]
[0m
[INFO] [1783998857.961484477] [cmd_vel_to_serial]: [0;96mserial tx: [6,0.110,-0.060]
[0m
[INFO] [1783998858.035493515] [cmd_vel_to_serial]: [1;35mstep_debug mode=6 vx=0.000 wz=0.000 left_m=0.0041 right_m=-0.0022 fwd_m=0.0009 step_yaw=-0.0175 left_norm=0.110 right_norm=-0.060 odom_y=12.886 odom_roll=0.2deg goal_y_err=0.000 odom_corr=0.000 odom_corr_applied=false path_lat_err=0.000 path_corr=0.000 path_corr_applied=false path_yaw_err=0.0deg path_yaw_corr=0.000 path_yaw_applied=false path_profile=0 crouch_yaw_err=0.0deg crouch_yaw_corr=0.000 crouch_yaw_applied=false crouch_fwd_bias=0.000 crouch_fwd_applied=false same_dir_turn=false opp_turn_shape=false uphill_segment=false uphill_seg_floor=false uphill_roll_floor=false min_step_floor=false override=true timeout=false serial=[6,0.110,-0.060]
[0m
[INFO] [1783998859.961906179] [cmd_vel_to_serial]: [0;96mserial tx: [6,0.110,-0.060]
[0m
[INFO] [1783998861.036092737] [cmd_vel_to_serial]: [1;35mstep_debug mode=6 vx=0.000 wz=0.000 left_m=0.0041 right_m=-0.0022 fwd_m=0.0009 step_yaw=-0.0175 left_norm=0.110 right_norm=-0.060 odom_y=12.887 odom_roll=0.2deg goal_y_err=0.000 odom_corr=0.000 odom_corr_applied=false path_lat_err=0.000 path_corr=0.000 path_corr_applied=false path_yaw_err=0.0deg path_yaw_corr=0.000 path_yaw_applied=false path_profile=0 crouch_yaw_err=0.0deg crouch_yaw_corr=0.000 crouch_yaw_applied=false crouch_fwd_bias=0.000 crouch_fwd_applied=false same_dir_turn=false opp_turn_shape=false uphill_segment=false uphill_seg_floor=false uphill_roll_floor=false min_step_floor=false override=true timeout=false serial=[6,0.110,-0.060]
[0m
[INFO] [1783998861.962411002] [cmd_vel_to_serial]: [0;96mserial tx: [6,0.110,-0.060]
[0m
[INFO] [1783998863.999336876] [cmd_vel_to_serial]: [0;96mserial tx: [6,0.110,-0.060]
[0m
[INFO] [1783998864.036394535] [cmd_vel_to_serial]: [1;35mstep_debug mode=6 vx=0.000 wz=0.000 left_m=0.0041 right_m=-0.0022 fwd_m=0.0009 step_yaw=-0.0175 left_norm=0.110 right_norm=-0.060 odom_y=12.883 odom_roll=0.4deg goal_y_err=0.000 odom_corr=0.000 odom_corr_applied=false path_lat_err=0.000 path_corr=0.000 path_corr_applied=false path_yaw_err=0.0deg path_yaw_corr=0.000 path_yaw_applied=false path_profile=0 crouch_yaw_err=0.0deg crouch_yaw_corr=0.000 crouch_yaw_applied=false crouch_fwd_bias=0.000 crouch_fwd_applied=false same_dir_turn=false opp_turn_shape=false uphill_segment=false uphill_seg_floor=false uphill_roll_floor=false min_step_floor=false override=true timeout=false serial=[6,0.110,-0.060]
[0m
[INFO] [1783998865.999401915] [cmd_vel_to_serial]: [0;96mserial tx: [6,0.110,-0.060]
[0m
[INFO] [1783998867.036437350] [cmd_vel_to_serial]: [1;35mstep_debug mode=6 vx=0.000 wz=0.000 left_m=0.0041 right_m=-0.0022 fwd_m=0.0009 step_yaw=-0.0175 left_norm=0.110 right_norm=-0.060 odom_y=12.882 odom_roll=0.3deg goal_y_err=0.000 odom_corr=0.000 odom_corr_applied=false path_lat_err=0.000 path_corr=0.000 path_corr_applied=false path_yaw_err=0.0deg path_yaw_corr=0.000 path_yaw_applied=false path_profile=0 crouch_yaw_err=0.0deg crouch_yaw_corr=0.000 crouch_yaw_applied=false crouch_fwd_bias=0.000 crouch_fwd_applied=false same_dir_turn=false opp_turn_shape=false uphill_segment=false uphill_seg_floor=false uphill_roll_floor=false min_step_floor=false override=true timeout=false serial=[6,0.110,-0.060]
[0m
[INFO] [1783998868.036764529] [cmd_vel_to_serial]: [0;96mserial tx: [6,0.110,-0.060]
[0m
[INFO] [1783998870.073298647] [cmd_vel_to_serial]: [0;96mserial tx: [6,0.110,-0.060]
[0m
[INFO] [1783998870.073347554] [cmd_vel_to_serial]: [1;35mstep_debug mode=6 vx=0.000 wz=0.000 left_m=0.0041 right_m=-0.0022 fwd_m=0.0009 step_yaw=-0.0175 left_norm=0.110 right_norm=-0.060 odom_y=12.886 odom_roll=0.3deg goal_y_err=0.000 odom_corr=0.000 odom_corr_applied=false path_lat_err=0.000 path_corr=0.000 path_corr_applied=false path_yaw_err=0.0deg path_yaw_corr=0.000 path_yaw_applied=false path_profile=0 crouch_yaw_err=0.0deg crouch_yaw_corr=0.000 crouch_yaw_applied=false crouch_fwd_bias=0.000 crouch_fwd_applied=false same_dir_turn=false opp_turn_shape=false uphill_segment=false uphill_seg_floor=false uphill_roll_floor=false min_step_floor=false override=true timeout=false serial=[6,0.110,-0.060]
[0m
[INFO] [1783998872.110352746] [cmd_vel_to_serial]: [0;96mserial tx: [6,0.110,-0.060]
[0m
[INFO] [1783998873.110225641] [cmd_vel_to_serial]: [1;35mstep_debug mode=6 vx=0.000 wz=0.000 left_m=0.0041 right_m=-0.0022 fwd_m=0.0009 step_yaw=-0.0175 left_norm=0.110 right_norm=-0.060 odom_y=12.903 odom_roll=0.3deg goal_y_err=0.000 odom_corr=0.000 odom_corr_applied=false path_lat_err=0.000 path_corr=0.000 path_corr_applied=false path_yaw_err=0.0deg path_yaw_corr=0.000 path_yaw_applied=false path_profile=0 crouch_yaw_err=0.0deg crouch_yaw_corr=0.000 crouch_yaw_applied=false crouch_fwd_bias=0.000 crouch_fwd_applied=false same_dir_turn=false opp_turn_shape=false uphill_segment=false uphill_seg_floor=false uphill_roll_floor=false min_step_floor=false override=true timeout=false serial=[6,0.110,-0.060]
[0m
[INFO] [1783998874.146918809] [cmd_vel_to_serial]: [0;96mserial tx: [6,0.110,-0.060]
[0m
[INFO] [1783998876.146599059] [cmd_vel_to_serial]: [1;35mstep_debug mode=6 vx=0.000 wz=0.000 left_m=0.0041 right_m=-0.0022 fwd_m=0.0009 step_yaw=-0.0175 left_norm=0.110 right_norm=-0.060 odom_y=12.883 odom_roll=0.3deg goal_y_err=0.000 odom_corr=0.000 odom_corr_applied=false path_lat_err=0.000 path_corr=0.000 path_corr_applied=false path_yaw_err=0.0deg path_yaw_corr=0.000 path_yaw_applied=false path_profile=0 crouch_yaw_err=0.0deg crouch_yaw_corr=0.000 crouch_yaw_applied=false crouch_fwd_bias=0.000 crouch_fwd_applied=false same_dir_turn=false opp_turn_shape=false uphill_segment=false uphill_seg_floor=false uphill_roll_floor=false min_step_floor=false override=true timeout=false serial=[6,0.110,-0.060]
[0m
[INFO] [1783998876.183652687] [cmd_vel_to_serial]: [0;96mserial tx: [6,0.110,-0.060]
[0m
[INFO] [1783998878.220246909] [cmd_vel_to_serial]: [0;96mserial tx: [6,0.110,-0.060]
[0m
[INFO] [1783998879.183135252] [cmd_vel_to_serial]: [1;35mstep_debug mode=6 vx=0.000 wz=0.000 left_m=0.0041 right_m=-0.0022 fwd_m=0.0009 step_yaw=-0.0175 left_norm=0.110 right_norm=-0.060 odom_y=12.885 odom_roll=0.3deg goal_y_err=0.000 odom_corr=0.000 odom_corr_applied=false path_lat_err=0.000 path_corr=0.000 path_corr_applied=false path_yaw_err=0.0deg path_yaw_corr=0.000 path_yaw_applied=false path_profile=0 crouch_yaw_err=0.0deg crouch_yaw_corr=0.000 crouch_yaw_applied=false crouch_fwd_bias=0.000 crouch_fwd_applied=false same_dir_turn=false opp_turn_shape=false uphill_segment=false uphill_seg_floor=false uphill_roll_floor=false min_step_floor=false override=true timeout=false serial=[6,0.110,-0.060]
[0m
[INFO] [1783998880.256940103] [cmd_vel_to_serial]: [0;96mserial tx: [6,0.110,-0.060]
[0m
[INFO] [1783998882.219430084] [cmd_vel_to_serial]: [1;35mstep_debug mode=6 vx=0.000 wz=0.000 left_m=0.0041 right_m=-0.0022 fwd_m=0.0009 step_yaw=-0.0175 left_norm=0.110 right_norm=-0.060 odom_y=12.886 odom_roll=0.2deg goal_y_err=0.000 odom_corr=0.000 odom_corr_applied=false path_lat_err=0.000 path_corr=0.000 path_corr_applied=false path_yaw_err=0.0deg path_yaw_corr=0.000 path_yaw_applied=false path_profile=0 crouch_yaw_err=0.0deg crouch_yaw_corr=0.000 crouch_yaw_applied=false crouch_fwd_bias=0.000 crouch_fwd_applied=false same_dir_turn=false opp_turn_shape=false uphill_segment=false uphill_seg_floor=false uphill_roll_floor=false min_step_floor=false override=true timeout=false serial=[6,0.110,-0.060]
[0m
[INFO] [1783998882.293481397] [cmd_vel_to_serial]: [0;96mserial tx: [6,0.110,-0.060]
[0m
[INFO] [1783998884.330038244] [cmd_vel_to_serial]: [0;96mserial tx: [6,0.110,-0.060]
[0m
[INFO] [1783998885.255721040] [cmd_vel_to_serial]: [1;35mstep_debug mode=6 vx=0.000 wz=0.000 left_m=0.0041 right_m=-0.0022 fwd_m=0.0009 step_yaw=-0.0175 left_norm=0.110 right_norm=-0.060 odom_y=12.879 odom_roll=0.2deg goal_y_err=0.000 odom_corr=0.000 odom_corr_applied=false path_lat_err=0.000 path_corr=0.000 path_corr_applied=false path_yaw_err=0.0deg path_yaw_corr=0.000 path_yaw_applied=false path_profile=0 crouch_yaw_err=0.0deg crouch_yaw_corr=0.000 crouch_yaw_applied=false crouch_fwd_bias=0.000 crouch_fwd_applied=false same_dir_turn=false opp_turn_shape=false uphill_segment=false uphill_seg_floor=false uphill_roll_floor=false min_step_floor=false override=true timeout=false serial=[6,0.110,-0.060]
[0m
[INFO] [1783998886.366583636] [cmd_vel_to_serial]: [0;96mserial tx: [6,0.110,-0.060]
[0m
[INFO] [1783998888.291972172] [cmd_vel_to_serial]: [1;35mstep_debug mode=6 vx=0.000 wz=0.000 left_m=0.0041 right_m=-0.0022 fwd_m=0.0009 step_yaw=-0.0175 left_norm=0.110 right_norm=-0.060 odom_y=12.885 odom_roll=0.1deg goal_y_err=0.000 odom_corr=0.000 odom_corr_applied=false path_lat_err=0.000 path_corr=0.000 path_corr_applied=false path_yaw_err=0.0deg path_yaw_corr=0.000 path_yaw_applied=false path_profile=0 crouch_yaw_err=0.0deg crouch_yaw_corr=0.000 crouch_yaw_applied=false crouch_fwd_bias=0.000 crouch_fwd_applied=false same_dir_turn=false opp_turn_shape=false uphill_segment=false uphill_seg_floor=false uphill_roll_floor=false min_step_floor=false override=true timeout=false serial=[6,0.110,-0.060]
[0m
[INFO] [1783998888.403041993] [cmd_vel_to_serial]: [0;96mserial tx: [6,0.110,-0.060]
[0m
[INFO] [1783998890.439523769] [cmd_vel_to_serial]: [0;96mserial tx: [6,0.110,-0.060]
[0m
[INFO] [1783998891.328168661] [cmd_vel_to_serial]: [1;35mstep_debug mode=6 vx=0.000 wz=0.000 left_m=0.0041 right_m=-0.0022 fwd_m=0.0009 step_yaw=-0.0175 left_norm=0.110 right_norm=-0.060 odom_y=12.870 odom_roll=0.2deg goal_y_err=0.000 odom_corr=0.000 odom_corr_applied=false path_lat_err=0.000 path_corr=0.000 path_corr_applied=false path_yaw_err=0.0deg path_yaw_corr=0.000 path_yaw_applied=false path_profile=0 crouch_yaw_err=0.0deg crouch_yaw_corr=0.000 crouch_yaw_applied=false crouch_fwd_bias=0.000 crouch_fwd_applied=false same_dir_turn=false opp_turn_shape=false uphill_segment=false uphill_seg_floor=false uphill_roll_floor=false min_step_floor=false override=true timeout=false serial=[6,0.110,-0.060]
[0m
[INFO] [1783998892.475968408] [cmd_vel_to_serial]: [0;96mserial tx: [6,0.110,-0.060]
[0m
[INFO] [1783998894.364292293] [cmd_vel_to_serial]: [1;35mstep_debug mode=6 vx=0.000 wz=0.000 left_m=0.0041 right_m=-0.0022 fwd_m=0.0009 step_yaw=-0.0175 left_norm=0.110 right_norm=-0.060 odom_y=12.905 odom_roll=0.2deg goal_y_err=0.000 odom_corr=0.000 odom_corr_applied=false path_lat_err=0.000 path_corr=0.000 path_corr_applied=false path_yaw_err=0.0deg path_yaw_corr=0.000 path_yaw_applied=false path_profile=0 crouch_yaw_err=0.0deg crouch_yaw_corr=0.000 crouch_yaw_applied=false crouch_fwd_bias=0.000 crouch_fwd_applied=false same_dir_turn=false opp_turn_shape=false uphill_segment=false uphill_seg_floor=false uphill_roll_floor=false min_step_floor=false override=true timeout=false serial=[6,0.110,-0.060]
[0m
[INFO] [1783998894.512441383] [cmd_vel_to_serial]: [0;96mserial tx: [6,0.110,-0.060]
[0m
[INFO] [1783998896.548804088] [cmd_vel_to_serial]: [0;96mserial tx: [6,0.110,-0.060]
[0m
[INFO] [1783998897.400426712] [cmd_vel_to_serial]: [1;35mstep_debug mode=6 vx=0.000 wz=0.000 left_m=0.0041 right_m=-0.0022 fwd_m=0.0009 step_yaw=-0.0175 left_norm=0.110 right_norm=-0.060 odom_y=12.915 odom_roll=0.3deg goal_y_err=0.000 odom_corr=0.000 odom_corr_applied=false path_lat_err=0.000 path_corr=0.000 path_corr_applied=false path_yaw_err=0.0deg path_yaw_corr=0.000 path_yaw_applied=false path_profile=0 crouch_yaw_err=0.0deg crouch_yaw_corr=0.000 crouch_yaw_applied=false crouch_fwd_bias=0.000 crouch_fwd_applied=false same_dir_turn=false opp_turn_shape=false uphill_segment=false uphill_seg_floor=false uphill_roll_floor=false min_step_floor=false override=true timeout=false serial=[6,0.110,-0.060]
[0m
[INFO] [1783998898.585570773] [cmd_vel_to_serial]: [0;96mserial tx: [6,0.110,-0.060]
[0m
[INFO] [1783998900.436481163] [cmd_vel_to_serial]: [1;35mstep_debug mode=6 vx=0.000 wz=0.000 left_m=0.0041 right_m=-0.0022 fwd_m=0.0009 step_yaw=-0.0175 left_norm=0.110 right_norm=-0.060 odom_y=12.894 odom_roll=0.2deg goal_y_err=0.000 odom_corr=0.000 odom_corr_applied=false path_lat_err=0.000 path_corr=0.000 path_corr_applied=false path_yaw_err=0.0deg path_yaw_corr=0.000 path_yaw_applied=false path_profile=0 crouch_yaw_err=0.0deg crouch_yaw_corr=0.000 crouch_yaw_applied=false crouch_fwd_bias=0.000 crouch_fwd_applied=false same_dir_turn=false opp_turn_shape=false uphill_segment=false uphill_seg_floor=false uphill_roll_floor=false min_step_floor=false override=true timeout=false serial=[6,0.110,-0.060]
[0m
[INFO] [1783998900.621610006] [cmd_vel_to_serial]: [0;96mserial tx: [6,0.110,-0.060]
[0m
[INFO] [1783998902.657986686] [cmd_vel_to_serial]: [0;96mserial tx: [6,0.110,-0.060]
[0m
[INFO] [1783998903.472541236] [cmd_vel_to_serial]: [1;35mstep_debug mode=6 vx=0.000 wz=0.000 left_m=0.0041 right_m=-0.0022 fwd_m=0.0009 step_yaw=-0.0175 left_norm=0.110 right_norm=-0.060 odom_y=12.898 odom_roll=0.1deg goal_y_err=0.000 odom_corr=0.000 odom_corr_applied=false path_lat_err=0.000 path_corr=0.000 path_corr_applied=false path_yaw_err=0.0deg path_yaw_corr=0.000 path_yaw_applied=false path_profile=0 crouch_yaw_err=0.0deg crouch_yaw_corr=0.000 crouch_yaw_applied=false crouch_fwd_bias=0.000 crouch_fwd_applied=false same_dir_turn=false opp_turn_shape=false uphill_segment=false uphill_seg_floor=false uphill_roll_floor=false min_step_floor=false override=true timeout=false serial=[6,0.110,-0.060]
[0m
[INFO] [1783998904.694378155] [cmd_vel_to_serial]: [0;96mserial tx: [6,0.110,-0.060]
[0m
[INFO] [1783998906.508562830] [cmd_vel_to_serial]: [1;35mstep_debug mode=6 vx=0.000 wz=0.000 left_m=0.0041 right_m=-0.0022 fwd_m=0.0009 step_yaw=-0.0175 left_norm=0.110 right_norm=-0.060 odom_y=12.899 odom_roll=0.1deg goal_y_err=0.000 odom_corr=0.000 odom_corr_applied=false path_lat_err=0.000 path_corr=0.000 path_corr_applied=false path_yaw_err=0.0deg path_yaw_corr=0.000 path_yaw_applied=false path_profile=0 crouch_yaw_err=0.0deg crouch_yaw_corr=0.000 crouch_yaw_applied=false crouch_fwd_bias=0.000 crouch_fwd_applied=false same_dir_turn=false opp_turn_shape=false uphill_segment=false uphill_seg_floor=false uphill_roll_floor=false min_step_floor=false override=true timeout=false serial=[6,0.110,-0.060]
[0m
[INFO] [1783998906.730718999] [cmd_vel_to_serial]: [0;96mserial tx: [6,0.110,-0.060]
[0m
[INFO] [1783998908.767077975] [cmd_vel_to_serial]: [0;96mserial tx: [6,0.110,-0.060]
[0m
[INFO] [1783998909.544611298] [cmd_vel_to_serial]: [1;35mstep_debug mode=6 vx=0.000 wz=0.000 left_m=0.0041 right_m=-0.0022 fwd_m=0.0009 step_yaw=-0.0175 left_norm=0.110 right_norm=-0.060 odom_y=12.904 odom_roll=0.2deg goal_y_err=0.000 odom_corr=0.000 odom_corr_applied=false path_lat_err=0.000 path_corr=0.000 path_corr_applied=false path_yaw_err=0.0deg path_yaw_corr=0.000 path_yaw_applied=false path_profile=0 crouch_yaw_err=0.0deg crouch_yaw_corr=0.000 crouch_yaw_applied=false crouch_fwd_bias=0.000 crouch_fwd_applied=false same_dir_turn=false opp_turn_shape=false uphill_segment=false uphill_seg_floor=false uphill_roll_floor=false min_step_floor=false override=true timeout=false serial=[6,0.110,-0.060]
[0m
[INFO] [1783998910.803437109] [cmd_vel_to_serial]: [0;96mserial tx: [6,0.110,-0.060]
[0m
[INFO] [1783998912.580804333] [cmd_vel_to_serial]: [1;35mstep_debug mode=6 vx=0.000 wz=0.000 left_m=0.0041 right_m=-0.0022 fwd_m=0.0009 step_yaw=-0.0175 left_norm=0.110 right_norm=-0.060 odom_y=12.893 odom_roll=0.2deg goal_y_err=0.000 odom_corr=0.000 odom_corr_applied=false path_lat_err=0.000 path_corr=0.000 path_corr_applied=false path_yaw_err=0.0deg path_yaw_corr=0.000 path_yaw_applied=false path_profile=0 crouch_yaw_err=0.0deg crouch_yaw_corr=0.000 crouch_yaw_applied=false crouch_fwd_bias=0.000 crouch_fwd_applied=false same_dir_turn=false opp_turn_shape=false uphill_segment=false uphill_seg_floor=false uphill_roll_floor=false min_step_floor=false override=true timeout=false serial=[6,0.110,-0.060]
[0m
[INFO] [1783998912.840204373] [cmd_vel_to_serial]: [0;96mserial tx: [6,0.110,-0.060]
[0m
[INFO] [1783998914.847354618] [cmd_vel_to_serial]: [0;96mserial tx: [6,0.110,-0.060]
[0m
[INFO] [1783998915.602977942] [cmd_vel_to_serial]: [1;35mstep_debug mode=6 vx=0.000 wz=0.000 left_m=0.0041 right_m=-0.0022 fwd_m=0.0009 step_yaw=-0.0175 left_norm=0.110 right_norm=-0.060 odom_y=12.895 odom_roll=0.2deg goal_y_err=0.000 odom_corr=0.000 odom_corr_applied=false path_lat_err=0.000 path_corr=0.000 path_corr_applied=false path_yaw_err=0.0deg path_yaw_corr=0.000 path_yaw_applied=false path_profile=0 crouch_yaw_err=0.0deg crouch_yaw_corr=0.000 crouch_yaw_applied=false crouch_fwd_bias=0.000 crouch_fwd_applied=false same_dir_turn=false opp_turn_shape=false uphill_segment=false uphill_seg_floor=false uphill_roll_floor=false min_step_floor=false override=true timeout=false serial=[6,0.110,-0.060]
[0m
[INFO] [1783998916.847513303] [cmd_vel_to_serial]: [0;96mserial tx: [6,0.110,-0.060]
[0m
[INFO] [1783998918.614086516] [cmd_vel_to_serial]: [1;35mstep_debug mode=6 vx=0.000 wz=0.000 left_m=0.0041 right_m=-0.0022 fwd_m=0.0009 step_yaw=-0.0175 left_norm=0.110 right_norm=-0.060 odom_y=12.894 odom_roll=0.3deg goal_y_err=0.000 odom_corr=0.000 odom_corr_applied=false path_lat_err=0.000 path_corr=0.000 path_corr_applied=false path_yaw_err=0.0deg path_yaw_corr=0.000 path_yaw_applied=false path_profile=0 crouch_yaw_err=0.0deg crouch_yaw_corr=0.000 crouch_yaw_applied=false crouch_fwd_bias=0.000 crouch_fwd_applied=false same_dir_turn=false opp_turn_shape=false uphill_segment=false uphill_seg_floor=false uphill_roll_floor=false min_step_floor=false override=true timeout=false serial=[6,0.110,-0.060]
[0m
[INFO] [1783998918.876833611] [cmd_vel_to_serial]: [0;96mserial tx: [6,0.110,-0.060]
[0m
[INFO] [1783998920.899507105] [cmd_vel_to_serial]: [0;96mserial tx: [6,0.110,-0.060]
[0m
[INFO] [1783998921.647168558] [cmd_vel_to_serial]: [1;35mstep_debug mode=6 vx=0.000 wz=0.000 left_m=0.0041 right_m=-0.0022 fwd_m=0.0009 step_yaw=-0.0175 left_norm=0.110 right_norm=-0.060 odom_y=12.895 odom_roll=0.2deg goal_y_err=0.000 odom_corr=0.000 odom_corr_applied=false path_lat_err=0.000 path_corr=0.000 path_corr_applied=false path_yaw_err=0.0deg path_yaw_corr=0.000 path_yaw_applied=false path_profile=0 crouch_yaw_err=0.0deg crouch_yaw_corr=0.000 crouch_yaw_applied=false crouch_fwd_bias=0.000 crouch_fwd_applied=false same_dir_turn=false opp_turn_shape=false uphill_segment=false uphill_seg_floor=false uphill_roll_floor=false min_step_floor=false override=true timeout=false serial=[6,0.110,-0.060]
[0m
[INFO] [1783998922.916997669] [cmd_vel_to_serial]: [0;96mserial tx: [6,0.110,-0.060]
[0m
[INFO] [1783998924.669723245] [cmd_vel_to_serial]: [1;35mstep_debug mode=6 vx=0.000 wz=0.000 left_m=0.0041 right_m=-0.0022 fwd_m=0.0009 step_yaw=-0.0175 left_norm=0.110 right_norm=-0.060 odom_y=12.884 odom_roll=0.3deg goal_y_err=0.000 odom_corr=0.000 odom_corr_applied=false path_lat_err=0.000 path_corr=0.000 path_corr_applied=false path_yaw_err=0.0deg path_yaw_corr=0.000 path_yaw_applied=false path_profile=0 crouch_yaw_err=0.0deg crouch_yaw_corr=0.000 crouch_yaw_applied=false crouch_fwd_bias=0.000 crouch_fwd_applied=false same_dir_turn=false opp_turn_shape=false uphill_segment=false uphill_seg_floor=false uphill_roll_floor=false min_step_floor=false override=true timeout=false serial=[6,0.110,-0.060]
[0m
[INFO] [1783998924.930573485] [cmd_vel_to_serial]: [0;96mserial tx: [6,0.110,-0.060]
[0m
[INFO] [1783998926.941259829] [cmd_vel_to_serial]: [0;96mserial tx: [6,0.110,-0.060]
[0m
[INFO] [1783998927.685307223] [cmd_vel_to_serial]: [1;35mstep_debug mode=6 vx=0.000 wz=0.000 left_m=0.0041 right_m=-0.0022 fwd_m=0.0009 step_yaw=-0.0175 left_norm=0.110 right_norm=-0.060 odom_y=12.893 odom_roll=0.3deg goal_y_err=0.000 odom_corr=0.000 odom_corr_applied=false path_lat_err=0.000 path_corr=0.000 path_corr_applied=false path_yaw_err=0.0deg path_yaw_corr=0.000 path_yaw_applied=false path_profile=0 crouch_yaw_err=0.0deg crouch_yaw_corr=0.000 crouch_yaw_applied=false crouch_fwd_bias=0.000 crouch_fwd_applied=false same_dir_turn=false opp_turn_shape=false uphill_segment=false uphill_seg_floor=false uphill_roll_floor=false min_step_floor=false override=true timeout=false serial=[6,0.110,-0.060]
[0m
[INFO] [1783998928.949662589] [cmd_vel_to_serial]: [0;96mserial tx: [6,0.110,-0.060]
[0m
[INFO] [1783998930.696203057] [cmd_vel_to_serial]: [1;35mstep_debug mode=6 vx=0.000 wz=0.000 left_m=0.0041 right_m=-0.0022 fwd_m=0.0009 step_yaw=-0.0175 left_norm=0.110 right_norm=-0.060 odom_y=12.895 odom_roll=0.1deg goal_y_err=0.000 odom_corr=0.000 odom_corr_applied=false path_lat_err=0.000 path_corr=0.000 path_corr_applied=false path_yaw_err=0.0deg path_yaw_corr=0.000 path_yaw_applied=false path_profile=0 crouch_yaw_err=0.0deg crouch_yaw_corr=0.000 crouch_yaw_applied=false crouch_fwd_bias=0.000 crouch_fwd_applied=false same_dir_turn=false opp_turn_shape=false uphill_segment=false uphill_seg_floor=false uphill_roll_floor=false min_step_floor=false override=true timeout=false serial=[6,0.110,-0.060]
[0m
[INFO] [1783998930.956292518] [cmd_vel_to_serial]: [0;96mserial tx: [6,0.110,-0.060]
[0m
[INFO] [1783998932.961638549] [cmd_vel_to_serial]: [0;96mserial tx: [6,0.110,-0.060]
[0m
[INFO] [1783998933.704001368] [cmd_vel_to_serial]: [1;35mstep_debug mode=6 vx=0.000 wz=0.000 left_m=0.0041 right_m=-0.0022 fwd_m=0.0009 step_yaw=-0.0175 left_norm=0.110 right_norm=-0.060 odom_y=12.889 odom_roll=0.3deg goal_y_err=0.000 odom_corr=0.000 odom_corr_applied=false path_lat_err=0.000 path_corr=0.000 path_corr_applied=false path_yaw_err=0.0deg path_yaw_corr=0.000 path_yaw_applied=false path_profile=0 crouch_yaw_err=0.0deg crouch_yaw_corr=0.000 crouch_yaw_applied=false crouch_fwd_bias=0.000 crouch_fwd_applied=false same_dir_turn=false opp_turn_shape=false uphill_segment=false uphill_seg_floor=false uphill_roll_floor=false min_step_floor=false override=true timeout=false serial=[6,0.110,-0.060]
[0m
[INFO] [1783998934.965870713] [cmd_vel_to_serial]: [0;96mserial tx: [6,0.110,-0.060]
[0m
[INFO] [1783998936.709727081] [cmd_vel_to_serial]: [1;35mstep_debug mode=6 vx=0.000 wz=0.000 left_m=0.0041 right_m=-0.0022 fwd_m=0.0009 step_yaw=-0.0175 left_norm=0.110 right_norm=-0.060 odom_y=12.879 odom_roll=0.3deg goal_y_err=0.000 odom_corr=0.000 odom_corr_applied=false path_lat_err=0.000 path_corr=0.000 path_corr_applied=false path_yaw_err=0.0deg path_yaw_corr=0.000 path_yaw_applied=false path_profile=0 crouch_yaw_err=0.0deg crouch_yaw_corr=0.000 crouch_yaw_applied=false crouch_fwd_bias=0.000 crouch_fwd_applied=false same_dir_turn=false opp_turn_shape=false uphill_segment=false uphill_seg_floor=false uphill_roll_floor=false min_step_floor=false override=true timeout=false serial=[6,0.110,-0.060]
[0m
[INFO] [1783998936.969414123] [cmd_vel_to_serial]: [0;96mserial tx: [6,0.110,-0.060]
[0m
[INFO] [1783998938.972340911] [cmd_vel_to_serial]: [0;96mserial tx: [6,0.110,-0.060]
[0m
[INFO] [1783998939.714052409] [cmd_vel_to_serial]: [1;35mstep_debug mode=6 vx=0.000 wz=0.000 left_m=0.0041 right_m=-0.0022 fwd_m=0.0009 step_yaw=-0.0175 left_norm=0.110 right_norm=-0.060 odom_y=12.889 odom_roll=0.3deg goal_y_err=0.000 odom_corr=0.000 odom_corr_applied=false path_lat_err=0.000 path_corr=0.000 path_corr_applied=false path_yaw_err=0.0deg path_yaw_corr=0.000 path_yaw_applied=false path_profile=0 crouch_yaw_err=0.0deg crouch_yaw_corr=0.000 crouch_yaw_applied=false crouch_fwd_bias=0.000 crouch_fwd_applied=false same_dir_turn=false opp_turn_shape=false uphill_segment=false uphill_seg_floor=false uphill_roll_floor=false min_step_floor=false override=true timeout=false serial=[6,0.110,-0.060]
[0m
[INFO] [1783998940.974805241] [cmd_vel_to_serial]: [0;96mserial tx: [6,0.110,-0.060]
[0m
[INFO] [1783998942.717477596] [cmd_vel_to_serial]: [1;35mstep_debug mode=6 vx=0.000 wz=0.000 left_m=0.0041 right_m=-0.0022 fwd_m=0.0009 step_yaw=-0.0175 left_norm=0.110 right_norm=-0.060 odom_y=12.892 odom_roll=0.3deg goal_y_err=0.000 odom_corr=0.000 odom_corr_applied=false path_lat_err=0.000 path_corr=0.000 path_corr_applied=false path_yaw_err=0.0deg path_yaw_corr=0.000 path_yaw_applied=false path_profile=0 crouch_yaw_err=0.0deg crouch_yaw_corr=0.000 crouch_yaw_applied=false crouch_fwd_bias=0.000 crouch_fwd_applied=false same_dir_turn=false opp_turn_shape=false uphill_segment=false uphill_seg_floor=false uphill_roll_floor=false min_step_floor=false override=true timeout=false serial=[6,0.110,-0.060]
[0m
[INFO] [1783998942.976953504] [cmd_vel_to_serial]: [0;96mserial tx: [6,0.110,-0.060]
[0m
[INFO] [1783998944.978841149] [cmd_vel_to_serial]: [0;96mserial tx: [6,0.110,-0.060]
[0m
[INFO] [1783998945.720218261] [cmd_vel_to_serial]: [1;35mstep_debug mode=6 vx=0.000 wz=0.000 left_m=0.0041 right_m=-0.0022 fwd_m=0.0009 step_yaw=-0.0175 left_norm=0.110 right_norm=-0.060 odom_y=12.896 odom_roll=0.2deg goal_y_err=0.000 odom_corr=0.000 odom_corr_applied=false path_lat_err=0.000 path_corr=0.000 path_corr_applied=false path_yaw_err=0.0deg path_yaw_corr=0.000 path_yaw_applied=false path_profile=0 crouch_yaw_err=0.0deg crouch_yaw_corr=0.000 crouch_yaw_applied=false crouch_fwd_bias=0.000 crouch_fwd_applied=false same_dir_turn=false opp_turn_shape=false uphill_segment=false uphill_seg_floor=false uphill_roll_floor=false min_step_floor=false override=true timeout=false serial=[6,0.110,-0.060]
[0m
[INFO] [1783998946.980485085] [cmd_vel_to_serial]: [0;96mserial tx: [6,0.110,-0.060]
[0m
[INFO] [1783998948.722559371] [cmd_vel_to_serial]: [1;35mstep_debug mode=6 vx=0.000 wz=0.000 left_m=0.0041 right_m=-0.0022 fwd_m=0.0009 step_yaw=-0.0175 left_norm=0.110 right_norm=-0.060 odom_y=12.899 odom_roll=0.2deg goal_y_err=0.000 odom_corr=0.000 odom_corr_applied=false path_lat_err=0.000 path_corr=0.000 path_corr_applied=false path_yaw_err=0.0deg path_yaw_corr=0.000 path_yaw_applied=false path_profile=0 crouch_yaw_err=0.0deg crouch_yaw_corr=0.000 crouch_yaw_applied=false crouch_fwd_bias=0.000 crouch_fwd_applied=false same_dir_turn=false opp_turn_shape=false uphill_segment=false uphill_seg_floor=false uphill_roll_floor=false min_step_floor=false override=true timeout=false serial=[6,0.110,-0.060]
[0m
[INFO] [1783998948.981997917] [cmd_vel_to_serial]: [0;96mserial tx: [6,0.110,-0.060]
[0m
[INFO] [1783998950.983390515] [cmd_vel_to_serial]: [0;96mserial tx: [6,0.110,-0.060]
[0m
[INFO] [1783998951.724659683] [cmd_vel_to_serial]: [1;35mstep_debug mode=6 vx=0.000 wz=0.000 left_m=0.0041 right_m=-0.0022 fwd_m=0.0009 step_yaw=-0.0175 left_norm=0.110 right_norm=-0.060 odom_y=12.889 odom_roll=0.2deg goal_y_err=0.000 odom_corr=0.000 odom_corr_applied=false path_lat_err=0.000 path_corr=0.000 path_corr_applied=false path_yaw_err=0.0deg path_yaw_corr=0.000 path_yaw_applied=false path_profile=0 crouch_yaw_err=0.0deg crouch_yaw_corr=0.000 crouch_yaw_applied=false crouch_fwd_bias=0.000 crouch_fwd_applied=false same_dir_turn=false opp_turn_shape=false uphill_segment=false uphill_seg_floor=false uphill_roll_floor=false min_step_floor=false override=true timeout=false serial=[6,0.110,-0.060]
[0m
[INFO] [1783998952.984682213] [cmd_vel_to_serial]: [0;96mserial tx: [6,0.110,-0.060]
[0m
[INFO] [1783998954.726534301] [cmd_vel_to_serial]: [1;35mstep_debug mode=6 vx=0.000 wz=0.000 left_m=0.0041 right_m=-0.0022 fwd_m=0.0009 step_yaw=-0.0175 left_norm=0.110 right_norm=-0.060 odom_y=12.883 odom_roll=0.2deg goal_y_err=0.000 odom_corr=0.000 odom_corr_applied=false path_lat_err=0.000 path_corr=0.000 path_corr_applied=false path_yaw_err=0.0deg path_yaw_corr=0.000 path_yaw_applied=false path_profile=0 crouch_yaw_err=0.0deg crouch_yaw_corr=0.000 crouch_yaw_applied=false crouch_fwd_bias=0.000 crouch_fwd_applied=false same_dir_turn=false opp_turn_shape=false uphill_segment=false uphill_seg_floor=false uphill_roll_floor=false min_step_floor=false override=true timeout=false serial=[6,0.110,-0.060]
[0m
[INFO] [1783998954.985906526] [cmd_vel_to_serial]: [0;96mserial tx: [6,0.110,-0.060]
[0m
[INFO] [1783998956.987056698] [cmd_vel_to_serial]: [0;96mserial tx: [6,0.110,-0.060]
[0m
[INFO] [1783998957.728265099] [cmd_vel_to_serial]: [1;35mstep_debug mode=6 vx=0.000 wz=0.000 left_m=0.0041 right_m=-0.0022 fwd_m=0.0009 step_yaw=-0.0175 left_norm=0.110 right_norm=-0.060 odom_y=12.889 odom_roll=0.3deg goal_y_err=0.000 odom_corr=0.000 odom_corr_applied=false path_lat_err=0.000 path_corr=0.000 path_corr_applied=false path_yaw_err=0.0deg path_yaw_corr=0.000 path_yaw_applied=false path_profile=0 crouch_yaw_err=0.0deg crouch_yaw_corr=0.000 crouch_yaw_applied=false crouch_fwd_bias=0.000 crouch_fwd_applied=false same_dir_turn=false opp_turn_shape=false uphill_segment=false uphill_seg_floor=false uphill_roll_floor=false min_step_floor=false override=true timeout=false serial=[6,0.110,-0.060]
[0m
[INFO] [1783998958.988217286] [cmd_vel_to_serial]: [0;96mserial tx: [6,0.110,-0.060]
[0m
[INFO] [1783998960.729961499] [cmd_vel_to_serial]: [1;35mstep_debug mode=6 vx=0.000 wz=0.000 left_m=0.0041 right_m=-0.0022 fwd_m=0.0009 step_yaw=-0.0175 left_norm=0.110 right_norm=-0.060 odom_y=12.901 odom_roll=0.3deg goal_y_err=0.000 odom_corr=0.000 odom_corr_applied=false path_lat_err=0.000 path_corr=0.000 path_corr_applied=false path_yaw_err=0.0deg path_yaw_corr=0.000 path_yaw_applied=false path_profile=0 crouch_yaw_err=0.0deg crouch_yaw_corr=0.000 crouch_yaw_applied=false crouch_fwd_bias=0.000 crouch_fwd_applied=false same_dir_turn=false opp_turn_shape=false uphill_segment=false uphill_seg_floor=false uphill_roll_floor=false min_step_floor=false override=true timeout=false serial=[6,0.110,-0.060]
[0m
[INFO] [1783998960.989362006] [cmd_vel_to_serial]: [0;96mserial tx: [6,0.110,-0.060]
[0m
[INFO] [1783998962.990423409] [cmd_vel_to_serial]: [0;96mserial tx: [6,0.110,-0.060]
[0m
[INFO] [1783998963.731556085] [cmd_vel_to_serial]: [1;35mstep_debug mode=6 vx=0.000 wz=0.000 left_m=0.0041 right_m=-0.0022 fwd_m=0.0009 step_yaw=-0.0175 left_norm=0.110 right_norm=-0.060 odom_y=12.895 odom_roll=0.3deg goal_y_err=0.000 odom_corr=0.000 odom_corr_applied=false path_lat_err=0.000 path_corr=0.000 path_corr_applied=false path_yaw_err=0.0deg path_yaw_corr=0.000 path_yaw_applied=false path_profile=0 crouch_yaw_err=0.0deg crouch_yaw_corr=0.000 crouch_yaw_applied=false crouch_fwd_bias=0.000 crouch_fwd_applied=false same_dir_turn=false opp_turn_shape=false uphill_segment=false uphill_seg_floor=false uphill_roll_floor=false min_step_floor=false override=true timeout=false serial=[6,0.110,-0.060]
[0m
[INFO] [1783998964.991479102] [cmd_vel_to_serial]: [0;96mserial tx: [6,0.110,-0.060]
[0m
[INFO] [1783998966.733123038] [cmd_vel_to_serial]: [1;35mstep_debug mode=6 vx=0.000 wz=0.000 left_m=0.0041 right_m=-0.0022 fwd_m=0.0009 step_yaw=-0.0175 left_norm=0.110 right_norm=-0.060 odom_y=12.895 odom_roll=0.2deg goal_y_err=0.000 odom_corr=0.000 odom_corr_applied=false path_lat_err=0.000 path_corr=0.000 path_corr_applied=false path_yaw_err=0.0deg path_yaw_corr=0.000 path_yaw_applied=false path_profile=0 crouch_yaw_err=0.0deg crouch_yaw_corr=0.000 crouch_yaw_applied=false crouch_fwd_bias=0.000 crouch_fwd_applied=false same_dir_turn=false opp_turn_shape=false uphill_segment=false uphill_seg_floor=false uphill_roll_floor=false min_step_floor=false override=true timeout=false serial=[6,0.110,-0.060]
[0m
[INFO] [1783998966.992547253] [cmd_vel_to_serial]: [0;96mserial tx: [6,0.110,-0.060]
[0m
[INFO] [1783998968.993574715] [cmd_vel_to_serial]: [0;96mserial tx: [6,0.110,-0.060]
[0m
[INFO] [1783998969.734694882] [cmd_vel_to_serial]: [1;35mstep_debug mode=6 vx=0.000 wz=0.000 left_m=0.0041 right_m=-0.0022 fwd_m=0.0009 step_yaw=-0.0175 left_norm=0.110 right_norm=-0.060 odom_y=12.893 odom_roll=0.2deg goal_y_err=0.000 odom_corr=0.000 odom_corr_applied=false path_lat_err=0.000 path_corr=0.000 path_corr_applied=false path_yaw_err=0.0deg path_yaw_corr=0.000 path_yaw_applied=false path_profile=0 crouch_yaw_err=0.0deg crouch_yaw_corr=0.000 crouch_yaw_applied=false crouch_fwd_bias=0.000 crouch_fwd_applied=false same_dir_turn=false opp_turn_shape=false uphill_segment=false uphill_seg_floor=false uphill_roll_floor=false min_step_floor=false override=true timeout=false serial=[6,0.110,-0.060]
[0m
[INFO] [1783998970.994616501] [cmd_vel_to_serial]: [0;96mserial tx: [6,0.110,-0.060]
[0m
[INFO] [1783998972.736180873] [cmd_vel_to_serial]: [1;35mstep_debug mode=6 vx=0.000 wz=0.000 left_m=0.0041 right_m=-0.0022 fwd_m=0.0009 step_yaw=-0.0175 left_norm=0.110 right_norm=-0.060 odom_y=12.888 odom_roll=0.3deg goal_y_err=0.000 odom_corr=0.000 odom_corr_applied=false path_lat_err=0.000 path_corr=0.000 path_corr_applied=false path_yaw_err=0.0deg path_yaw_corr=0.000 path_yaw_applied=false path_profile=0 crouch_yaw_err=0.0deg crouch_yaw_corr=0.000 crouch_yaw_applied=false crouch_fwd_bias=0.000 crouch_fwd_applied=false same_dir_turn=false opp_turn_shape=false uphill_segment=false uphill_seg_floor=false uphill_roll_floor=false min_step_floor=false override=true timeout=false serial=[6,0.110,-0.060]
[0m
[INFO] [1783998972.995682972] [cmd_vel_to_serial]: [0;96mserial tx: [6,0.110,-0.060]
[0m
[INFO] [1783998974.996681942] [cmd_vel_to_serial]: [0;96mserial tx: [6,0.110,-0.060]
[0m
[INFO] [1783998975.737764925] [cmd_vel_to_serial]: [1;35mstep_debug mode=6 vx=0.000 wz=0.000 left_m=0.0041 right_m=-0.0022 fwd_m=0.0009 step_yaw=-0.0175 left_norm=0.110 right_norm=-0.060 odom_y=12.901 odom_roll=0.3deg goal_y_err=0.000 odom_corr=0.000 odom_corr_applied=false path_lat_err=0.000 path_corr=0.000 path_corr_applied=false path_yaw_err=0.0deg path_yaw_corr=0.000 path_yaw_applied=false path_profile=0 crouch_yaw_err=0.0deg crouch_yaw_corr=0.000 crouch_yaw_applied=false crouch_fwd_bias=0.000 crouch_fwd_applied=false same_dir_turn=false opp_turn_shape=false uphill_segment=false uphill_seg_floor=false uphill_roll_floor=false min_step_floor=false override=true timeout=false serial=[6,0.110,-0.060]
[0m
[INFO] [1783998976.997644501] [cmd_vel_to_serial]: [0;96mserial tx: [6,0.110,-0.060]
[0m
[INFO] [1783998978.739079291] [cmd_vel_to_serial]: [1;35mstep_debug mode=6 vx=0.000 wz=0.000 left_m=0.0041 right_m=-0.0022 fwd_m=0.0009 step_yaw=-0.0175 left_norm=0.110 right_norm=-0.060 odom_y=12.892 odom_roll=0.2deg goal_y_err=0.000 odom_corr=0.000 odom_corr_applied=false path_lat_err=0.000 path_corr=0.000 path_corr_applied=false path_yaw_err=0.0deg path_yaw_corr=0.000 path_yaw_applied=false path_profile=0 crouch_yaw_err=0.0deg crouch_yaw_corr=0.000 crouch_yaw_applied=false crouch_fwd_bias=0.000 crouch_fwd_applied=false same_dir_turn=false opp_turn_shape=false uphill_segment=false uphill_seg_floor=false uphill_roll_floor=false min_step_floor=false override=true timeout=false serial=[6,0.110,-0.060]
[0m
[INFO] [1783998978.998166726] [cmd_vel_to_serial]: [0;96mserial tx: [6,0.110,-0.060]
[0m
[INFO] [1783998981.021432755] [cmd_vel_to_serial]: [0;96mserial tx: [6,0.110,-0.060]
[0m
[INFO] [1783998981.747780187] [cmd_vel_to_serial]: [1;35mstep_debug mode=6 vx=0.000 wz=0.000 left_m=0.0041 right_m=-0.0022 fwd_m=0.0009 step_yaw=-0.0175 left_norm=0.110 right_norm=-0.060 odom_y=12.885 odom_roll=0.3deg goal_y_err=0.000 odom_corr=0.000 odom_corr_applied=false path_lat_err=0.000 path_corr=0.000 path_corr_applied=false path_yaw_err=0.0deg path_yaw_corr=0.000 path_yaw_applied=false path_profile=0 crouch_yaw_err=0.0deg crouch_yaw_corr=0.000 crouch_yaw_applied=false crouch_fwd_bias=0.000 crouch_fwd_applied=false same_dir_turn=false opp_turn_shape=false uphill_segment=false uphill_seg_floor=false uphill_roll_floor=false min_step_floor=false override=true timeout=false serial=[6,0.110,-0.060]
[0m
[INFO] [1783998983.056472122] [cmd_vel_to_serial]: [0;96mserial tx: [6,0.110,-0.060]
[0m
[INFO] [1783998984.771815172] [cmd_vel_to_serial]: [1;35mstep_debug mode=6 vx=0.000 wz=0.000 left_m=0.0041 right_m=-0.0022 fwd_m=0.0009 step_yaw=-0.0175 left_norm=0.110 right_norm=-0.060 odom_y=12.892 odom_roll=0.3deg goal_y_err=0.000 odom_corr=0.000 odom_corr_applied=false path_lat_err=0.000 path_corr=0.000 path_corr_applied=false path_yaw_err=0.0deg path_yaw_corr=0.000 path_yaw_applied=false path_profile=0 crouch_yaw_err=0.0deg crouch_yaw_corr=0.000 crouch_yaw_applied=false crouch_fwd_bias=0.000 crouch_fwd_applied=false same_dir_turn=false opp_turn_shape=false uphill_segment=false uphill_seg_floor=false uphill_roll_floor=false min_step_floor=false override=true timeout=false serial=[6,0.110,-0.060]
[0m
[INFO] [1783998985.063929183] [cmd_vel_to_serial]: [0;96mserial tx: [6,0.110,-0.060]
[0m
[INFO] [1783998987.078303616] [cmd_vel_to_serial]: [0;96mserial tx: [6,0.110,-0.060]
[0m
[INFO] [1783998987.775392147] [cmd_vel_to_serial]: [1;35mstep_debug mode=6 vx=0.000 wz=0.000 left_m=0.0041 right_m=-0.0022 fwd_m=0.0009 step_yaw=-0.0175 left_norm=0.110 right_norm=-0.060 odom_y=12.890 odom_roll=0.4deg goal_y_err=0.000 odom_corr=0.000 odom_corr_applied=false path_lat_err=0.000 path_corr=0.000 path_corr_applied=false path_yaw_err=0.0deg path_yaw_corr=0.000 path_yaw_applied=false path_profile=0 crouch_yaw_err=0.0deg crouch_yaw_corr=0.000 crouch_yaw_applied=false crouch_fwd_bias=0.000 crouch_fwd_applied=false same_dir_turn=false opp_turn_shape=false uphill_segment=false uphill_seg_floor=false uphill_roll_floor=false min_step_floor=false override=true timeout=false serial=[6,0.110,-0.060]
[0m
[INFO] [1783998989.097428881] [cmd_vel_to_serial]: [0;96mserial tx: [6,0.110,-0.060]
[0m
[INFO] [1783998990.789476354] [cmd_vel_to_serial]: [1;35mstep_debug mode=6 vx=0.000 wz=0.000 left_m=0.0041 right_m=-0.0022 fwd_m=0.0009 step_yaw=-0.0175 left_norm=0.110 right_norm=-0.060 odom_y=12.883 odom_roll=0.3deg goal_y_err=0.000 odom_corr=0.000 odom_corr_applied=false path_lat_err=0.000 path_corr=0.000 path_corr_applied=false path_yaw_err=0.0deg path_yaw_corr=0.000 path_yaw_applied=false path_profile=0 crouch_yaw_err=0.0deg crouch_yaw_corr=0.000 crouch_yaw_applied=false crouch_fwd_bias=0.000 crouch_fwd_applied=false same_dir_turn=false opp_turn_shape=false uphill_segment=false uphill_seg_floor=false uphill_roll_floor=false min_step_floor=false override=true timeout=false serial=[6,0.110,-0.060]
[0m
[INFO] [1783998991.120764201] [cmd_vel_to_serial]: [0;96mserial tx: [6,0.110,-0.060]
[0m
[INFO] [1783998993.146994176] [cmd_vel_to_serial]: [0;96mserial tx: [6,0.110,-0.060]
[0m
[INFO] [1783998993.810766022] [cmd_vel_to_serial]: [1;35mstep_debug mode=6 vx=0.000 wz=0.000 left_m=0.0041 right_m=-0.0022 fwd_m=0.0009 step_yaw=-0.0175 left_norm=0.110 right_norm=-0.060 odom_y=12.878 odom_roll=0.3deg goal_y_err=0.000 odom_corr=0.000 odom_corr_applied=false path_lat_err=0.000 path_corr=0.000 path_corr_applied=false path_yaw_err=0.0deg path_yaw_corr=0.000 path_yaw_applied=false path_profile=0 crouch_yaw_err=0.0deg crouch_yaw_corr=0.000 crouch_yaw_applied=false crouch_fwd_bias=0.000 crouch_fwd_applied=false same_dir_turn=false opp_turn_shape=false uphill_segment=false uphill_seg_floor=false uphill_roll_floor=false min_step_floor=false override=true timeout=false serial=[6,0.110,-0.060]
[0m
[INFO] [1783998995.175698557] [cmd_vel_to_serial]: [0;96mserial tx: [6,0.110,-0.060]
[0m
[INFO] [1783998996.836800915] [cmd_vel_to_serial]: [1;35mstep_debug mode=6 vx=0.000 wz=0.000 left_m=0.0041 right_m=-0.0022 fwd_m=0.0009 step_yaw=-0.0175 left_norm=0.110 right_norm=-0.060 odom_y=12.883 odom_roll=0.3deg goal_y_err=0.000 odom_corr=0.000 odom_corr_applied=false path_lat_err=0.000 path_corr=0.000 path_corr_applied=false path_yaw_err=0.0deg path_yaw_corr=0.000 path_yaw_applied=false path_profile=0 crouch_yaw_err=0.0deg crouch_yaw_corr=0.000 crouch_yaw_applied=false crouch_fwd_bias=0.000 crouch_fwd_applied=false same_dir_turn=false opp_turn_shape=false uphill_segment=false uphill_seg_floor=false uphill_roll_floor=false min_step_floor=false override=true timeout=false serial=[6,0.110,-0.060]
[0m
[INFO] [1783998997.206059642] [cmd_vel_to_serial]: [0;96mserial tx: [6,0.110,-0.060]
[0m
[INFO] [1783998999.237762791] [cmd_vel_to_serial]: [0;96mserial tx: [6,0.110,-0.060]
[0m
[INFO] [1783998999.865933865] [cmd_vel_to_serial]: [1;35mstep_debug mode=6 vx=0.000 wz=0.000 left_m=0.0041 right_m=-0.0022 fwd_m=0.0009 step_yaw=-0.0175 left_norm=0.110 right_norm=-0.060 odom_y=12.890 odom_roll=0.3deg goal_y_err=0.000 odom_corr=0.000 odom_corr_applied=false path_lat_err=0.000 path_corr=0.000 path_corr_applied=false path_yaw_err=0.0deg path_yaw_corr=0.000 path_yaw_applied=false path_profile=0 crouch_yaw_err=0.0deg crouch_yaw_corr=0.000 crouch_yaw_applied=false crouch_fwd_bias=0.000 crouch_fwd_applied=false same_dir_turn=false opp_turn_shape=false uphill_segment=false uphill_seg_floor=false uphill_roll_floor=false min_step_floor=false override=true timeout=false serial=[6,0.110,-0.060]
[0m
[INFO] [1783999001.270490740] [cmd_vel_to_serial]: [0;96mserial tx: [6,0.110,-0.060]
[0m
[INFO] [1783999002.897229674] [cmd_vel_to_serial]: [1;35mstep_debug mode=6 vx=0.000 wz=0.000 left_m=0.0041 right_m=-0.0022 fwd_m=0.0009 step_yaw=-0.0175 left_norm=0.110 right_norm=-0.060 odom_y=12.883 odom_roll=0.3deg goal_y_err=0.000 odom_corr=0.000 odom_corr_applied=false path_lat_err=0.000 path_corr=0.000 path_corr_applied=false path_yaw_err=0.0deg path_yaw_corr=0.000 path_yaw_applied=false path_profile=0 crouch_yaw_err=0.0deg crouch_yaw_corr=0.000 crouch_yaw_applied=false crouch_fwd_bias=0.000 crouch_fwd_applied=false same_dir_turn=false opp_turn_shape=false uphill_segment=false uphill_seg_floor=false uphill_roll_floor=false min_step_floor=false override=true timeout=false serial=[6,0.110,-0.060]
[0m
[INFO] [1783999003.303982036] [cmd_vel_to_serial]: [0;96mserial tx: [6,0.110,-0.060]
[0m
[INFO] [1783999005.340695499] [cmd_vel_to_serial]: [0;96mserial tx: [6,0.110,-0.060]
[0m
[INFO] [1783999005.929914025] [cmd_vel_to_serial]: [1;35mstep_debug mode=6 vx=0.000 wz=0.000 left_m=0.0041 right_m=-0.0022 fwd_m=0.0009 step_yaw=-0.0175 left_norm=0.110 right_norm=-0.060 odom_y=12.887 odom_roll=0.2deg goal_y_err=0.000 odom_corr=0.000 odom_corr_applied=false path_lat_err=0.000 path_corr=0.000 path_corr_applied=false path_yaw_err=0.0deg path_yaw_corr=0.000 path_yaw_applied=false path_profile=0 crouch_yaw_err=0.0deg crouch_yaw_corr=0.000 crouch_yaw_applied=false crouch_fwd_bias=0.000 crouch_fwd_applied=false same_dir_turn=false opp_turn_shape=false uphill_segment=false uphill_seg_floor=false uphill_roll_floor=false min_step_floor=false override=true timeout=false serial=[6,0.110,-0.060]
[0m
[INFO] [1783999007.372691445] [cmd_vel_to_serial]: [0;96mserial tx: [6,0.110,-0.060]
[0m
[INFO] [1783999008.963550228] [cmd_vel_to_serial]: [1;35mstep_debug mode=6 vx=0.000 wz=0.000 left_m=0.0041 right_m=-0.0022 fwd_m=0.0009 step_yaw=-0.0175 left_norm=0.110 right_norm=-0.060 odom_y=12.888 odom_roll=0.2deg goal_y_err=0.000 odom_corr=0.000 odom_corr_applied=false path_lat_err=0.000 path_corr=0.000 path_corr_applied=false path_yaw_err=0.0deg path_yaw_corr=0.000 path_yaw_applied=false path_profile=0 crouch_yaw_err=0.0deg crouch_yaw_corr=0.000 crouch_yaw_applied=false crouch_fwd_bias=0.000 crouch_fwd_applied=false same_dir_turn=false opp_turn_shape=false uphill_segment=false uphill_seg_floor=false uphill_roll_floor=false min_step_floor=false override=true timeout=false serial=[6,0.110,-0.060]
[0m
[INFO] [1783999009.407592123] [cmd_vel_to_serial]: [0;96mserial tx: [6,0.110,-0.060]
[0m
[INFO] [1783999011.442762893] [cmd_vel_to_serial]: [0;96mserial tx: [6,0.110,-0.060]
[0m
[INFO] [1783999011.998992432] [cmd_vel_to_serial]: [1;35mstep_debug mode=6 vx=0.000 wz=0.000 left_m=0.0041 right_m=-0.0022 fwd_m=0.0009 step_yaw=-0.0175 left_norm=0.110 right_norm=-0.060 odom_y=12.889 odom_roll=0.1deg goal_y_err=0.000 odom_corr=0.000 odom_corr_applied=false path_lat_err=0.000 path_corr=0.000 path_corr_applied=false path_yaw_err=0.0deg path_yaw_corr=0.000 path_yaw_applied=false path_profile=0 crouch_yaw_err=0.0deg crouch_yaw_corr=0.000 crouch_yaw_applied=false crouch_fwd_bias=0.000 crouch_fwd_applied=false same_dir_turn=false opp_turn_shape=false uphill_segment=false uphill_seg_floor=false uphill_roll_floor=false min_step_floor=false override=true timeout=false serial=[6,0.110,-0.060]
[0m
[INFO] [1783999013.478136635] [cmd_vel_to_serial]: [0;96mserial tx: [6,0.110,-0.060]
[0m
[INFO] [1783999015.032504722] [cmd_vel_to_serial]: [1;35mstep_debug mode=6 vx=0.000 wz=0.000 left_m=0.0041 right_m=-0.0022 fwd_m=0.0009 step_yaw=-0.0175 left_norm=0.110 right_norm=-0.060 odom_y=12.893 odom_roll=0.0deg goal_y_err=0.000 odom_corr=0.000 odom_corr_applied=false path_lat_err=0.000 path_corr=0.000 path_corr_applied=false path_yaw_err=0.0deg path_yaw_corr=0.000 path_yaw_applied=false path_profile=0 crouch_yaw_err=0.0deg crouch_yaw_corr=0.000 crouch_yaw_applied=false crouch_fwd_bias=0.000 crouch_fwd_applied=false same_dir_turn=false opp_turn_shape=false uphill_segment=false uphill_seg_floor=false uphill_roll_floor=false min_step_floor=false override=true timeout=false serial=[6,0.110,-0.060]
[0m
[INFO] [1783999015.513650276] [cmd_vel_to_serial]: [0;96mserial tx: [6,0.110,-0.060]
[0m
[INFO] [1783999017.549293585] [cmd_vel_to_serial]: [0;96mserial tx: [6,0.110,-0.060]
[0m
[INFO] [1783999018.067453981] [cmd_vel_to_serial]: [1;35mstep_debug mode=6 vx=0.000 wz=0.000 left_m=0.0041 right_m=-0.0022 fwd_m=0.0009 step_yaw=-0.0175 left_norm=0.110 right_norm=-0.060 odom_y=12.893 odom_roll=0.0deg goal_y_err=0.000 odom_corr=0.000 odom_corr_applied=false path_lat_err=0.000 path_corr=0.000 path_corr_applied=false path_yaw_err=0.0deg path_yaw_corr=0.000 path_yaw_applied=false path_profile=0 crouch_yaw_err=0.0deg crouch_yaw_corr=0.000 crouch_yaw_applied=false crouch_fwd_bias=0.000 crouch_fwd_applied=false same_dir_turn=false opp_turn_shape=false uphill_segment=false uphill_seg_floor=false uphill_roll_floor=false min_step_floor=false override=true timeout=false serial=[6,0.110,-0.060]
[0m
[INFO] [1783999018.252499291] [cmd_vel_to_serial]: [0;96mserial tx: [0,0.000,0.000]
[0m
[INFO] [1783999018.252529202] [cmd_vel_to_serial]: [1;35mstep_debug mode=0 vx=0.000 wz=0.000 left_m=0.0000 right_m=0.0000 fwd_m=0.0000 step_yaw=0.0000 left_norm=0.000 right_norm=0.000 odom_y=12.893 odom_roll=0.0deg goal_y_err=0.000 odom_corr=0.000 odom_corr_applied=false path_lat_err=0.000 path_corr=0.000 path_corr_applied=false path_yaw_err=0.0deg path_yaw_corr=0.000 path_yaw_applied=false path_profile=0 crouch_yaw_err=0.0deg crouch_yaw_corr=0.000 crouch_yaw_applied=false crouch_fwd_bias=0.000 crouch_fwd_applied=false same_dir_turn=false opp_turn_shape=false uphill_segment=false uphill_seg_floor=false uphill_roll_floor=false min_step_floor=false override=true timeout=false serial=[0,0.000,0.000]
[0m
[INFO] [1783999020.288265658] [cmd_vel_to_serial]: [0;96mserial tx: [0,0.000,0.000]
[0m
[INFO] [1783999021.287679134] [cmd_vel_to_serial]: [1;35mstep_debug mode=0 vx=0.000 wz=0.000 left_m=0.0000 right_m=0.0000 fwd_m=0.0000 step_yaw=0.0000 left_norm=0.000 right_norm=0.000 odom_y=12.893 odom_roll=0.0deg goal_y_err=0.000 odom_corr=0.000 odom_corr_applied=false path_lat_err=0.000 path_corr=0.000 path_corr_applied=false path_yaw_err=0.0deg path_yaw_corr=0.000 path_yaw_applied=false path_profile=0 crouch_yaw_err=0.0deg crouch_yaw_corr=0.000 crouch_yaw_applied=false crouch_fwd_bias=0.000 crouch_fwd_applied=false same_dir_turn=false opp_turn_shape=false uphill_segment=false uphill_seg_floor=false uphill_roll_floor=false min_step_floor=false override=true timeout=false serial=[0,0.000,0.000]
[0m
[INFO] [1783999022.324096940] [cmd_vel_to_serial]: [0;96mserial tx: [0,0.000,0.000]
[0m
[INFO] [1783999024.322922109] [cmd_vel_to_serial]: [1;35mstep_debug mode=0 vx=0.000 wz=0.000 left_m=0.0000 right_m=0.0000 fwd_m=0.0000 step_yaw=0.0000 left_norm=0.000 right_norm=0.000 odom_y=12.893 odom_roll=0.0deg goal_y_err=0.000 odom_corr=0.000 odom_corr_applied=false path_lat_err=0.000 path_corr=0.000 path_corr_applied=false path_yaw_err=0.0deg path_yaw_corr=0.000 path_yaw_applied=false path_profile=0 crouch_yaw_err=0.0deg crouch_yaw_corr=0.000 crouch_yaw_applied=false crouch_fwd_bias=0.000 crouch_fwd_applied=false same_dir_turn=false opp_turn_shape=false uphill_segment=false uphill_seg_floor=false uphill_roll_floor=false min_step_floor=false override=true timeout=false serial=[0,0.000,0.000]
[0m
[INFO] [1783999024.359958183] [cmd_vel_to_serial]: [0;96mserial tx: [0,0.000,0.000]
[0m
[INFO] [1783999026.395866054] [cmd_vel_to_serial]: [0;96mserial tx: [0,0.000,0.000]
[0m
[INFO] [1783999027.358303134] [cmd_vel_to_serial]: [1;35mstep_debug mode=0 vx=0.000 wz=0.000 left_m=0.0000 right_m=0.0000 fwd_m=0.0000 step_yaw=0.0000 left_norm=0.000 right_norm=0.000 odom_y=12.893 odom_roll=0.0deg goal_y_err=0.000 odom_corr=0.000 odom_corr_applied=false path_lat_err=0.000 path_corr=0.000 path_corr_applied=false path_yaw_err=0.0deg path_yaw_corr=0.000 path_yaw_applied=false path_profile=0 crouch_yaw_err=0.0deg crouch_yaw_corr=0.000 crouch_yaw_applied=false crouch_fwd_bias=0.000 crouch_fwd_applied=false same_dir_turn=false opp_turn_shape=false uphill_segment=false uphill_seg_floor=false uphill_roll_floor=false min_step_floor=false override=true timeout=false serial=[0,0.000,0.000]
[0m
[INFO] [1783999028.431828448] [cmd_vel_to_serial]: [0;96mserial tx: [0,0.000,0.000]
[0m
[INFO] [1783999030.393738348] [cmd_vel_to_serial]: [1;35mstep_debug mode=0 vx=0.000 wz=0.000 left_m=0.0000 right_m=0.0000 fwd_m=0.0000 step_yaw=0.0000 left_norm=0.000 right_norm=0.000 odom_y=12.893 odom_roll=0.0deg goal_y_err=0.000 odom_corr=0.000 odom_corr_applied=false path_lat_err=0.000 path_corr=0.000 path_corr_applied=false path_yaw_err=0.0deg path_yaw_corr=0.000 path_yaw_applied=false path_profile=0 crouch_yaw_err=0.0deg crouch_yaw_corr=0.000 crouch_yaw_applied=false crouch_fwd_bias=0.000 crouch_fwd_applied=false same_dir_turn=false opp_turn_shape=false uphill_segment=false uphill_seg_floor=false uphill_roll_floor=false min_step_floor=false override=true timeout=false serial=[0,0.000,0.000]
[0m
[INFO] [1783999030.467794352] [cmd_vel_to_serial]: [0;96mserial tx: [0,0.000,0.000]
[0m
[INFO] [1783999032.503751214] [cmd_vel_to_serial]: [0;96mserial tx: [0,0.000,0.000]
[0m
[INFO] [1783999033.429157989] [cmd_vel_to_serial]: [1;35mstep_debug mode=0 vx=0.000 wz=0.000 left_m=0.0000 right_m=0.0000 fwd_m=0.0000 step_yaw=0.0000 left_norm=0.000 right_norm=0.000 odom_y=12.893 odom_roll=0.0deg goal_y_err=0.000 odom_corr=0.000 odom_corr_applied=false path_lat_err=0.000 path_corr=0.000 path_corr_applied=false path_yaw_err=0.0deg path_yaw_corr=0.000 path_yaw_applied=false path_profile=0 crouch_yaw_err=0.0deg crouch_yaw_corr=0.000 crouch_yaw_applied=false crouch_fwd_bias=0.000 crouch_fwd_applied=false same_dir_turn=false opp_turn_shape=false uphill_segment=false uphill_seg_floor=false uphill_roll_floor=false min_step_floor=false override=true timeout=false serial=[0,0.000,0.000]
[0m
[INFO] [1783999034.539832019] [cmd_vel_to_serial]: [0;96mserial tx: [0,0.000,0.000]
[0m
[INFO] [1783999036.464633166] [cmd_vel_to_serial]: [1;35mstep_debug mode=0 vx=0.000 wz=0.000 left_m=0.0000 right_m=0.0000 fwd_m=0.0000 step_yaw=0.0000 left_norm=0.000 right_norm=0.000 odom_y=12.893 odom_roll=0.0deg goal_y_err=0.000 odom_corr=0.000 odom_corr_applied=false path_lat_err=0.000 path_corr=0.000 path_corr_applied=false path_yaw_err=0.0deg path_yaw_corr=0.000 path_yaw_applied=false path_profile=0 crouch_yaw_err=0.0deg crouch_yaw_corr=0.000 crouch_yaw_applied=false crouch_fwd_bias=0.000 crouch_fwd_applied=false same_dir_turn=false opp_turn_shape=false uphill_segment=false uphill_seg_floor=false uphill_roll_floor=false min_step_floor=false override=true timeout=false serial=[0,0.000,0.000]
[0m
[INFO] [1783999036.575720977] [cmd_vel_to_serial]: [0;96mserial tx: [0,0.000,0.000]
[0m
[INFO] [1783999038.611698802] [cmd_vel_to_serial]: [0;96mserial tx: [0,0.000,0.000]
[0m
[INFO] [1783999039.500113547] [cmd_vel_to_serial]: [1;35mstep_debug mode=0 vx=0.000 wz=0.000 left_m=0.0000 right_m=0.0000 fwd_m=0.0000 step_yaw=0.0000 left_norm=0.000 right_norm=0.000 odom_y=12.893 odom_roll=0.0deg goal_y_err=0.000 odom_corr=0.000 odom_corr_applied=false path_lat_err=0.000 path_corr=0.000 path_corr_applied=false path_yaw_err=0.0deg path_yaw_corr=0.000 path_yaw_applied=false path_profile=0 crouch_yaw_err=0.0deg crouch_yaw_corr=0.000 crouch_yaw_applied=false crouch_fwd_bias=0.000 crouch_fwd_applied=false same_dir_turn=false opp_turn_shape=false uphill_segment=false uphill_seg_floor=false uphill_roll_floor=false min_step_floor=false override=true timeout=false serial=[0,0.000,0.000]
[0m
[INFO] [1783999040.647694805] [cmd_vel_to_serial]: [0;96mserial tx: [0,0.000,0.000]
[0m
[INFO] [1783999042.535640689] [cmd_vel_to_serial]: [1;35mstep_debug mode=0 vx=0.000 wz=0.000 left_m=0.0000 right_m=0.0000 fwd_m=0.0000 step_yaw=0.0000 left_norm=0.000 right_norm=0.000 odom_y=12.893 odom_roll=0.0deg goal_y_err=0.000 odom_corr=0.000 odom_corr_applied=false path_lat_err=0.000 path_corr=0.000 path_corr_applied=false path_yaw_err=0.0deg path_yaw_corr=0.000 path_yaw_applied=false path_profile=0 crouch_yaw_err=0.0deg crouch_yaw_corr=0.000 crouch_yaw_applied=false crouch_fwd_bias=0.000 crouch_fwd_applied=false same_dir_turn=false opp_turn_shape=false uphill_segment=false uphill_seg_floor=false uphill_roll_floor=false min_step_floor=false override=true timeout=false serial=[0,0.000,0.000]
[0m
[INFO] [1783999042.683703582] [cmd_vel_to_serial]: [0;96mserial tx: [0,0.000,0.000]
[0m
[INFO] [1783999044.719668306] [cmd_vel_to_serial]: [0;96mserial tx: [0,0.000,0.000]
[0m
[INFO] [1783999045.571126595] [cmd_vel_to_serial]: [1;35mstep_debug mode=0 vx=0.000 wz=0.000 left_m=0.0000 right_m=0.0000 fwd_m=0.0000 step_yaw=0.0000 left_norm=0.000 right_norm=0.000 odom_y=12.893 odom_roll=0.0deg goal_y_err=0.000 odom_corr=0.000 odom_corr_applied=false path_lat_err=0.000 path_corr=0.000 path_corr_applied=false path_yaw_err=0.0deg path_yaw_corr=0.000 path_yaw_applied=false path_profile=0 crouch_yaw_err=0.0deg crouch_yaw_corr=0.000 crouch_yaw_applied=false crouch_fwd_bias=0.000 crouch_fwd_applied=false same_dir_turn=false opp_turn_shape=false uphill_segment=false uphill_seg_floor=false uphill_roll_floor=false min_step_floor=false override=true timeout=false serial=[0,0.000,0.000]
[0m
[INFO] [1783999046.755717368] [cmd_vel_to_serial]: [0;96mserial tx: [0,0.000,0.000]
[0m
[INFO] [1783999048.606635872] [cmd_vel_to_serial]: [1;35mstep_debug mode=0 vx=0.000 wz=0.000 left_m=0.0000 right_m=0.0000 fwd_m=0.0000 step_yaw=0.0000 left_norm=0.000 right_norm=0.000 odom_y=12.893 odom_roll=0.0deg goal_y_err=0.000 odom_corr=0.000 odom_corr_applied=false path_lat_err=0.000 path_corr=0.000 path_corr_applied=false path_yaw_err=0.0deg path_yaw_corr=0.000 path_yaw_applied=false path_profile=0 crouch_yaw_err=0.0deg crouch_yaw_corr=0.000 crouch_yaw_applied=false crouch_fwd_bias=0.000 crouch_fwd_applied=false same_dir_turn=false opp_turn_shape=false uphill_segment=false uphill_seg_floor=false uphill_roll_floor=false min_step_floor=false override=true timeout=false serial=[0,0.000,0.000]
[0m
[INFO] [1783999048.791709735] [cmd_vel_to_serial]: [0;96mserial tx: [0,0.000,0.000]
[0m
[INFO] [1783999050.827767627] [cmd_vel_to_serial]: [0;96mserial tx: [0,0.000,0.000]
[0m
[INFO] [1783999051.642147599] [cmd_vel_to_serial]: [1;35mstep_debug mode=0 vx=0.000 wz=0.000 left_m=0.0000 right_m=0.0000 fwd_m=0.0000 step_yaw=0.0000 left_norm=0.000 right_norm=0.000 odom_y=12.893 odom_roll=0.0deg goal_y_err=0.000 odom_corr=0.000 odom_corr_applied=false path_lat_err=0.000 path_corr=0.000 path_corr_applied=false path_yaw_err=0.0deg path_yaw_corr=0.000 path_yaw_applied=false path_profile=0 crouch_yaw_err=0.0deg crouch_yaw_corr=0.000 crouch_yaw_applied=false crouch_fwd_bias=0.000 crouch_fwd_applied=false same_dir_turn=false opp_turn_shape=false uphill_segment=false uphill_seg_floor=false uphill_roll_floor=false min_step_floor=false override=true timeout=false serial=[0,0.000,0.000]
[0m
[INFO] [1783999052.863808024] [cmd_vel_to_serial]: [0;96mserial tx: [0,0.000,0.000]
[0m
[INFO] [1783999054.677943650] [cmd_vel_to_serial]: [1;35mstep_debug mode=0 vx=0.000 wz=0.000 left_m=0.0000 right_m=0.0000 fwd_m=0.0000 step_yaw=0.0000 left_norm=0.000 right_norm=0.000 odom_y=12.893 odom_roll=0.0deg goal_y_err=0.000 odom_corr=0.000 odom_corr_applied=false path_lat_err=0.000 path_corr=0.000 path_corr_applied=false path_yaw_err=0.0deg path_yaw_corr=0.000 path_yaw_applied=false path_profile=0 crouch_yaw_err=0.0deg crouch_yaw_corr=0.000 crouch_yaw_applied=false crouch_fwd_bias=0.000 crouch_fwd_applied=false same_dir_turn=false opp_turn_shape=false uphill_segment=false uphill_seg_floor=false uphill_roll_floor=false min_step_floor=false override=true timeout=false serial=[0,0.000,0.000]
[0m
[INFO] [1783999054.899774666] [cmd_vel_to_serial]: [0;96mserial tx: [0,0.000,0.000]
[0m
[INFO] [1783999056.935901095] [cmd_vel_to_serial]: [0;96mserial tx: [0,0.000,0.000]
[0m
[INFO] [1783999057.713208275] [cmd_vel_to_serial]: [1;35mstep_debug mode=0 vx=0.000 wz=0.000 left_m=0.0000 right_m=0.0000 fwd_m=0.0000 step_yaw=0.0000 left_norm=0.000 right_norm=0.000 odom_y=12.893 odom_roll=0.0deg goal_y_err=0.000 odom_corr=0.000 odom_corr_applied=false path_lat_err=0.000 path_corr=0.000 path_corr_applied=false path_yaw_err=0.0deg path_yaw_corr=0.000 path_yaw_applied=false path_profile=0 crouch_yaw_err=0.0deg crouch_yaw_corr=0.000 crouch_yaw_applied=false crouch_fwd_bias=0.000 crouch_fwd_applied=false same_dir_turn=false opp_turn_shape=false uphill_segment=false uphill_seg_floor=false uphill_roll_floor=false min_step_floor=false override=true timeout=false serial=[0,0.000,0.000]
[0m
[INFO] [1783999058.971848556] [cmd_vel_to_serial]: [0;96mserial tx: [0,0.000,0.000]
[0m
[INFO] [1783999060.749198801] [cmd_vel_to_serial]: [1;35mstep_debug mode=0 vx=0.000 wz=0.000 left_m=0.0000 right_m=0.0000 fwd_m=0.0000 step_yaw=0.0000 left_norm=0.000 right_norm=0.000 odom_y=12.893 odom_roll=0.0deg goal_y_err=0.000 odom_corr=0.000 odom_corr_applied=false path_lat_err=0.000 path_corr=0.000 path_corr_applied=false path_yaw_err=0.0deg path_yaw_corr=0.000 path_yaw_applied=false path_profile=0 crouch_yaw_err=0.0deg crouch_yaw_corr=0.000 crouch_yaw_applied=false crouch_fwd_bias=0.000 crouch_fwd_applied=false same_dir_turn=false opp_turn_shape=false uphill_segment=false uphill_seg_floor=false uphill_roll_floor=false min_step_floor=false override=true timeout=false serial=[0,0.000,0.000]
[0m
[INFO] [1783999061.007811739] [cmd_vel_to_serial]: [0;96mserial tx: [0,0.000,0.000]
[0m
[INFO] [1783999063.043797305] [cmd_vel_to_serial]: [0;96mserial tx: [0,0.000,0.000]
[0m
[INFO] [1783999063.784226574] [cmd_vel_to_serial]: [1;35mstep_debug mode=0 vx=0.000 wz=0.000 left_m=0.0000 right_m=0.0000 fwd_m=0.0000 step_yaw=0.0000 left_norm=0.000 right_norm=0.000 odom_y=12.893 odom_roll=0.0deg goal_y_err=0.000 odom_corr=0.000 odom_corr_applied=false path_lat_err=0.000 path_corr=0.000 path_corr_applied=false path_yaw_err=0.0deg path_yaw_corr=0.000 path_yaw_applied=false path_profile=0 crouch_yaw_err=0.0deg crouch_yaw_corr=0.000 crouch_yaw_applied=false crouch_fwd_bias=0.000 crouch_fwd_applied=false same_dir_turn=false opp_turn_shape=false uphill_segment=false uphill_seg_floor=false uphill_roll_floor=false min_step_floor=false override=true timeout=false serial=[0,0.000,0.000]
[0m
[INFO] [1783999065.080052942] [cmd_vel_to_serial]: [0;96mserial tx: [0,0.000,0.000]
[0m
[INFO] [1783999066.819747928] [cmd_vel_to_serial]: [1;35mstep_debug mode=0 vx=0.000 wz=0.000 left_m=0.0000 right_m=0.0000 fwd_m=0.0000 step_yaw=0.0000 left_norm=0.000 right_norm=0.000 odom_y=12.893 odom_roll=0.0deg goal_y_err=0.000 odom_corr=0.000 odom_corr_applied=false path_lat_err=0.000 path_corr=0.000 path_corr_applied=false path_yaw_err=0.0deg path_yaw_corr=0.000 path_yaw_applied=false path_profile=0 crouch_yaw_err=0.0deg crouch_yaw_corr=0.000 crouch_yaw_applied=false crouch_fwd_bias=0.000 crouch_fwd_applied=false same_dir_turn=false opp_turn_shape=false uphill_segment=false uphill_seg_floor=false uphill_roll_floor=false min_step_floor=false override=true timeout=false serial=[0,0.000,0.000]
[0m
[INFO] [1783999067.115890453] [cmd_vel_to_serial]: [0;96mserial tx: [0,0.000,0.000]
[0m
[INFO] [1783999069.151975390] [cmd_vel_to_serial]: [0;96mserial tx: [0,0.000,0.000]
[0m
[INFO] [1783999069.855293315] [cmd_vel_to_serial]: [1;35mstep_debug mode=0 vx=0.000 wz=0.000 left_m=0.0000 right_m=0.0000 fwd_m=0.0000 step_yaw=0.0000 left_norm=0.000 right_norm=0.000 odom_y=12.893 odom_roll=0.0deg goal_y_err=0.000 odom_corr=0.000 odom_corr_applied=false path_lat_err=0.000 path_corr=0.000 path_corr_applied=false path_yaw_err=0.0deg path_yaw_corr=0.000 path_yaw_applied=false path_profile=0 crouch_yaw_err=0.0deg crouch_yaw_corr=0.000 crouch_yaw_applied=false crouch_fwd_bias=0.000 crouch_fwd_applied=false same_dir_turn=false opp_turn_shape=false uphill_segment=false uphill_seg_floor=false uphill_roll_floor=false min_step_floor=false override=true timeout=false serial=[0,0.000,0.000]
[0m
[INFO] [1783999071.187903591] [cmd_vel_to_serial]: [0;96mserial tx: [0,0.000,0.000]
[0m
[INFO] [1783999072.890772158] [cmd_vel_to_serial]: [1;35mstep_debug mode=0 vx=0.000 wz=0.000 left_m=0.0000 right_m=0.0000 fwd_m=0.0000 step_yaw=0.0000 left_norm=0.000 right_norm=0.000 odom_y=12.893 odom_roll=0.0deg goal_y_err=0.000 odom_corr=0.000 odom_corr_applied=false path_lat_err=0.000 path_corr=0.000 path_corr_applied=false path_yaw_err=0.0deg path_yaw_corr=0.000 path_yaw_applied=false path_profile=0 crouch_yaw_err=0.0deg crouch_yaw_corr=0.000 crouch_yaw_applied=false crouch_fwd_bias=0.000 crouch_fwd_applied=false same_dir_turn=false opp_turn_shape=false uphill_segment=false uphill_seg_floor=false uphill_roll_floor=false min_step_floor=false override=true timeout=false serial=[0,0.000,0.000]
[0m
[INFO] [1783999073.223932591] [cmd_vel_to_serial]: [0;96mserial tx: [0,0.000,0.000]
[0m
[INFO] [1783999075.259941274] [cmd_vel_to_serial]: [0;96mserial tx: [0,0.000,0.000]
[0m
[INFO] [1783999075.926264977] [cmd_vel_to_serial]: [1;35mstep_debug mode=0 vx=0.000 wz=0.000 left_m=0.0000 right_m=0.0000 fwd_m=0.0000 step_yaw=0.0000 left_norm=0.000 right_norm=0.000 odom_y=12.893 odom_roll=0.0deg goal_y_err=0.000 odom_corr=0.000 odom_corr_applied=false path_lat_err=0.000 path_corr=0.000 path_corr_applied=false path_yaw_err=0.0deg path_yaw_corr=0.000 path_yaw_applied=false path_profile=0 crouch_yaw_err=0.0deg crouch_yaw_corr=0.000 crouch_yaw_applied=false crouch_fwd_bias=0.000 crouch_fwd_applied=false same_dir_turn=false opp_turn_shape=false uphill_segment=false uphill_seg_floor=false uphill_roll_floor=false min_step_floor=false override=true timeout=false serial=[0,0.000,0.000]
[0m
[INFO] [1783999077.295963803] [cmd_vel_to_serial]: [0;96mserial tx: [0,0.000,0.000]
[0m
[INFO] [1783999078.961830201] [cmd_vel_to_serial]: [1;35mstep_debug mode=0 vx=0.000 wz=0.000 left_m=0.0000 right_m=0.0000 fwd_m=0.0000 step_yaw=0.0000 left_norm=0.000 right_norm=0.000 odom_y=12.893 odom_roll=0.0deg goal_y_err=0.000 odom_corr=0.000 odom_corr_applied=false path_lat_err=0.000 path_corr=0.000 path_corr_applied=false path_yaw_err=0.0deg path_yaw_corr=0.000 path_yaw_applied=false path_profile=0 crouch_yaw_err=0.0deg crouch_yaw_corr=0.000 crouch_yaw_applied=false crouch_fwd_bias=0.000 crouch_fwd_applied=false same_dir_turn=false opp_turn_shape=false uphill_segment=false uphill_seg_floor=false uphill_roll_floor=false min_step_floor=false override=true timeout=false serial=[0,0.000,0.000]
[0m
[INFO] [1783999079.331989757] [cmd_vel_to_serial]: [0;96mserial tx: [0,0.000,0.000]
[0m
[INFO] [1783999081.367964123] [cmd_vel_to_serial]: [0;96mserial tx: [0,0.000,0.000]
[0m
[INFO] [1783999081.997340548] [cmd_vel_to_serial]: [1;35mstep_debug mode=0 vx=0.000 wz=0.000 left_m=0.0000 right_m=0.0000 fwd_m=0.0000 step_yaw=0.0000 left_norm=0.000 right_norm=0.000 odom_y=12.893 odom_roll=0.0deg goal_y_err=0.000 odom_corr=0.000 odom_corr_applied=false path_lat_err=0.000 path_corr=0.000 path_corr_applied=false path_yaw_err=0.0deg path_yaw_corr=0.000 path_yaw_applied=false path_profile=0 crouch_yaw_err=0.0deg crouch_yaw_corr=0.000 crouch_yaw_applied=false crouch_fwd_bias=0.000 crouch_fwd_applied=false same_dir_turn=false opp_turn_shape=false uphill_segment=false uphill_seg_floor=false uphill_roll_floor=false min_step_floor=false override=true timeout=false serial=[0,0.000,0.000]
[0m
[INFO] [1783999083.404021289] [cmd_vel_to_serial]: [0;96mserial tx: [0,0.000,0.000]
[0m
[INFO] [1783999085.032810985] [cmd_vel_to_serial]: [1;35mstep_debug mode=0 vx=0.000 wz=0.000 left_m=0.0000 right_m=0.0000 fwd_m=0.0000 step_yaw=0.0000 left_norm=0.000 right_norm=0.000 odom_y=12.893 odom_roll=0.0deg goal_y_err=0.000 odom_corr=0.000 odom_corr_applied=false path_lat_err=0.000 path_corr=0.000 path_corr_applied=false path_yaw_err=0.0deg path_yaw_corr=0.000 path_yaw_applied=false path_profile=0 crouch_yaw_err=0.0deg crouch_yaw_corr=0.000 crouch_yaw_applied=false crouch_fwd_bias=0.000 crouch_fwd_applied=false same_dir_turn=false opp_turn_shape=false uphill_segment=false uphill_seg_floor=false uphill_roll_floor=false min_step_floor=false override=true timeout=false serial=[0,0.000,0.000]
[0m
[INFO] [1783999085.440041301] [cmd_vel_to_serial]: [0;96mserial tx: [0,0.000,0.000]
[0m
[INFO] [1783999087.476050657] [cmd_vel_to_serial]: [0;96mserial tx: [0,0.000,0.000]
[0m
[INFO] [1783999088.068395848] [cmd_vel_to_serial]: [1;35mstep_debug mode=0 vx=0.000 wz=0.000 left_m=0.0000 right_m=0.0000 fwd_m=0.0000 step_yaw=0.0000 left_norm=0.000 right_norm=0.000 odom_y=12.893 odom_roll=0.0deg goal_y_err=0.000 odom_corr=0.000 odom_corr_applied=false path_lat_err=0.000 path_corr=0.000 path_corr_applied=false path_yaw_err=0.0deg path_yaw_corr=0.000 path_yaw_applied=false path_profile=0 crouch_yaw_err=0.0deg crouch_yaw_corr=0.000 crouch_yaw_applied=false crouch_fwd_bias=0.000 crouch_fwd_applied=false same_dir_turn=false opp_turn_shape=false uphill_segment=false uphill_seg_floor=false uphill_roll_floor=false min_step_floor=false override=true timeout=false serial=[0,0.000,0.000]
[0m
[INFO] [1783999089.512108686] [cmd_vel_to_serial]: [0;96mserial tx: [0,0.000,0.000]
[0m
[INFO] [1783999091.103903207] [cmd_vel_to_serial]: [1;35mstep_debug mode=0 vx=0.000 wz=0.000 left_m=0.0000 right_m=0.0000 fwd_m=0.0000 step_yaw=0.0000 left_norm=0.000 right_norm=0.000 odom_y=12.893 odom_roll=0.0deg goal_y_err=0.000 odom_corr=0.000 odom_corr_applied=false path_lat_err=0.000 path_corr=0.000 path_corr_applied=false path_yaw_err=0.0deg path_yaw_corr=0.000 path_yaw_applied=false path_profile=0 crouch_yaw_err=0.0deg crouch_yaw_corr=0.000 crouch_yaw_applied=false crouch_fwd_bias=0.000 crouch_fwd_applied=false same_dir_turn=false opp_turn_shape=false uphill_segment=false uphill_seg_floor=false uphill_roll_floor=false min_step_floor=false override=true timeout=false serial=[0,0.000,0.000]
[0m
[INFO] [1783999091.548115493] [cmd_vel_to_serial]: [0;96mserial tx: [0,0.000,0.000]
[0m
[INFO] [1783999093.584153360] [cmd_vel_to_serial]: [0;96mserial tx: [0,0.000,0.000]
[0m
[INFO] [1783999094.139436605] [cmd_vel_to_serial]: [1;35mstep_debug mode=0 vx=0.000 wz=0.000 left_m=0.0000 right_m=0.0000 fwd_m=0.0000 step_yaw=0.0000 left_norm=0.000 right_norm=0.000 odom_y=12.893 odom_roll=0.0deg goal_y_err=0.000 odom_corr=0.000 odom_corr_applied=false path_lat_err=0.000 path_corr=0.000 path_corr_applied=false path_yaw_err=0.0deg path_yaw_corr=0.000 path_yaw_applied=false path_profile=0 crouch_yaw_err=0.0deg crouch_yaw_corr=0.000 crouch_yaw_applied=false crouch_fwd_bias=0.000 crouch_fwd_applied=false same_dir_turn=false opp_turn_shape=false uphill_segment=false uphill_seg_floor=false uphill_roll_floor=false min_step_floor=false override=true timeout=false serial=[0,0.000,0.000]
[0m
[INFO] [1783999095.620456639] [cmd_vel_to_serial]: [0;96mserial tx: [0,0.000,0.000]
[0m
[INFO] [1783999097.175015491] [cmd_vel_to_serial]: [1;35mstep_debug mode=0 vx=0.000 wz=0.000 left_m=0.0000 right_m=0.0000 fwd_m=0.0000 step_yaw=0.0000 left_norm=0.000 right_norm=0.000 odom_y=12.893 odom_roll=0.0deg goal_y_err=0.000 odom_corr=0.000 odom_corr_applied=false path_lat_err=0.000 path_corr=0.000 path_corr_applied=false path_yaw_err=0.0deg path_yaw_corr=0.000 path_yaw_applied=false path_profile=0 crouch_yaw_err=0.0deg crouch_yaw_corr=0.000 crouch_yaw_applied=false crouch_fwd_bias=0.000 crouch_fwd_applied=false same_dir_turn=false opp_turn_shape=false uphill_segment=false uphill_seg_floor=false uphill_roll_floor=false min_step_floor=false override=true timeout=false serial=[0,0.000,0.000]
[0m
[INFO] [1783999097.656141291] [cmd_vel_to_serial]: [0;96mserial tx: [0,0.000,0.000]
[0m
[INFO] [1783999099.693418043] [cmd_vel_to_serial]: [0;96mserial tx: [0,0.000,0.000]
[0m
[INFO] [1783999100.210429050] [cmd_vel_to_serial]: [1;35mstep_debug mode=0 vx=0.000 wz=0.000 left_m=0.0000 right_m=0.0000 fwd_m=0.0000 step_yaw=0.0000 left_norm=0.000 right_norm=0.000 odom_y=12.893 odom_roll=0.0deg goal_y_err=0.000 odom_corr=0.000 odom_corr_applied=false path_lat_err=0.000 path_corr=0.000 path_corr_applied=false path_yaw_err=0.0deg path_yaw_corr=0.000 path_yaw_applied=false path_profile=0 crouch_yaw_err=0.0deg crouch_yaw_corr=0.000 crouch_yaw_applied=false crouch_fwd_bias=0.000 crouch_fwd_applied=false same_dir_turn=false opp_turn_shape=false uphill_segment=false uphill_seg_floor=false uphill_roll_floor=false min_step_floor=false override=true timeout=false serial=[0,0.000,0.000]
[0m
[INFO] [1783999101.728195997] [cmd_vel_to_serial]: [0;96mserial tx: [0,0.000,0.000]
[0m
[INFO] [1783999103.245955553] [cmd_vel_to_serial]: [1;35mstep_debug mode=0 vx=0.000 wz=0.000 left_m=0.0000 right_m=0.0000 fwd_m=0.0000 step_yaw=0.0000 left_norm=0.000 right_norm=0.000 odom_y=12.893 odom_roll=0.0deg goal_y_err=0.000 odom_corr=0.000 odom_corr_applied=false path_lat_err=0.000 path_corr=0.000 path_corr_applied=false path_yaw_err=0.0deg path_yaw_corr=0.000 path_yaw_applied=false path_profile=0 crouch_yaw_err=0.0deg crouch_yaw_corr=0.000 crouch_yaw_applied=false crouch_fwd_bias=0.000 crouch_fwd_applied=false same_dir_turn=false opp_turn_shape=false uphill_segment=false uphill_seg_floor=false uphill_roll_floor=false min_step_floor=false override=true timeout=false serial=[0,0.000,0.000]
[0m
[INFO] [1783999103.764237692] [cmd_vel_to_serial]: [0;96mserial tx: [0,0.000,0.000]
[0m
[INFO] [1783999105.800224403] [cmd_vel_to_serial]: [0;96mserial tx: [0,0.000,0.000]
[0m
[INFO] [1783999106.281501697] [cmd_vel_to_serial]: [1;35mstep_debug mode=0 vx=0.000 wz=0.000 left_m=0.0000 right_m=0.0000 fwd_m=0.0000 step_yaw=0.0000 left_norm=0.000 right_norm=0.000 odom_y=12.893 odom_roll=0.0deg goal_y_err=0.000 odom_corr=0.000 odom_corr_applied=false path_lat_err=0.000 path_corr=0.000 path_corr_applied=false path_yaw_err=0.0deg path_yaw_corr=0.000 path_yaw_applied=false path_profile=0 crouch_yaw_err=0.0deg crouch_yaw_corr=0.000 crouch_yaw_applied=false crouch_fwd_bias=0.000 crouch_fwd_applied=false same_dir_turn=false opp_turn_shape=false uphill_segment=false uphill_seg_floor=false uphill_roll_floor=false min_step_floor=false override=true timeout=false serial=[0,0.000,0.000]
[0m
[INFO] [1783999107.836351118] [cmd_vel_to_serial]: [0;96mserial tx: [0,0.000,0.000]
[0m
[INFO] [1783999109.316994480] [cmd_vel_to_serial]: [1;35mstep_debug mode=0 vx=0.000 wz=0.000 left_m=0.0000 right_m=0.0000 fwd_m=0.0000 step_yaw=0.0000 left_norm=0.000 right_norm=0.000 odom_y=12.893 odom_roll=0.0deg goal_y_err=0.000 odom_corr=0.000 odom_corr_applied=false path_lat_err=0.000 path_corr=0.000 path_corr_applied=false path_yaw_err=0.0deg path_yaw_corr=0.000 path_yaw_applied=false path_profile=0 crouch_yaw_err=0.0deg crouch_yaw_corr=0.000 crouch_yaw_applied=false crouch_fwd_bias=0.000 crouch_fwd_applied=false same_dir_turn=false opp_turn_shape=false uphill_segment=false uphill_seg_floor=false uphill_roll_floor=false min_step_floor=false override=true timeout=false serial=[0,0.000,0.000]
[0m
[INFO] [1783999109.872265285] [cmd_vel_to_serial]: [0;96mserial tx: [0,0.000,0.000]
[0m
[INFO] [1783999111.908288628] [cmd_vel_to_serial]: [0;96mserial tx: [0,0.000,0.000]
[0m
[INFO] [1783999112.352470168] [cmd_vel_to_serial]: [1;35mstep_debug mode=0 vx=0.000 wz=0.000 left_m=0.0000 right_m=0.0000 fwd_m=0.0000 step_yaw=0.0000 left_norm=0.000 right_norm=0.000 odom_y=12.893 odom_roll=0.0deg goal_y_err=0.000 odom_corr=0.000 odom_corr_applied=false path_lat_err=0.000 path_corr=0.000 path_corr_applied=false path_yaw_err=0.0deg path_yaw_corr=0.000 path_yaw_applied=false path_profile=0 crouch_yaw_err=0.0deg crouch_yaw_corr=0.000 crouch_yaw_applied=false crouch_fwd_bias=0.000 crouch_fwd_applied=false same_dir_turn=false opp_turn_shape=false uphill_segment=false uphill_seg_floor=false uphill_roll_floor=false min_step_floor=false override=true timeout=false serial=[0,0.000,0.000]
[0m
[INFO] [1783999113.944308554] [cmd_vel_to_serial]: [0;96mserial tx: [0,0.000,0.000]
[0m
[INFO] [1783999115.387993913] [cmd_vel_to_serial]: [1;35mstep_debug mode=0 vx=0.000 wz=0.000 left_m=0.0000 right_m=0.0000 fwd_m=0.0000 step_yaw=0.0000 left_norm=0.000 right_norm=0.000 odom_y=12.893 odom_roll=0.0deg goal_y_err=0.000 odom_corr=0.000 odom_corr_applied=false path_lat_err=0.000 path_corr=0.000 path_corr_applied=false path_yaw_err=0.0deg path_yaw_corr=0.000 path_yaw_applied=false path_profile=0 crouch_yaw_err=0.0deg crouch_yaw_corr=0.000 crouch_yaw_applied=false crouch_fwd_bias=0.000 crouch_fwd_applied=false same_dir_turn=false opp_turn_shape=false uphill_segment=false uphill_seg_floor=false uphill_roll_floor=false min_step_floor=false override=true timeout=false serial=[0,0.000,0.000]
[0m
[INFO] [1783999115.980346114] [cmd_vel_to_serial]: [0;96mserial tx: [0,0.000,0.000]
[0m
[INFO] [1783999118.016329350] [cmd_vel_to_serial]: [0;96mserial tx: [0,0.000,0.000]
[0m
[INFO] [1783999118.423549980] [cmd_vel_to_serial]: [1;35mstep_debug mode=0 vx=0.000 wz=0.000 left_m=0.0000 right_m=0.0000 fwd_m=0.0000 step_yaw=0.0000 left_norm=0.000 right_norm=0.000 odom_y=12.893 odom_roll=0.0deg goal_y_err=0.000 odom_corr=0.000 odom_corr_applied=false path_lat_err=0.000 path_corr=0.000 path_corr_applied=false path_yaw_err=0.0deg path_yaw_corr=0.000 path_yaw_applied=false path_profile=0 crouch_yaw_err=0.0deg crouch_yaw_corr=0.000 crouch_yaw_applied=false crouch_fwd_bias=0.000 crouch_fwd_applied=false same_dir_turn=false opp_turn_shape=false uphill_segment=false uphill_seg_floor=false uphill_roll_floor=false min_step_floor=false override=true timeout=false serial=[0,0.000,0.000]
[0m
[INFO] [1783999120.052401859] [cmd_vel_to_serial]: [0;96mserial tx: [0,0.000,0.000]
[0m
[INFO] [1783999121.459057589] [cmd_vel_to_serial]: [1;35mstep_debug mode=0 vx=0.000 wz=0.000 left_m=0.0000 right_m=0.0000 fwd_m=0.0000 step_yaw=0.0000 left_norm=0.000 right_norm=0.000 odom_y=12.893 odom_roll=0.0deg goal_y_err=0.000 odom_corr=0.000 odom_corr_applied=false path_lat_err=0.000 path_corr=0.000 path_corr_applied=false path_yaw_err=0.0deg path_yaw_corr=0.000 path_yaw_applied=false path_profile=0 crouch_yaw_err=0.0deg crouch_yaw_corr=0.000 crouch_yaw_applied=false crouch_fwd_bias=0.000 crouch_fwd_applied=false same_dir_turn=false opp_turn_shape=false uphill_segment=false uphill_seg_floor=false uphill_roll_floor=false min_step_floor=false override=true timeout=false serial=[0,0.000,0.000]
[0m
[INFO] [1783999122.088355026] [cmd_vel_to_serial]: [0;96mserial tx: [0,0.000,0.000]
[0m
[INFO] [1783999124.124440752] [cmd_vel_to_serial]: [0;96mserial tx: [0,0.000,0.000]
[0m
[INFO] [1783999124.494636130] [cmd_vel_to_serial]: [1;35mstep_debug mode=0 vx=0.000 wz=0.000 left_m=0.0000 right_m=0.0000 fwd_m=0.0000 step_yaw=0.0000 left_norm=0.000 right_norm=0.000 odom_y=12.893 odom_roll=0.0deg goal_y_err=0.000 odom_corr=0.000 odom_corr_applied=false path_lat_err=0.000 path_corr=0.000 path_corr_applied=false path_yaw_err=0.0deg path_yaw_corr=0.000 path_yaw_applied=false path_profile=0 crouch_yaw_err=0.0deg crouch_yaw_corr=0.000 crouch_yaw_applied=false crouch_fwd_bias=0.000 crouch_fwd_applied=false same_dir_turn=false opp_turn_shape=false uphill_segment=false uphill_seg_floor=false uphill_roll_floor=false min_step_floor=false override=true timeout=false serial=[0,0.000,0.000]
[0m
[INFO] [1783999126.160417964] [cmd_vel_to_serial]: [0;96mserial tx: [0,0.000,0.000]
[0m
[INFO] [1783999127.530111724] [cmd_vel_to_serial]: [1;35mstep_debug mode=0 vx=0.000 wz=0.000 left_m=0.0000 right_m=0.0000 fwd_m=0.0000 step_yaw=0.0000 left_norm=0.000 right_norm=0.000 odom_y=12.893 odom_roll=0.0deg goal_y_err=0.000 odom_corr=0.000 odom_corr_applied=false path_lat_err=0.000 path_corr=0.000 path_corr_applied=false path_yaw_err=0.0deg path_yaw_corr=0.000 path_yaw_applied=false path_profile=0 crouch_yaw_err=0.0deg crouch_yaw_corr=0.000 crouch_yaw_applied=false crouch_fwd_bias=0.000 crouch_fwd_applied=false same_dir_turn=false opp_turn_shape=false uphill_segment=false uphill_seg_floor=false uphill_roll_floor=false min_step_floor=false override=true timeout=false serial=[0,0.000,0.000]
[0m
[INFO] [1783999128.196434210] [cmd_vel_to_serial]: [0;96mserial tx: [0,0.000,0.000]
[0m
[INFO] [1783999130.232486260] [cmd_vel_to_serial]: [0;96mserial tx: [0,0.000,0.000]
[0m
[INFO] [1783999130.565641430] [cmd_vel_to_serial]: [1;35mstep_debug mode=0 vx=0.000 wz=0.000 left_m=0.0000 right_m=0.0000 fwd_m=0.0000 step_yaw=0.0000 left_norm=0.000 right_norm=0.000 odom_y=12.893 odom_roll=0.0deg goal_y_err=0.000 odom_corr=0.000 odom_corr_applied=false path_lat_err=0.000 path_corr=0.000 path_corr_applied=false path_yaw_err=0.0deg path_yaw_corr=0.000 path_yaw_applied=false path_profile=0 crouch_yaw_err=0.0deg crouch_yaw_corr=0.000 crouch_yaw_applied=false crouch_fwd_bias=0.000 crouch_fwd_applied=false same_dir_turn=false opp_turn_shape=false uphill_segment=false uphill_seg_floor=false uphill_roll_floor=false min_step_floor=false override=true timeout=false serial=[0,0.000,0.000]
[0m
[INFO] [1783999132.234840216] [cmd_vel_to_serial]: [0;96mserial tx: [0,0.000,0.000]
[0m
[INFO] [1783999133.601139830] [cmd_vel_to_serial]: [1;35mstep_debug mode=0 vx=0.000 wz=0.000 left_m=0.0000 right_m=0.0000 fwd_m=0.0000 step_yaw=0.0000 left_norm=0.000 right_norm=0.000 odom_y=12.893 odom_roll=0.0deg goal_y_err=0.000 odom_corr=0.000 odom_corr_applied=false path_lat_err=0.000 path_corr=0.000 path_corr_applied=false path_yaw_err=0.0deg path_yaw_corr=0.000 path_yaw_applied=false path_profile=0 crouch_yaw_err=0.0deg crouch_yaw_corr=0.000 crouch_yaw_applied=false crouch_fwd_bias=0.000 crouch_fwd_applied=false same_dir_turn=false opp_turn_shape=false uphill_segment=false uphill_seg_floor=false uphill_roll_floor=false min_step_floor=false override=true timeout=false serial=[0,0.000,0.000]
[0m
[INFO] [1783999134.267501669] [cmd_vel_to_serial]: [0;96mserial tx: [0,0.000,0.000]
[0m
[INFO] [1783999136.303516832] [cmd_vel_to_serial]: [0;96mserial tx: [0,0.000,0.000]
[0m
[INFO] [1783999136.636659993] [cmd_vel_to_serial]: [1;35mstep_debug mode=0 vx=0.000 wz=0.000 left_m=0.0000 right_m=0.0000 fwd_m=0.0000 step_yaw=0.0000 left_norm=0.000 right_norm=0.000 odom_y=12.893 odom_roll=0.0deg goal_y_err=0.000 odom_corr=0.000 odom_corr_applied=false path_lat_err=0.000 path_corr=0.000 path_corr_applied=false path_yaw_err=0.0deg path_yaw_corr=0.000 path_yaw_applied=false path_profile=0 crouch_yaw_err=0.0deg crouch_yaw_corr=0.000 crouch_yaw_applied=false crouch_fwd_bias=0.000 crouch_fwd_applied=false same_dir_turn=false opp_turn_shape=false uphill_segment=false uphill_seg_floor=false uphill_roll_floor=false min_step_floor=false override=true timeout=false serial=[0,0.000,0.000]
[0m
[INFO] [1783999138.339519142] [cmd_vel_to_serial]: [0;96mserial tx: [0,0.000,0.000]
[0m
[INFO] [1783999139.672190399] [cmd_vel_to_serial]: [1;35mstep_debug mode=0 vx=0.000 wz=0.000 left_m=0.0000 right_m=0.0000 fwd_m=0.0000 step_yaw=0.0000 left_norm=0.000 right_norm=0.000 odom_y=12.893 odom_roll=0.0deg goal_y_err=0.000 odom_corr=0.000 odom_corr_applied=false path_lat_err=0.000 path_corr=0.000 path_corr_applied=false path_yaw_err=0.0deg path_yaw_corr=0.000 path_yaw_applied=false path_profile=0 crouch_yaw_err=0.0deg crouch_yaw_corr=0.000 crouch_yaw_applied=false crouch_fwd_bias=0.000 crouch_fwd_applied=false same_dir_turn=false opp_turn_shape=false uphill_segment=false uphill_seg_floor=false uphill_roll_floor=false min_step_floor=false override=true timeout=false serial=[0,0.000,0.000]
[0m
[INFO] [1783999140.375600386] [cmd_vel_to_serial]: [0;96mserial tx: [0,0.000,0.000]
[0m
[INFO] [1783999142.411543946] [cmd_vel_to_serial]: [0;96mserial tx: [0,0.000,0.000]
[0m
[INFO] [1783999142.707690573] [cmd_vel_to_serial]: [1;35mstep_debug mode=0 vx=0.000 wz=0.000 left_m=0.0000 right_m=0.0000 fwd_m=0.0000 step_yaw=0.0000 left_norm=0.000 right_norm=0.000 odom_y=12.893 odom_roll=0.0deg goal_y_err=0.000 odom_corr=0.000 odom_corr_applied=false path_lat_err=0.000 path_corr=0.000 path_corr_applied=false path_yaw_err=0.0deg path_yaw_corr=0.000 path_yaw_applied=false path_profile=0 crouch_yaw_err=0.0deg crouch_yaw_corr=0.000 crouch_yaw_applied=false crouch_fwd_bias=0.000 crouch_fwd_applied=false same_dir_turn=false opp_turn_shape=false uphill_segment=false uphill_seg_floor=false uphill_roll_floor=false min_step_floor=false override=true timeout=false serial=[0,0.000,0.000]
[0m
[INFO] [1783999144.447559908] [cmd_vel_to_serial]: [0;96mserial tx: [0,0.000,0.000]
[0m
[INFO] [1783999145.743216721] [cmd_vel_to_serial]: [1;35mstep_debug mode=0 vx=0.000 wz=0.000 left_m=0.0000 right_m=0.0000 fwd_m=0.0000 step_yaw=0.0000 left_norm=0.000 right_norm=0.000 odom_y=12.893 odom_roll=0.0deg goal_y_err=0.000 odom_corr=0.000 odom_corr_applied=false path_lat_err=0.000 path_corr=0.000 path_corr_applied=false path_yaw_err=0.0deg path_yaw_corr=0.000 path_yaw_applied=false path_profile=0 crouch_yaw_err=0.0deg crouch_yaw_corr=0.000 crouch_yaw_applied=false crouch_fwd_bias=0.000 crouch_fwd_applied=false same_dir_turn=false opp_turn_shape=false uphill_segment=false uphill_seg_floor=false uphill_roll_floor=false min_step_floor=false override=true timeout=false serial=[0,0.000,0.000]
[0m
[INFO] [1783999146.483582919] [cmd_vel_to_serial]: [0;96mserial tx: [0,0.000,0.000]
[0m
[INFO] [1783999148.519610459] [cmd_vel_to_serial]: [0;96mserial tx: [0,0.000,0.000]
[0m
[INFO] [1783999148.778755421] [cmd_vel_to_serial]: [1;35mstep_debug mode=0 vx=0.000 wz=0.000 left_m=0.0000 right_m=0.0000 fwd_m=0.0000 step_yaw=0.0000 left_norm=0.000 right_norm=0.000 odom_y=12.893 odom_roll=0.0deg goal_y_err=0.000 odom_corr=0.000 odom_corr_applied=false path_lat_err=0.000 path_corr=0.000 path_corr_applied=false path_yaw_err=0.0deg path_yaw_corr=0.000 path_yaw_applied=false path_profile=0 crouch_yaw_err=0.0deg crouch_yaw_corr=0.000 crouch_yaw_applied=false crouch_fwd_bias=0.000 crouch_fwd_applied=false same_dir_turn=false opp_turn_shape=false uphill_segment=false uphill_seg_floor=false uphill_roll_floor=false min_step_floor=false override=true timeout=false serial=[0,0.000,0.000]
[0m
[INFO] [1783999150.555620793] [cmd_vel_to_serial]: [0;96mserial tx: [0,0.000,0.000]
[0m
[INFO] [1783999151.814331976] [cmd_vel_to_serial]: [1;35mstep_debug mode=0 vx=0.000 wz=0.000 left_m=0.0000 right_m=0.0000 fwd_m=0.0000 step_yaw=0.0000 left_norm=0.000 right_norm=0.000 odom_y=12.893 odom_roll=0.0deg goal_y_err=0.000 odom_corr=0.000 odom_corr_applied=false path_lat_err=0.000 path_corr=0.000 path_corr_applied=false path_yaw_err=0.0deg path_yaw_corr=0.000 path_yaw_applied=false path_profile=0 crouch_yaw_err=0.0deg crouch_yaw_corr=0.000 crouch_yaw_applied=false crouch_fwd_bias=0.000 crouch_fwd_applied=false same_dir_turn=false opp_turn_shape=false uphill_segment=false uphill_seg_floor=false uphill_roll_floor=false min_step_floor=false override=true timeout=false serial=[0,0.000,0.000]
[0m
[INFO] [1783999152.591647071] [cmd_vel_to_serial]: [0;96mserial tx: [0,0.000,0.000]
[0m
[INFO] [1783999154.627669539] [cmd_vel_to_serial]: [0;96mserial tx: [0,0.000,0.000]
[0m
[INFO] [1783999154.849772634] [cmd_vel_to_serial]: [1;35mstep_debug mode=0 vx=0.000 wz=0.000 left_m=0.0000 right_m=0.0000 fwd_m=0.0000 step_yaw=0.0000 left_norm=0.000 right_norm=0.000 odom_y=12.893 odom_roll=0.0deg goal_y_err=0.000 odom_corr=0.000 odom_corr_applied=false path_lat_err=0.000 path_corr=0.000 path_corr_applied=false path_yaw_err=0.0deg path_yaw_corr=0.000 path_yaw_applied=false path_profile=0 crouch_yaw_err=0.0deg crouch_yaw_corr=0.000 crouch_yaw_applied=false crouch_fwd_bias=0.000 crouch_fwd_applied=false same_dir_turn=false opp_turn_shape=false uphill_segment=false uphill_seg_floor=false uphill_roll_floor=false min_step_floor=false override=true timeout=false serial=[0,0.000,0.000]
[0m
[INFO] [1783999156.663686817] [cmd_vel_to_serial]: [0;96mserial tx: [0,0.000,0.000]
[0m
[INFO] [1783999157.885264107] [cmd_vel_to_serial]: [1;35mstep_debug mode=0 vx=0.000 wz=0.000 left_m=0.0000 right_m=0.0000 fwd_m=0.0000 step_yaw=0.0000 left_norm=0.000 right_norm=0.000 odom_y=12.893 odom_roll=0.0deg goal_y_err=0.000 odom_corr=0.000 odom_corr_applied=false path_lat_err=0.000 path_corr=0.000 path_corr_applied=false path_yaw_err=0.0deg path_yaw_corr=0.000 path_yaw_applied=false path_profile=0 crouch_yaw_err=0.0deg crouch_yaw_corr=0.000 crouch_yaw_applied=false crouch_fwd_bias=0.000 crouch_fwd_applied=false same_dir_turn=false opp_turn_shape=false uphill_segment=false uphill_seg_floor=false uphill_roll_floor=false min_step_floor=false override=true timeout=false serial=[0,0.000,0.000]
[0m
[INFO] [1783999158.699712399] [cmd_vel_to_serial]: [0;96mserial tx: [0,0.000,0.000]
[0m
[INFO] [1783999160.735703083] [cmd_vel_to_serial]: [0;96mserial tx: [0,0.000,0.000]
[0m
[INFO] [1783999160.920791319] [cmd_vel_to_serial]: [1;35mstep_debug mode=0 vx=0.000 wz=0.000 left_m=0.0000 right_m=0.0000 fwd_m=0.0000 step_yaw=0.0000 left_norm=0.000 right_norm=0.000 odom_y=12.893 odom_roll=0.0deg goal_y_err=0.000 odom_corr=0.000 odom_corr_applied=false path_lat_err=0.000 path_corr=0.000 path_corr_applied=false path_yaw_err=0.0deg path_yaw_corr=0.000 path_yaw_applied=false path_profile=0 crouch_yaw_err=0.0deg crouch_yaw_corr=0.000 crouch_yaw_applied=false crouch_fwd_bias=0.000 crouch_fwd_applied=false same_dir_turn=false opp_turn_shape=false uphill_segment=false uphill_seg_floor=false uphill_roll_floor=false min_step_floor=false override=true timeout=false serial=[0,0.000,0.000]
[0m
[INFO] [1783999162.771811150] [cmd_vel_to_serial]: [0;96mserial tx: [0,0.000,0.000]
[0m
[INFO] [1783999163.956311135] [cmd_vel_to_serial]: [1;35mstep_debug mode=0 vx=0.000 wz=0.000 left_m=0.0000 right_m=0.0000 fwd_m=0.0000 step_yaw=0.0000 left_norm=0.000 right_norm=0.000 odom_y=12.893 odom_roll=0.0deg goal_y_err=0.000 odom_corr=0.000 odom_corr_applied=false path_lat_err=0.000 path_corr=0.000 path_corr_applied=false path_yaw_err=0.0deg path_yaw_corr=0.000 path_yaw_applied=false path_profile=0 crouch_yaw_err=0.0deg crouch_yaw_corr=0.000 crouch_yaw_applied=false crouch_fwd_bias=0.000 crouch_fwd_applied=false same_dir_turn=false opp_turn_shape=false uphill_segment=false uphill_seg_floor=false uphill_roll_floor=false min_step_floor=false override=true timeout=false serial=[0,0.000,0.000]
[0m
[INFO] [1783999164.807799256] [cmd_vel_to_serial]: [0;96mserial tx: [0,0.000,0.000]
[0m
[INFO] [1783999166.843773743] [cmd_vel_to_serial]: [0;96mserial tx: [0,0.000,0.000]
[0m
[INFO] [1783999166.991793218] [cmd_vel_to_serial]: [1;35mstep_debug mode=0 vx=0.000 wz=0.000 left_m=0.0000 right_m=0.0000 fwd_m=0.0000 step_yaw=0.0000 left_norm=0.000 right_norm=0.000 odom_y=12.893 odom_roll=0.0deg goal_y_err=0.000 odom_corr=0.000 odom_corr_applied=false path_lat_err=0.000 path_corr=0.000 path_corr_applied=false path_yaw_err=0.0deg path_yaw_corr=0.000 path_yaw_applied=false path_profile=0 crouch_yaw_err=0.0deg crouch_yaw_corr=0.000 crouch_yaw_applied=false crouch_fwd_bias=0.000 crouch_fwd_applied=false same_dir_turn=false opp_turn_shape=false uphill_segment=false uphill_seg_floor=false uphill_roll_floor=false min_step_floor=false override=true timeout=false serial=[0,0.000,0.000]
[0m
[INFO] [1783999168.879814588] [cmd_vel_to_serial]: [0;96mserial tx: [0,0.000,0.000]
[0m
[INFO] [1783999170.027556811] [cmd_vel_to_serial]: [1;35mstep_debug mode=0 vx=0.000 wz=0.000 left_m=0.0000 right_m=0.0000 fwd_m=0.0000 step_yaw=0.0000 left_norm=0.000 right_norm=0.000 odom_y=12.893 odom_roll=0.0deg goal_y_err=0.000 odom_corr=0.000 odom_corr_applied=false path_lat_err=0.000 path_corr=0.000 path_corr_applied=false path_yaw_err=0.0deg path_yaw_corr=0.000 path_yaw_applied=false path_profile=0 crouch_yaw_err=0.0deg crouch_yaw_corr=0.000 crouch_yaw_applied=false crouch_fwd_bias=0.000 crouch_fwd_applied=false same_dir_turn=false opp_turn_shape=false uphill_segment=false uphill_seg_floor=false uphill_roll_floor=false min_step_floor=false override=true timeout=false serial=[0,0.000,0.000]
[0m
[INFO] [1783999170.915805439] [cmd_vel_to_serial]: [0;96mserial tx: [0,0.000,0.000]
[0m
[INFO] [1783999172.951797832] [cmd_vel_to_serial]: [0;96mserial tx: [0,0.000,0.000]
[0m
[INFO] [1783999173.062877223] [cmd_vel_to_serial]: [1;35mstep_debug mode=0 vx=0.000 wz=0.000 left_m=0.0000 right_m=0.0000 fwd_m=0.0000 step_yaw=0.0000 left_norm=0.000 right_norm=0.000 odom_y=12.893 odom_roll=0.0deg goal_y_err=0.000 odom_corr=0.000 odom_corr_applied=false path_lat_err=0.000 path_corr=0.000 path_corr_applied=false path_yaw_err=0.0deg path_yaw_corr=0.000 path_yaw_applied=false path_profile=0 crouch_yaw_err=0.0deg crouch_yaw_corr=0.000 crouch_yaw_applied=false crouch_fwd_bias=0.000 crouch_fwd_applied=false same_dir_turn=false opp_turn_shape=false uphill_segment=false uphill_seg_floor=false uphill_roll_floor=false min_step_floor=false override=true timeout=false serial=[0,0.000,0.000]
[0m
[INFO] [1783999174.987781758] [cmd_vel_to_serial]: [0;96mserial tx: [0,0.000,0.000]
[0m
[INFO] [1783999176.098401542] [cmd_vel_to_serial]: [1;35mstep_debug mode=0 vx=0.000 wz=0.000 left_m=0.0000 right_m=0.0000 fwd_m=0.0000 step_yaw=0.0000 left_norm=0.000 right_norm=0.000 odom_y=12.893 odom_roll=0.0deg goal_y_err=0.000 odom_corr=0.000 odom_corr_applied=false path_lat_err=0.000 path_corr=0.000 path_corr_applied=false path_yaw_err=0.0deg path_yaw_corr=0.000 path_yaw_applied=false path_profile=0 crouch_yaw_err=0.0deg crouch_yaw_corr=0.000 crouch_yaw_applied=false crouch_fwd_bias=0.000 crouch_fwd_applied=false same_dir_turn=false opp_turn_shape=false uphill_segment=false uphill_seg_floor=false uphill_roll_floor=false min_step_floor=false override=true timeout=false serial=[0,0.000,0.000]
[0m
[INFO] [1783999177.023844013] [cmd_vel_to_serial]: [0;96mserial tx: [0,0.000,0.000]
[0m
[INFO] [1783999179.059876408] [cmd_vel_to_serial]: [0;96mserial tx: [0,0.000,0.000]
[0m
[INFO] [1783999179.133915914] [cmd_vel_to_serial]: [1;35mstep_debug mode=0 vx=0.000 wz=0.000 left_m=0.0000 right_m=0.0000 fwd_m=0.0000 step_yaw=0.0000 left_norm=0.000 right_norm=0.000 odom_y=12.893 odom_roll=0.0deg goal_y_err=0.000 odom_corr=0.000 odom_corr_applied=false path_lat_err=0.000 path_corr=0.000 path_corr_applied=false path_yaw_err=0.0deg path_yaw_corr=0.000 path_yaw_applied=false path_profile=0 crouch_yaw_err=0.0deg crouch_yaw_corr=0.000 crouch_yaw_applied=false crouch_fwd_bias=0.000 crouch_fwd_applied=false same_dir_turn=false opp_turn_shape=false uphill_segment=false uphill_seg_floor=false uphill_roll_floor=false min_step_floor=false override=true timeout=false serial=[0,0.000,0.000]
[0m
[INFO] [1783999181.095991722] [cmd_vel_to_serial]: [0;96mserial tx: [0,0.000,0.000]
[0m
[INFO] [1783999182.169466249] [cmd_vel_to_serial]: [1;35mstep_debug mode=0 vx=0.000 wz=0.000 left_m=0.0000 right_m=0.0000 fwd_m=0.0000 step_yaw=0.0000 left_norm=0.000 right_norm=0.000 odom_y=12.893 odom_roll=0.0deg goal_y_err=0.000 odom_corr=0.000 odom_corr_applied=false path_lat_err=0.000 path_corr=0.000 path_corr_applied=false path_yaw_err=0.0deg path_yaw_corr=0.000 path_yaw_applied=false path_profile=0 crouch_yaw_err=0.0deg crouch_yaw_corr=0.000 crouch_yaw_applied=false crouch_fwd_bias=0.000 crouch_fwd_applied=false same_dir_turn=false opp_turn_shape=false uphill_segment=false uphill_seg_floor=false uphill_roll_floor=false min_step_floor=false override=true timeout=false serial=[0,0.000,0.000]
[0m
[INFO] [1783999183.131908440] [cmd_vel_to_serial]: [0;96mserial tx: [0,0.000,0.000]
[0m
[INFO] [1783999185.167936397] [cmd_vel_to_serial]: [0;96mserial tx: [0,0.000,0.000]
[0m
[INFO] [1783999185.204953381] [cmd_vel_to_serial]: [1;35mstep_debug mode=0 vx=0.000 wz=0.000 left_m=0.0000 right_m=0.0000 fwd_m=0.0000 step_yaw=0.0000 left_norm=0.000 right_norm=0.000 odom_y=12.893 odom_roll=0.0deg goal_y_err=0.000 odom_corr=0.000 odom_corr_applied=false path_lat_err=0.000 path_corr=0.000 path_corr_applied=false path_yaw_err=0.0deg path_yaw_corr=0.000 path_yaw_applied=false path_profile=0 crouch_yaw_err=0.0deg crouch_yaw_corr=0.000 crouch_yaw_applied=false crouch_fwd_bias=0.000 crouch_fwd_applied=false same_dir_turn=false opp_turn_shape=false uphill_segment=false uphill_seg_floor=false uphill_roll_floor=false min_step_floor=false override=true timeout=false serial=[0,0.000,0.000]
[0m
[INFO] [1783999187.203947785] [cmd_vel_to_serial]: [0;96mserial tx: [0,0.000,0.000]
[0m
[INFO] [1783999188.240496468] [cmd_vel_to_serial]: [1;35mstep_debug mode=0 vx=0.000 wz=0.000 left_m=0.0000 right_m=0.0000 fwd_m=0.0000 step_yaw=0.0000 left_norm=0.000 right_norm=0.000 odom_y=12.893 odom_roll=0.0deg goal_y_err=0.000 odom_corr=0.000 odom_corr_applied=false path_lat_err=0.000 path_corr=0.000 path_corr_applied=false path_yaw_err=0.0deg path_yaw_corr=0.000 path_yaw_applied=false path_profile=0 crouch_yaw_err=0.0deg crouch_yaw_corr=0.000 crouch_yaw_applied=false crouch_fwd_bias=0.000 crouch_fwd_applied=false same_dir_turn=false opp_turn_shape=false uphill_segment=false uphill_seg_floor=false uphill_roll_floor=false min_step_floor=false override=true timeout=false serial=[0,0.000,0.000]
[0m
[INFO] [1783999189.239968688] [cmd_vel_to_serial]: [0;96mserial tx: [0,0.000,0.000]
[0m
[INFO] [1783999191.275984747] [cmd_vel_to_serial]: [0;96mserial tx: [0,0.000,0.000]
[0m
[INFO] [1783999191.276028120] [cmd_vel_to_serial]: [1;35mstep_debug mode=0 vx=0.000 wz=0.000 left_m=0.0000 right_m=0.0000 fwd_m=0.0000 step_yaw=0.0000 left_norm=0.000 right_norm=0.000 odom_y=12.893 odom_roll=0.0deg goal_y_err=0.000 odom_corr=0.000 odom_corr_applied=false path_lat_err=0.000 path_corr=0.000 path_corr_applied=false path_yaw_err=0.0deg path_yaw_corr=0.000 path_yaw_applied=false path_profile=0 crouch_yaw_err=0.0deg crouch_yaw_corr=0.000 crouch_yaw_applied=false crouch_fwd_bias=0.000 crouch_fwd_applied=false same_dir_turn=false opp_turn_shape=false uphill_segment=false uphill_seg_floor=false uphill_roll_floor=false min_step_floor=false override=true timeout=false serial=[0,0.000,0.000]
[0m
[INFO] [1783999193.312295327] [cmd_vel_to_serial]: [0;96mserial tx: [0,0.000,0.000]
[0m
[INFO] [1783999194.312760659] [cmd_vel_to_serial]: [1;35mstep_debug mode=0 vx=0.000 wz=0.000 left_m=0.0000 right_m=0.0000 fwd_m=0.0000 step_yaw=0.0000 left_norm=0.000 right_norm=0.000 odom_y=12.893 odom_roll=0.0deg goal_y_err=0.000 odom_corr=0.000 odom_corr_applied=false path_lat_err=0.000 path_corr=0.000 path_corr_applied=false path_yaw_err=0.0deg path_yaw_corr=0.000 path_yaw_applied=false path_profile=0 crouch_yaw_err=0.0deg crouch_yaw_corr=0.000 crouch_yaw_applied=false crouch_fwd_bias=0.000 crouch_fwd_applied=false same_dir_turn=false opp_turn_shape=false uphill_segment=false uphill_seg_floor=false uphill_roll_floor=false min_step_floor=false override=true timeout=false serial=[0,0.000,0.000]
[0m
[INFO] [1783999195.348031214] [cmd_vel_to_serial]: [0;96mserial tx: [0,0.000,0.000]
[0m
[INFO] [1783999197.347050210] [cmd_vel_to_serial]: [1;35mstep_debug mode=0 vx=0.000 wz=0.000 left_m=0.0000 right_m=0.0000 fwd_m=0.0000 step_yaw=0.0000 left_norm=0.000 right_norm=0.000 odom_y=12.893 odom_roll=0.0deg goal_y_err=0.000 odom_corr=0.000 odom_corr_applied=false path_lat_err=0.000 path_corr=0.000 path_corr_applied=false path_yaw_err=0.0deg path_yaw_corr=0.000 path_yaw_applied=false path_profile=0 crouch_yaw_err=0.0deg crouch_yaw_corr=0.000 crouch_yaw_applied=false crouch_fwd_bias=0.000 crouch_fwd_applied=false same_dir_turn=false opp_turn_shape=false uphill_segment=false uphill_seg_floor=false uphill_roll_floor=false min_step_floor=false override=true timeout=false serial=[0,0.000,0.000]
[0m
[INFO] [1783999197.384045754] [cmd_vel_to_serial]: [0;96mserial tx: [0,0.000,0.000]
[0m
[INFO] [1783999199.420036980] [cmd_vel_to_serial]: [0;96mserial tx: [0,0.000,0.000]
[0m
[INFO] [1783999200.383670120] [cmd_vel_to_serial]: [1;35mstep_debug mode=0 vx=0.000 wz=0.000 left_m=0.0000 right_m=0.0000 fwd_m=0.0000 step_yaw=0.0000 left_norm=0.000 right_norm=0.000 odom_y=12.893 odom_roll=0.0deg goal_y_err=0.000 odom_corr=0.000 odom_corr_applied=false path_lat_err=0.000 path_corr=0.000 path_corr_applied=false path_yaw_err=0.0deg path_yaw_corr=0.000 path_yaw_applied=false path_profile=0 crouch_yaw_err=0.0deg crouch_yaw_corr=0.000 crouch_yaw_applied=false crouch_fwd_bias=0.000 crouch_fwd_applied=false same_dir_turn=false opp_turn_shape=false uphill_segment=false uphill_seg_floor=false uphill_roll_floor=false min_step_floor=false override=true timeout=false serial=[0,0.000,0.000]
[0m
[INFO] [1783999201.456073601] [cmd_vel_to_serial]: [0;96mserial tx: [0,0.000,0.000]
[0m
[INFO] [1783999203.418097018] [cmd_vel_to_serial]: [1;35mstep_debug mode=0 vx=0.000 wz=0.000 left_m=0.0000 right_m=0.0000 fwd_m=0.0000 step_yaw=0.0000 left_norm=0.000 right_norm=0.000 odom_y=12.893 odom_roll=0.0deg goal_y_err=0.000 odom_corr=0.000 odom_corr_applied=false path_lat_err=0.000 path_corr=0.000 path_corr_applied=false path_yaw_err=0.0deg path_yaw_corr=0.000 path_yaw_applied=false path_profile=0 crouch_yaw_err=0.0deg crouch_yaw_corr=0.000 crouch_yaw_applied=false crouch_fwd_bias=0.000 crouch_fwd_applied=false same_dir_turn=false opp_turn_shape=false uphill_segment=false uphill_seg_floor=false uphill_roll_floor=false min_step_floor=false override=true timeout=false serial=[0,0.000,0.000]
[0m
[INFO] [1783999203.492090826] [cmd_vel_to_serial]: [0;96mserial tx: [0,0.000,0.000]
[0m
[INFO] [1783999205.528116008] [cmd_vel_to_serial]: [0;96mserial tx: [0,0.000,0.000]
[0m
[INFO] [1783999206.453589508] [cmd_vel_to_serial]: [1;35mstep_debug mode=0 vx=0.000 wz=0.000 left_m=0.0000 right_m=0.0000 fwd_m=0.0000 step_yaw=0.0000 left_norm=0.000 right_norm=0.000 odom_y=12.893 odom_roll=0.0deg goal_y_err=0.000 odom_corr=0.000 odom_corr_applied=false path_lat_err=0.000 path_corr=0.000 path_corr_applied=false path_yaw_err=0.0deg path_yaw_corr=0.000 path_yaw_applied=false path_profile=0 crouch_yaw_err=0.0deg crouch_yaw_corr=0.000 crouch_yaw_applied=false crouch_fwd_bias=0.000 crouch_fwd_applied=false same_dir_turn=false opp_turn_shape=false uphill_segment=false uphill_seg_floor=false uphill_roll_floor=false min_step_floor=false override=true timeout=false serial=[0,0.000,0.000]
[0m
[INFO] [1783999207.564151279] [cmd_vel_to_serial]: [0;96mserial tx: [0,0.000,0.000]
[0m
[INFO] [1783999209.489158793] [cmd_vel_to_serial]: [1;35mstep_debug mode=0 vx=0.000 wz=0.000 left_m=0.0000 right_m=0.0000 fwd_m=0.0000 step_yaw=0.0000 left_norm=0.000 right_norm=0.000 odom_y=12.893 odom_roll=0.0deg goal_y_err=0.000 odom_corr=0.000 odom_corr_applied=false path_lat_err=0.000 path_corr=0.000 path_corr_applied=false path_yaw_err=0.0deg path_yaw_corr=0.000 path_yaw_applied=false path_profile=0 crouch_yaw_err=0.0deg crouch_yaw_corr=0.000 crouch_yaw_applied=false crouch_fwd_bias=0.000 crouch_fwd_applied=false same_dir_turn=false opp_turn_shape=false uphill_segment=false uphill_seg_floor=false uphill_roll_floor=false min_step_floor=false override=true timeout=false serial=[0,0.000,0.000]
[0m
[INFO] [1783999209.600171627] [cmd_vel_to_serial]: [0;96mserial tx: [0,0.000,0.000]
[0m
[INFO] [1783999211.636123538] [cmd_vel_to_serial]: [0;96mserial tx: [0,0.000,0.000]
[0m
[INFO] [1783999212.524630279] [cmd_vel_to_serial]: [1;35mstep_debug mode=0 vx=0.000 wz=0.000 left_m=0.0000 right_m=0.0000 fwd_m=0.0000 step_yaw=0.0000 left_norm=0.000 right_norm=0.000 odom_y=12.893 odom_roll=0.0deg goal_y_err=0.000 odom_corr=0.000 odom_corr_applied=false path_lat_err=0.000 path_corr=0.000 path_corr_applied=false path_yaw_err=0.0deg path_yaw_corr=0.000 path_yaw_applied=false path_profile=0 crouch_yaw_err=0.0deg crouch_yaw_corr=0.000 crouch_yaw_applied=false crouch_fwd_bias=0.000 crouch_fwd_applied=false same_dir_turn=false opp_turn_shape=false uphill_segment=false uphill_seg_floor=false uphill_roll_floor=false min_step_floor=false override=true timeout=false serial=[0,0.000,0.000]
[0m
[INFO] [1783999213.672148122] [cmd_vel_to_serial]: [0;96mserial tx: [0,0.000,0.000]
[0m
[INFO] [1783999215.560134638] [cmd_vel_to_serial]: [1;35mstep_debug mode=0 vx=0.000 wz=0.000 left_m=0.0000 right_m=0.0000 fwd_m=0.0000 step_yaw=0.0000 left_norm=0.000 right_norm=0.000 odom_y=12.893 odom_roll=0.0deg goal_y_err=0.000 odom_corr=0.000 odom_corr_applied=false path_lat_err=0.000 path_corr=0.000 path_corr_applied=false path_yaw_err=0.0deg path_yaw_corr=0.000 path_yaw_applied=false path_profile=0 crouch_yaw_err=0.0deg crouch_yaw_corr=0.000 crouch_yaw_applied=false crouch_fwd_bias=0.000 crouch_fwd_applied=false same_dir_turn=false opp_turn_shape=false uphill_segment=false uphill_seg_floor=false uphill_roll_floor=false min_step_floor=false override=true timeout=false serial=[0,0.000,0.000]
[0m
[INFO] [1783999215.708214309] [cmd_vel_to_serial]: [0;96mserial tx: [0,0.000,0.000]
[0m
[INFO] [1783999217.744247543] [cmd_vel_to_serial]: [0;96mserial tx: [0,0.000,0.000]
[0m
[INFO] [1783999218.595605020] [cmd_vel_to_serial]: [1;35mstep_debug mode=0 vx=0.000 wz=0.000 left_m=0.0000 right_m=0.0000 fwd_m=0.0000 step_yaw=0.0000 left_norm=0.000 right_norm=0.000 odom_y=12.893 odom_roll=0.0deg goal_y_err=0.000 odom_corr=0.000 odom_corr_applied=false path_lat_err=0.000 path_corr=0.000 path_corr_applied=false path_yaw_err=0.0deg path_yaw_corr=0.000 path_yaw_applied=false path_profile=0 crouch_yaw_err=0.0deg crouch_yaw_corr=0.000 crouch_yaw_applied=false crouch_fwd_bias=0.000 crouch_fwd_applied=false same_dir_turn=false opp_turn_shape=false uphill_segment=false uphill_seg_floor=false uphill_roll_floor=false min_step_floor=false override=true timeout=false serial=[0,0.000,0.000]
[0m
[INFO] [1783999219.780260825] [cmd_vel_to_serial]: [0;96mserial tx: [0,0.000,0.000]
[0m
[INFO] [1783999221.631196434] [cmd_vel_to_serial]: [1;35mstep_debug mode=0 vx=0.000 wz=0.000 left_m=0.0000 right_m=0.0000 fwd_m=0.0000 step_yaw=0.0000 left_norm=0.000 right_norm=0.000 odom_y=12.893 odom_roll=0.0deg goal_y_err=0.000 odom_corr=0.000 odom_corr_applied=false path_lat_err=0.000 path_corr=0.000 path_corr_applied=false path_yaw_err=0.0deg path_yaw_corr=0.000 path_yaw_applied=false path_profile=0 crouch_yaw_err=0.0deg crouch_yaw_corr=0.000 crouch_yaw_applied=false crouch_fwd_bias=0.000 crouch_fwd_applied=false same_dir_turn=false opp_turn_shape=false uphill_segment=false uphill_seg_floor=false uphill_roll_floor=false min_step_floor=false override=true timeout=false serial=[0,0.000,0.000]
[0m
[INFO] [1783999221.816267898] [cmd_vel_to_serial]: [0;96mserial tx: [0,0.000,0.000]
[0m
[INFO] [1783999223.852315853] [cmd_vel_to_serial]: [0;96mserial tx: [0,0.000,0.000]
[0m
[INFO] [1783999224.666700547] [cmd_vel_to_serial]: [1;35mstep_debug mode=0 vx=0.000 wz=0.000 left_m=0.0000 right_m=0.0000 fwd_m=0.0000 step_yaw=0.0000 left_norm=0.000 right_norm=0.000 odom_y=12.893 odom_roll=0.0deg goal_y_err=0.000 odom_corr=0.000 odom_corr_applied=false path_lat_err=0.000 path_corr=0.000 path_corr_applied=false path_yaw_err=0.0deg path_yaw_corr=0.000 path_yaw_applied=false path_profile=0 crouch_yaw_err=0.0deg crouch_yaw_corr=0.000 crouch_yaw_applied=false crouch_fwd_bias=0.000 crouch_fwd_applied=false same_dir_turn=false opp_turn_shape=false uphill_segment=false uphill_seg_floor=false uphill_roll_floor=false min_step_floor=false override=true timeout=false serial=[0,0.000,0.000]
[0m
[INFO] [1783999225.888288695] [cmd_vel_to_serial]: [0;96mserial tx: [0,0.000,0.000]
[0m
[INFO] [1783999227.702227225] [cmd_vel_to_serial]: [1;35mstep_debug mode=0 vx=0.000 wz=0.000 left_m=0.0000 right_m=0.0000 fwd_m=0.0000 step_yaw=0.0000 left_norm=0.000 right_norm=0.000 odom_y=12.893 odom_roll=0.0deg goal_y_err=0.000 odom_corr=0.000 odom_corr_applied=false path_lat_err=0.000 path_corr=0.000 path_corr_applied=false path_yaw_err=0.0deg path_yaw_corr=0.000 path_yaw_applied=false path_profile=0 crouch_yaw_err=0.0deg crouch_yaw_corr=0.000 crouch_yaw_applied=false crouch_fwd_bias=0.000 crouch_fwd_applied=false same_dir_turn=false opp_turn_shape=false uphill_segment=false uphill_seg_floor=false uphill_roll_floor=false min_step_floor=false override=true timeout=false serial=[0,0.000,0.000]
[0m
[INFO] [1783999227.924295030] [cmd_vel_to_serial]: [0;96mserial tx: [0,0.000,0.000]
[0m
[INFO] [1783999229.960336816] [cmd_vel_to_serial]: [0;96mserial tx: [0,0.000,0.000]
[0m
[INFO] [1783999230.737733074] [cmd_vel_to_serial]: [1;35mstep_debug mode=0 vx=0.000 wz=0.000 left_m=0.0000 right_m=0.0000 fwd_m=0.0000 step_yaw=0.0000 left_norm=0.000 right_norm=0.000 odom_y=12.893 odom_roll=0.0deg goal_y_err=0.000 odom_corr=0.000 odom_corr_applied=false path_lat_err=0.000 path_corr=0.000 path_corr_applied=false path_yaw_err=0.0deg path_yaw_corr=0.000 path_yaw_applied=false path_profile=0 crouch_yaw_err=0.0deg crouch_yaw_corr=0.000 crouch_yaw_applied=false crouch_fwd_bias=0.000 crouch_fwd_applied=false same_dir_turn=false opp_turn_shape=false uphill_segment=false uphill_seg_floor=false uphill_roll_floor=false min_step_floor=false override=true timeout=false serial=[0,0.000,0.000]
[0m
[INFO] [1783999231.996449101] [cmd_vel_to_serial]: [0;96mserial tx: [0,0.000,0.000]
[0m
[INFO] [1783999233.773262185] [cmd_vel_to_serial]: [1;35mstep_debug mode=0 vx=0.000 wz=0.000 left_m=0.0000 right_m=0.0000 fwd_m=0.0000 step_yaw=0.0000 left_norm=0.000 right_norm=0.000 odom_y=12.893 odom_roll=0.0deg goal_y_err=0.000 odom_corr=0.000 odom_corr_applied=false path_lat_err=0.000 path_corr=0.000 path_corr_applied=false path_yaw_err=0.0deg path_yaw_corr=0.000 path_yaw_applied=false path_profile=0 crouch_yaw_err=0.0deg crouch_yaw_corr=0.000 crouch_yaw_applied=false crouch_fwd_bias=0.000 crouch_fwd_applied=false same_dir_turn=false opp_turn_shape=false uphill_segment=false uphill_seg_floor=false uphill_roll_floor=false min_step_floor=false override=true timeout=false serial=[0,0.000,0.000]
[0m
[INFO] [1783999234.032374742] [cmd_vel_to_serial]: [0;96mserial tx: [0,0.000,0.000]
[0m
[INFO] [1783999236.068446307] [cmd_vel_to_serial]: [0;96mserial tx: [0,0.000,0.000]
[0m
[INFO] [1783999236.808799374] [cmd_vel_to_serial]: [1;35mstep_debug mode=0 vx=0.000 wz=0.000 left_m=0.0000 right_m=0.0000 fwd_m=0.0000 step_yaw=0.0000 left_norm=0.000 right_norm=0.000 odom_y=12.893 odom_roll=0.0deg goal_y_err=0.000 odom_corr=0.000 odom_corr_applied=false path_lat_err=0.000 path_corr=0.000 path_corr_applied=false path_yaw_err=0.0deg path_yaw_corr=0.000 path_yaw_applied=false path_profile=0 crouch_yaw_err=0.0deg crouch_yaw_corr=0.000 crouch_yaw_applied=false crouch_fwd_bias=0.000 crouch_fwd_applied=false same_dir_turn=false opp_turn_shape=false uphill_segment=false uphill_seg_floor=false uphill_roll_floor=false min_step_floor=false override=true timeout=false serial=[0,0.000,0.000]
[0m
[INFO] [1783999238.104413636] [cmd_vel_to_serial]: [0;96mserial tx: [0,0.000,0.000]
[0m
[INFO] [1783999239.844293577] [cmd_vel_to_serial]: [1;35mstep_debug mode=0 vx=0.000 wz=0.000 left_m=0.0000 right_m=0.0000 fwd_m=0.0000 step_yaw=0.0000 left_norm=0.000 right_norm=0.000 odom_y=12.893 odom_roll=0.0deg goal_y_err=0.000 odom_corr=0.000 odom_corr_applied=false path_lat_err=0.000 path_corr=0.000 path_corr_applied=false path_yaw_err=0.0deg path_yaw_corr=0.000 path_yaw_applied=false path_profile=0 crouch_yaw_err=0.0deg crouch_yaw_corr=0.000 crouch_yaw_applied=false crouch_fwd_bias=0.000 crouch_fwd_applied=false same_dir_turn=false opp_turn_shape=false uphill_segment=false uphill_seg_floor=false uphill_roll_floor=false min_step_floor=false override=true timeout=false serial=[0,0.000,0.000]
[0m
[INFO] [1783999240.140448372] [cmd_vel_to_serial]: [0;96mserial tx: [0,0.000,0.000]
[0m
[INFO] [1783999242.176453958] [cmd_vel_to_serial]: [0;96mserial tx: [0,0.000,0.000]
[0m
[INFO] [1783999242.879815452] [cmd_vel_to_serial]: [1;35mstep_debug mode=0 vx=0.000 wz=0.000 left_m=0.0000 right_m=0.0000 fwd_m=0.0000 step_yaw=0.0000 left_norm=0.000 right_norm=0.000 odom_y=12.893 odom_roll=0.0deg goal_y_err=0.000 odom_corr=0.000 odom_corr_applied=false path_lat_err=0.000 path_corr=0.000 path_corr_applied=false path_yaw_err=0.0deg path_yaw_corr=0.000 path_yaw_applied=false path_profile=0 crouch_yaw_err=0.0deg crouch_yaw_corr=0.000 crouch_yaw_applied=false crouch_fwd_bias=0.000 crouch_fwd_applied=false same_dir_turn=false opp_turn_shape=false uphill_segment=false uphill_seg_floor=false uphill_roll_floor=false min_step_floor=false override=true timeout=false serial=[0,0.000,0.000]
[0m
[INFO] [1783999244.212468948] [cmd_vel_to_serial]: [0;96mserial tx: [0,0.000,0.000]
[0m
[INFO] [1783999245.915336216] [cmd_vel_to_serial]: [1;35mstep_debug mode=0 vx=0.000 wz=0.000 left_m=0.0000 right_m=0.0000 fwd_m=0.0000 step_yaw=0.0000 left_norm=0.000 right_norm=0.000 odom_y=12.893 odom_roll=0.0deg goal_y_err=0.000 odom_corr=0.000 odom_corr_applied=false path_lat_err=0.000 path_corr=0.000 path_corr_applied=false path_yaw_err=0.0deg path_yaw_corr=0.000 path_yaw_applied=false path_profile=0 crouch_yaw_err=0.0deg crouch_yaw_corr=0.000 crouch_yaw_applied=false crouch_fwd_bias=0.000 crouch_fwd_applied=false same_dir_turn=false opp_turn_shape=false uphill_segment=false uphill_seg_floor=false uphill_roll_floor=false min_step_floor=false override=true timeout=false serial=[0,0.000,0.000]
[0m
[INFO] [1783999246.248497225] [cmd_vel_to_serial]: [0;96mserial tx: [0,0.000,0.000]
[0m
[INFO] [1783999248.284538304] [cmd_vel_to_serial]: [0;96mserial tx: [0,0.000,0.000]
[0m
[INFO] [1783999248.950829230] [cmd_vel_to_serial]: [1;35mstep_debug mode=0 vx=0.000 wz=0.000 left_m=0.0000 right_m=0.0000 fwd_m=0.0000 step_yaw=0.0000 left_norm=0.000 right_norm=0.000 odom_y=12.893 odom_roll=0.0deg goal_y_err=0.000 odom_corr=0.000 odom_corr_applied=false path_lat_err=0.000 path_corr=0.000 path_corr_applied=false path_yaw_err=0.0deg path_yaw_corr=0.000 path_yaw_applied=false path_profile=0 crouch_yaw_err=0.0deg crouch_yaw_corr=0.000 crouch_yaw_applied=false crouch_fwd_bias=0.000 crouch_fwd_applied=false same_dir_turn=false opp_turn_shape=false uphill_segment=false uphill_seg_floor=false uphill_roll_floor=false min_step_floor=false override=true timeout=false serial=[0,0.000,0.000]
[0m
[INFO] [1783999250.320531772] [cmd_vel_to_serial]: [0;96mserial tx: [0,0.000,0.000]
[0m
[INFO] [1783999251.986960684] [cmd_vel_to_serial]: [1;35mstep_debug mode=0 vx=0.000 wz=0.000 left_m=0.0000 right_m=0.0000 fwd_m=0.0000 step_yaw=0.0000 left_norm=0.000 right_norm=0.000 odom_y=12.893 odom_roll=0.0deg goal_y_err=0.000 odom_corr=0.000 odom_corr_applied=false path_lat_err=0.000 path_corr=0.000 path_corr_applied=false path_yaw_err=0.0deg path_yaw_corr=0.000 path_yaw_applied=false path_profile=0 crouch_yaw_err=0.0deg crouch_yaw_corr=0.000 crouch_yaw_applied=false crouch_fwd_bias=0.000 crouch_fwd_applied=false same_dir_turn=false opp_turn_shape=false uphill_segment=false uphill_seg_floor=false uphill_roll_floor=false min_step_floor=false override=true timeout=false serial=[0,0.000,0.000]
[0m
[INFO] [1783999252.330572782] [cmd_vel_to_serial]: [0;96mserial tx: [0,0.000,0.000]
[0m
[INFO] [1783999254.350402194] [cmd_vel_to_serial]: [0;96mserial tx: [0,0.000,0.000]
[0m
[INFO] [1783999254.995597231] [cmd_vel_to_serial]: [1;35mstep_debug mode=0 vx=0.000 wz=0.000 left_m=0.0000 right_m=0.0000 fwd_m=0.0000 step_yaw=0.0000 left_norm=0.000 right_norm=0.000 odom_y=12.893 odom_roll=0.0deg goal_y_err=0.000 odom_corr=0.000 odom_corr_applied=false path_lat_err=0.000 path_corr=0.000 path_corr_applied=false path_yaw_err=0.0deg path_yaw_corr=0.000 path_yaw_applied=false path_profile=0 crouch_yaw_err=0.0deg crouch_yaw_corr=0.000 crouch_yaw_applied=false crouch_fwd_bias=0.000 crouch_fwd_applied=false same_dir_turn=false opp_turn_shape=false uphill_segment=false uphill_seg_floor=false uphill_roll_floor=false min_step_floor=false override=true timeout=false serial=[0,0.000,0.000]
[0m
[INFO] [1783999256.357033035] [cmd_vel_to_serial]: [0;96mserial tx: [0,0.000,0.000]
[0m
[INFO] [1783999258.015430892] [cmd_vel_to_serial]: [1;35mstep_debug mode=0 vx=0.000 wz=0.000 left_m=0.0000 right_m=0.0000 fwd_m=0.0000 step_yaw=0.0000 left_norm=0.000 right_norm=0.000 odom_y=12.893 odom_roll=0.0deg goal_y_err=0.000 odom_corr=0.000 odom_corr_applied=false path_lat_err=0.000 path_corr=0.000 path_corr_applied=false path_yaw_err=0.0deg path_yaw_corr=0.000 path_yaw_applied=false path_profile=0 crouch_yaw_err=0.0deg crouch_yaw_corr=0.000 crouch_yaw_applied=false crouch_fwd_bias=0.000 crouch_fwd_applied=false same_dir_turn=false opp_turn_shape=false uphill_segment=false uphill_seg_floor=false uphill_roll_floor=false min_step_floor=false override=true timeout=false serial=[0,0.000,0.000]
[0m
[INFO] [1783999258.391285621] [cmd_vel_to_serial]: [0;96mserial tx: [0,0.000,0.000]
[0m
[INFO] [1783999260.417564252] [cmd_vel_to_serial]: [0;96mserial tx: [0,0.000,0.000]
[0m
[INFO] [1783999261.016929431] [cmd_vel_to_serial]: [1;35mstep_debug mode=0 vx=0.000 wz=0.000 left_m=0.0000 right_m=0.0000 fwd_m=0.0000 step_yaw=0.0000 left_norm=0.000 right_norm=0.000 odom_y=12.893 odom_roll=0.0deg goal_y_err=0.000 odom_corr=0.000 odom_corr_applied=false path_lat_err=0.000 path_corr=0.000 path_corr_applied=false path_yaw_err=0.0deg path_yaw_corr=0.000 path_yaw_applied=false path_profile=0 crouch_yaw_err=0.0deg crouch_yaw_corr=0.000 crouch_yaw_applied=false crouch_fwd_bias=0.000 crouch_fwd_applied=false same_dir_turn=false opp_turn_shape=false uphill_segment=false uphill_seg_floor=false uphill_roll_floor=false min_step_floor=false override=true timeout=false serial=[0,0.000,0.000]
[0m
[INFO] [1783999262.437947117] [cmd_vel_to_serial]: [0;96mserial tx: [0,0.000,0.000]
[0m
[INFO] [1783999264.043510356] [cmd_vel_to_serial]: [1;35mstep_debug mode=0 vx=0.000 wz=0.000 left_m=0.0000 right_m=0.0000 fwd_m=0.0000 step_yaw=0.0000 left_norm=0.000 right_norm=0.000 odom_y=12.893 odom_roll=0.0deg goal_y_err=0.000 odom_corr=0.000 odom_corr_applied=false path_lat_err=0.000 path_corr=0.000 path_corr_applied=false path_yaw_err=0.0deg path_yaw_corr=0.000 path_yaw_applied=false path_profile=0 crouch_yaw_err=0.0deg crouch_yaw_corr=0.000 crouch_yaw_applied=false crouch_fwd_bias=0.000 crouch_fwd_applied=false same_dir_turn=false opp_turn_shape=false uphill_segment=false uphill_seg_floor=false uphill_roll_floor=false min_step_floor=false override=true timeout=false serial=[0,0.000,0.000]
[0m
[INFO] [1783999264.453738128] [cmd_vel_to_serial]: [0;96mserial tx: [0,0.000,0.000]
[0m
[INFO] [1783999266.465959132] [cmd_vel_to_serial]: [0;96mserial tx: [0,0.000,0.000]
[0m
[INFO] [1783999267.061748408] [cmd_vel_to_serial]: [1;35mstep_debug mode=0 vx=0.000 wz=0.000 left_m=0.0000 right_m=0.0000 fwd_m=0.0000 step_yaw=0.0000 left_norm=0.000 right_norm=0.000 odom_y=12.893 odom_roll=0.0deg goal_y_err=0.000 odom_corr=0.000 odom_corr_applied=false path_lat_err=0.000 path_corr=0.000 path_corr_applied=false path_yaw_err=0.0deg path_yaw_corr=0.000 path_yaw_applied=false path_profile=0 crouch_yaw_err=0.0deg crouch_yaw_corr=0.000 crouch_yaw_applied=false crouch_fwd_bias=0.000 crouch_fwd_applied=false same_dir_turn=false opp_turn_shape=false uphill_segment=false uphill_seg_floor=false uphill_roll_floor=false min_step_floor=false override=true timeout=false serial=[0,0.000,0.000]
[0m
[INFO] [1783999268.475594750] [cmd_vel_to_serial]: [0;96mserial tx: [0,0.000,0.000]
[0m
[INFO] [1783999270.074411152] [cmd_vel_to_serial]: [1;35mstep_debug mode=0 vx=0.000 wz=0.000 left_m=0.0000 right_m=0.0000 fwd_m=0.0000 step_yaw=0.0000 left_norm=0.000 right_norm=0.000 odom_y=12.893 odom_roll=0.0deg goal_y_err=0.000 odom_corr=0.000 odom_corr_applied=false path_lat_err=0.000 path_corr=0.000 path_corr_applied=false path_yaw_err=0.0deg path_yaw_corr=0.000 path_yaw_applied=false path_profile=0 crouch_yaw_err=0.0deg crouch_yaw_corr=0.000 crouch_yaw_applied=false crouch_fwd_bias=0.000 crouch_fwd_applied=false same_dir_turn=false opp_turn_shape=false uphill_segment=false uphill_seg_floor=false uphill_roll_floor=false min_step_floor=false override=true timeout=false serial=[0,0.000,0.000]
[0m
[INFO] [1783999270.483258184] [cmd_vel_to_serial]: [0;96mserial tx: [0,0.000,0.000]
[0m
[INFO] [1783999272.489332302] [cmd_vel_to_serial]: [0;96mserial tx: [0,0.000,0.000]
[0m
[INFO] [1783999273.083442413] [cmd_vel_to_serial]: [1;35mstep_debug mode=0 vx=0.000 wz=0.000 left_m=0.0000 right_m=0.0000 fwd_m=0.0000 step_yaw=0.0000 left_norm=0.000 right_norm=0.000 odom_y=12.893 odom_roll=0.0deg goal_y_err=0.000 odom_corr=0.000 odom_corr_applied=false path_lat_err=0.000 path_corr=0.000 path_corr_applied=false path_yaw_err=0.0deg path_yaw_corr=0.000 path_yaw_applied=false path_profile=0 crouch_yaw_err=0.0deg crouch_yaw_corr=0.000 crouch_yaw_applied=false crouch_fwd_bias=0.000 crouch_fwd_applied=false same_dir_turn=false opp_turn_shape=false uphill_segment=false uphill_seg_floor=false uphill_roll_floor=false min_step_floor=false override=true timeout=false serial=[0,0.000,0.000]
[0m
[INFO] [1783999274.494175379] [cmd_vel_to_serial]: [0;96mserial tx: [0,0.000,0.000]
[0m
[INFO] [1783999276.089980794] [cmd_vel_to_serial]: [1;35mstep_debug mode=0 vx=0.000 wz=0.000 left_m=0.0000 right_m=0.0000 fwd_m=0.0000 step_yaw=0.0000 left_norm=0.000 right_norm=0.000 odom_y=12.893 odom_roll=0.0deg goal_y_err=0.000 odom_corr=0.000 odom_corr_applied=false path_lat_err=0.000 path_corr=0.000 path_corr_applied=false path_yaw_err=0.0deg path_yaw_corr=0.000 path_yaw_applied=false path_profile=0 crouch_yaw_err=0.0deg crouch_yaw_corr=0.000 crouch_yaw_applied=false crouch_fwd_bias=0.000 crouch_fwd_applied=false same_dir_turn=false opp_turn_shape=false uphill_segment=false uphill_seg_floor=false uphill_roll_floor=false min_step_floor=false override=true timeout=false serial=[0,0.000,0.000]
[0m
[INFO] [1783999276.498123836] [cmd_vel_to_serial]: [0;96mserial tx: [0,0.000,0.000]
[0m
[INFO] [1783999278.501402424] [cmd_vel_to_serial]: [0;96mserial tx: [0,0.000,0.000]
[0m
[INFO] [1783999279.094852147] [cmd_vel_to_serial]: [1;35mstep_debug mode=0 vx=0.000 wz=0.000 left_m=0.0000 right_m=0.0000 fwd_m=0.0000 step_yaw=0.0000 left_norm=0.000 right_norm=0.000 odom_y=12.893 odom_roll=0.0deg goal_y_err=0.000 odom_corr=0.000 odom_corr_applied=false path_lat_err=0.000 path_corr=0.000 path_corr_applied=false path_yaw_err=0.0deg path_yaw_corr=0.000 path_yaw_applied=false path_profile=0 crouch_yaw_err=0.0deg crouch_yaw_corr=0.000 crouch_yaw_applied=false crouch_fwd_bias=0.000 crouch_fwd_applied=false same_dir_turn=false opp_turn_shape=false uphill_segment=false uphill_seg_floor=false uphill_roll_floor=false min_step_floor=false override=true timeout=false serial=[0,0.000,0.000]
[0m
[INFO] [1783999280.504115687] [cmd_vel_to_serial]: [0;96mserial tx: [0,0.000,0.000]
[0m
[INFO] [1783999282.098603080] [cmd_vel_to_serial]: [1;35mstep_debug mode=0 vx=0.000 wz=0.000 left_m=0.0000 right_m=0.0000 fwd_m=0.0000 step_yaw=0.0000 left_norm=0.000 right_norm=0.000 odom_y=12.893 odom_roll=0.0deg goal_y_err=0.000 odom_corr=0.000 odom_corr_applied=false path_lat_err=0.000 path_corr=0.000 path_corr_applied=false path_yaw_err=0.0deg path_yaw_corr=0.000 path_yaw_applied=false path_profile=0 crouch_yaw_err=0.0deg crouch_yaw_corr=0.000 crouch_yaw_applied=false crouch_fwd_bias=0.000 crouch_fwd_applied=false same_dir_turn=false opp_turn_shape=false uphill_segment=false uphill_seg_floor=false uphill_roll_floor=false min_step_floor=false override=true timeout=false serial=[0,0.000,0.000]
[0m
[INFO] [1783999282.506460513] [cmd_vel_to_serial]: [0;96mserial tx: [0,0.000,0.000]
[0m
[INFO] [1783999284.508156901] [cmd_vel_to_serial]: [0;96mserial tx: [0,0.000,0.000]
[0m
[INFO] [1783999285.099687005] [cmd_vel_to_serial]: [1;35mstep_debug mode=0 vx=0.000 wz=0.000 left_m=0.0000 right_m=0.0000 fwd_m=0.0000 step_yaw=0.0000 left_norm=0.000 right_norm=0.000 odom_y=12.893 odom_roll=0.0deg goal_y_err=0.000 odom_corr=0.000 odom_corr_applied=false path_lat_err=0.000 path_corr=0.000 path_corr_applied=false path_yaw_err=0.0deg path_yaw_corr=0.000 path_yaw_applied=false path_profile=0 crouch_yaw_err=0.0deg crouch_yaw_corr=0.000 crouch_yaw_applied=false crouch_fwd_bias=0.000 crouch_fwd_applied=false same_dir_turn=false opp_turn_shape=false uphill_segment=false uphill_seg_floor=false uphill_roll_floor=false min_step_floor=false override=true timeout=false serial=[0,0.000,0.000]
[0m
[INFO] [1783999286.527893964] [cmd_vel_to_serial]: [0;96mserial tx: [0,0.000,0.000]
[0m
[INFO] [1783999288.105455644] [cmd_vel_to_serial]: [1;35mstep_debug mode=0 vx=0.000 wz=0.000 left_m=0.0000 right_m=0.0000 fwd_m=0.0000 step_yaw=0.0000 left_norm=0.000 right_norm=0.000 odom_y=12.893 odom_roll=0.0deg goal_y_err=0.000 odom_corr=0.000 odom_corr_applied=false path_lat_err=0.000 path_corr=0.000 path_corr_applied=false path_yaw_err=0.0deg path_yaw_corr=0.000 path_yaw_applied=false path_profile=0 crouch_yaw_err=0.0deg crouch_yaw_corr=0.000 crouch_yaw_applied=false crouch_fwd_bias=0.000 crouch_fwd_applied=false same_dir_turn=false opp_turn_shape=false uphill_segment=false uphill_seg_floor=false uphill_roll_floor=false min_step_floor=false override=true timeout=false serial=[0,0.000,0.000]
[0m
[INFO] [1783999288.546398346] [cmd_vel_to_serial]: [0;96mserial tx: [0,0.000,0.000]
[0m
[INFO] [1783999290.568877948] [cmd_vel_to_serial]: [0;96mserial tx: [0,0.000,0.000]
[0m
[INFO] [1783999291.120904990] [cmd_vel_to_serial]: [1;35mstep_debug mode=0 vx=0.000 wz=0.000 left_m=0.0000 right_m=0.0000 fwd_m=0.0000 step_yaw=0.0000 left_norm=0.000 right_norm=0.000 odom_y=12.893 odom_roll=0.0deg goal_y_err=0.000 odom_corr=0.000 odom_corr_applied=false path_lat_err=0.000 path_corr=0.000 path_corr_applied=false path_yaw_err=0.0deg path_yaw_corr=0.000 path_yaw_applied=false path_profile=0 crouch_yaw_err=0.0deg crouch_yaw_corr=0.000 crouch_yaw_applied=false crouch_fwd_bias=0.000 crouch_fwd_applied=false same_dir_turn=false opp_turn_shape=false uphill_segment=false uphill_seg_floor=false uphill_roll_floor=false min_step_floor=false override=true timeout=false serial=[0,0.000,0.000]
[0m
[INFO] [1783999292.594595796] [cmd_vel_to_serial]: [0;96mserial tx: [0,0.000,0.000]
[0m
[INFO] [1783999294.143213214] [cmd_vel_to_serial]: [1;35mstep_debug mode=0 vx=0.000 wz=0.000 left_m=0.0000 right_m=0.0000 fwd_m=0.0000 step_yaw=0.0000 left_norm=0.000 right_norm=0.000 odom_y=12.893 odom_roll=0.0deg goal_y_err=0.000 odom_corr=0.000 odom_corr_applied=false path_lat_err=0.000 path_corr=0.000 path_corr_applied=false path_yaw_err=0.0deg path_yaw_corr=0.000 path_yaw_applied=false path_profile=0 crouch_yaw_err=0.0deg crouch_yaw_corr=0.000 crouch_yaw_applied=false crouch_fwd_bias=0.000 crouch_fwd_applied=false same_dir_turn=false opp_turn_shape=false uphill_segment=false uphill_seg_floor=false uphill_roll_floor=false min_step_floor=false override=true timeout=false serial=[0,0.000,0.000]
[0m
[INFO] [1783999294.622749217] [cmd_vel_to_serial]: [0;96mserial tx: [0,0.000,0.000]
[0m
[INFO] [1783999296.652792974] [cmd_vel_to_serial]: [0;96mserial tx: [0,0.000,0.000]
[0m
[INFO] [1783999297.169815934] [cmd_vel_to_serial]: [1;35mstep_debug mode=0 vx=0.000 wz=0.000 left_m=0.0000 right_m=0.0000 fwd_m=0.0000 step_yaw=0.0000 left_norm=0.000 right_norm=0.000 odom_y=12.893 odom_roll=0.0deg goal_y_err=0.000 odom_corr=0.000 odom_corr_applied=false path_lat_err=0.000 path_corr=0.000 path_corr_applied=false path_yaw_err=0.0deg path_yaw_corr=0.000 path_yaw_applied=false path_profile=0 crouch_yaw_err=0.0deg crouch_yaw_corr=0.000 crouch_yaw_applied=false crouch_fwd_bias=0.000 crouch_fwd_applied=false same_dir_turn=false opp_turn_shape=false uphill_segment=false uphill_seg_floor=false uphill_roll_floor=false min_step_floor=false override=true timeout=false serial=[0,0.000,0.000]
[0m
[INFO] [1783999298.684317904] [cmd_vel_to_serial]: [0;96mserial tx: [0,0.000,0.000]
[0m
[INFO] [1783999300.199401372] [cmd_vel_to_serial]: [1;35mstep_debug mode=0 vx=0.000 wz=0.000 left_m=0.0000 right_m=0.0000 fwd_m=0.0000 step_yaw=0.0000 left_norm=0.000 right_norm=0.000 odom_y=12.893 odom_roll=0.0deg goal_y_err=0.000 odom_corr=0.000 odom_corr_applied=false path_lat_err=0.000 path_corr=0.000 path_corr_applied=false path_yaw_err=0.0deg path_yaw_corr=0.000 path_yaw_applied=false path_profile=0 crouch_yaw_err=0.0deg crouch_yaw_corr=0.000 crouch_yaw_applied=false crouch_fwd_bias=0.000 crouch_fwd_applied=false same_dir_turn=false opp_turn_shape=false uphill_segment=false uphill_seg_floor=false uphill_roll_floor=false min_step_floor=false override=true timeout=false serial=[0,0.000,0.000]
[0m
[INFO] [1783999300.716880688] [cmd_vel_to_serial]: [0;96mserial tx: [0,0.000,0.000]
[0m
[INFO] [1783999302.750256249] [cmd_vel_to_serial]: [0;96mserial tx: [0,0.000,0.000]
[0m
[INFO] [1783999303.231047051] [cmd_vel_to_serial]: [1;35mstep_debug mode=0 vx=0.000 wz=0.000 left_m=0.0000 right_m=0.0000 fwd_m=0.0000 step_yaw=0.0000 left_norm=0.000 right_norm=0.000 odom_y=12.893 odom_roll=0.0deg goal_y_err=0.000 odom_corr=0.000 odom_corr_applied=false path_lat_err=0.000 path_corr=0.000 path_corr_applied=false path_yaw_err=0.0deg path_yaw_corr=0.000 path_yaw_applied=false path_profile=0 crouch_yaw_err=0.0deg crouch_yaw_corr=0.000 crouch_yaw_applied=false crouch_fwd_bias=0.000 crouch_fwd_applied=false same_dir_turn=false opp_turn_shape=false uphill_segment=false uphill_seg_floor=false uphill_roll_floor=false min_step_floor=false override=true timeout=false serial=[0,0.000,0.000]
[0m
[INFO] [1783999304.784251004] [cmd_vel_to_serial]: [0;96mserial tx: [0,0.000,0.000]
[0m
[INFO] [1783999306.263865549] [cmd_vel_to_serial]: [1;35mstep_debug mode=0 vx=0.000 wz=0.000 left_m=0.0000 right_m=0.0000 fwd_m=0.0000 step_yaw=0.0000 left_norm=0.000 right_norm=0.000 odom_y=12.893 odom_roll=0.0deg goal_y_err=0.000 odom_corr=0.000 odom_corr_applied=false path_lat_err=0.000 path_corr=0.000 path_corr_applied=false path_yaw_err=0.0deg path_yaw_corr=0.000 path_yaw_applied=false path_profile=0 crouch_yaw_err=0.0deg crouch_yaw_corr=0.000 crouch_yaw_applied=false crouch_fwd_bias=0.000 crouch_fwd_applied=false same_dir_turn=false opp_turn_shape=false uphill_segment=false uphill_seg_floor=false uphill_roll_floor=false min_step_floor=false override=true timeout=false serial=[0,0.000,0.000]
[0m
[INFO] [1783999306.818692856] [cmd_vel_to_serial]: [0;96mserial tx: [0,0.000,0.000]
[0m
[INFO] [1783999308.853536416] [cmd_vel_to_serial]: [0;96mserial tx: [0,0.000,0.000]
[0m
[INFO] [1783999309.297560661] [cmd_vel_to_serial]: [1;35mstep_debug mode=0 vx=0.000 wz=0.000 left_m=0.0000 right_m=0.0000 fwd_m=0.0000 step_yaw=0.0000 left_norm=0.000 right_norm=0.000 odom_y=12.893 odom_roll=0.0deg goal_y_err=0.000 odom_corr=0.000 odom_corr_applied=false path_lat_err=0.000 path_corr=0.000 path_corr_applied=false path_yaw_err=0.0deg path_yaw_corr=0.000 path_yaw_applied=false path_profile=0 crouch_yaw_err=0.0deg crouch_yaw_corr=0.000 crouch_yaw_applied=false crouch_fwd_bias=0.000 crouch_fwd_applied=false same_dir_turn=false opp_turn_shape=false uphill_segment=false uphill_seg_floor=false uphill_roll_floor=false min_step_floor=false override=true timeout=false serial=[0,0.000,0.000]
[0m
[INFO] [1783999310.888691567] [cmd_vel_to_serial]: [0;96mserial tx: [0,0.000,0.000]
[0m
[INFO] [1783999312.331975718] [cmd_vel_to_serial]: [1;35mstep_debug mode=0 vx=0.000 wz=0.000 left_m=0.0000 right_m=0.0000 fwd_m=0.0000 step_yaw=0.0000 left_norm=0.000 right_norm=0.000 odom_y=12.893 odom_roll=0.0deg goal_y_err=0.000 odom_corr=0.000 odom_corr_applied=false path_lat_err=0.000 path_corr=0.000 path_corr_applied=false path_yaw_err=0.0deg path_yaw_corr=0.000 path_yaw_applied=false path_profile=0 crouch_yaw_err=0.0deg crouch_yaw_corr=0.000 crouch_yaw_applied=false crouch_fwd_bias=0.000 crouch_fwd_applied=false same_dir_turn=false opp_turn_shape=false uphill_segment=false uphill_seg_floor=false uphill_roll_floor=false min_step_floor=false override=true timeout=false serial=[0,0.000,0.000]
[0m
[INFO] [1783999312.924046504] [cmd_vel_to_serial]: [0;96mserial tx: [0,0.000,0.000]
[0m
[INFO] [1783999314.959491151] [cmd_vel_to_serial]: [0;96mserial tx: [0,0.000,0.000]
[0m
[INFO] [1783999315.366658763] [cmd_vel_to_serial]: [1;35mstep_debug mode=0 vx=0.000 wz=0.000 left_m=0.0000 right_m=0.0000 fwd_m=0.0000 step_yaw=0.0000 left_norm=0.000 right_norm=0.000 odom_y=12.893 odom_roll=0.0deg goal_y_err=0.000 odom_corr=0.000 odom_corr_applied=false path_lat_err=0.000 path_corr=0.000 path_corr_applied=false path_yaw_err=0.0deg path_yaw_corr=0.000 path_yaw_applied=false path_profile=0 crouch_yaw_err=0.0deg crouch_yaw_corr=0.000 crouch_yaw_applied=false crouch_fwd_bias=0.000 crouch_fwd_applied=false same_dir_turn=false opp_turn_shape=false uphill_segment=false uphill_seg_floor=false uphill_roll_floor=false min_step_floor=false override=true timeout=false serial=[0,0.000,0.000]
[0m
[INFO] [1783999316.995319198] [cmd_vel_to_serial]: [0;96mserial tx: [0,0.000,0.000]
[0m
[INFO] [1783999318.369565745] [cmd_vel_to_serial]: [1;35mstep_debug mode=0 vx=0.000 wz=0.000 left_m=0.0000 right_m=0.0000 fwd_m=0.0000 step_yaw=0.0000 left_norm=0.000 right_norm=0.000 odom_y=12.893 odom_roll=0.0deg goal_y_err=0.000 odom_corr=0.000 odom_corr_applied=false path_lat_err=0.000 path_corr=0.000 path_corr_applied=false path_yaw_err=0.0deg path_yaw_corr=0.000 path_yaw_applied=false path_profile=0 crouch_yaw_err=0.0deg crouch_yaw_corr=0.000 crouch_yaw_applied=false crouch_fwd_bias=0.000 crouch_fwd_applied=false same_dir_turn=false opp_turn_shape=false uphill_segment=false uphill_seg_floor=false uphill_roll_floor=false min_step_floor=false override=true timeout=false serial=[0,0.000,0.000]
[0m
[INFO] [1783999319.000937480] [cmd_vel_to_serial]: [0;96mserial tx: [0,0.000,0.000]
[0m
[INFO] [1783999321.005917121] [cmd_vel_to_serial]: [0;96mserial tx: [0,0.000,0.000]
[0m
[INFO] [1783999321.377119195] [cmd_vel_to_serial]: [1;35mstep_debug mode=0 vx=0.000 wz=0.000 left_m=0.0000 right_m=0.0000 fwd_m=0.0000 step_yaw=0.0000 left_norm=0.000 right_norm=0.000 odom_y=12.893 odom_roll=0.0deg goal_y_err=0.000 odom_corr=0.000 odom_corr_applied=false path_lat_err=0.000 path_corr=0.000 path_corr_applied=false path_yaw_err=0.0deg path_yaw_corr=0.000 path_yaw_applied=false path_profile=0 crouch_yaw_err=0.0deg crouch_yaw_corr=0.000 crouch_yaw_applied=false crouch_fwd_bias=0.000 crouch_fwd_applied=false same_dir_turn=false opp_turn_shape=false uphill_segment=false uphill_seg_floor=false uphill_roll_floor=false min_step_floor=false override=true timeout=false serial=[0,0.000,0.000]
[0m
[INFO] [1783999323.010261367] [cmd_vel_to_serial]: [0;96mserial tx: [0,0.000,0.000]
[0m
[INFO] [1783999324.383302877] [cmd_vel_to_serial]: [1;35mstep_debug mode=0 vx=0.000 wz=0.000 left_m=0.0000 right_m=0.0000 fwd_m=0.0000 step_yaw=0.0000 left_norm=0.000 right_norm=0.000 odom_y=12.893 odom_roll=0.0deg goal_y_err=0.000 odom_corr=0.000 odom_corr_applied=false path_lat_err=0.000 path_corr=0.000 path_corr_applied=false path_yaw_err=0.0deg path_yaw_corr=0.000 path_yaw_applied=false path_profile=0 crouch_yaw_err=0.0deg crouch_yaw_corr=0.000 crouch_yaw_applied=false crouch_fwd_bias=0.000 crouch_fwd_applied=false same_dir_turn=false opp_turn_shape=false uphill_segment=false uphill_seg_floor=false uphill_roll_floor=false min_step_floor=false override=true timeout=false serial=[0,0.000,0.000]
[0m
[INFO] [1783999325.014111964] [cmd_vel_to_serial]: [0;96mserial tx: [0,0.000,0.000]
[0m
[INFO] [1783999327.017433936] [cmd_vel_to_serial]: [0;96mserial tx: [0,0.000,0.000]
[0m
[INFO] [1783999327.388357256] [cmd_vel_to_serial]: [1;35mstep_debug mode=0 vx=0.000 wz=0.000 left_m=0.0000 right_m=0.0000 fwd_m=0.0000 step_yaw=0.0000 left_norm=0.000 right_norm=0.000 odom_y=12.893 odom_roll=0.0deg goal_y_err=0.000 odom_corr=0.000 odom_corr_applied=false path_lat_err=0.000 path_corr=0.000 path_corr_applied=false path_yaw_err=0.0deg path_yaw_corr=0.000 path_yaw_applied=false path_profile=0 crouch_yaw_err=0.0deg crouch_yaw_corr=0.000 crouch_yaw_applied=false crouch_fwd_bias=0.000 crouch_fwd_applied=false same_dir_turn=false opp_turn_shape=false uphill_segment=false uphill_seg_floor=false uphill_roll_floor=false min_step_floor=false override=true timeout=false serial=[0,0.000,0.000]
[0m
[INFO] [1783999329.020356652] [cmd_vel_to_serial]: [0;96mserial tx: [0,0.000,0.000]
[0m
[INFO] [1783999330.392450285] [cmd_vel_to_serial]: [1;35mstep_debug mode=0 vx=0.000 wz=0.000 left_m=0.0000 right_m=0.0000 fwd_m=0.0000 step_yaw=0.0000 left_norm=0.000 right_norm=0.000 odom_y=12.893 odom_roll=0.0deg goal_y_err=0.000 odom_corr=0.000 odom_corr_applied=false path_lat_err=0.000 path_corr=0.000 path_corr_applied=false path_yaw_err=0.0deg path_yaw_corr=0.000 path_yaw_applied=false path_profile=0 crouch_yaw_err=0.0deg crouch_yaw_corr=0.000 crouch_yaw_applied=false crouch_fwd_bias=0.000 crouch_fwd_applied=false same_dir_turn=false opp_turn_shape=false uphill_segment=false uphill_seg_floor=false uphill_roll_floor=false min_step_floor=false override=true timeout=false serial=[0,0.000,0.000]
[0m
[INFO] [1783999331.022849343] [cmd_vel_to_serial]: [0;96mserial tx: [0,0.000,0.000]
[0m
[INFO] [1783999333.025027623] [cmd_vel_to_serial]: [0;96mserial tx: [0,0.000,0.000]
[0m
[INFO] [1783999333.395771146] [cmd_vel_to_serial]: [1;35mstep_debug mode=0 vx=0.000 wz=0.000 left_m=0.0000 right_m=0.0000 fwd_m=0.0000 step_yaw=0.0000 left_norm=0.000 right_norm=0.000 odom_y=12.893 odom_roll=0.0deg goal_y_err=0.000 odom_corr=0.000 odom_corr_applied=false path_lat_err=0.000 path_corr=0.000 path_corr_applied=false path_yaw_err=0.0deg path_yaw_corr=0.000 path_yaw_applied=false path_profile=0 crouch_yaw_err=0.0deg crouch_yaw_corr=0.000 crouch_yaw_applied=false crouch_fwd_bias=0.000 crouch_fwd_applied=false same_dir_turn=false opp_turn_shape=false uphill_segment=false uphill_seg_floor=false uphill_roll_floor=false min_step_floor=false override=true timeout=false serial=[0,0.000,0.000]
[0m
[INFO] [1783999335.026910505] [cmd_vel_to_serial]: [0;96mserial tx: [0,0.000,0.000]
[0m
[INFO] [1783999336.398433585] [cmd_vel_to_serial]: [1;35mstep_debug mode=0 vx=0.000 wz=0.000 left_m=0.0000 right_m=0.0000 fwd_m=0.0000 step_yaw=0.0000 left_norm=0.000 right_norm=0.000 odom_y=12.893 odom_roll=0.0deg goal_y_err=0.000 odom_corr=0.000 odom_corr_applied=false path_lat_err=0.000 path_corr=0.000 path_corr_applied=false path_yaw_err=0.0deg path_yaw_corr=0.000 path_yaw_applied=false path_profile=0 crouch_yaw_err=0.0deg crouch_yaw_corr=0.000 crouch_yaw_applied=false crouch_fwd_bias=0.000 crouch_fwd_applied=false same_dir_turn=false opp_turn_shape=false uphill_segment=false uphill_seg_floor=false uphill_roll_floor=false min_step_floor=false override=true timeout=false serial=[0,0.000,0.000]
[0m
[INFO] [1783999337.028573617] [cmd_vel_to_serial]: [0;96mserial tx: [0,0.000,0.000]
[0m
[INFO] [1783999339.029971484] [cmd_vel_to_serial]: [0;96mserial tx: [0,0.000,0.000]
[0m
[INFO] [1783999339.400662203] [cmd_vel_to_serial]: [1;35mstep_debug mode=0 vx=0.000 wz=0.000 left_m=0.0000 right_m=0.0000 fwd_m=0.0000 step_yaw=0.0000 left_norm=0.000 right_norm=0.000 odom_y=12.893 odom_roll=0.0deg goal_y_err=0.000 odom_corr=0.000 odom_corr_applied=false path_lat_err=0.000 path_corr=0.000 path_corr_applied=false path_yaw_err=0.0deg path_yaw_corr=0.000 path_yaw_applied=false path_profile=0 crouch_yaw_err=0.0deg crouch_yaw_corr=0.000 crouch_yaw_applied=false crouch_fwd_bias=0.000 crouch_fwd_applied=false same_dir_turn=false opp_turn_shape=false uphill_segment=false uphill_seg_floor=false uphill_roll_floor=false min_step_floor=false override=true timeout=false serial=[0,0.000,0.000]
[0m
[INFO] [1783999341.031162857] [cmd_vel_to_serial]: [0;96mserial tx: [0,0.000,0.000]
[0m
[INFO] [1783999342.402256487] [cmd_vel_to_serial]: [1;35mstep_debug mode=0 vx=0.000 wz=0.000 left_m=0.0000 right_m=0.0000 fwd_m=0.0000 step_yaw=0.0000 left_norm=0.000 right_norm=0.000 odom_y=12.893 odom_roll=0.0deg goal_y_err=0.000 odom_corr=0.000 odom_corr_applied=false path_lat_err=0.000 path_corr=0.000 path_corr_applied=false path_yaw_err=0.0deg path_yaw_corr=0.000 path_yaw_applied=false path_profile=0 crouch_yaw_err=0.0deg crouch_yaw_corr=0.000 crouch_yaw_applied=false crouch_fwd_bias=0.000 crouch_fwd_applied=false same_dir_turn=false opp_turn_shape=false uphill_segment=false uphill_seg_floor=false uphill_roll_floor=false min_step_floor=false override=true timeout=false serial=[0,0.000,0.000]
[0m
[INFO] [1783999343.032199028] [cmd_vel_to_serial]: [0;96mserial tx: [0,0.000,0.000]
[0m
[INFO] [1783999345.033094639] [cmd_vel_to_serial]: [0;96mserial tx: [0,0.000,0.000]
[0m
[INFO] [1783999345.403589441] [cmd_vel_to_serial]: [1;35mstep_debug mode=0 vx=0.000 wz=0.000 left_m=0.0000 right_m=0.0000 fwd_m=0.0000 step_yaw=0.0000 left_norm=0.000 right_norm=0.000 odom_y=12.893 odom_roll=0.0deg goal_y_err=0.000 odom_corr=0.000 odom_corr_applied=false path_lat_err=0.000 path_corr=0.000 path_corr_applied=false path_yaw_err=0.0deg path_yaw_corr=0.000 path_yaw_applied=false path_profile=0 crouch_yaw_err=0.0deg crouch_yaw_corr=0.000 crouch_yaw_applied=false crouch_fwd_bias=0.000 crouch_fwd_applied=false same_dir_turn=false opp_turn_shape=false uphill_segment=false uphill_seg_floor=false uphill_roll_floor=false min_step_floor=false override=true timeout=false serial=[0,0.000,0.000]
[0m
[INFO] [1783999347.033806148] [cmd_vel_to_serial]: [0;96mserial tx: [0,0.000,0.000]
[0m
[INFO] [1783999348.404630359] [cmd_vel_to_serial]: [1;35mstep_debug mode=0 vx=0.000 wz=0.000 left_m=0.0000 right_m=0.0000 fwd_m=0.0000 step_yaw=0.0000 left_norm=0.000 right_norm=0.000 odom_y=12.893 odom_roll=0.0deg goal_y_err=0.000 odom_corr=0.000 odom_corr_applied=false path_lat_err=0.000 path_corr=0.000 path_corr_applied=false path_yaw_err=0.0deg path_yaw_corr=0.000 path_yaw_applied=false path_profile=0 crouch_yaw_err=0.0deg crouch_yaw_corr=0.000 crouch_yaw_applied=false crouch_fwd_bias=0.000 crouch_fwd_applied=false same_dir_turn=false opp_turn_shape=false uphill_segment=false uphill_seg_floor=false uphill_roll_floor=false min_step_floor=false override=true timeout=false serial=[0,0.000,0.000]
[0m
[INFO] [1783999349.034440286] [cmd_vel_to_serial]: [0;96mserial tx: [0,0.000,0.000]
[0m
[INFO] [1783999351.034966317] [cmd_vel_to_serial]: [0;96mserial tx: [0,0.000,0.000]
[0m
[INFO] [1783999351.405425015] [cmd_vel_to_serial]: [1;35mstep_debug mode=0 vx=0.000 wz=0.000 left_m=0.0000 right_m=0.0000 fwd_m=0.0000 step_yaw=0.0000 left_norm=0.000 right_norm=0.000 odom_y=12.893 odom_roll=0.0deg goal_y_err=0.000 odom_corr=0.000 odom_corr_applied=false path_lat_err=0.000 path_corr=0.000 path_corr_applied=false path_yaw_err=0.0deg path_yaw_corr=0.000 path_yaw_applied=false path_profile=0 crouch_yaw_err=0.0deg crouch_yaw_corr=0.000 crouch_yaw_applied=false crouch_fwd_bias=0.000 crouch_fwd_applied=false same_dir_turn=false opp_turn_shape=false uphill_segment=false uphill_seg_floor=false uphill_roll_floor=false min_step_floor=false override=true timeout=false serial=[0,0.000,0.000]
[0m
[INFO] [1783999353.035401406] [cmd_vel_to_serial]: [0;96mserial tx: [0,0.000,0.000]
[0m
[INFO] [1783999354.406016790] [cmd_vel_to_serial]: [1;35mstep_debug mode=0 vx=0.000 wz=0.000 left_m=0.0000 right_m=0.0000 fwd_m=0.0000 step_yaw=0.0000 left_norm=0.000 right_norm=0.000 odom_y=12.893 odom_roll=0.0deg goal_y_err=0.000 odom_corr=0.000 odom_corr_applied=false path_lat_err=0.000 path_corr=0.000 path_corr_applied=false path_yaw_err=0.0deg path_yaw_corr=0.000 path_yaw_applied=false path_profile=0 crouch_yaw_err=0.0deg crouch_yaw_corr=0.000 crouch_yaw_applied=false crouch_fwd_bias=0.000 crouch_fwd_applied=false same_dir_turn=false opp_turn_shape=false uphill_segment=false uphill_seg_floor=false uphill_roll_floor=false min_step_floor=false override=true timeout=false serial=[0,0.000,0.000]
[0m
[INFO] [1783999355.035751720] [cmd_vel_to_serial]: [0;96mserial tx: [0,0.000,0.000]
[0m
[INFO] [1783999357.036027537] [cmd_vel_to_serial]: [0;96mserial tx: [0,0.000,0.000]
[0m
[INFO] [1783999357.406448777] [cmd_vel_to_serial]: [1;35mstep_debug mode=0 vx=0.000 wz=0.000 left_m=0.0000 right_m=0.0000 fwd_m=0.0000 step_yaw=0.0000 left_norm=0.000 right_norm=0.000 odom_y=12.893 odom_roll=0.0deg goal_y_err=0.000 odom_corr=0.000 odom_corr_applied=false path_lat_err=0.000 path_corr=0.000 path_corr_applied=false path_yaw_err=0.0deg path_yaw_corr=0.000 path_yaw_applied=false path_profile=0 crouch_yaw_err=0.0deg crouch_yaw_corr=0.000 crouch_yaw_applied=false crouch_fwd_bias=0.000 crouch_fwd_applied=false same_dir_turn=false opp_turn_shape=false uphill_segment=false uphill_seg_floor=false uphill_roll_floor=false min_step_floor=false override=true timeout=false serial=[0,0.000,0.000]
[0m
[INFO] [1783999359.036246417] [cmd_vel_to_serial]: [0;96mserial tx: [0,0.000,0.000]
[0m
[INFO] [1783999360.406780326] [cmd_vel_to_serial]: [1;35mstep_debug mode=0 vx=0.000 wz=0.000 left_m=0.0000 right_m=0.0000 fwd_m=0.0000 step_yaw=0.0000 left_norm=0.000 right_norm=0.000 odom_y=12.893 odom_roll=0.0deg goal_y_err=0.000 odom_corr=0.000 odom_corr_applied=false path_lat_err=0.000 path_corr=0.000 path_corr_applied=false path_yaw_err=0.0deg path_yaw_corr=0.000 path_yaw_applied=false path_profile=0 crouch_yaw_err=0.0deg crouch_yaw_corr=0.000 crouch_yaw_applied=false crouch_fwd_bias=0.000 crouch_fwd_applied=false same_dir_turn=false opp_turn_shape=false uphill_segment=false uphill_seg_floor=false uphill_roll_floor=false min_step_floor=false override=true timeout=false serial=[0,0.000,0.000]
[0m
[INFO] [1783999361.036425452] [cmd_vel_to_serial]: [0;96mserial tx: [0,0.000,0.000]
[0m
[INFO] [1783999363.036531680] [cmd_vel_to_serial]: [0;96mserial tx: [0,0.000,0.000]
[0m
[INFO] [1783999363.407006694] [cmd_vel_to_serial]: [1;35mstep_debug mode=0 vx=0.000 wz=0.000 left_m=0.0000 right_m=0.0000 fwd_m=0.0000 step_yaw=0.0000 left_norm=0.000 right_norm=0.000 odom_y=12.893 odom_roll=0.0deg goal_y_err=0.000 odom_corr=0.000 odom_corr_applied=false path_lat_err=0.000 path_corr=0.000 path_corr_applied=false path_yaw_err=0.0deg path_yaw_corr=0.000 path_yaw_applied=false path_profile=0 crouch_yaw_err=0.0deg crouch_yaw_corr=0.000 crouch_yaw_applied=false crouch_fwd_bias=0.000 crouch_fwd_applied=false same_dir_turn=false opp_turn_shape=false uphill_segment=false uphill_seg_floor=false uphill_roll_floor=false min_step_floor=false override=true timeout=false serial=[0,0.000,0.000]
[0m
[INFO] [1783999365.036602592] [cmd_vel_to_serial]: [0;96mserial tx: [0,0.000,0.000]
[0m
[INFO] [1783999366.407052106] [cmd_vel_to_serial]: [1;35mstep_debug mode=0 vx=0.000 wz=0.000 left_m=0.0000 right_m=0.0000 fwd_m=0.0000 step_yaw=0.0000 left_norm=0.000 right_norm=0.000 odom_y=12.893 odom_roll=0.0deg goal_y_err=0.000 odom_corr=0.000 odom_corr_applied=false path_lat_err=0.000 path_corr=0.000 path_corr_applied=false path_yaw_err=0.0deg path_yaw_corr=0.000 path_yaw_applied=false path_profile=0 crouch_yaw_err=0.0deg crouch_yaw_corr=0.000 crouch_yaw_applied=false crouch_fwd_bias=0.000 crouch_fwd_applied=false same_dir_turn=false opp_turn_shape=false uphill_segment=false uphill_seg_floor=false uphill_roll_floor=false min_step_floor=false override=true timeout=false serial=[0,0.000,0.000]
[0m
[INFO] [1783999367.036663172] [cmd_vel_to_serial]: [0;96mserial tx: [0,0.000,0.000]
[0m
[INFO] [1783999369.036666321] [cmd_vel_to_serial]: [0;96mserial tx: [0,0.000,0.000]
[0m
[INFO] [1783999369.444051878] [cmd_vel_to_serial]: [1;35mstep_debug mode=0 vx=0.000 wz=0.000 left_m=0.0000 right_m=0.0000 fwd_m=0.0000 step_yaw=0.0000 left_norm=0.000 right_norm=0.000 odom_y=12.893 odom_roll=0.0deg goal_y_err=0.000 odom_corr=0.000 odom_corr_applied=false path_lat_err=0.000 path_corr=0.000 path_corr_applied=false path_yaw_err=0.0deg path_yaw_corr=0.000 path_yaw_applied=false path_profile=0 crouch_yaw_err=0.0deg crouch_yaw_corr=0.000 crouch_yaw_applied=false crouch_fwd_bias=0.000 crouch_fwd_applied=false same_dir_turn=false opp_turn_shape=false uphill_segment=false uphill_seg_floor=false uphill_roll_floor=false min_step_floor=false override=true timeout=false serial=[0,0.000,0.000]
[0m
[INFO] [1783999371.073659813] [cmd_vel_to_serial]: [0;96mserial tx: [0,0.000,0.000]
[0m
[INFO] [1783999372.481166212] [cmd_vel_to_serial]: [1;35mstep_debug mode=0 vx=0.000 wz=0.000 left_m=0.0000 right_m=0.0000 fwd_m=0.0000 step_yaw=0.0000 left_norm=0.000 right_norm=0.000 odom_y=12.893 odom_roll=0.0deg goal_y_err=0.000 odom_corr=0.000 odom_corr_applied=false path_lat_err=0.000 path_corr=0.000 path_corr_applied=false path_yaw_err=0.0deg path_yaw_corr=0.000 path_yaw_applied=false path_profile=0 crouch_yaw_err=0.0deg crouch_yaw_corr=0.000 crouch_yaw_applied=false crouch_fwd_bias=0.000 crouch_fwd_applied=false same_dir_turn=false opp_turn_shape=false uphill_segment=false uphill_seg_floor=false uphill_roll_floor=false min_step_floor=false override=true timeout=false serial=[0,0.000,0.000]
[0m
[INFO] [1783999373.110666584] [cmd_vel_to_serial]: [0;96mserial tx: [0,0.000,0.000]
[0m
[INFO] [1783999375.148765694] [cmd_vel_to_serial]: [0;96mserial tx: [0,0.000,0.000]
[0m
[INFO] [1783999375.517974940] [cmd_vel_to_serial]: [1;35mstep_debug mode=0 vx=0.000 wz=0.000 left_m=0.0000 right_m=0.0000 fwd_m=0.0000 step_yaw=0.0000 left_norm=0.000 right_norm=0.000 odom_y=12.893 odom_roll=0.0deg goal_y_err=0.000 odom_corr=0.000 odom_corr_applied=false path_lat_err=0.000 path_corr=0.000 path_corr_applied=false path_yaw_err=0.0deg path_yaw_corr=0.000 path_yaw_applied=false path_profile=0 crouch_yaw_err=0.0deg crouch_yaw_corr=0.000 crouch_yaw_applied=false crouch_fwd_bias=0.000 crouch_fwd_applied=false same_dir_turn=false opp_turn_shape=false uphill_segment=false uphill_seg_floor=false uphill_roll_floor=false min_step_floor=false override=true timeout=false serial=[0,0.000,0.000]
[0m
[INFO] [1783999377.184626477] [cmd_vel_to_serial]: [0;96mserial tx: [0,0.000,0.000]
[0m
[INFO] [1783999378.554883003] [cmd_vel_to_serial]: [1;35mstep_debug mode=0 vx=0.000 wz=0.000 left_m=0.0000 right_m=0.0000 fwd_m=0.0000 step_yaw=0.0000 left_norm=0.000 right_norm=0.000 odom_y=12.893 odom_roll=0.0deg goal_y_err=0.000 odom_corr=0.000 odom_corr_applied=false path_lat_err=0.000 path_corr=0.000 path_corr_applied=false path_yaw_err=0.0deg path_yaw_corr=0.000 path_yaw_applied=false path_profile=0 crouch_yaw_err=0.0deg crouch_yaw_corr=0.000 crouch_yaw_applied=false crouch_fwd_bias=0.000 crouch_fwd_applied=false same_dir_turn=false opp_turn_shape=false uphill_segment=false uphill_seg_floor=false uphill_roll_floor=false min_step_floor=false override=true timeout=false serial=[0,0.000,0.000]
[0m
[INFO] [1783999379.221483283] [cmd_vel_to_serial]: [0;96mserial tx: [0,0.000,0.000]
[0m
[INFO] [1783999381.258431925] [cmd_vel_to_serial]: [0;96mserial tx: [0,0.000,0.000]
[0m
[INFO] [1783999381.555191578] [cmd_vel_to_serial]: [1;35mstep_debug mode=0 vx=0.000 wz=0.000 left_m=0.0000 right_m=0.0000 fwd_m=0.0000 step_yaw=0.0000 left_norm=0.000 right_norm=0.000 odom_y=12.893 odom_roll=0.0deg goal_y_err=0.000 odom_corr=0.000 odom_corr_applied=false path_lat_err=0.000 path_corr=0.000 path_corr_applied=false path_yaw_err=0.0deg path_yaw_corr=0.000 path_yaw_applied=false path_profile=0 crouch_yaw_err=0.0deg crouch_yaw_corr=0.000 crouch_yaw_applied=false crouch_fwd_bias=0.000 crouch_fwd_applied=false same_dir_turn=false opp_turn_shape=false uphill_segment=false uphill_seg_floor=false uphill_roll_floor=false min_step_floor=false override=true timeout=false serial=[0,0.000,0.000]
[0m
[INFO] [1783999383.285405073] [cmd_vel_to_serial]: [0;96mserial tx: [0,0.000,0.000]
[0m
[INFO] [1783999384.572758780] [cmd_vel_to_serial]: [1;35mstep_debug mode=0 vx=0.000 wz=0.000 left_m=0.0000 right_m=0.0000 fwd_m=0.0000 step_yaw=0.0000 left_norm=0.000 right_norm=0.000 odom_y=12.893 odom_roll=0.0deg goal_y_err=0.000 odom_corr=0.000 odom_corr_applied=false path_lat_err=0.000 path_corr=0.000 path_corr_applied=false path_yaw_err=0.0deg path_yaw_corr=0.000 path_yaw_applied=false path_profile=0 crouch_yaw_err=0.0deg crouch_yaw_corr=0.000 crouch_yaw_applied=false crouch_fwd_bias=0.000 crouch_fwd_applied=false same_dir_turn=false opp_turn_shape=false uphill_segment=false uphill_seg_floor=false uphill_roll_floor=false min_step_floor=false override=true timeout=false serial=[0,0.000,0.000]
[0m
[INFO] [1783999385.308626428] [cmd_vel_to_serial]: [0;96mserial tx: [0,0.000,0.000]
[0m
[INFO] [1783999387.333176099] [cmd_vel_to_serial]: [0;96mserial tx: [0,0.000,0.000]
[0m
[INFO] [1783999387.590902703] [cmd_vel_to_serial]: [1;35mstep_debug mode=0 vx=0.000 wz=0.000 left_m=0.0000 right_m=0.0000 fwd_m=0.0000 step_yaw=0.0000 left_norm=0.000 right_norm=0.000 odom_y=12.893 odom_roll=0.0deg goal_y_err=0.000 odom_corr=0.000 odom_corr_applied=false path_lat_err=0.000 path_corr=0.000 path_corr_applied=false path_yaw_err=0.0deg path_yaw_corr=0.000 path_yaw_applied=false path_profile=0 crouch_yaw_err=0.0deg crouch_yaw_corr=0.000 crouch_yaw_applied=false crouch_fwd_bias=0.000 crouch_fwd_applied=false same_dir_turn=false opp_turn_shape=false uphill_segment=false uphill_seg_floor=false uphill_roll_floor=false min_step_floor=false override=true timeout=false serial=[0,0.000,0.000]
[0m
[INFO] [1783999389.359133327] [cmd_vel_to_serial]: [0;96mserial tx: [0,0.000,0.000]
[0m
[INFO] [1783999390.612303886] [cmd_vel_to_serial]: [1;35mstep_debug mode=0 vx=0.000 wz=0.000 left_m=0.0000 right_m=0.0000 fwd_m=0.0000 step_yaw=0.0000 left_norm=0.000 right_norm=0.000 odom_y=12.893 odom_roll=0.0deg goal_y_err=0.000 odom_corr=0.000 odom_corr_applied=false path_lat_err=0.000 path_corr=0.000 path_corr_applied=false path_yaw_err=0.0deg path_yaw_corr=0.000 path_yaw_applied=false path_profile=0 crouch_yaw_err=0.0deg crouch_yaw_corr=0.000 crouch_yaw_applied=false crouch_fwd_bias=0.000 crouch_fwd_applied=false same_dir_turn=false opp_turn_shape=false uphill_segment=false uphill_seg_floor=false uphill_roll_floor=false min_step_floor=false override=true timeout=false serial=[0,0.000,0.000]
[0m
[INFO] [1783999391.386359684] [cmd_vel_to_serial]: [0;96mserial tx: [0,0.000,0.000]
[0m
[INFO] [1783999393.414780558] [cmd_vel_to_serial]: [0;96mserial tx: [0,0.000,0.000]
[0m
[INFO] [1783999393.636069928] [cmd_vel_to_serial]: [1;35mstep_debug mode=0 vx=0.000 wz=0.000 left_m=0.0000 right_m=0.0000 fwd_m=0.0000 step_yaw=0.0000 left_norm=0.000 right_norm=0.000 odom_y=12.893 odom_roll=0.0deg goal_y_err=0.000 odom_corr=0.000 odom_corr_applied=false path_lat_err=0.000 path_corr=0.000 path_corr_applied=false path_yaw_err=0.0deg path_yaw_corr=0.000 path_yaw_applied=false path_profile=0 crouch_yaw_err=0.0deg crouch_yaw_corr=0.000 crouch_yaw_applied=false crouch_fwd_bias=0.000 crouch_fwd_applied=false same_dir_turn=false opp_turn_shape=false uphill_segment=false uphill_seg_floor=false uphill_roll_floor=false min_step_floor=false override=true timeout=false serial=[0,0.000,0.000]
[0m
[INFO] [1783999395.444023139] [cmd_vel_to_serial]: [0;96mserial tx: [0,0.000,0.000]
[0m
[INFO] [1783999396.661930063] [cmd_vel_to_serial]: [1;35mstep_debug mode=0 vx=0.000 wz=0.000 left_m=0.0000 right_m=0.0000 fwd_m=0.0000 step_yaw=0.0000 left_norm=0.000 right_norm=0.000 odom_y=12.893 odom_roll=0.0deg goal_y_err=0.000 odom_corr=0.000 odom_corr_applied=false path_lat_err=0.000 path_corr=0.000 path_corr_applied=false path_yaw_err=0.0deg path_yaw_corr=0.000 path_yaw_applied=false path_profile=0 crouch_yaw_err=0.0deg crouch_yaw_corr=0.000 crouch_yaw_applied=false crouch_fwd_bias=0.000 crouch_fwd_applied=false same_dir_turn=false opp_turn_shape=false uphill_segment=false uphill_seg_floor=false uphill_roll_floor=false min_step_floor=false override=true timeout=false serial=[0,0.000,0.000]
[0m
[INFO] [1783999397.474096757] [cmd_vel_to_serial]: [0;96mserial tx: [0,0.000,0.000]
[0m
[INFO] [1783999399.504886792] [cmd_vel_to_serial]: [0;96mserial tx: [0,0.000,0.000]
[0m
[INFO] [1783999399.689518927] [cmd_vel_to_serial]: [1;35mstep_debug mode=0 vx=0.000 wz=0.000 left_m=0.0000 right_m=0.0000 fwd_m=0.0000 step_yaw=0.0000 left_norm=0.000 right_norm=0.000 odom_y=12.893 odom_roll=0.0deg goal_y_err=0.000 odom_corr=0.000 odom_corr_applied=false path_lat_err=0.000 path_corr=0.000 path_corr_applied=false path_yaw_err=0.0deg path_yaw_corr=0.000 path_yaw_applied=false path_profile=0 crouch_yaw_err=0.0deg crouch_yaw_corr=0.000 crouch_yaw_applied=false crouch_fwd_bias=0.000 crouch_fwd_applied=false same_dir_turn=false opp_turn_shape=false uphill_segment=false uphill_seg_floor=false uphill_roll_floor=false min_step_floor=false override=true timeout=false serial=[0,0.000,0.000]
[0m
[INFO] [1783999401.536351898] [cmd_vel_to_serial]: [0;96mserial tx: [0,0.000,0.000]
[0m
[INFO] [1783999402.718500966] [cmd_vel_to_serial]: [1;35mstep_debug mode=0 vx=0.000 wz=0.000 left_m=0.0000 right_m=0.0000 fwd_m=0.0000 step_yaw=0.0000 left_norm=0.000 right_norm=0.000 odom_y=12.893 odom_roll=0.0deg goal_y_err=0.000 odom_corr=0.000 odom_corr_applied=false path_lat_err=0.000 path_corr=0.000 path_corr_applied=false path_yaw_err=0.0deg path_yaw_corr=0.000 path_yaw_applied=false path_profile=0 crouch_yaw_err=0.0deg crouch_yaw_corr=0.000 crouch_yaw_applied=false crouch_fwd_bias=0.000 crouch_fwd_applied=false same_dir_turn=false opp_turn_shape=false uphill_segment=false uphill_seg_floor=false uphill_roll_floor=false min_step_floor=false override=true timeout=false serial=[0,0.000,0.000]
[0m
[INFO] [1783999403.568360542] [cmd_vel_to_serial]: [0;96mserial tx: [0,0.000,0.000]
[0m
[INFO] [1783999405.601202091] [cmd_vel_to_serial]: [0;96mserial tx: [0,0.000,0.000]
[0m
[INFO] [1783999405.748782411] [cmd_vel_to_serial]: [1;35mstep_debug mode=0 vx=0.000 wz=0.000 left_m=0.0000 right_m=0.0000 fwd_m=0.0000 step_yaw=0.0000 left_norm=0.000 right_norm=0.000 odom_y=12.893 odom_roll=0.0deg goal_y_err=0.000 odom_corr=0.000 odom_corr_applied=false path_lat_err=0.000 path_corr=0.000 path_corr_applied=false path_yaw_err=0.0deg path_yaw_corr=0.000 path_yaw_applied=false path_profile=0 crouch_yaw_err=0.0deg crouch_yaw_corr=0.000 crouch_yaw_applied=false crouch_fwd_bias=0.000 crouch_fwd_applied=false same_dir_turn=false opp_turn_shape=false uphill_segment=false uphill_seg_floor=false uphill_roll_floor=false min_step_floor=false override=true timeout=false serial=[0,0.000,0.000]
[0m
[INFO] [1783999407.633800927] [cmd_vel_to_serial]: [0;96mserial tx: [0,0.000,0.000]
[0m
[INFO] [1783999408.779817279] [cmd_vel_to_serial]: [1;35mstep_debug mode=0 vx=0.000 wz=0.000 left_m=0.0000 right_m=0.0000 fwd_m=0.0000 step_yaw=0.0000 left_norm=0.000 right_norm=0.000 odom_y=12.893 odom_roll=0.0deg goal_y_err=0.000 odom_corr=0.000 odom_corr_applied=false path_lat_err=0.000 path_corr=0.000 path_corr_applied=false path_yaw_err=0.0deg path_yaw_corr=0.000 path_yaw_applied=false path_profile=0 crouch_yaw_err=0.0deg crouch_yaw_corr=0.000 crouch_yaw_applied=false crouch_fwd_bias=0.000 crouch_fwd_applied=false same_dir_turn=false opp_turn_shape=false uphill_segment=false uphill_seg_floor=false uphill_roll_floor=false min_step_floor=false override=true timeout=false serial=[0,0.000,0.000]
[0m
[INFO] [1783999409.667166469] [cmd_vel_to_serial]: [0;96mserial tx: [0,0.000,0.000]
[0m
[INFO] [1783999411.700784114] [cmd_vel_to_serial]: [0;96mserial tx: [0,0.000,0.000]
[0m
[INFO] [1783999411.811736777] [cmd_vel_to_serial]: [1;35mstep_debug mode=0 vx=0.000 wz=0.000 left_m=0.0000 right_m=0.0000 fwd_m=0.0000 step_yaw=0.0000 left_norm=0.000 right_norm=0.000 odom_y=12.893 odom_roll=0.0deg goal_y_err=0.000 odom_corr=0.000 odom_corr_applied=false path_lat_err=0.000 path_corr=0.000 path_corr_applied=false path_yaw_err=0.0deg path_yaw_corr=0.000 path_yaw_applied=false path_profile=0 crouch_yaw_err=0.0deg crouch_yaw_corr=0.000 crouch_yaw_applied=false crouch_fwd_bias=0.000 crouch_fwd_applied=false same_dir_turn=false opp_turn_shape=false uphill_segment=false uphill_seg_floor=false uphill_roll_floor=false min_step_floor=false override=true timeout=false serial=[0,0.000,0.000]
[0m
[INFO] [1783999413.734756533] [cmd_vel_to_serial]: [0;96mserial tx: [0,0.000,0.000]
[0m
[INFO] [1783999414.844298780] [cmd_vel_to_serial]: [1;35mstep_debug mode=0 vx=0.000 wz=0.000 left_m=0.0000 right_m=0.0000 fwd_m=0.0000 step_yaw=0.0000 left_norm=0.000 right_norm=0.000 odom_y=12.893 odom_roll=0.0deg goal_y_err=0.000 odom_corr=0.000 odom_corr_applied=false path_lat_err=0.000 path_corr=0.000 path_corr_applied=false path_yaw_err=0.0deg path_yaw_corr=0.000 path_yaw_applied=false path_profile=0 crouch_yaw_err=0.0deg crouch_yaw_corr=0.000 crouch_yaw_applied=false crouch_fwd_bias=0.000 crouch_fwd_applied=false same_dir_turn=false opp_turn_shape=false uphill_segment=false uphill_seg_floor=false uphill_roll_floor=false min_step_floor=false override=true timeout=false serial=[0,0.000,0.000]
[0m
[INFO] [1783999415.768937207] [cmd_vel_to_serial]: [0;96mserial tx: [0,0.000,0.000]
[0m
[INFO] [1783999417.803363873] [cmd_vel_to_serial]: [0;96mserial tx: [0,0.000,0.000]
[0m
[INFO] [1783999417.877331280] [cmd_vel_to_serial]: [1;35mstep_debug mode=0 vx=0.000 wz=0.000 left_m=0.0000 right_m=0.0000 fwd_m=0.0000 step_yaw=0.0000 left_norm=0.000 right_norm=0.000 odom_y=12.893 odom_roll=0.0deg goal_y_err=0.000 odom_corr=0.000 odom_corr_applied=false path_lat_err=0.000 path_corr=0.000 path_corr_applied=false path_yaw_err=0.0deg path_yaw_corr=0.000 path_yaw_applied=false path_profile=0 crouch_yaw_err=0.0deg crouch_yaw_corr=0.000 crouch_yaw_applied=false crouch_fwd_bias=0.000 crouch_fwd_applied=false same_dir_turn=false opp_turn_shape=false uphill_segment=false uphill_seg_floor=false uphill_roll_floor=false min_step_floor=false override=true timeout=false serial=[0,0.000,0.000]
[0m
[INFO] [1783999419.837988686] [cmd_vel_to_serial]: [0;96mserial tx: [0,0.000,0.000]
[0m
[INFO] [1783999420.910797105] [cmd_vel_to_serial]: [1;35mstep_debug mode=0 vx=0.000 wz=0.000 left_m=0.0000 right_m=0.0000 fwd_m=0.0000 step_yaw=0.0000 left_norm=0.000 right_norm=0.000 odom_y=12.893 odom_roll=0.0deg goal_y_err=0.000 odom_corr=0.000 odom_corr_applied=false path_lat_err=0.000 path_corr=0.000 path_corr_applied=false path_yaw_err=0.0deg path_yaw_corr=0.000 path_yaw_applied=false path_profile=0 crouch_yaw_err=0.0deg crouch_yaw_corr=0.000 crouch_yaw_applied=false crouch_fwd_bias=0.000 crouch_fwd_applied=false same_dir_turn=false opp_turn_shape=false uphill_segment=false uphill_seg_floor=false uphill_roll_floor=false min_step_floor=false override=true timeout=false serial=[0,0.000,0.000]
[0m
[INFO] [1783999421.872763806] [cmd_vel_to_serial]: [0;96mserial tx: [0,0.000,0.000]
[0m
[INFO] [1783999423.907732205] [cmd_vel_to_serial]: [0;96mserial tx: [0,0.000,0.000]
[0m
[INFO] [1783999423.944733689] [cmd_vel_to_serial]: [1;35mstep_debug mode=0 vx=0.000 wz=0.000 left_m=0.0000 right_m=0.0000 fwd_m=0.0000 step_yaw=0.0000 left_norm=0.000 right_norm=0.000 odom_y=12.893 odom_roll=0.0deg goal_y_err=0.000 odom_corr=0.000 odom_corr_applied=false path_lat_err=0.000 path_corr=0.000 path_corr_applied=false path_yaw_err=0.0deg path_yaw_corr=0.000 path_yaw_applied=false path_profile=0 crouch_yaw_err=0.0deg crouch_yaw_corr=0.000 crouch_yaw_applied=false crouch_fwd_bias=0.000 crouch_fwd_applied=false same_dir_turn=false opp_turn_shape=false uphill_segment=false uphill_seg_floor=false uphill_roll_floor=false min_step_floor=false override=true timeout=false serial=[0,0.000,0.000]
[0m
                                                                                                                                                                                                                                                                                                                                                                                                                                                                                                                                                                                                                                                                                                                                                                                                                                                                                                                                                                                                                                                                                                                                                                                                                                                                                                                                                                                                                                                                                                                                                                                                                                                                                                                                                                                                                                                                                                                                                                                                                                                                                                                                                                                                                                                                                                                                                                                                                                                                                                                                                                                                                                                                                                                                                                                                                                                                                                                                                                                                                                                                                  