[INFO] [1784153947.658731797] [controller_server]: 
	controller_server lifecycle node launched. 
	Waiting on external lifecycle transitions to activate
	See https://design.ros2.org/articles/node_lifecycle.html for more information.
[INFO] [1784153947.712964726] [controller_server]: Creating controller server
[INFO] [1784153948.223512927] [local_costmap.local_costmap]: 
	local_costmap lifecycle node launched. 
	Waiting on external lifecycle transitions to activate
	See https://design.ros2.org/articles/node_lifecycle.html for more information.
[INFO] [1784153948.223967483] [local_costmap.local_costmap]: Creating Costmap
[INFO] [1784153948.556758989] [controller_server]: Configuring controller interface
[INFO] [1784153948.557009871] [controller_server]: getting goal checker plugins..
[INFO] [1784153948.557219290] [controller_server]: Controller frequency set to 10.0000Hz
[INFO] [1784153948.557253121] [local_costmap.local_costmap]: Configuring
[INFO] [1784153948.569097978] [local_costmap.local_costmap]: Using plugin "obstacle_layer"
[INFO] [1784153948.577807677] [local_costmap.local_costmap]: Subscribed to Topics: livox_cloud
[INFO] [1784153948.598711291] [local_costmap.local_costmap]: Initialized plugin "obstacle_layer"
[INFO] [1784153948.598757261] [local_costmap.local_costmap]: Using plugin "inflation_layer"
[INFO] [1784153948.603003860] [local_costmap.local_costmap]: Initialized plugin "inflation_layer"
[INFO] [1784153948.629358149] [controller_server]: Created progress_checker : progress_checker of type nav2_controller::SimpleProgressChecker
[INFO] [1784153948.632928507] [controller_server]: Created goal checker : general_goal_checker of type nav2_controller::SimpleGoalChecker
[INFO] [1784153948.637247105] [controller_server]: Controller Server has general_goal_checker  goal checkers available.
[INFO] [1784153948.640354195] [controller_server]: Created controller : FollowPath of type nav2_mppi_controller::MPPIController
[INFO] [1784153948.645536158] [controller_server]: Controller period is equal to model dt. Control sequence shifting is ON
[INFO] [1784153948.648694748] [controller_server]: ConstraintCritic instantiated with 1 power and 4.000000 weight.
[INFO] [1784153948.648750205] [controller_server]: Critic loaded : mppi::critics::ConstraintCritic
[INFO] [1784153948.655311030] [controller_server]: ObstaclesCritic instantiated with 1 power and 8.000000 / 1.200000 weights. Critic will collision check based on footprint cost.
[INFO] [1784153948.655362269] [controller_server]: Critic loaded : mppi::critics::ObstaclesCritic
[INFO] [1784153948.657111240] [controller_server]: GoalCritic instantiated with 1 power and 8.000000 weight.
[INFO] [1784153948.657250754] [controller_server]: Critic loaded : mppi::critics::GoalCritic
[INFO] [1784153948.659323040] [controller_server]: GoalAngleCritic instantiated with 1 power, 5.000000 weight, and 0.100000 angular threshold.
[INFO] [1784153948.659372616] [controller_server]: Critic loaded : mppi::critics::GoalAngleCritic
[INFO] [1784153948.663763776] [controller_server]: ReferenceTrajectoryCritic instantiated with 1 power and 4.000000 weight
[INFO] [1784153948.663818699] [controller_server]: Critic loaded : mppi::critics::PathAlignCritic
[INFO] [1784153948.667264082] [controller_server]: Critic loaded : mppi::critics::PathFollowCritic
[INFO] [1784153948.669390548] [controller_server]: PreferForwardCritic instantiated with 1 power and 0.300000 weight.
[INFO] [1784153948.669444627] [controller_server]: Critic loaded : mppi::critics::PreferForwardCritic
[INFO] [1784153948.671746186] [controller_server]: Optimizer reset
[INFO] [1784153948.684414162] [MPPIController]: Configured MPPI Controller: FollowPath
[INFO] [1784153948.684450446] [controller_server]: Controller Server has FollowPath  controllers available.
[WARN] [1784153965.581061794] [rcl_lifecycle]: No transition matching 1 found for current state inactive
[WARN] [1784153965.581091184] [rcl_lifecycle]: No transition matching 1 found for current state inactive
[ERROR] [1784153965.581101631] [controller_server]: Unable to start transition 1 from current state inactive: Transition is not registered., at ./src/rcl_lifecycle.c:355
[INFO] [1784153967.184827002] [controller_server]: Activating
[INFO] [1784153967.184898794] [local_costmap.local_costmap]: Activating
[INFO] [1784153967.184918229] [local_costmap.local_costmap]: Checking transform
[INFO] [1784153967.185017351] [local_costmap.local_costmap]: start
[WARN] [1784153967.271906531] [controller_server]: Parameter controller_server.verbose not found
[INFO] [1784153967.274084188] [controller_server]: Optimizer reset
[INFO] [1784153967.278914209] [MPPIController]: Activated MPPI Controller: FollowPath
[INFO] [1784153967.279443878] [controller_server]: Creating bond (controller_server) to lifecycle manager.
[WARN] [1784153983.295267135] [rcl_lifecycle]: No transition matching 1 found for current state active
[WARN] [1784153983.295306676] [rcl_lifecycle]: No transition matching 1 found for current state active
[ERROR] [1784153983.295314639] [controller_server]: Unable to start transition 1 from current state active: Transition is not registered., at ./src/rcl_lifecycle.c:355
[WARN] [1784154028.236585120] [rcl_lifecycle]: No transition matching 1 found for current state active
[WARN] [1784154028.236622673] [rcl_lifecycle]: No transition matching 1 found for current state active
[ERROR] [1784154028.236629901] [controller_server]: Unable to start transition 1 from current state active: Transition is not registered., at ./src/rcl_lifecycle.c:355
[WARN] [1784154164.644611490] [local_costmap.local_costmap]: Sensor origin at (0.00, 0.00) is out of map bounds (-1.25, 1.15) to (6.73, 9.12). The costmap cannot raytrace for it.
[WARN] [1784154164.717382092] [local_costmap.local_costmap]: Sensor origin at (0.00, 0.00) is out of map bounds (3.50, 3.00) to (11.48, 10.98). The costmap cannot raytrace for it.
[WARN] [1784154164.776879561] [local_costmap.local_costmap]: Sensor origin at (0.00, 0.00) is out of map bounds (3.50, 3.00) to (11.48, 10.98). The costmap cannot raytrace for it.
[WARN] [1784154164.843498559] [local_costmap.local_costmap]: Sensor origin at (0.00, 0.00) is out of map bounds (3.50, 3.00) to (11.48, 10.98). The costmap cannot raytrace for it.
[WARN] [1784154164.917238060] [local_costmap.local_costmap]: Sensor origin at (0.00, 0.00) is out of map bounds (8.45, 5.35) to (16.43, 13.33). The costmap cannot raytrace for it.
[WARN] [1784154164.981424070] [local_costmap.local_costmap]: Sensor origin at (0.00, 0.00) is out of map bounds (8.45, 5.35) to (16.43, 13.33). The costmap cannot raytrace for it.
[WARN] [1784154165.043879656] [local_costmap.local_costmap]: Sensor origin at (0.00, 0.00) is out of map bounds (10.15, 6.00) to (18.13, 13.98). The costmap cannot raytrace for it.
[WARN] [1784154165.139323848] [local_costmap.local_costmap]: Sensor origin at (0.00, 0.00) is out of map bounds (14.60, 7.90) to (22.58, 15.88). The costmap cannot raytrace for it.
[WARN] [1784154165.250707976] [local_costmap.local_costmap]: Sensor origin at (0.00, 0.00) is out of map bounds (14.60, 7.90) to (22.58, 15.88). The costmap cannot raytrace for it.
[WARN] [1784154165.321183290] [local_costmap.local_costmap]: Sensor origin at (0.00, 0.00) is out of map bounds (18.25, 9.45) to (26.23, 17.43). The costmap cannot raytrace for it.
[WARN] [1784154165.393256396] [local_costmap.local_costmap]: Sensor origin at (0.00, 0.00) is out of map bounds (21.60, 10.90) to (29.58, 18.88). The costmap cannot raytrace for it.
[WARN] [1784154165.478132179] [local_costmap.local_costmap]: Sensor origin at (0.00, 0.00) is out of map bounds (21.60, 10.90) to (29.58, 18.88). The costmap cannot raytrace for it.
[WARN] [1784154165.584045877] [local_costmap.local_costmap]: Sensor origin at (0.00, 0.00) is out of map bounds (73.30, 33.50) to (81.28, 41.48). The costmap cannot raytrace for it.
[WARN] [1784154165.667666699] [local_costmap.local_costmap]: Sensor origin at (0.00, 0.00) is out of map bounds (73.30, 33.50) to (81.28, 41.48). The costmap cannot raytrace for it.
[WARN] [1784154165.717560195] [local_costmap.local_costmap]: Sensor origin at (0.00, 0.00) is out of map bounds (77.95, 35.55) to (85.93, 43.52). The costmap cannot raytrace for it.
[WARN] [1784154165.784330138] [local_costmap.local_costmap]: Sensor origin at (0.00, 0.00) is out of map bounds (80.40, 36.95) to (88.38, 44.92). The costmap cannot raytrace for it.
[WARN] [1784154165.850675380] [local_costmap.local_costmap]: Sensor origin at (0.00, 0.00) is out of map bounds (95.65, 44.05) to (103.63, 52.02). The costmap cannot raytrace for it.
[WARN] [1784154165.925780836] [local_costmap.local_costmap]: Sensor origin at (0.00, 0.00) is out of map bounds (102.70, 47.30) to (110.68, 55.27). The costmap cannot raytrace for it.
[WARN] [1784154165.984002718] [local_costmap.local_costmap]: Sensor origin at (0.00, 0.00) is out of map bounds (102.70, 47.30) to (110.68, 55.27). The costmap cannot raytrace for it.
[WARN] [1784154166.051895908] [local_costmap.local_costmap]: Sensor origin at (0.00, 0.00) is out of map bounds (102.70, 47.30) to (110.68, 55.27). The costmap cannot raytrace for it.
[WARN] [1784154166.117360191] [local_costmap.local_costmap]: Sensor origin at (0.00, 0.00) is out of map bounds (102.70, 47.30) to (110.68, 55.27). The costmap cannot raytrace for it.
[WARN] [1784154166.186416344] [local_costmap.local_costmap]: Sensor origin at (0.00, 0.00) is out of map bounds (115.15, 52.75) to (123.13, 60.73). The costmap cannot raytrace for it.
[WARN] [1784154166.256363156] [local_costmap.local_costmap]: Sensor origin at (0.00, 0.00) is out of map bounds (115.15, 52.75) to (123.13, 60.73). The costmap cannot raytrace for it.
[WARN] [1784154166.319486777] [local_costmap.local_costmap]: Sensor origin at (0.00, 0.00) is out of map bounds (123.70, 56.40) to (131.68, 64.38). The costmap cannot raytrace for it.
[WARN] [1784154166.353470458] [rcl_lifecycle]: No transition matching 1 found for current state active
[WARN] [1784154166.353505688] [rcl_lifecycle]: No transition matching 1 found for current state active
[ERROR] [1784154166.353513414] [controller_server]: Unable to start transition 1 from current state active: Transition is not registered., at ./src/rcl_lifecycle.c:355
[WARN] [1784154166.387447969] [local_costmap.local_costmap]: Sensor origin at (0.00, 0.00) is out of map bounds (123.70, 56.40) to (131.68, 64.38). The costmap cannot raytrace for it.
[WARN] [1784154166.457055975] [local_costmap.local_costmap]: Sensor origin at (0.00, 0.00) is out of map bounds (123.70, 56.40) to (131.68, 64.38). The costmap cannot raytrace for it.
[WARN] [1784154166.526831365] [local_costmap.local_costmap]: Sensor origin at (0.00, 0.00) is out of map bounds (123.70, 56.40) to (131.68, 64.38). The costmap cannot raytrace for it.
[WARN] [1784154185.117327853] [local_costmap.local_costmap]: Sensor origin at (0.00, 0.00) is out of map bounds (1606.05, 626.55) to (1614.02, 634.52). The costmap cannot raytrace for it.
[WARN] [1784154185.184005776] [local_costmap.local_costmap]: Sensor origin at (0.00, 0.00) is out of map bounds (1613.00, 629.25) to (1620.97, 637.23). The costmap cannot raytrace for it.
[WARN] [1784154185.250638582] [local_costmap.local_costmap]: Sensor origin at (0.00, 0.00) is out of map bounds (1673.15, 653.25) to (1681.12, 661.23). The costmap cannot raytrace for it.
[WARN] [1784154185.317767521] [local_costmap.local_costmap]: Sensor origin at (0.00, 0.00) is out of map bounds (1677.75, 655.40) to (1685.72, 663.38). The costmap cannot raytrace for it.
[WARN] [1784154185.383963287] [local_costmap.local_costmap]: Sensor origin at (0.00, 0.00) is out of map bounds (1685.70, 658.85) to (1693.67, 666.83). The costmap cannot raytrace for it.
[WARN] [1784154185.450629910] [local_costmap.local_costmap]: Sensor origin at (0.00, 0.00) is out of map bounds (1688.75, 660.00) to (1696.72, 667.98). The costmap cannot raytrace for it.
[WARN] [1784154185.517691774] [local_costmap.local_costmap]: Sensor origin at (0.00, 0.00) is out of map bounds (1695.10, 662.80) to (1703.07, 670.77). The costmap cannot raytrace for it.
[WARN] [1784154185.583987882] [local_costmap.local_costmap]: Sensor origin at (0.00, 0.00) is out of map bounds (1698.45, 664.25) to (1706.42, 672.23). The costmap cannot raytrace for it.
[WARN] [1784154185.650667442] [local_costmap.local_costmap]: Sensor origin at (0.00, 0.00) is out of map bounds (1705.10, 667.20) to (1713.07, 675.18). The costmap cannot raytrace for it.
[WARN] [1784154185.717389170] [local_costmap.local_costmap]: Sensor origin at (0.00, 0.00) is out of map bounds (1708.20, 668.60) to (1716.17, 676.58). The costmap cannot raytrace for it.
[WARN] [1784154185.785772474] [local_costmap.local_costmap]: Sensor origin at (0.00, 0.00) is out of map bounds (1714.30, 671.25) to (1722.27, 679.23). The costmap cannot raytrace for it.
[WARN] [1784154185.850872422] [local_costmap.local_costmap]: Sensor origin at (0.00, 0.00) is out of map bounds (1714.30, 671.25) to (1722.27, 679.23). The costmap cannot raytrace for it.
[WARN] [1784154185.917328350] [local_costmap.local_costmap]: Sensor origin at (0.00, 0.00) is out of map bounds (1721.55, 674.75) to (1729.52, 682.73). The costmap cannot raytrace for it.
[WARN] [1784154185.983978539] [local_costmap.local_costmap]: Sensor origin at (0.00, 0.00) is out of map bounds (1724.40, 676.10) to (1732.37, 684.08). The costmap cannot raytrace for it.
[WARN] [1784154186.050744136] [local_costmap.local_costmap]: Sensor origin at (0.00, 0.00) is out of map bounds (1724.40, 676.10) to (1732.37, 684.08). The costmap cannot raytrace for it.
[WARN] [1784154186.118589690] [local_costmap.local_costmap]: Sensor origin at (0.00, 0.00) is out of map bounds (1731.30, 679.30) to (1739.27, 687.28). The costmap cannot raytrace for it.
[WARN] [1784154186.184022715] [local_costmap.local_costmap]: Sensor origin at (0.00, 0.00) is out of map bounds (1740.80, 683.80) to (1748.77, 691.78). The costmap cannot raytrace for it.
[WARN] [1784154186.250629186] [local_costmap.local_costmap]: Sensor origin at (0.00, 0.00) is out of map bounds (1743.65, 685.15) to (1751.62, 693.13). The costmap cannot raytrace for it.
[WARN] [1784154186.317400088] [local_costmap.local_costmap]: Sensor origin at (0.00, 0.00) is out of map bounds (1753.40, 689.75) to (1761.37, 697.73). The costmap cannot raytrace for it.
[WARN] [1784154186.383978657] [local_costmap.local_costmap]: Sensor origin at (0.00, 0.00) is out of map bounds (1762.85, 694.35) to (1770.82, 702.33). The costmap cannot raytrace for it.
[WARN] [1784154186.450738652] [local_costmap.local_costmap]: Sensor origin at (0.00, 0.00) is out of map bounds (1773.10, 699.15) to (1781.07, 707.13). The costmap cannot raytrace for it.
[WARN] [1784154186.517370538] [local_costmap.local_costmap]: Sensor origin at (0.00, 0.00) is out of map bounds (1779.85, 702.70) to (1787.82, 710.68). The costmap cannot raytrace for it.
[WARN] [1784154186.584006202] [local_costmap.local_costmap]: Sensor origin at (0.00, 0.00) is out of map bounds (1782.70, 704.10) to (1790.67, 712.08). The costmap cannot raytrace for it.
[WARN] [1784154186.650660481] [local_costmap.local_costmap]: Sensor origin at (0.00, 0.00) is out of map bounds (1789.50, 707.55) to (1797.47, 715.53). The costmap cannot raytrace for it.
[WARN] [1784154186.717383141] [local_costmap.local_costmap]: Sensor origin at (0.00, 0.00) is out of map bounds (1792.30, 708.85) to (1800.27, 716.83). The costmap cannot raytrace for it.
[WARN] [1784154186.784201652] [local_costmap.local_costmap]: Sensor origin at (0.00, 0.00) is out of map bounds (1802.85, 713.90) to (1810.82, 721.88). The costmap cannot raytrace for it.
[WARN] [1784154186.850696231] [local_costmap.local_costmap]: Sensor origin at (0.00, 0.00) is out of map bounds (1811.50, 717.95) to (1819.47, 725.92). The costmap cannot raytrace for it.
[WARN] [1784154186.917298604] [local_costmap.local_costmap]: Sensor origin at (0.00, 0.00) is out of map bounds (1821.15, 722.45) to (1829.12, 730.42). The costmap cannot raytrace for it.
[WARN] [1784154186.984242819] [local_costmap.local_costmap]: Sensor origin at (0.00, 0.00) is out of map bounds (1827.95, 725.55) to (1835.92, 733.52). The costmap cannot raytrace for it.
[WARN] [1784154187.050648578] [local_costmap.local_costmap]: Sensor origin at (0.00, 0.00) is out of map bounds (1832.50, 727.60) to (1840.47, 735.57). The costmap cannot raytrace for it.
[WARN] [1784154187.117337407] [local_costmap.local_costmap]: Sensor origin at (0.00, 0.00) is out of map bounds (1841.40, 731.50) to (1849.37, 739.47). The costmap cannot raytrace for it.
[WARN] [1784154187.186459173] [local_costmap.local_costmap]: Sensor origin at (0.00, 0.00) is out of map bounds (1850.20, 735.25) to (1858.17, 743.22). The costmap cannot raytrace for it.
[WARN] [1784154187.250954191] [local_costmap.local_costmap]: Sensor origin at (0.00, 0.00) is out of map bounds (1859.85, 739.50) to (1867.82, 747.47). The costmap cannot raytrace for it.
[WARN] [1784154187.317841888] [local_costmap.local_costmap]: Sensor origin at (0.00, 0.00) is out of map bounds (1862.55, 740.65) to (1870.52, 748.62). The costmap cannot raytrace for it.
[WARN] [1784154187.383958344] [local_costmap.local_costmap]: Sensor origin at (0.00, 0.00) is out of map bounds (1875.90, 746.20) to (1883.87, 754.17). The costmap cannot raytrace for it.
[WARN] [1784154187.450664658] [local_costmap.local_costmap]: Sensor origin at (0.00, 0.00) is out of map bounds (1881.40, 748.40) to (1889.37, 756.37). The costmap cannot raytrace for it.
[WARN] [1784154187.517483227] [local_costmap.local_costmap]: Sensor origin at (0.00, 0.00) is out of map bounds (1889.55, 751.70) to (1897.52, 759.67). The costmap cannot raytrace for it.
[WARN] [1784154187.584002473] [local_costmap.local_costmap]: Sensor origin at (0.00, 0.00) is out of map bounds (1899.05, 755.45) to (1907.02, 763.42). The costmap cannot raytrace for it.
[WARN] [1784154187.651244827] [local_costmap.local_costmap]: Sensor origin at (0.00, 0.00) is out of map bounds (1906.45, 758.60) to (1914.42, 766.57). The costmap cannot raytrace for it.
[WARN] [1784154187.717303140] [local_costmap.local_costmap]: Sensor origin at (0.00, 0.00) is out of map bounds (1909.20, 759.75) to (1917.17, 767.72). The costmap cannot raytrace for it.
[WARN] [1784154187.784583445] [local_costmap.local_costmap]: Sensor origin at (0.00, 0.00) is out of map bounds (1917.50, 763.15) to (1925.47, 771.12). The costmap cannot raytrace for it.
[WARN] [1784154187.851212824] [local_costmap.local_costmap]: Sensor origin at (0.00, 0.00) is out of map bounds (1921.75, 765.00) to (1929.72, 772.97). The costmap cannot raytrace for it.
[WARN] [1784154187.917333124] [local_costmap.local_costmap]: Sensor origin at (0.00, 0.00) is out of map bounds (1928.85, 768.00) to (1936.82, 775.97). The costmap cannot raytrace for it.
[WARN] [1784154187.984027033] [local_costmap.local_costmap]: Sensor origin at (0.00, 0.00) is out of map bounds (1938.25, 771.90) to (1946.22, 779.87). The costmap cannot raytrace for it.
[WARN] [1784154188.050605922] [local_costmap.local_costmap]: Sensor origin at (0.00, 0.00) is out of map bounds (1944.30, 774.30) to (1952.27, 782.27). The costmap cannot raytrace for it.
[WARN] [1784154188.118159208] [local_costmap.local_costmap]: Sensor origin at (0.00, 0.00) is out of map bounds (1956.30, 779.30) to (1964.27, 787.27). The costmap cannot raytrace for it.
[WARN] [1784154188.183969383] [local_costmap.local_costmap]: Sensor origin at (0.00, 0.00) is out of map bounds (1964.60, 782.80) to (1972.57, 790.77). The costmap cannot raytrace for it.
[WARN] [1784154188.252165721] [local_costmap.local_costmap]: Sensor origin at (0.00, 0.00) is out of map bounds (1976.55, 788.10) to (1984.52, 796.07). The costmap cannot raytrace for it.
[WARN] [1784154188.317682470] [local_costmap.local_costmap]: Sensor origin at (0.00, 0.00) is out of map bounds (1991.45, 794.90) to (1999.42, 802.87). The costmap cannot raytrace for it.
[WARN] [1784154188.384635088] [local_costmap.local_costmap]: Sensor origin at (0.00, 0.00) is out of map bounds (2000.40, 799.10) to (2008.37, 807.07). The costmap cannot raytrace for it.
[WARN] [1784154188.450677588] [local_costmap.local_costmap]: Sensor origin at (0.00, 0.00) is out of map bounds (2009.30, 803.35) to (2017.27, 811.32). The costmap cannot raytrace for it.
[WARN] [1784154188.517533291] [local_costmap.local_costmap]: Sensor origin at (0.00, 0.00) is out of map bounds (2017.85, 807.55) to (2025.82, 815.52). The costmap cannot raytrace for it.
[WARN] [1784154188.584060791] [local_costmap.local_costmap]: Sensor origin at (0.00, 0.00) is out of map bounds (2020.50, 808.80) to (2028.47, 816.77). The costmap cannot raytrace for it.
[WARN] [1784154188.650649905] [local_costmap.local_costmap]: Sensor origin at (0.00, 0.00) is out of map bounds (2026.65, 811.80) to (2034.62, 819.77). The costmap cannot raytrace for it.
[WARN] [1784154188.718065220] [local_costmap.local_costmap]: Sensor origin at (0.00, 0.00) is out of map bounds (2035.75, 816.25) to (2043.72, 824.22). The costmap cannot raytrace for it.
[WARN] [1784154188.784810250] [local_costmap.local_costmap]: Sensor origin at (0.00, 0.00) is out of map bounds (2037.00, 817.00) to (2044.97, 824.97). The costmap cannot raytrace for it.
[WARN] [1784154188.850720785] [local_costmap.local_costmap]: Sensor origin at (0.00, 0.00) is out of map bounds (2044.65, 820.75) to (2052.62, 828.72). The costmap cannot raytrace for it.
[WARN] [1784154188.917410984] [local_costmap.local_costmap]: Sensor origin at (0.00, 0.00) is out of map bounds (2045.30, 821.35) to (2053.28, 829.32). The costmap cannot raytrace for it.
[WARN] [1784154188.984034792] [local_costmap.local_costmap]: Sensor origin at (0.00, 0.00) is out of map bounds (2053.15, 825.40) to (2061.12, 833.37). The costmap cannot raytrace for it.
[WARN] [1784154189.050725256] [local_costmap.local_costmap]: Sensor origin at (0.00, 0.00) is out of map bounds (2055.35, 826.70) to (2063.32, 834.67). The costmap cannot raytrace for it.
[WARN] [1784154189.117404266] [local_costmap.local_costmap]: Sensor origin at (0.00, 0.00) is out of map bounds (2061.40, 829.80) to (2069.38, 837.77). The costmap cannot raytrace for it.
[WARN] [1784154189.183969376] [local_costmap.local_costmap]: Sensor origin at (0.00, 0.00) is out of map bounds (2067.50, 832.90) to (2075.47, 840.87). The costmap cannot raytrace for it.
[WARN] [1784154189.250698492] [local_costmap.local_costmap]: Sensor origin at (0.00, 0.00) is out of map bounds (2070.05, 834.20) to (2078.03, 842.17). The costmap cannot raytrace for it.
[WARN] [1784154189.320571385] [local_costmap.local_costmap]: Sensor origin at (0.00, 0.00) is out of map bounds (2075.60, 836.90) to (2083.58, 844.87). The costmap cannot raytrace for it.
[WARN] [1784154189.384050028] [local_costmap.local_costmap]: Sensor origin at (0.00, 0.00) is out of map bounds (2079.60, 838.85) to (2087.58, 846.82). The costmap cannot raytrace for it.
[WARN] [1784154189.450712811] [local_costmap.local_costmap]: Sensor origin at (0.00, 0.00) is out of map bounds (2085.55, 841.80) to (2093.53, 849.77). The costmap cannot raytrace for it.
[WARN] [1784154189.517609444] [local_costmap.local_costmap]: Sensor origin at (0.00, 0.00) is out of map bounds (2090.25, 844.10) to (2098.22, 852.07). The costmap cannot raytrace for it.
[WARN] [1784154189.585111881] [local_costmap.local_costmap]: Sensor origin at (0.00, 0.00) is out of map bounds (2103.95, 850.65) to (2111.92, 858.62). The costmap cannot raytrace for it.
[WARN] [1784154189.651086669] [local_costmap.local_costmap]: Sensor origin at (0.00, 0.00) is out of map bounds (2111.60, 854.65) to (2119.57, 862.62). The costmap cannot raytrace for it.
[WARN] [1784154189.717914107] [local_costmap.local_costmap]: Sensor origin at (0.00, 0.00) is out of map bounds (2118.90, 858.10) to (2126.88, 866.07). The costmap cannot raytrace for it.
[WARN] [1784154189.783979251] [local_costmap.local_costmap]: Sensor origin at (0.00, 0.00) is out of map bounds (2127.10, 861.95) to (2135.07, 869.92). The costmap cannot raytrace for it.
[WARN] [1784154189.850643376] [local_costmap.local_costmap]: Sensor origin at (0.00, 0.00) is out of map bounds (2137.75, 866.95) to (2145.72, 874.92). The costmap cannot raytrace for it.
[WARN] [1784154189.917384598] [local_costmap.local_costmap]: Sensor origin at (0.00, 0.00) is out of map bounds (2137.75, 866.95) to (2145.72, 874.92). The costmap cannot raytrace for it.
[WARN] [1784154189.983989772] [local_costmap.local_costmap]: Sensor origin at (0.00, 0.00) is out of map bounds (2137.75, 866.95) to (2145.72, 874.92). The costmap cannot raytrace for it.
[WARN] [1784154190.050643275] [local_costmap.local_costmap]: Sensor origin at (0.00, 0.00) is out of map bounds (2137.75, 866.95) to (2145.72, 874.92). The costmap cannot raytrace for it.
[WARN] [1784154190.117321252] [local_costmap.local_costmap]: Sensor origin at (0.00, 0.00) is out of map bounds (2137.75, 866.95) to (2145.72, 874.92). The costmap cannot raytrace for it.
[WARN] [1784154190.185574821] [local_costmap.local_costmap]: Sensor origin at (0.00, 0.00) is out of map bounds (2137.75, 866.95) to (2145.72, 874.92). The costmap cannot raytrace for it.
[WARN] [1784154190.250670164] [local_costmap.local_costmap]: Sensor origin at (0.00, 0.00) is out of map bounds (2137.75, 866.95) to (2145.72, 874.92). The costmap cannot raytrace for it.
[WARN] [1784154190.317431594] [local_costmap.local_costmap]: Sensor origin at (0.00, 0.00) is out of map bounds (2137.75, 866.95) to (2145.72, 874.92). The costmap cannot raytrace for it.
[WARN] [1784154190.384066875] [local_costmap.local_costmap]: Sensor origin at (0.00, 0.00) is out of map bounds (2137.75, 866.95) to (2145.72, 874.92). The costmap cannot raytrace for it.
[WARN] [1784154190.451021624] [local_costmap.local_costmap]: Sensor origin at (0.00, 0.00) is out of map bounds (2137.75, 866.95) to (2145.72, 874.92). The costmap cannot raytrace for it.
[WARN] [1784154190.517540206] [local_costmap.local_costmap]: Sensor origin at (0.00, 0.00) is out of map bounds (2137.75, 866.95) to (2145.72, 874.92). The costmap cannot raytrace for it.
[WARN] [1784154190.584063945] [local_costmap.local_costmap]: Sensor origin at (0.00, 0.00) is out of map bounds (2137.75, 866.95) to (2145.72, 874.92). The costmap cannot raytrace for it.
[WARN] [1784154190.650641721] [local_costmap.local_costmap]: Sensor origin at (0.00, 0.00) is out of map bounds (2137.75, 866.95) to (2145.72, 874.92). The costmap cannot raytrace for it.
[WARN] [1784154190.717299271] [local_costmap.local_costmap]: Sensor origin at (0.00, 0.00) is out of map bounds (2137.75, 866.95) to (2145.72, 874.92). The costmap cannot raytrace for it.
[WARN] [1784154190.783987151] [local_costmap.local_costmap]: Sensor origin at (0.00, 0.00) is out of map bounds (2137.75, 866.95) to (2145.72, 874.92). The costmap cannot raytrace for it.
[WARN] [1784154190.850634065] [local_costmap.local_costmap]: Sensor origin at (0.00, 0.00) is out of map bounds (2137.75, 866.95) to (2145.72, 874.92). The costmap cannot raytrace for it.
[WARN] [1784154190.917471428] [local_costmap.local_costmap]: Sensor origin at (0.00, 0.00) is out of map bounds (2137.75, 866.95) to (2145.72, 874.92). The costmap cannot raytrace for it.
[WARN] [1784154190.983963963] [local_costmap.local_costmap]: Sensor origin at (0.00, 0.00) is out of map bounds (2137.75, 866.95) to (2145.72, 874.92). The costmap cannot raytrace for it.
[WARN] [1784154191.050721756] [local_costmap.local_costmap]: Sensor origin at (0.00, 0.00) is out of map bounds (2137.75, 866.95) to (2145.72, 874.92). The costmap cannot raytrace for it.
[WARN] [1784154191.117276057] [local_costmap.local_costmap]: Sensor origin at (0.00, 0.00) is out of map bounds (2137.75, 866.95) to (2145.72, 874.92). The costmap cannot raytrace for it.
[WARN] [1784154191.184029173] [local_costmap.local_costmap]: Sensor origin at (0.00, 0.00) is out of map bounds (2137.75, 866.95) to (2145.72, 874.92). The costmap cannot raytrace for it.
[WARN] [1784154191.250671817] [local_costmap.local_costmap]: Sensor origin at (0.00, 0.00) is out of map bounds (2137.75, 866.95) to (2145.72, 874.92). The costmap cannot raytrace for it.
[WARN] [1784154191.317321997] [local_costmap.local_costmap]: Sensor origin at (0.00, 0.00) is out of map bounds (2137.75, 866.95) to (2145.72, 874.92). The costmap cannot raytrace for it.
[WARN] [1784154191.383971117] [local_costmap.local_costmap]: Sensor origin at (0.00, 0.00) is out of map bounds (2137.75, 866.95) to (2145.72, 874.92). The costmap cannot raytrace for it.
[WARN] [1784154191.450656557] [local_costmap.local_costmap]: Sensor origin at (0.00, 0.00) is out of map bounds (2137.75, 866.95) to (2145.72, 874.92). The costmap cannot raytrace for it.
[WARN] [1784154191.517310567] [local_costmap.local_costmap]: Sensor origin at (0.00, 0.00) is out of map bounds (2137.75, 866.95) to (2145.72, 874.92). The costmap cannot raytrace for it.
[WARN] [1784154191.584053900] [local_costmap.local_costmap]: Sensor origin at (0.00, 0.00) is out of map bounds (2137.75, 866.95) to (2145.72, 874.92). The costmap cannot raytrace for it.
[WARN] [1784154191.650649339] [local_costmap.local_costmap]: Sensor origin at (0.00, 0.00) is out of map bounds (2137.75, 866.95) to (2145.72, 874.92). The costmap cannot raytrace for it.
[WARN] [1784154191.717642061] [local_costmap.local_costmap]: Sensor origin at (0.00, 0.00) is out of map bounds (2137.75, 866.95) to (2145.72, 874.92). The costmap cannot raytrace for it.
[WARN] [1784154191.783967317] [local_costmap.local_costmap]: Sensor origin at (0.00, 0.00) is out of map bounds (2137.75, 866.95) to (2145.72, 874.92). The costmap cannot raytrace for it.
[WARN] [1784154191.850645166] [local_costmap.local_costmap]: Sensor origin at (0.00, 0.00) is out of map bounds (2137.75, 866.95) to (2145.72, 874.92). The costmap cannot raytrace for it.
[WARN] [1784154191.917316504] [local_costmap.local_costmap]: Sensor origin at (0.00, 0.00) is out of map bounds (2137.75, 866.95) to (2145.72, 874.92). The costmap cannot raytrace for it.
[WARN] [1784154191.984048640] [local_costmap.local_costmap]: Sensor origin at (0.00, 0.00) is out of map bounds (2137.75, 866.95) to (2145.72, 874.92). The costmap cannot raytrace for it.
[WARN] [1784154192.050658637] [local_costmap.local_costmap]: Sensor origin at (0.00, 0.00) is out of map bounds (2137.75, 866.95) to (2145.72, 874.92). The costmap cannot raytrace for it.
[WARN] [1784154192.117407162] [local_costmap.local_costmap]: Sensor origin at (0.00, 0.00) is out of map bounds (2137.75, 866.95) to (2145.72, 874.92). The costmap cannot raytrace for it.
[WARN] [1784154192.183984967] [local_costmap.local_costmap]: Sensor origin at (0.00, 0.00) is out of map bounds (2137.75, 866.95) to (2145.72, 874.92). The costmap cannot raytrace for it.
[WARN] [1784154192.250636605] [local_costmap.local_costmap]: Sensor origin at (0.00, 0.00) is out of map bounds (2137.75, 866.95) to (2145.72, 874.92). The costmap cannot raytrace for it.
[WARN] [1784154192.317635527] [local_costmap.local_costmap]: Sensor origin at (0.00, 0.00) is out of map bounds (2137.75, 866.95) to (2145.72, 874.92). The costmap cannot raytrace for it.
[WARN] [1784154192.384007127] [local_costmap.local_costmap]: Sensor origin at (0.00, 0.00) is out of map bounds (2137.75, 866.95) to (2145.72, 874.92). The costmap cannot raytrace for it.
[WARN] [1784154192.450652761] [local_costmap.local_costmap]: Sensor origin at (0.00, 0.00) is out of map bounds (2137.75, 866.95) to (2145.72, 874.92). The costmap cannot raytrace for it.
[WARN] [1784154192.517316074] [local_costmap.local_costmap]: Sensor origin at (0.00, 0.00) is out of map bounds (2137.75, 866.95) to (2145.72, 874.92). The costmap cannot raytrace for it.
[WARN] [1784154192.583995006] [local_costmap.local_costmap]: Sensor origin at (0.00, 0.00) is out of map bounds (2137.75, 866.95) to (2145.72, 874.92). The costmap cannot raytrace for it.
[WARN] [1784154192.650631063] [local_costmap.local_costmap]: Sensor origin at (0.00, 0.00) is out of map bounds (2137.75, 866.95) to (2145.72, 874.92). The costmap cannot raytrace for it.
[WARN] [1784154192.719651515] [local_costmap.local_costmap]: Sensor origin at (0.00, 0.00) is out of map bounds (2137.75, 866.95) to (2145.72, 874.92). The costmap cannot raytrace for it.
[WARN] [1784154192.783936128] [local_costmap.local_costmap]: Sensor origin at (0.00, 0.00) is out of map bounds (2137.75, 866.95) to (2145.72, 874.92). The costmap cannot raytrace for it.
[WARN] [1784154192.850629389] [local_costmap.local_costmap]: Sensor origin at (0.00, 0.00) is out of map bounds (2137.75, 866.95) to (2145.72, 874.92). The costmap cannot raytrace for it.
[WARN] [1784154192.917324403] [local_costmap.local_costmap]: Sensor origin at (0.00, 0.00) is out of map bounds (2137.75, 866.95) to (2145.72, 874.92). The costmap cannot raytrace for it.
[WARN] [1784154192.984036955] [local_costmap.local_costmap]: Sensor origin at (0.00, 0.00) is out of map bounds (2137.75, 866.95) to (2145.72, 874.92). The costmap cannot raytrace for it.
[WARN] [1784154193.050646962] [local_costmap.local_costmap]: Sensor origin at (0.00, 0.00) is out of map bounds (2137.75, 866.95) to (2145.72, 874.92). The costmap cannot raytrace for it.
[WARN] [1784154193.117323281] [local_costmap.local_costmap]: Sensor origin at (0.00, 0.00) is out of map bounds (2137.75, 866.95) to (2145.72, 874.92). The costmap cannot raytrace for it.
[WARN] [1784154193.184245418] [local_costmap.local_costmap]: Sensor origin at (0.00, 0.00) is out of map bounds (2137.75, 866.95) to (2145.72, 874.92). The costmap cannot raytrace for it.
[WARN] [1784154193.250713682] [local_costmap.local_costmap]: Sensor origin at (0.00, 0.00) is out of map bounds (2137.75, 866.95) to (2145.72, 874.92). The costmap cannot raytrace for it.
[WARN] [1784154193.317305300] [local_costmap.local_costmap]: Sensor origin at (0.00, 0.00) is out of map bounds (2137.75, 866.95) to (2145.72, 874.92). The costmap cannot raytrace for it.
[WARN] [1784154193.383997505] [local_costmap.local_costmap]: Sensor origin at (0.00, 0.00) is out of map bounds (2137.75, 866.95) to (2145.72, 874.92). The costmap cannot raytrace for it.
[WARN] [1784154193.452300832] [local_costmap.local_costmap]: Sensor origin at (0.00, 0.00) is out of map bounds (2137.75, 866.95) to (2145.72, 874.92). The costmap cannot raytrace for it.
[WARN] [1784154193.517316369] [local_costmap.local_costmap]: Sensor origin at (0.00, 0.00) is out of map bounds (2137.75, 866.95) to (2145.72, 874.92). The costmap cannot raytrace for it.
[WARN] [1784154193.583988766] [local_costmap.local_costmap]: Sensor origin at (0.00, 0.00) is out of map bounds (2137.75, 866.95) to (2145.72, 874.92). The costmap cannot raytrace for it.
[WARN] [1784154193.650711591] [local_costmap.local_costmap]: Sensor origin at (0.00, 0.00) is out of map bounds (2137.75, 866.95) to (2145.72, 874.92). The costmap cannot raytrace for it.
[WARN] [1784154193.717427894] [local_costmap.local_costmap]: Sensor origin at (0.00, 0.00) is out of map bounds (2137.75, 866.95) to (2145.72, 874.92). The costmap cannot raytrace for it.
[WARN] [1784154193.784587249] [local_costmap.local_costmap]: Sensor origin at (0.00, 0.00) is out of map bounds (2137.75, 866.95) to (2145.72, 874.92). The costmap cannot raytrace for it.
[WARN] [1784154193.850643163] [local_costmap.local_costmap]: Sensor origin at (0.00, 0.00) is out of map bounds (2137.75, 866.95) to (2145.72, 874.92). The costmap cannot raytrace for it.
[WARN] [1784154193.917919986] [local_costmap.local_costmap]: Sensor origin at (0.00, 0.00) is out of map bounds (2137.75, 866.95) to (2145.72, 874.92). The costmap cannot raytrace for it.
[WARN] [1784154193.983979704] [local_costmap.local_costmap]: Sensor origin at (0.00, 0.00) is out of map bounds (2137.75, 866.95) to (2145.72, 874.92). The costmap cannot raytrace for it.
[WARN] [1784154194.050649042] [local_costmap.local_costmap]: Sensor origin at (0.00, 0.00) is out of map bounds (2137.75, 866.95) to (2145.72, 874.92). The costmap cannot raytrace for it.
[WARN] [1784154194.117422772] [local_costmap.local_costmap]: Sensor origin at (0.00, 0.00) is out of map bounds (2137.75, 866.95) to (2145.72, 874.92). The costmap cannot raytrace for it.
[WARN] [1784154194.183992857] [local_costmap.local_costmap]: Sensor origin at (0.00, 0.00) is out of map bounds (2137.75, 866.95) to (2145.72, 874.92). The costmap cannot raytrace for it.
[WARN] [1784154194.250658876] [local_costmap.local_costmap]: Sensor origin at (0.00, 0.00) is out of map bounds (2137.75, 866.95) to (2145.72, 874.92). The costmap cannot raytrace for it.
[WARN] [1784154194.317330703] [local_costmap.local_costmap]: Sensor origin at (0.00, 0.00) is out of map bounds (2137.75, 866.95) to (2145.72, 874.92). The costmap cannot raytrace for it.
[WARN] [1784154194.383964678] [local_costmap.local_costmap]: Sensor origin at (0.00, 0.00) is out of map bounds (2137.75, 866.95) to (2145.72, 874.92). The costmap cannot raytrace for it.
[WARN] [1784154194.450672357] [local_costmap.local_costmap]: Sensor origin at (0.00, 0.00) is out of map bounds (2137.75, 866.95) to (2145.72, 874.92). The costmap cannot raytrace for it.
[WARN] [1784154194.517424567] [local_costmap.local_costmap]: Sensor origin at (0.00, 0.00) is out of map bounds (2137.75, 866.95) to (2145.72, 874.92). The costmap cannot raytrace for it.
[WARN] [1784154194.585703628] [local_costmap.local_costmap]: Sensor origin at (0.00, 0.00) is out of map bounds (2137.75, 866.95) to (2145.72, 874.92). The costmap cannot raytrace for it.
[WARN] [1784154194.650815557] [local_costmap.local_costmap]: Sensor origin at (0.00, 0.00) is out of map bounds (2137.75, 866.95) to (2145.72, 874.92). The costmap cannot raytrace for it.
[WARN] [1784154194.717523670] [local_costmap.local_costmap]: Sensor origin at (0.00, 0.00) is out of map bounds (2137.75, 866.95) to (2145.72, 874.92). The costmap cannot raytrace for it.
[WARN] [1784154194.784428568] [local_costmap.local_costmap]: Sensor origin at (0.00, 0.00) is out of map bounds (2137.75, 866.95) to (2145.72, 874.92). The costmap cannot raytrace for it.
[WARN] [1784154194.850755437] [local_costmap.local_costmap]: Sensor origin at (0.00, 0.00) is out of map bounds (2137.75, 866.95) to (2145.72, 874.92). The costmap cannot raytrace for it.
[WARN] [1784154194.917314226] [local_costmap.local_costmap]: Sensor origin at (0.00, 0.00) is out of map bounds (2137.75, 866.95) to (2145.72, 874.92). The costmap cannot raytrace for it.
[WARN] [1784154194.984029131] [local_costmap.local_costmap]: Sensor origin at (0.00, 0.00) is out of map bounds (2137.75, 866.95) to (2145.72, 874.92). The costmap cannot raytrace for it.
[WARN] [1784154195.050648971] [local_costmap.local_costmap]: Sensor origin at (0.00, 0.00) is out of map bounds (2137.75, 866.95) to (2145.72, 874.92). The costmap cannot raytrace for it.
[WARN] [1784154195.117394593] [local_costmap.local_costmap]: Sensor origin at (0.00, 0.00) is out of map bounds (2137.75, 866.95) to (2145.72, 874.92). The costmap cannot raytrace for it.
[WARN] [1784154195.184030294] [local_costmap.local_costmap]: Sensor origin at (0.00, 0.00) is out of map bounds (2137.75, 866.95) to (2145.72, 874.92). The costmap cannot raytrace for it.
[WARN] [1784154195.250627844] [local_costmap.local_costmap]: Sensor origin at (0.00, 0.00) is out of map bounds (2137.75, 866.95) to (2145.72, 874.92). The costmap cannot raytrace for it.
[WARN] [1784154195.317321740] [local_costmap.local_costmap]: Sensor origin at (0.00, 0.00) is out of map bounds (2137.75, 866.95) to (2145.72, 874.92). The costmap cannot raytrace for it.
[WARN] [1784154195.383968702] [local_costmap.local_costmap]: Sensor origin at (0.00, 0.00) is out of map bounds (2137.75, 866.95) to (2145.72, 874.92). The costmap cannot raytrace for it.
[WARN] [1784154195.450723182] [local_costmap.local_costmap]: Sensor origin at (0.00, 0.00) is out of map bounds (2137.75, 866.95) to (2145.72, 874.92). The costmap cannot raytrace for it.
[WARN] [1784154195.517336190] [local_costmap.local_costmap]: Sensor origin at (0.00, 0.00) is out of map bounds (2137.75, 866.95) to (2145.72, 874.92). The costmap cannot raytrace for it.
[WARN] [1784154195.584610904] [local_costmap.local_costmap]: Sensor origin at (0.00, 0.00) is out of map bounds (2137.75, 866.95) to (2145.72, 874.92). The costmap cannot raytrace for it.
[WARN] [1784154195.650666125] [local_costmap.local_costmap]: Sensor origin at (0.00, 0.00) is out of map bounds (2137.75, 866.95) to (2145.72, 874.92). The costmap cannot raytrace for it.
[WARN] [1784154195.717323557] [local_costmap.local_costmap]: Sensor origin at (0.00, 0.00) is out of map bounds (2137.75, 866.95) to (2145.72, 874.92). The costmap cannot raytrace for it.
[WARN] [1784154195.783988237] [local_costmap.local_costmap]: Sensor origin at (0.00, 0.00) is out of map bounds (2137.75, 866.95) to (2145.72, 874.92). The costmap cannot raytrace for it.
[WARN] [1784154195.850723761] [local_costmap.local_costmap]: Sensor origin at (0.00, 0.00) is out of map bounds (2137.75, 866.95) to (2145.72, 874.92). The costmap cannot raytrace for it.
[WARN] [1784154195.918132114] [local_costmap.local_costmap]: Sensor origin at (0.00, 0.00) is out of map bounds (2137.75, 866.95) to (2145.72, 874.92). The costmap cannot raytrace for it.
[WARN] [1784154195.983986509] [local_costmap.local_costmap]: Sensor origin at (0.00, 0.00) is out of map bounds (2137.75, 866.95) to (2145.72, 874.92). The costmap cannot raytrace for it.
[WARN] [1784154196.050726706] [local_costmap.local_costmap]: Sensor origin at (0.00, 0.00) is out of map bounds (2137.75, 866.95) to (2145.72, 874.92). The costmap cannot raytrace for it.
[WARN] [1784154196.117314458] [local_costmap.local_costmap]: Sensor origin at (0.00, 0.00) is out of map bounds (2137.75, 866.95) to (2145.72, 874.92). The costmap cannot raytrace for it.
[WARN] [1784154196.183987628] [local_costmap.local_costmap]: Sensor origin at (0.00, 0.00) is out of map bounds (2137.75, 866.95) to (2145.72, 874.92). The costmap cannot raytrace for it.
[WARN] [1784154196.250644194] [local_costmap.local_costmap]: Sensor origin at (0.00, 0.00) is out of map bounds (2137.75, 866.95) to (2145.72, 874.92). The costmap cannot raytrace for it.
[WARN] [1784154196.318043877] [local_costmap.local_costmap]: Sensor origin at (0.00, 0.00) is out of map bounds (2137.75, 866.95) to (2145.72, 874.92). The costmap cannot raytrace for it.
[WARN] [1784154196.383991437] [local_costmap.local_costmap]: Sensor origin at (0.00, 0.00) is out of map bounds (2137.75, 866.95) to (2145.72, 874.92). The costmap cannot raytrace for it.
[WARN] [1784154196.450652411] [local_costmap.local_costmap]: Sensor origin at (0.00, 0.00) is out of map bounds (2137.75, 866.95) to (2145.72, 874.92). The costmap cannot raytrace for it.
[WARN] [1784154196.517339365] [local_costmap.local_costmap]: Sensor origin at (0.00, 0.00) is out of map bounds (2137.75, 866.95) to (2145.72, 874.92). The costmap cannot raytrace for it.
[WARN] [1784154196.584361305] [local_costmap.local_costmap]: Sensor origin at (0.00, 0.00) is out of map bounds (2137.75, 866.95) to (2145.72, 874.92). The costmap cannot raytrace for it.
[WARN] [1784154196.650648083] [local_costmap.local_costmap]: Sensor origin at (0.00, 0.00) is out of map bounds (2137.75, 866.95) to (2145.72, 874.92). The costmap cannot raytrace for it.
[WARN] [1784154196.717361645] [local_costmap.local_costmap]: Sensor origin at (0.00, 0.00) is out of map bounds (2137.75, 866.95) to (2145.72, 874.92). The costmap cannot raytrace for it.
[WARN] [1784154196.783962551] [local_costmap.local_costmap]: Sensor origin at (0.00, 0.00) is out of map bounds (2137.75, 866.95) to (2145.72, 874.92). The costmap cannot raytrace for it.
[WARN] [1784154196.850661712] [local_costmap.local_costmap]: Sensor origin at (0.00, 0.00) is out of map bounds (2137.75, 866.95) to (2145.72, 874.92). The costmap cannot raytrace for it.
[WARN] [1784154196.917358923] [local_costmap.local_costmap]: Sensor origin at (0.00, 0.00) is out of map bounds (2137.75, 866.95) to (2145.72, 874.92). The costmap cannot raytrace for it.
[WARN] [1784154196.984029885] [local_costmap.local_costmap]: Sensor origin at (0.00, 0.00) is out of map bounds (2137.75, 866.95) to (2145.72, 874.92). The costmap cannot raytrace for it.
[WARN] [1784154197.050900665] [local_costmap.local_costmap]: Sensor origin at (0.00, 0.00) is out of map bounds (2137.75, 866.95) to (2145.72, 874.92). The costmap cannot raytrace for it.
[WARN] [1784154197.118134644] [local_costmap.local_costmap]: Sensor origin at (0.00, 0.00) is out of map bounds (2137.75, 866.95) to (2145.72, 874.92). The costmap cannot raytrace for it.
[WARN] [1784154197.183982655] [local_costmap.local_costmap]: Sensor origin at (0.00, 0.00) is out of map bounds (2137.75, 866.95) to (2145.72, 874.92). The costmap cannot raytrace for it.
[WARN] [1784154197.250628986] [local_costmap.local_costmap]: Sensor origin at (0.00, 0.00) is out of map bounds (2137.75, 866.95) to (2145.72, 874.92). The costmap cannot raytrace for it.
[WARN] [1784154197.317411511] [local_costmap.local_costmap]: Sensor origin at (0.00, 0.00) is out of map bounds (2137.75, 866.95) to (2145.72, 874.92). The costmap cannot raytrace for it.
[WARN] [1784154197.383984054] [local_costmap.local_costmap]: Sensor origin at (0.00, 0.00) is out of map bounds (2137.75, 866.95) to (2145.72, 874.92). The costmap cannot raytrace for it.
[WARN] [1784154197.450644936] [local_costmap.local_costmap]: Sensor origin at (0.00, 0.00) is out of map bounds (2137.75, 866.95) to (2145.72, 874.92). The costmap cannot raytrace for it.
[WARN] [1784154197.517453635] [local_costmap.local_costmap]: Sensor origin at (0.00, 0.00) is out of map bounds (2137.75, 866.95) to (2145.72, 874.92). The costmap cannot raytrace for it.
[WARN] [1784154197.583985133] [local_costmap.local_costmap]: Sensor origin at (0.00, 0.00) is out of map bounds (2137.75, 866.95) to (2145.72, 874.92). The costmap cannot raytrace for it.
[WARN] [1784154197.650658015] [local_costmap.local_costmap]: Sensor origin at (0.00, 0.00) is out of map bounds (2137.75, 866.95) to (2145.72, 874.92). The costmap cannot raytrace for it.
[WARN] [1784154197.717313968] [local_costmap.local_costmap]: Sensor origin at (0.00, 0.00) is out of map bounds (2137.75, 866.95) to (2145.72, 874.92). The costmap cannot raytrace for it.
[WARN] [1784154197.784144432] [local_costmap.local_costmap]: Sensor origin at (0.00, 0.00) is out of map bounds (2137.75, 866.95) to (2145.72, 874.92). The costmap cannot raytrace for it.
[WARN] [1784154197.850715862] [local_costmap.local_costmap]: Sensor origin at (0.00, 0.00) is out of map bounds (2137.75, 866.95) to (2145.72, 874.92). The costmap cannot raytrace for it.
[WARN] [1784154197.917296235] [local_costmap.local_costmap]: Sensor origin at (0.00, 0.00) is out of map bounds (2137.75, 866.95) to (2145.72, 874.92). The costmap cannot raytrace for it.
[WARN] [1784154197.983971410] [local_costmap.local_costmap]: Sensor origin at (0.00, 0.00) is out of map bounds (2137.75, 866.95) to (2145.72, 874.92). The costmap cannot raytrace for it.
[WARN] [1784154198.050642871] [local_costmap.local_costmap]: Sensor origin at (0.00, 0.00) is out of map bounds (2137.75, 866.95) to (2145.72, 874.92). The costmap cannot raytrace for it.
[WARN] [1784154198.117335995] [local_costmap.local_costmap]: Sensor origin at (0.00, 0.00) is out of map bounds (2137.75, 866.95) to (2145.72, 874.92). The costmap cannot raytrace for it.
[WARN] [1784154198.183999640] [local_costmap.local_costmap]: Sensor origin at (0.00, 0.00) is out of map bounds (2137.75, 866.95) to (2145.72, 874.92). The costmap cannot raytrace for it.
[WARN] [1784154198.250647468] [local_costmap.local_costmap]: Sensor origin at (0.00, 0.00) is out of map bounds (2137.75, 866.95) to (2145.72, 874.92). The costmap cannot raytrace for it.
[WARN] [1784154198.317312794] [local_costmap.local_costmap]: Sensor origin at (0.00, 0.00) is out of map bounds (2137.75, 866.95) to (2145.72, 874.92). The costmap cannot raytrace for it.
[WARN] [1784154198.383972514] [local_costmap.local_costmap]: Sensor origin at (0.00, 0.00) is out of map bounds (2137.75, 866.95) to (2145.72, 874.92). The costmap cannot raytrace for it.
[WARN] [1784154198.452332344] [local_costmap.local_costmap]: Sensor origin at (0.00, 0.00) is out of map bounds (2137.75, 866.95) to (2145.72, 874.92). The costmap cannot raytrace for it.
[WARN] [1784154198.517325811] [local_costmap.local_costmap]: Sensor origin at (0.00, 0.00) is out of map bounds (2137.75, 866.95) to (2145.72, 874.92). The costmap cannot raytrace for it.
[WARN] [1784154198.583986736] [local_costmap.local_costmap]: Sensor origin at (0.00, 0.00) is out of map bounds (2137.75, 866.95) to (2145.72, 874.92). The costmap cannot raytrace for it.
[WARN] [1784154198.650835461] [local_costmap.local_costmap]: Sensor origin at (0.00, 0.00) is out of map bounds (2137.75, 866.95) to (2145.72, 874.92). The costmap cannot raytrace for it.
[WARN] [1784154198.717364801] [local_costmap.local_costmap]: Sensor origin at (0.00, 0.00) is out of map bounds (2137.75, 866.95) to (2145.72, 874.92). The costmap cannot raytrace for it.
[WARN] [1784154198.783968130] [local_costmap.local_costmap]: Sensor origin at (0.00, 0.00) is out of map bounds (2137.75, 866.95) to (2145.72, 874.92). The costmap cannot raytrace for it.
[WARN] [1784154198.850632749] [local_costmap.local_costmap]: Sensor origin at (0.00, 0.00) is out of map bounds (2137.75, 866.95) to (2145.72, 874.92). The costmap cannot raytrace for it.
[WARN] [1784154198.917313027] [local_costmap.local_costmap]: Sensor origin at (0.00, 0.00) is out of map bounds (2137.75, 866.95) to (2145.72, 874.92). The costmap cannot raytrace for it.
[WARN] [1784154198.983988453] [local_costmap.local_costmap]: Sensor origin at (0.00, 0.00) is out of map bounds (2137.75, 866.95) to (2145.72, 874.92). The costmap cannot raytrace for it.
[WARN] [1784154199.050645276] [local_costmap.local_costmap]: Sensor origin at (0.00, 0.00) is out of map bounds (2137.75, 866.95) to (2145.72, 874.92). The costmap cannot raytrace for it.
[WARN] [1784154199.117306503] [local_costmap.local_costmap]: Sensor origin at (0.00, 0.00) is out of map bounds (2137.75, 866.95) to (2145.72, 874.92). The costmap cannot raytrace for it.
[WARN] [1784154199.183967516] [local_costmap.local_costmap]: Sensor origin at (0.00, 0.00) is out of map bounds (2137.75, 866.95) to (2145.72, 874.92). The costmap cannot raytrace for it.
[WARN] [1784154199.250679283] [local_costmap.local_costmap]: Sensor origin at (0.00, 0.00) is out of map bounds (2137.75, 866.95) to (2145.72, 874.92). The costmap cannot raytrace for it.
[WARN] [1784154199.317483707] [local_costmap.local_costmap]: Sensor origin at (0.00, 0.00) is out of map bounds (2137.75, 866.95) to (2145.72, 874.92). The costmap cannot raytrace for it.
[WARN] [1784154199.383988682] [local_costmap.local_costmap]: Sensor origin at (0.00, 0.00) is out of map bounds (2137.75, 866.95) to (2145.72, 874.92). The costmap cannot raytrace for it.
[WARN] [1784154199.450776872] [local_costmap.local_costmap]: Sensor origin at (0.00, 0.00) is out of map bounds (2137.75, 866.95) to (2145.72, 874.92). The costmap cannot raytrace for it.
[WARN] [1784154199.517369131] [local_costmap.local_costmap]: Sensor origin at (0.00, 0.00) is out of map bounds (2137.75, 866.95) to (2145.72, 874.92). The costmap cannot raytrace for it.
[WARN] [1784154199.584146512] [local_costmap.local_costmap]: Sensor origin at (0.00, 0.00) is out of map bounds (2137.75, 866.95) to (2145.72, 874.92). The costmap cannot raytrace for it.
[WARN] [1784154199.650756730] [local_costmap.local_costmap]: Sensor origin at (0.00, 0.00) is out of map bounds (2137.75, 866.95) to (2145.72, 874.92). The costmap cannot raytrace for it.
[WARN] [1784154199.717325859] [local_costmap.local_costmap]: Sensor origin at (0.00, 0.00) is out of map bounds (2137.75, 866.95) to (2145.72, 874.92). The costmap cannot raytrace for it.
[WARN] [1784154199.784005753] [local_costmap.local_costmap]: Sensor origin at (0.00, 0.00) is out of map bounds (2137.75, 866.95) to (2145.72, 874.92). The costmap cannot raytrace for it.
[WARN] [1784154199.850688273] [local_costmap.local_costmap]: Sensor origin at (0.00, 0.00) is out of map bounds (2137.75, 866.95) to (2145.72, 874.92). The costmap cannot raytrace for it.
[WARN] [1784154199.917557555] [local_costmap.local_costmap]: Sensor origin at (0.00, 0.00) is out of map bounds (2137.75, 866.95) to (2145.72, 874.92). The costmap cannot raytrace for it.
[WARN] [1784154199.984011870] [local_costmap.local_costmap]: Sensor origin at (0.00, 0.00) is out of map bounds (2137.75, 866.95) to (2145.72, 874.92). The costmap cannot raytrace for it.
[WARN] [1784154200.050653727] [local_costmap.local_costmap]: Sensor origin at (0.00, 0.00) is out of map bounds (2137.75, 866.95) to (2145.72, 874.92). The costmap cannot raytrace for it.
[WARN] [1784154200.117321147] [local_costmap.local_costmap]: Sensor origin at (0.00, 0.00) is out of map bounds (2137.75, 866.95) to (2145.72, 874.92). The costmap cannot raytrace for it.
[WARN] [1784154200.183995127] [local_costmap.local_costmap]: Sensor origin at (0.00, 0.00) is out of map bounds (2137.75, 866.95) to (2145.72, 874.92). The costmap cannot raytrace for it.
[WARN] [1784154200.250650351] [local_costmap.local_costmap]: Sensor origin at (0.00, 0.00) is out of map bounds (2137.75, 866.95) to (2145.72, 874.92). The costmap cannot raytrace for it.
[WARN] [1784154200.317442569] [local_costmap.local_costmap]: Sensor origin at (0.00, 0.00) is out of map bounds (2137.75, 866.95) to (2145.72, 874.92). The costmap cannot raytrace for it.
[WARN] [1784154200.383965913] [local_costmap.local_costmap]: Sensor origin at (0.00, 0.00) is out of map bounds (2137.75, 866.95) to (2145.72, 874.92). The costmap cannot raytrace for it.
[WARN] [1784154200.450696485] [local_costmap.local_costmap]: Sensor origin at (0.00, 0.00) is out of map bounds (2137.75, 866.95) to (2145.72, 874.92). The costmap cannot raytrace for it.
[WARN] [1784154200.517323242] [local_costmap.local_costmap]: Sensor origin at (0.00, 0.00) is out of map bounds (2137.75, 866.95) to (2145.72, 874.92). The costmap cannot raytrace for it.
[WARN] [1784154200.583970521] [local_costmap.local_costmap]: Sensor origin at (0.00, 0.00) is out of map bounds (2137.75, 866.95) to (2145.72, 874.92). The costmap cannot raytrace for it.
[WARN] [1784154200.652347959] [local_costmap.local_costmap]: Sensor origin at (0.00, 0.00) is out of map bounds (2137.75, 866.95) to (2145.72, 874.92). The costmap cannot raytrace for it.
[WARN] [1784154200.717300450] [local_costmap.local_costmap]: Sensor origin at (0.00, 0.00) is out of map bounds (2137.75, 866.95) to (2145.72, 874.92). The costmap cannot raytrace for it.
[WARN] [1784154200.786948283] [local_costmap.local_costmap]: Sensor origin at (0.00, 0.00) is out of map bounds (2137.75, 866.95) to (2145.72, 874.92). The costmap cannot raytrace for it.
[WARN] [1784154200.850651473] [local_costmap.local_costmap]: Sensor origin at (0.00, 0.00) is out of map bounds (2137.75, 866.95) to (2145.72, 874.92). The costmap cannot raytrace for it.
[WARN] [1784154200.917331437] [local_costmap.local_costmap]: Sensor origin at (0.00, 0.00) is out of map bounds (2137.75, 866.95) to (2145.72, 874.92). The costmap cannot raytrace for it.
[WARN] [1784154200.983988491] [local_costmap.local_costmap]: Sensor origin at (0.00, 0.00) is out of map bounds (2137.75, 866.95) to (2145.72, 874.92). The costmap cannot raytrace for it.
[WARN] [1784154201.050637986] [local_costmap.local_costmap]: Sensor origin at (0.00, 0.00) is out of map bounds (2137.75, 866.95) to (2145.72, 874.92). The costmap cannot raytrace for it.
[WARN] [1784154201.117947175] [local_costmap.local_costmap]: Sensor origin at (0.00, 0.00) is out of map bounds (2137.75, 866.95) to (2145.72, 874.92). The costmap cannot raytrace for it.
[WARN] [1784154201.183983362] [local_costmap.local_costmap]: Sensor origin at (0.00, 0.00) is out of map bounds (2137.75, 866.95) to (2145.72, 874.92). The costmap cannot raytrace for it.
[WARN] [1784154201.250625026] [local_costmap.local_costmap]: Sensor origin at (0.00, 0.00) is out of map bounds (2137.75, 866.95) to (2145.72, 874.92). The costmap cannot raytrace for it.
[WARN] [1784154201.317320455] [local_costmap.local_costmap]: Sensor origin at (0.00, 0.00) is out of map bounds (2137.75, 866.95) to (2145.72, 874.92). The costmap cannot raytrace for it.
[WARN] [1784154201.384048352] [local_costmap.local_costmap]: Sensor origin at (0.00, 0.00) is out of map bounds (2137.75, 866.95) to (2145.72, 874.92). The costmap cannot raytrace for it.
[WARN] [1784154201.450650647] [local_costmap.local_costmap]: Sensor origin at (0.00, 0.00) is out of map bounds (2137.75, 866.95) to (2145.72, 874.92). The costmap cannot raytrace for it.
[WARN] [1784154201.517323363] [local_costmap.local_costmap]: Sensor origin at (0.00, 0.00) is out of map bounds (2137.75, 866.95) to (2145.72, 874.92). The costmap cannot raytrace for it.
[WARN] [1784154201.584451571] [local_costmap.local_costmap]: Sensor origin at (0.00, 0.00) is out of map bounds (2137.75, 866.95) to (2145.72, 874.92). The costmap cannot raytrace for it.
[WARN] [1784154201.650641862] [local_costmap.local_costmap]: Sensor origin at (0.00, 0.00) is out of map bounds (2137.75, 866.95) to (2145.72, 874.92). The costmap cannot raytrace for it.
[WARN] [1784154201.717689358] [local_costmap.local_costmap]: Sensor origin at (0.00, 0.00) is out of map bounds (2137.75, 866.95) to (2145.72, 874.92). The costmap cannot raytrace for it.
[WARN] [1784154201.783973391] [local_costmap.local_costmap]: Sensor origin at (0.00, 0.00) is out of map bounds (2137.75, 866.95) to (2145.72, 874.92). The costmap cannot raytrace for it.
[WARN] [1784154201.851060476] [local_costmap.local_costmap]: Sensor origin at (0.00, 0.00) is out of map bounds (2137.75, 866.95) to (2145.72, 874.92). The costmap cannot raytrace for it.
[WARN] [1784154201.917319610] [local_costmap.local_costmap]: Sensor origin at (0.00, 0.00) is out of map bounds (2137.75, 866.95) to (2145.72, 874.92). The costmap cannot raytrace for it.
[WARN] [1784154201.983995793] [local_costmap.local_costmap]: Sensor origin at (0.00, 0.00) is out of map bounds (2137.75, 866.95) to (2145.72, 874.92). The costmap cannot raytrace for it.
[WARN] [1784154202.050752040] [local_costmap.local_costmap]: Sensor origin at (0.00, 0.00) is out of map bounds (2137.75, 866.95) to (2145.72, 874.92). The costmap cannot raytrace for it.
[WARN] [1784154202.117406259] [local_costmap.local_costmap]: Sensor origin at (0.00, 0.00) is out of map bounds (2137.75, 866.95) to (2145.72, 874.92). The costmap cannot raytrace for it.
[WARN] [1784154202.184014495] [local_costmap.local_costmap]: Sensor origin at (0.00, 0.00) is out of map bounds (2137.75, 866.95) to (2145.72, 874.92). The costmap cannot raytrace for it.
[WARN] [1784154202.251481942] [local_costmap.local_costmap]: Sensor origin at (0.00, 0.00) is out of map bounds (2137.75, 866.95) to (2145.72, 874.92). The costmap cannot raytrace for it.
[WARN] [1784154202.317310812] [local_costmap.local_costmap]: Sensor origin at (0.00, 0.00) is out of map bounds (2137.75, 866.95) to (2145.72, 874.92). The costmap cannot raytrace for it.
[WARN] [1784154202.383969619] [local_costmap.local_costmap]: Sensor origin at (0.00, 0.00) is out of map bounds (2137.75, 866.95) to (2145.72, 874.92). The costmap cannot raytrace for it.
[WARN] [1784154202.450858365] [local_costmap.local_costmap]: Sensor origin at (0.00, 0.00) is out of map bounds (2137.75, 866.95) to (2145.72, 874.92). The costmap cannot raytrace for it.
[WARN] [1784154202.517376504] [local_costmap.local_costmap]: Sensor origin at (0.00, 0.00) is out of map bounds (2137.75, 866.95) to (2145.72, 874.92). The costmap cannot raytrace for it.
[WARN] [1784154202.583970866] [local_costmap.local_costmap]: Sensor origin at (0.00, 0.00) is out of map bounds (2137.75, 866.95) to (2145.72, 874.92). The costmap cannot raytrace for it.
[WARN] [1784154202.650630955] [local_costmap.local_costmap]: Sensor origin at (0.00, 0.00) is out of map bounds (2137.75, 866.95) to (2145.72, 874.92). The costmap cannot raytrace for it.
[WARN] [1784154202.717309668] [local_costmap.local_costmap]: Sensor origin at (0.00, 0.00) is out of map bounds (2137.75, 866.95) to (2145.72, 874.92). The costmap cannot raytrace for it.
[WARN] [1784154202.783965428] [local_costmap.local_costmap]: Sensor origin at (0.00, 0.00) is out of map bounds (2137.75, 866.95) to (2145.72, 874.92). The costmap cannot raytrace for it.
[WARN] [1784154202.850622532] [local_costmap.local_costmap]: Sensor origin at (0.00, 0.00) is out of map bounds (2137.75, 866.95) to (2145.72, 874.92). The costmap cannot raytrace for it.
[WARN] [1784154202.917790107] [local_costmap.local_costmap]: Sensor origin at (0.00, 0.00) is out of map bounds (2137.75, 866.95) to (2145.72, 874.92). The costmap cannot raytrace for it.
[WARN] [1784154202.984101345] [local_costmap.local_costmap]: Sensor origin at (0.00, 0.00) is out of map bounds (2137.75, 866.95) to (2145.72, 874.92). The costmap cannot raytrace for it.
[WARN] [1784154203.051377503] [local_costmap.local_costmap]: Sensor origin at (0.00, 0.00) is out of map bounds (2137.75, 866.95) to (2145.72, 874.92). The costmap cannot raytrace for it.
[WARN] [1784154203.117318199] [local_costmap.local_costmap]: Sensor origin at (0.00, 0.00) is out of map bounds (2137.75, 866.95) to (2145.72, 874.92). The costmap cannot raytrace for it.
[WARN] [1784154203.184021279] [local_costmap.local_costmap]: Sensor origin at (0.00, 0.00) is out of map bounds (2137.75, 866.95) to (2145.72, 874.92). The costmap cannot raytrace for it.
[WARN] [1784154203.250764501] [local_costmap.local_costmap]: Sensor origin at (0.00, 0.00) is out of map bounds (2137.75, 866.95) to (2145.72, 874.92). The costmap cannot raytrace for it.
[WARN] [1784154203.317357839] [local_costmap.local_costmap]: Sensor origin at (0.00, 0.00) is out of map bounds (2137.75, 866.95) to (2145.72, 874.92). The costmap cannot raytrace for it.
[WARN] [1784154203.384292997] [local_costmap.local_costmap]: Sensor origin at (0.00, 0.00) is out of map bounds (2137.75, 866.95) to (2145.72, 874.92). The costmap cannot raytrace for it.
[WARN] [1784154203.450657630] [local_costmap.local_costmap]: Sensor origin at (0.00, 0.00) is out of map bounds (2137.75, 866.95) to (2145.72, 874.92). The costmap cannot raytrace for it.
[WARN] [1784154203.517325110] [local_costmap.local_costmap]: Sensor origin at (0.00, 0.00) is out of map bounds (2137.75, 866.95) to (2145.72, 874.92). The costmap cannot raytrace for it.
[WARN] [1784154203.583991930] [local_costmap.local_costmap]: Sensor origin at (0.00, 0.00) is out of map bounds (2137.75, 866.95) to (2145.72, 874.92). The costmap cannot raytrace for it.
[WARN] [1784154203.650653215] [local_costmap.local_costmap]: Sensor origin at (0.00, 0.00) is out of map bounds (2137.75, 866.95) to (2145.72, 874.92). The costmap cannot raytrace for it.
[WARN] [1784154203.717391019] [local_costmap.local_costmap]: Sensor origin at (0.00, 0.00) is out of map bounds (2137.75, 866.95) to (2145.72, 874.92). The costmap cannot raytrace for it.
[WARN] [1784154203.783972487] [local_costmap.local_costmap]: Sensor origin at (0.00, 0.00) is out of map bounds (2137.75, 866.95) to (2145.72, 874.92). The costmap cannot raytrace for it.
[WARN] [1784154203.850650834] [local_costmap.local_costmap]: Sensor origin at (0.00, 0.00) is out of map bounds (2137.75, 866.95) to (2145.72, 874.92). The costmap cannot raytrace for it.
[WARN] [1784154203.917310806] [local_costmap.local_costmap]: Sensor origin at (0.00, 0.00) is out of map bounds (2137.75, 866.95) to (2145.72, 874.92). The costmap cannot raytrace for it.
[WARN] [1784154203.984059610] [local_costmap.local_costmap]: Sensor origin at (0.00, 0.00) is out of map bounds (2137.75, 866.95) to (2145.72, 874.92). The costmap cannot raytrace for it.
[WARN] [1784154204.050940253] [local_costmap.local_costmap]: Sensor origin at (0.00, 0.00) is out of map bounds (2137.75, 866.95) to (2145.72, 874.92). The costmap cannot raytrace for it.
[WARN] [1784154204.117375940] [local_costmap.local_costmap]: Sensor origin at (0.00, 0.00) is out of map bounds (2137.75, 866.95) to (2145.72, 874.92). The costmap cannot raytrace for it.
[WARN] [1784154204.183959058] [local_costmap.local_costmap]: Sensor origin at (0.00, 0.00) is out of map bounds (2137.75, 866.95) to (2145.72, 874.92). The costmap cannot raytrace for it.
[WARN] [1784154204.250854348] [local_costmap.local_costmap]: Sensor origin at (0.00, 0.00) is out of map bounds (2137.75, 866.95) to (2145.72, 874.92). The costmap cannot raytrace for it.
[WARN] [1784154204.317473023] [local_costmap.local_costmap]: Sensor origin at (0.00, 0.00) is out of map bounds (2137.75, 866.95) to (2145.72, 874.92). The costmap cannot raytrace for it.
[WARN] [1784154204.384009582] [local_costmap.local_costmap]: Sensor origin at (0.00, 0.00) is out of map bounds (2137.75, 866.95) to (2145.72, 874.92). The costmap cannot raytrace for it.
[WARN] [1784154204.452448185] [local_costmap.local_costmap]: Sensor origin at (0.00, 0.00) is out of map bounds (2137.75, 866.95) to (2145.72, 874.92). The costmap cannot raytrace for it.
[WARN] [1784154204.517319793] [local_costmap.local_costmap]: Sensor origin at (0.00, 0.00) is out of map bounds (2137.75, 866.95) to (2145.72, 874.92). The costmap cannot raytrace for it.
[WARN] [1784154204.583985201] [local_costmap.local_costmap]: Sensor origin at (0.00, 0.00) is out of map bounds (2137.75, 866.95) to (2145.72, 874.92). The costmap cannot raytrace for it.
[WARN] [1784154204.650645137] [local_costmap.local_costmap]: Sensor origin at (0.00, 0.00) is out of map bounds (2137.75, 866.95) to (2145.72, 874.92). The costmap cannot raytrace for it.
[WARN] [1784154204.717329652] [local_costmap.local_costmap]: Sensor origin at (0.00, 0.00) is out of map bounds (2137.75, 866.95) to (2145.72, 874.92). The costmap cannot raytrace for it.
[WARN] [1784154204.784184640] [local_costmap.local_costmap]: Sensor origin at (0.00, 0.00) is out of map bounds (2137.75, 866.95) to (2145.72, 874.92). The costmap cannot raytrace for it.
[WARN] [1784154204.850649131] [local_costmap.local_costmap]: Sensor origin at (0.00, 0.00) is out of map bounds (2137.75, 866.95) to (2145.72, 874.92). The costmap cannot raytrace for it.
[WARN] [1784154204.917317194] [local_costmap.local_costmap]: Sensor origin at (0.00, 0.00) is out of map bounds (2137.75, 866.95) to (2145.72, 874.92). The costmap cannot raytrace for it.
[WARN] [1784154204.983984712] [local_costmap.local_costmap]: Sensor origin at (0.00, 0.00) is out of map bounds (2137.75, 866.95) to (2145.72, 874.92). The costmap cannot raytrace for it.
[WARN] [1784154205.050634561] [local_costmap.local_costmap]: Sensor origin at (0.00, 0.00) is out of map bounds (2137.75, 866.95) to (2145.72, 874.92). The costmap cannot raytrace for it.
[WARN] [1784154205.117298922] [local_costmap.local_costmap]: Sensor origin at (0.00, 0.00) is out of map bounds (2137.75, 866.95) to (2145.72, 874.92). The costmap cannot raytrace for it.
[WARN] [1784154205.183980494] [local_costmap.local_costmap]: Sensor origin at (0.00, 0.00) is out of map bounds (2137.75, 866.95) to (2145.72, 874.92). The costmap cannot raytrace for it.
[WARN] [1784154205.251023286] [local_costmap.local_costmap]: Sensor origin at (0.00, 0.00) is out of map bounds (2137.75, 866.95) to (2145.72, 874.92). The costmap cannot raytrace for it.
[WARN] [1784154205.317314709] [local_costmap.local_costmap]: Sensor origin at (0.00, 0.00) is out of map bounds (2137.75, 866.95) to (2145.72, 874.92). The costmap cannot raytrace for it.
[WARN] [1784154205.387091304] [local_costmap.local_costmap]: Sensor origin at (0.00, 0.00) is out of map bounds (2137.75, 866.95) to (2145.72, 874.92). The costmap cannot raytrace for it.
[WARN] [1784154205.453064473] [local_costmap.local_costmap]: Sensor origin at (0.00, 0.00) is out of map bounds (2137.75, 866.95) to (2145.72, 874.92). The costmap cannot raytrace for it.
[WARN] [1784154205.517315254] [local_costmap.local_costmap]: Sensor origin at (0.00, 0.00) is out of map bounds (2137.75, 866.95) to (2145.72, 874.92). The costmap cannot raytrace for it.
[WARN] [1784154205.584010656] [local_costmap.local_costmap]: Sensor origin at (0.00, 0.00) is out of map bounds (2137.75, 866.95) to (2145.72, 874.92). The costmap cannot raytrace for it.
[WARN] [1784154205.650642502] [local_costmap.local_costmap]: Sensor origin at (0.00, 0.00) is out of map bounds (2137.75, 866.95) to (2145.72, 874.92). The costmap cannot raytrace for it.
[WARN] [1784154205.717809582] [local_costmap.local_costmap]: Sensor origin at (0.00, 0.00) is out of map bounds (2137.75, 866.95) to (2145.72, 874.92). The costmap cannot raytrace for it.
[WARN] [1784154205.783968003] [local_costmap.local_costmap]: Sensor origin at (0.00, 0.00) is out of map bounds (2137.75, 866.95) to (2145.72, 874.92). The costmap cannot raytrace for it.
[WARN] [1784154205.850650844] [local_costmap.local_costmap]: Sensor origin at (0.00, 0.00) is out of map bounds (2137.75, 866.95) to (2145.72, 874.92). The costmap cannot raytrace for it.
[WARN] [1784154205.917318827] [local_costmap.local_costmap]: Sensor origin at (0.00, 0.00) is out of map bounds (2137.75, 866.95) to (2145.72, 874.92). The costmap cannot raytrace for it.
[WARN] [1784154205.984015989] [local_costmap.local_costmap]: Sensor origin at (0.00, 0.00) is out of map bounds (2137.75, 866.95) to (2145.72, 874.92). The costmap cannot raytrace for it.
[WARN] [1784154206.050821634] [local_costmap.local_costmap]: Sensor origin at (0.00, 0.00) is out of map bounds (2137.75, 866.95) to (2145.72, 874.92). The costmap cannot raytrace for it.
[WARN] [1784154206.117335634] [local_costmap.local_costmap]: Sensor origin at (0.00, 0.00) is out of map bounds (2137.75, 866.95) to (2145.72, 874.92). The costmap cannot raytrace for it.
[WARN] [1784154206.183970987] [local_costmap.local_costmap]: Sensor origin at (0.00, 0.00) is out of map bounds (2137.75, 866.95) to (2145.72, 874.92). The costmap cannot raytrace for it.
[WARN] [1784154206.252382794] [local_costmap.local_costmap]: Sensor origin at (0.00, 0.00) is out of map bounds (2137.75, 866.95) to (2145.72, 874.92). The costmap cannot raytrace for it.
[WARN] [1784154206.317334300] [local_costmap.local_costmap]: Sensor origin at (0.00, 0.00) is out of map bounds (2137.75, 866.95) to (2145.72, 874.92). The costmap cannot raytrace for it.
[WARN] [1784154206.383978283] [local_costmap.local_costmap]: Sensor origin at (0.00, 0.00) is out of map bounds (2137.75, 866.95) to (2145.72, 874.92). The costmap cannot raytrace for it.
[WARN] [1784154206.450654198] [local_costmap.local_costmap]: Sensor origin at (0.00, 0.00) is out of map bounds (2137.75, 866.95) to (2145.72, 874.92). The costmap cannot raytrace for it.
[WARN] [1784154206.517369390] [local_costmap.local_costmap]: Sensor origin at (0.00, 0.00) is out of map bounds (2137.75, 866.95) to (2145.72, 874.92). The costmap cannot raytrace for it.
[WARN] [1784154206.584768661] [local_costmap.local_costmap]: Sensor origin at (0.00, 0.00) is out of map bounds (2137.75, 866.95) to (2145.72, 874.92). The costmap cannot raytrace for it.
[WARN] [1784154206.650664722] [local_costmap.local_costmap]: Sensor origin at (0.00, 0.00) is out of map bounds (2137.75, 866.95) to (2145.72, 874.92). The costmap cannot raytrace for it.
[WARN] [1784154206.717418506] [local_costmap.local_costmap]: Sensor origin at (0.00, 0.00) is out of map bounds (2137.75, 866.95) to (2145.72, 874.92). The costmap cannot raytrace for it.
[WARN] [1784154206.783984708] [local_costmap.local_costmap]: Sensor origin at (0.00, 0.00) is out of map bounds (2137.75, 866.95) to (2145.72, 874.92). The costmap cannot raytrace for it.
[WARN] [1784154206.850640933] [local_costmap.local_costmap]: Sensor origin at (0.00, 0.00) is out of map bounds (2137.75, 866.95) to (2145.72, 874.92). The costmap cannot raytrace for it.
[WARN] [1784154206.918123613] [local_costmap.local_costmap]: Sensor origin at (0.00, 0.00) is out of map bounds (2137.75, 866.95) to (2145.72, 874.92). The costmap cannot raytrace for it.
[WARN] [1784154206.983981203] [local_costmap.local_costmap]: Sensor origin at (0.00, 0.00) is out of map bounds (2137.75, 866.95) to (2145.72, 874.92). The costmap cannot raytrace for it.
[WARN] [1784154207.050659949] [local_costmap.local_costmap]: Sensor origin at (0.00, 0.00) is out of map bounds (2137.75, 866.95) to (2145.72, 874.92). The costmap cannot raytrace for it.
[WARN] [1784154207.125261372] [local_costmap.local_costmap]: Sensor origin at (0.00, 0.00) is out of map bounds (2137.75, 866.95) to (2145.72, 874.92). The costmap cannot raytrace for it.
[WARN] [1784154207.186194754] [local_costmap.local_costmap]: Sensor origin at (0.00, 0.00) is out of map bounds (2137.75, 866.95) to (2145.72, 874.92). The costmap cannot raytrace for it.
[WARN] [1784154207.250613036] [local_costmap.local_costmap]: Sensor origin at (0.00, 0.00) is out of map bounds (2137.75, 866.95) to (2145.72, 874.92). The costmap cannot raytrace for it.
[WARN] [1784154207.317341922] [local_costmap.local_costmap]: Sensor origin at (0.00, 0.00) is out of map bounds (2137.75, 866.95) to (2145.72, 874.92). The costmap cannot raytrace for it.
[WARN] [1784154207.383965527] [local_costmap.local_costmap]: Sensor origin at (0.00, 0.00) is out of map bounds (2137.75, 866.95) to (2145.72, 874.92). The costmap cannot raytrace for it.
[WARN] [1784154207.450644633] [local_costmap.local_costmap]: Sensor origin at (0.00, 0.00) is out of map bounds (2137.75, 866.95) to (2145.72, 874.92). The costmap cannot raytrace for it.
[WARN] [1784154207.517319232] [local_costmap.local_costmap]: Sensor origin at (0.00, 0.00) is out of map bounds (2137.75, 866.95) to (2145.72, 874.92). The costmap cannot raytrace for it.
[WARN] [1784154207.583988611] [local_costmap.local_costmap]: Sensor origin at (0.00, 0.00) is out of map bounds (2137.75, 866.95) to (2145.72, 874.92). The costmap cannot raytrace for it.
[WARN] [1784154207.650634362] [local_costmap.local_costmap]: Sensor origin at (0.00, 0.00) is out of map bounds (2137.75, 866.95) to (2145.72, 874.92). The costmap cannot raytrace for it.
[WARN] [1784154207.717300903] [local_costmap.local_costmap]: Sensor origin at (0.00, 0.00) is out of map bounds (2137.75, 866.95) to (2145.72, 874.92). The costmap cannot raytrace for it.
[WARN] [1784154207.784076953] [local_costmap.local_costmap]: Sensor origin at (0.00, 0.00) is out of map bounds (2137.75, 866.95) to (2145.72, 874.92). The costmap cannot raytrace for it.
[WARN] [1784154207.850711572] [local_costmap.local_costmap]: Sensor origin at (0.00, 0.00) is out of map bounds (2137.75, 866.95) to (2145.72, 874.92). The costmap cannot raytrace for it.
[WARN] [1784154207.917316443] [local_costmap.local_costmap]: Sensor origin at (0.00, 0.00) is out of map bounds (2137.75, 866.95) to (2145.72, 874.92). The costmap cannot raytrace for it.
[WARN] [1784154207.984012577] [local_costmap.local_costmap]: Sensor origin at (0.00, 0.00) is out of map bounds (2137.75, 866.95) to (2145.72, 874.92). The costmap cannot raytrace for it.
[WARN] [1784154208.050671868] [local_costmap.local_costmap]: Sensor origin at (0.00, 0.00) is out of map bounds (2137.75, 866.95) to (2145.72, 874.92). The costmap cannot raytrace for it.
[WARN] [1784154208.117310865] [local_costmap.local_costmap]: Sensor origin at (0.00, 0.00) is out of map bounds (2137.75, 866.95) to (2145.72, 874.92). The costmap cannot raytrace for it.
[WARN] [1784154208.184427386] [local_costmap.local_costmap]: Sensor origin at (0.00, 0.00) is out of map bounds (2137.75, 866.95) to (2145.72, 874.92). The costmap cannot raytrace for it.
[WARN] [1784154208.250881074] [local_costmap.local_costmap]: Sensor origin at (0.00, 0.00) is out of map bounds (2137.75, 866.95) to (2145.72, 874.92). The costmap cannot raytrace for it.
[WARN] [1784154208.317380279] [local_costmap.local_costmap]: Sensor origin at (0.00, 0.00) is out of map bounds (2137.75, 866.95) to (2145.72, 874.92). The costmap cannot raytrace for it.
[WARN] [1784154208.383985036] [local_costmap.local_costmap]: Sensor origin at (0.00, 0.00) is out of map bounds (2137.75, 866.95) to (2145.72, 874.92). The costmap cannot raytrace for it.
[WARN] [1784154208.450627859] [local_costmap.local_costmap]: Sensor origin at (0.00, 0.00) is out of map bounds (2137.75, 866.95) to (2145.72, 874.92). The costmap cannot raytrace for it.
[WARN] [1784154208.517303400] [local_costmap.local_costmap]: Sensor origin at (0.00, 0.00) is out of map bounds (2137.75, 866.95) to (2145.72, 874.92). The costmap cannot raytrace for it.
[WARN] [1784154208.584025513] [local_costmap.local_costmap]: Sensor origin at (0.00, 0.00) is out of map bounds (2137.75, 866.95) to (2145.72, 874.92). The costmap cannot raytrace for it.
[WARN] [1784154208.650654155] [local_costmap.local_costmap]: Sensor origin at (0.00, 0.00) is out of map bounds (2137.75, 866.95) to (2145.72, 874.92). The costmap cannot raytrace for it.
[WARN] [1784154208.717486611] [local_costmap.local_costmap]: Sensor origin at (0.00, 0.00) is out of map bounds (2137.75, 866.95) to (2145.72, 874.92). The costmap cannot raytrace for it.
[WARN] [1784154208.783954176] [local_costmap.local_costmap]: Sensor origin at (0.00, 0.00) is out of map bounds (2137.75, 866.95) to (2145.72, 874.92). The costmap cannot raytrace for it.
[WARN] [1784154208.850823035] [local_costmap.local_costmap]: Sensor origin at (0.00, 0.00) is out of map bounds (2137.75, 866.95) to (2145.72, 874.92). The costmap cannot raytrace for it.
[WARN] [1784154208.917379108] [local_costmap.local_costmap]: Sensor origin at (0.00, 0.00) is out of map bounds (2137.75, 866.95) to (2145.72, 874.92). The costmap cannot raytrace for it.
[WARN] [1784154208.983994179] [local_costmap.local_costmap]: Sensor origin at (0.00, 0.00) is out of map bounds (2137.75, 866.95) to (2145.72, 874.92). The costmap cannot raytrace for it.
[WARN] [1784154209.050708550] [local_costmap.local_costmap]: Sensor origin at (0.00, 0.00) is out of map bounds (2137.75, 866.95) to (2145.72, 874.92). The costmap cannot raytrace for it.
[WARN] [1784154209.117300581] [local_costmap.local_costmap]: Sensor origin at (0.00, 0.00) is out of map bounds (2137.75, 866.95) to (2145.72, 874.92). The costmap cannot raytrace for it.
[WARN] [1784154209.183984896] [local_costmap.local_costmap]: Sensor origin at (0.00, 0.00) is out of map bounds (2137.75, 866.95) to (2145.72, 874.92). The costmap cannot raytrace for it.
[WARN] [1784154209.250641649] [local_costmap.local_costmap]: Sensor origin at (0.00, 0.00) is out of map bounds (2137.75, 866.95) to (2145.72, 874.92). The costmap cannot raytrace for it.
[WARN] [1784154209.317348099] [local_costmap.local_costmap]: Sensor origin at (0.00, 0.00) is out of map bounds (2137.75, 866.95) to (2145.72, 874.92). The costmap cannot raytrace for it.
[WARN] [1784154209.384264235] [local_costmap.local_costmap]: Sensor origin at (0.00, 0.00) is out of map bounds (2137.75, 866.95) to (2145.72, 874.92). The costmap cannot raytrace for it.
[WARN] [1784154209.450891643] [local_costmap.local_costmap]: Sensor origin at (0.00, 0.00) is out of map bounds (2137.75, 866.95) to (2145.72, 874.92). The costmap cannot raytrace for it.
[WARN] [1784154209.517323025] [local_costmap.local_costmap]: Sensor origin at (0.00, 0.00) is out of map bounds (2137.75, 866.95) to (2145.72, 874.92). The costmap cannot raytrace for it.
[WARN] [1784154209.584315530] [local_costmap.local_costmap]: Sensor origin at (0.00, 0.00) is out of map bounds (2137.75, 866.95) to (2145.72, 874.92). The costmap cannot raytrace for it.
[WARN] [1784154209.650640958] [local_costmap.local_costmap]: Sensor origin at (0.00, 0.00) is out of map bounds (2137.75, 866.95) to (2145.72, 874.92). The costmap cannot raytrace for it.
[WARN] [1784154209.717384409] [local_costmap.local_costmap]: Sensor origin at (0.00, 0.00) is out of map bounds (2137.75, 866.95) to (2145.72, 874.92). The costmap cannot raytrace for it.
[WARN] [1784154209.783985951] [local_costmap.local_costmap]: Sensor origin at (0.00, 0.00) is out of map bounds (2137.75, 866.95) to (2145.72, 874.92). The costmap cannot raytrace for it.
[WARN] [1784154209.850625962] [local_costmap.local_costmap]: Sensor origin at (0.00, 0.00) is out of map bounds (2137.75, 866.95) to (2145.72, 874.92). The costmap cannot raytrace for it.
[WARN] [1784154209.917316484] [local_costmap.local_costmap]: Sensor origin at (0.00, 0.00) is out of map bounds (2137.75, 866.95) to (2145.72, 874.92). The costmap cannot raytrace for it.
[WARN] [1784154209.984549284] [local_costmap.local_costmap]: Sensor origin at (0.00, 0.00) is out of map bounds (2137.75, 866.95) to (2145.72, 874.92). The costmap cannot raytrace for it.
[WARN] [1784154210.050730910] [local_costmap.local_costmap]: Sensor origin at (0.00, 0.00) is out of map bounds (2137.75, 866.95) to (2145.72, 874.92). The costmap cannot raytrace for it.
[WARN] [1784154210.117329707] [local_costmap.local_costmap]: Sensor origin at (0.00, 0.00) is out of map bounds (2137.75, 866.95) to (2145.72, 874.92). The costmap cannot raytrace for it.
[WARN] [1784154210.184003880] [local_costmap.local_costmap]: Sensor origin at (0.00, 0.00) is out of map bounds (2137.75, 866.95) to (2145.72, 874.92). The costmap cannot raytrace for it.
[WARN] [1784154210.251093615] [local_costmap.local_costmap]: Sensor origin at (0.00, 0.00) is out of map bounds (2137.75, 866.95) to (2145.72, 874.92). The costmap cannot raytrace for it.
[WARN] [1784154210.317309459] [local_costmap.local_costmap]: Sensor origin at (0.00, 0.00) is out of map bounds (2137.75, 866.95) to (2145.72, 874.92). The costmap cannot raytrace for it.
[WARN] [1784154210.383973655] [local_costmap.local_costmap]: Sensor origin at (0.00, 0.00) is out of map bounds (2137.75, 866.95) to (2145.72, 874.92). The costmap cannot raytrace for it.
[WARN] [1784154210.456195609] [local_costmap.local_costmap]: Sensor origin at (0.00, 0.00) is out of map bounds (2137.75, 866.95) to (2145.72, 874.92). The costmap cannot raytrace for it.
[WARN] [1784154210.521866015] [local_costmap.local_costmap]: Sensor origin at (0.00, 0.00) is out of map bounds (2137.75, 866.95) to (2145.72, 874.92). The costmap cannot raytrace for it.
[WARN] [1784154210.583988579] [local_costmap.local_costmap]: Sensor origin at (0.00, 0.00) is out of map bounds (2137.75, 866.95) to (2145.72, 874.92). The costmap cannot raytrace for it.
[WARN] [1784154210.650599031] [local_costmap.local_costmap]: Sensor origin at (0.00, 0.00) is out of map bounds (2137.75, 866.95) to (2145.72, 874.92). The costmap cannot raytrace for it.
[WARN] [1784154210.717329201] [local_costmap.local_costmap]: Sensor origin at (0.00, 0.00) is out of map bounds (2137.75, 866.95) to (2145.72, 874.92). The costmap cannot raytrace for it.
[WARN] [1784154210.783960790] [local_costmap.local_costmap]: Sensor origin at (0.00, 0.00) is out of map bounds (2137.75, 866.95) to (2145.72, 874.92). The costmap cannot raytrace for it.
[WARN] [1784154210.850629668] [local_costmap.local_costmap]: Sensor origin at (0.00, 0.00) is out of map bounds (2137.75, 866.95) to (2145.72, 874.92). The costmap cannot raytrace for it.
[WARN] [1784154210.917315038] [local_costmap.local_costmap]: Sensor origin at (0.00, 0.00) is out of map bounds (2137.75, 866.95) to (2145.72, 874.92). The costmap cannot raytrace for it.
[WARN] [1784154210.983991039] [local_costmap.local_costmap]: Sensor origin at (0.00, 0.00) is out of map bounds (2137.75, 866.95) to (2145.72, 874.92). The costmap cannot raytrace for it.
[WARN] [1784154211.050648979] [local_costmap.local_costmap]: Sensor origin at (0.00, 0.00) is out of map bounds (2137.75, 866.95) to (2145.72, 874.92). The costmap cannot raytrace for it.
[WARN] [1784154211.117309261] [local_costmap.local_costmap]: Sensor origin at (0.00, 0.00) is out of map bounds (2137.75, 866.95) to (2145.72, 874.92). The costmap cannot raytrace for it.
[WARN] [1784154211.183984487] [local_costmap.local_costmap]: Sensor origin at (0.00, 0.00) is out of map bounds (2137.75, 866.95) to (2145.72, 874.92). The costmap cannot raytrace for it.
[WARN] [1784154211.250648569] [local_costmap.local_costmap]: Sensor origin at (0.00, 0.00) is out of map bounds (2137.75, 866.95) to (2145.72, 874.92). The costmap cannot raytrace for it.
[WARN] [1784154211.317311477] [local_costmap.local_costmap]: Sensor origin at (0.00, 0.00) is out of map bounds (2137.75, 866.95) to (2145.72, 874.92). The costmap cannot raytrace for it.
[WARN] [1784154211.383981179] [local_costmap.local_costmap]: Sensor origin at (0.00, 0.00) is out of map bounds (2137.75, 866.95) to (2145.72, 874.92). The costmap cannot raytrace for it.
[WARN] [1784154211.451231651] [local_costmap.local_costmap]: Sensor origin at (0.00, 0.00) is out of map bounds (2137.75, 866.95) to (2145.72, 874.92). The costmap cannot raytrace for it.
[WARN] [1784154211.517424953] [local_costmap.local_costmap]: Sensor origin at (0.00, 0.00) is out of map bounds (2137.75, 866.95) to (2145.72, 874.92). The costmap cannot raytrace for it.
[WARN] [1784154211.583989545] [local_costmap.local_costmap]: Sensor origin at (0.00, 0.00) is out of map bounds (2137.75, 866.95) to (2145.72, 874.92). The costmap cannot raytrace for it.
[WARN] [1784154211.650644215] [local_costmap.local_costmap]: Sensor origin at (0.00, 0.00) is out of map bounds (2137.75, 866.95) to (2145.72, 874.92). The costmap cannot raytrace for it.
[WARN] [1784154211.717327761] [local_costmap.local_costmap]: Sensor origin at (0.00, 0.00) is out of map bounds (2137.75, 866.95) to (2145.72, 874.92). The costmap cannot raytrace for it.
[WARN] [1784154211.783985981] [local_costmap.local_costmap]: Sensor origin at (0.00, 0.00) is out of map bounds (2137.75, 866.95) to (2145.72, 874.92). The costmap cannot raytrace for it.
[WARN] [1784154211.851166708] [local_costmap.local_costmap]: Sensor origin at (0.00, 0.00) is out of map bounds (2137.75, 866.95) to (2145.72, 874.92). The costmap cannot raytrace for it.
[WARN] [1784154211.917342777] [local_costmap.local_costmap]: Sensor origin at (0.00, 0.00) is out of map bounds (2137.75, 866.95) to (2145.72, 874.92). The costmap cannot raytrace for it.
[WARN] [1784154211.983965950] [local_costmap.local_costmap]: Sensor origin at (0.00, 0.00) is out of map bounds (2137.75, 866.95) to (2145.72, 874.92). The costmap cannot raytrace for it.
[WARN] [1784154212.050677506] [local_costmap.local_costmap]: Sensor origin at (0.00, 0.00) is out of map bounds (2137.75, 866.95) to (2145.72, 874.92). The costmap cannot raytrace for it.
[WARN] [1784154212.117509826] [local_costmap.local_costmap]: Sensor origin at (0.00, 0.00) is out of map bounds (2137.75, 866.95) to (2145.72, 874.92). The costmap cannot raytrace for it.
[WARN] [1784154212.184025052] [local_costmap.local_costmap]: Sensor origin at (0.00, 0.00) is out of map bounds (2137.75, 866.95) to (2145.72, 874.92). The costmap cannot raytrace for it.
[WARN] [1784154212.250746428] [local_costmap.local_costmap]: Sensor origin at (0.00, 0.00) is out of map bounds (2137.75, 866.95) to (2145.72, 874.92). The costmap cannot raytrace for it.
[WARN] [1784154212.317303025] [local_costmap.local_costmap]: Sensor origin at (0.00, 0.00) is out of map bounds (2137.75, 866.95) to (2145.72, 874.92). The costmap cannot raytrace for it.
[WARN] [1784154212.383988268] [local_costmap.local_costmap]: Sensor origin at (0.00, 0.00) is out of map bounds (2137.75, 866.95) to (2145.72, 874.92). The costmap cannot raytrace for it.
[WARN] [1784154212.450601083] [local_costmap.local_costmap]: Sensor origin at (0.00, 0.00) is out of map bounds (2137.75, 866.95) to (2145.72, 874.92). The costmap cannot raytrace for it.
[WARN] [1784154212.517584264] [local_costmap.local_costmap]: Sensor origin at (0.00, 0.00) is out of map bounds (2137.75, 866.95) to (2145.72, 874.92). The costmap cannot raytrace for it.
[WARN] [1784154212.583988340] [local_costmap.local_costmap]: Sensor origin at (0.00, 0.00) is out of map bounds (2137.75, 866.95) to (2145.72, 874.92). The costmap cannot raytrace for it.
[WARN] [1784154212.651163085] [local_costmap.local_costmap]: Sensor origin at (0.00, 0.00) is out of map bounds (2137.75, 866.95) to (2145.72, 874.92). The costmap cannot raytrace for it.
[WARN] [1784154212.717309291] [local_costmap.local_costmap]: Sensor origin at (0.00, 0.00) is out of map bounds (2137.75, 866.95) to (2145.72, 874.92). The costmap cannot raytrace for it.
[WARN] [1784154212.784077931] [local_costmap.local_costmap]: Sensor origin at (0.00, 0.00) is out of map bounds (2137.75, 866.95) to (2145.72, 874.92). The costmap cannot raytrace for it.
[WARN] [1784154212.851057941] [local_costmap.local_costmap]: Sensor origin at (0.00, 0.00) is out of map bounds (2137.75, 866.95) to (2145.72, 874.92). The costmap cannot raytrace for it.
[WARN] [1784154212.917315529] [local_costmap.local_costmap]: Sensor origin at (0.00, 0.00) is out of map bounds (2137.75, 866.95) to (2145.72, 874.92). The costmap cannot raytrace for it.
[WARN] [1784154212.984093265] [local_costmap.local_costmap]: Sensor origin at (0.00, 0.00) is out of map bounds (2137.75, 866.95) to (2145.72, 874.92). The costmap cannot raytrace for it.
[WARN] [1784154213.050723078] [local_costmap.local_costmap]: Sensor origin at (0.00, 0.00) is out of map bounds (2137.75, 866.95) to (2145.72, 874.92). The costmap cannot raytrace for it.
[WARN] [1784154213.117886731] [local_costmap.local_costmap]: Sensor origin at (0.00, 0.00) is out of map bounds (2137.75, 866.95) to (2145.72, 874.92). The costmap cannot raytrace for it.
[WARN] [1784154213.183992795] [local_costmap.local_costmap]: Sensor origin at (0.00, 0.00) is out of map bounds (2137.75, 866.95) to (2145.72, 874.92). The costmap cannot raytrace for it.
[WARN] [1784154213.250684534] [local_costmap.local_costmap]: Sensor origin at (0.00, 0.00) is out of map bounds (2137.75, 866.95) to (2145.72, 874.92). The costmap cannot raytrace for it.
[WARN] [1784154213.317452497] [local_costmap.local_costmap]: Sensor origin at (0.00, 0.00) is out of map bounds (2137.75, 866.95) to (2145.72, 874.92). The costmap cannot raytrace for it.
[WARN] [1784154213.383963835] [local_costmap.local_costmap]: Sensor origin at (0.00, 0.00) is out of map bounds (2137.75, 866.95) to (2145.72, 874.92). The costmap cannot raytrace for it.
[WARN] [1784154213.450652597] [local_costmap.local_costmap]: Sensor origin at (0.00, 0.00) is out of map bounds (2137.75, 866.95) to (2145.72, 874.92). The costmap cannot raytrace for it.
[WARN] [1784154213.520027867] [local_costmap.local_costmap]: Sensor origin at (0.00, 0.00) is out of map bounds (2137.75, 866.95) to (2145.72, 874.92). The costmap cannot raytrace for it.
[WARN] [1784154213.584021839] [local_costmap.local_costmap]: Sensor origin at (0.00, 0.00) is out of map bounds (2137.75, 866.95) to (2145.72, 874.92). The costmap cannot raytrace for it.
[WARN] [1784154213.650659513] [local_costmap.local_costmap]: Sensor origin at (0.00, 0.00) is out of map bounds (2137.75, 866.95) to (2145.72, 874.92). The costmap cannot raytrace for it.
[WARN] [1784154213.717438863] [local_costmap.local_costmap]: Sensor origin at (0.00, 0.00) is out of map bounds (2137.75, 866.95) to (2145.72, 874.92). The costmap cannot raytrace for it.
[WARN] [1784154213.784120241] [local_costmap.local_costmap]: Sensor origin at (0.00, 0.00) is out of map bounds (2137.75, 866.95) to (2145.72, 874.92). The costmap cannot raytrace for it.
[WARN] [1784154213.850647270] [local_costmap.local_costmap]: Sensor origin at (0.00, 0.00) is out of map bounds (2137.75, 866.95) to (2145.72, 874.92). The costmap cannot raytrace for it.
[WARN] [1784154213.917308662] [local_costmap.local_costmap]: Sensor origin at (0.00, 0.00) is out of map bounds (2137.75, 866.95) to (2145.72, 874.92). The costmap cannot raytrace for it.
[WARN] [1784154213.984844669] [local_costmap.local_costmap]: Sensor origin at (0.00, 0.00) is out of map bounds (2137.75, 866.95) to (2145.72, 874.92). The costmap cannot raytrace for it.
[WARN] [1784154214.050640613] [local_costmap.local_costmap]: Sensor origin at (0.00, 0.00) is out of map bounds (2137.75, 866.95) to (2145.72, 874.92). The costmap cannot raytrace for it.
[WARN] [1784154214.117763280] [local_costmap.local_costmap]: Sensor origin at (0.00, 0.00) is out of map bounds (2137.75, 866.95) to (2145.72, 874.92). The costmap cannot raytrace for it.
[WARN] [1784154214.183989269] [local_costmap.local_costmap]: Sensor origin at (0.00, 0.00) is out of map bounds (2137.75, 866.95) to (2145.72, 874.92). The costmap cannot raytrace for it.
[WARN] [1784154214.250760908] [local_costmap.local_costmap]: Sensor origin at (0.00, 0.00) is out of map bounds (2137.75, 866.95) to (2145.72, 874.92). The costmap cannot raytrace for it.
[WARN] [1784154214.317295174] [local_costmap.local_costmap]: Sensor origin at (0.00, 0.00) is out of map bounds (2137.75, 866.95) to (2145.72, 874.92). The costmap cannot raytrace for it.
[WARN] [1784154214.383963526] [local_costmap.local_costmap]: Sensor origin at (0.00, 0.00) is out of map bounds (2137.75, 866.95) to (2145.72, 874.92). The costmap cannot raytrace for it.
[WARN] [1784154214.451461982] [local_costmap.local_costmap]: Sensor origin at (0.00, 0.00) is out of map bounds (2137.75, 866.95) to (2145.72, 874.92). The costmap cannot raytrace for it.
[WARN] [1784154214.517333623] [local_costmap.local_costmap]: Sensor origin at (0.00, 0.00) is out of map bounds (2137.75, 866.95) to (2145.72, 874.92). The costmap cannot raytrace for it.
[WARN] [1784154214.584005368] [local_costmap.local_costmap]: Sensor origin at (0.00, 0.00) is out of map bounds (2137.75, 866.95) to (2145.72, 874.92). The costmap cannot raytrace for it.
[WARN] [1784154214.650659209] [local_costmap.local_costmap]: Sensor origin at (0.00, 0.00) is out of map bounds (2137.75, 866.95) to (2145.72, 874.92). The costmap cannot raytrace for it.
[WARN] [1784154214.717318650] [local_costmap.local_costmap]: Sensor origin at (0.00, 0.00) is out of map bounds (2137.75, 866.95) to (2145.72, 874.92). The costmap cannot raytrace for it.
[WARN] [1784154214.783981587] [local_costmap.local_costmap]: Sensor origin at (0.00, 0.00) is out of map bounds (2137.75, 866.95) to (2145.72, 874.92). The costmap cannot raytrace for it.
[WARN] [1784154214.850650707] [local_costmap.local_costmap]: Sensor origin at (0.00, 0.00) is out of map bounds (2137.75, 866.95) to (2145.72, 874.92). The costmap cannot raytrace for it.
[WARN] [1784154214.917375088] [local_costmap.local_costmap]: Sensor origin at (0.00, 0.00) is out of map bounds (2137.75, 866.95) to (2145.72, 874.92). The costmap cannot raytrace for it.
[WARN] [1784154214.984061917] [local_costmap.local_costmap]: Sensor origin at (0.00, 0.00) is out of map bounds (2137.75, 866.95) to (2145.72, 874.92). The costmap cannot raytrace for it.
[WARN] [1784154215.050618538] [local_costmap.local_costmap]: Sensor origin at (0.00, 0.00) is out of map bounds (2137.75, 866.95) to (2145.72, 874.92). The costmap cannot raytrace for it.
[WARN] [1784154215.117339207] [local_costmap.local_costmap]: Sensor origin at (0.00, 0.00) is out of map bounds (2137.75, 866.95) to (2145.72, 874.92). The costmap cannot raytrace for it.
[WARN] [1784154215.183963675] [local_costmap.local_costmap]: Sensor origin at (0.00, 0.00) is out of map bounds (2137.75, 866.95) to (2145.72, 874.92). The costmap cannot raytrace for it.
[WARN] [1784154215.250632035] [local_costmap.local_costmap]: Sensor origin at (0.00, 0.00) is out of map bounds (2137.75, 866.95) to (2145.72, 874.92). The costmap cannot raytrace for it.
[WARN] [1784154215.317346572] [local_costmap.local_costmap]: Sensor origin at (0.00, 0.00) is out of map bounds (2137.75, 866.95) to (2145.72, 874.92). The costmap cannot raytrace for it.
[WARN] [1784154215.383952726] [local_costmap.local_costmap]: Sensor origin at (0.00, 0.00) is out of map bounds (2137.75, 866.95) to (2145.72, 874.92). The costmap cannot raytrace for it.
[WARN] [1784154215.451046862] [local_costmap.local_costmap]: Sensor origin at (0.00, 0.00) is out of map bounds (2137.75, 866.95) to (2145.72, 874.92). The costmap cannot raytrace for it.
[WARN] [1784154215.517364631] [local_costmap.local_costmap]: Sensor origin at (0.00, 0.00) is out of map bounds (2137.75, 866.95) to (2145.72, 874.92). The costmap cannot raytrace for it.
[WARN] [1784154215.584004511] [local_costmap.local_costmap]: Sensor origin at (0.00, 0.00) is out of map bounds (2137.75, 866.95) to (2145.72, 874.92). The costmap cannot raytrace for it.
[WARN] [1784154215.651660844] [local_costmap.local_costmap]: Sensor origin at (0.00, 0.00) is out of map bounds (2137.75, 866.95) to (2145.72, 874.92). The costmap cannot raytrace for it.
[WARN] [1784154215.717320063] [local_costmap.local_costmap]: Sensor origin at (0.00, 0.00) is out of map bounds (2137.75, 866.95) to (2145.72, 874.92). The costmap cannot raytrace for it.
[WARN] [1784154215.784122571] [local_costmap.local_costmap]: Sensor origin at (0.00, 0.00) is out of map bounds (2137.75, 866.95) to (2145.72, 874.92). The costmap cannot raytrace for it.
[WARN] [1784154215.850776315] [local_costmap.local_costmap]: Sensor origin at (0.00, 0.00) is out of map bounds (2137.75, 866.95) to (2145.72, 874.92). The costmap cannot raytrace for it.
[WARN] [1784154215.917779367] [local_costmap.local_costmap]: Sensor origin at (0.00, 0.00) is out of map bounds (2137.75, 866.95) to (2145.72, 874.92). The costmap cannot raytrace for it.
[WARN] [1784154215.984070977] [local_costmap.local_costmap]: Sensor origin at (0.00, 0.00) is out of map bounds (2137.75, 866.95) to (2145.72, 874.92). The costmap cannot raytrace for it.
[WARN] [1784154216.050639350] [local_costmap.local_costmap]: Sensor origin at (0.00, 0.00) is out of map bounds (2137.75, 866.95) to (2145.72, 874.92). The costmap cannot raytrace for it.
[WARN] [1784154216.117533810] [local_costmap.local_costmap]: Sensor origin at (0.00, 0.00) is out of map bounds (2137.75, 866.95) to (2145.72, 874.92). The costmap cannot raytrace for it.
[WARN] [1784154216.184003804] [local_costmap.local_costmap]: Sensor origin at (0.00, 0.00) is out of map bounds (2137.75, 866.95) to (2145.72, 874.92). The costmap cannot raytrace for it.
[WARN] [1784154216.250636614] [local_costmap.local_costmap]: Sensor origin at (0.00, 0.00) is out of map bounds (2137.75, 866.95) to (2145.72, 874.92). The costmap cannot raytrace for it.
[WARN] [1784154216.317527906] [local_costmap.local_costmap]: Sensor origin at (0.00, 0.00) is out of map bounds (2137.75, 866.95) to (2145.72, 874.92). The costmap cannot raytrace for it.
[WARN] [1784154216.388061189] [local_costmap.local_costmap]: Sensor origin at (0.00, 0.00) is out of map bounds (2137.75, 866.95) to (2145.72, 874.92). The costmap cannot raytrace for it.
[WARN] [1784154216.450653245] [local_costmap.local_costmap]: Sensor origin at (0.00, 0.00) is out of map bounds (2137.75, 866.95) to (2145.72, 874.92). The costmap cannot raytrace for it.
[WARN] [1784154216.517309716] [local_costmap.local_costmap]: Sensor origin at (0.00, 0.00) is out of map bounds (2137.75, 866.95) to (2145.72, 874.92). The costmap cannot raytrace for it.
[WARN] [1784154216.583992604] [local_costmap.local_costmap]: Sensor origin at (0.00, 0.00) is out of map bounds (2137.75, 866.95) to (2145.72, 874.92). The costmap cannot raytrace for it.
[WARN] [1784154216.652197556] [local_costmap.local_costmap]: Sensor origin at (0.00, 0.00) is out of map bounds (2137.75, 866.95) to (2145.72, 874.92). The costmap cannot raytrace for it.
[WARN] [1784154216.717319808] [local_costmap.local_costmap]: Sensor origin at (0.00, 0.00) is out of map bounds (2137.75, 866.95) to (2145.72, 874.92). The costmap cannot raytrace for it.
[WARN] [1784154216.783966426] [local_costmap.local_costmap]: Sensor origin at (0.00, 0.00) is out of map bounds (2137.75, 866.95) to (2145.72, 874.92). The costmap cannot raytrace for it.
[WARN] [1784154216.851307488] [local_costmap.local_costmap]: Sensor origin at (0.00, 0.00) is out of map bounds (2137.75, 866.95) to (2145.72, 874.92). The costmap cannot raytrace for it.
[WARN] [1784154216.917283719] [local_costmap.local_costmap]: Sensor origin at (0.00, 0.00) is out of map bounds (2137.75, 866.95) to (2145.72, 874.92). The costmap cannot raytrace for it.
[WARN] [1784154216.983964483] [local_costmap.local_costmap]: Sensor origin at (0.00, 0.00) is out of map bounds (2137.75, 866.95) to (2145.72, 874.92). The costmap cannot raytrace for it.
[WARN] [1784154217.050637445] [local_costmap.local_costmap]: Sensor origin at (0.00, 0.00) is out of map bounds (2137.75, 866.95) to (2145.72, 874.92). The costmap cannot raytrace for it.
[WARN] [1784154217.117594599] [local_costmap.local_costmap]: Sensor origin at (0.00, 0.00) is out of map bounds (2137.75, 866.95) to (2145.72, 874.92). The costmap cannot raytrace for it.
[WARN] [1784154217.184018454] [local_costmap.local_costmap]: Sensor origin at (0.00, 0.00) is out of map bounds (2137.75, 866.95) to (2145.72, 874.92). The costmap cannot raytrace for it.
[WARN] [1784154217.250654057] [local_costmap.local_costmap]: Sensor origin at (0.00, 0.00) is out of map bounds (2137.75, 866.95) to (2145.72, 874.92). The costmap cannot raytrace for it.
[WARN] [1784154217.317309192] [local_costmap.local_costmap]: Sensor origin at (0.00, 0.00) is out of map bounds (2137.75, 866.95) to (2145.72, 874.92). The costmap cannot raytrace for it.
[WARN] [1784154217.384052130] [local_costmap.local_costmap]: Sensor origin at (0.00, 0.00) is out of map bounds (2137.75, 866.95) to (2145.72, 874.92). The costmap cannot raytrace for it.
[WARN] [1784154217.450641658] [local_costmap.local_costmap]: Sensor origin at (0.00, 0.00) is out of map bounds (2137.75, 866.95) to (2145.72, 874.92). The costmap cannot raytrace for it.
[WARN] [1784154217.517273823] [local_costmap.local_costmap]: Sensor origin at (0.00, 0.00) is out of map bounds (2137.75, 866.95) to (2145.72, 874.92). The costmap cannot raytrace for it.
[WARN] [1784154217.583968181] [local_costmap.local_costmap]: Sensor origin at (0.00, 0.00) is out of map bounds (2137.75, 866.95) to (2145.72, 874.92). The costmap cannot raytrace for it.
[WARN] [1784154217.650649913] [local_costmap.local_costmap]: Sensor origin at (0.00, 0.00) is out of map bounds (2137.75, 866.95) to (2145.72, 874.92). The costmap cannot raytrace for it.
[WARN] [1784154217.717311354] [local_costmap.local_costmap]: Sensor origin at (0.00, 0.00) is out of map bounds (2137.75, 866.95) to (2145.72, 874.92). The costmap cannot raytrace for it.
[WARN] [1784154217.784605116] [local_costmap.local_costmap]: Sensor origin at (0.00, 0.00) is out of map bounds (2137.75, 866.95) to (2145.72, 874.92). The costmap cannot raytrace for it.
[WARN] [1784154217.850630224] [local_costmap.local_costmap]: Sensor origin at (0.00, 0.00) is out of map bounds (2137.75, 866.95) to (2145.72, 874.92). The costmap cannot raytrace for it.
[WARN] [1784154217.917350345] [local_costmap.local_costmap]: Sensor origin at (0.00, 0.00) is out of map bounds (2137.75, 866.95) to (2145.72, 874.92). The costmap cannot raytrace for it.
[WARN] [1784154217.984024808] [local_costmap.local_costmap]: Sensor origin at (0.00, 0.00) is out of map bounds (2137.75, 866.95) to (2145.72, 874.92). The costmap cannot raytrace for it.
[WARN] [1784154218.050678219] [local_costmap.local_costmap]: Sensor origin at (0.00, 0.00) is out of map bounds (2137.75, 866.95) to (2145.72, 874.92). The costmap cannot raytrace for it.
[WARN] [1784154218.117367415] [local_costmap.local_costmap]: Sensor origin at (0.00, 0.00) is out of map bounds (2137.75, 866.95) to (2145.72, 874.92). The costmap cannot raytrace for it.
[WARN] [1784154218.184161807] [local_costmap.local_costmap]: Sensor origin at (0.00, 0.00) is out of map bounds (2137.75, 866.95) to (2145.72, 874.92). The costmap cannot raytrace for it.
[WARN] [1784154218.250648856] [local_costmap.local_costmap]: Sensor origin at (0.00, 0.00) is out of map bounds (2137.75, 866.95) to (2145.72, 874.92). The costmap cannot raytrace for it.
[WARN] [1784154218.317312959] [local_costmap.local_costmap]: Sensor origin at (0.00, 0.00) is out of map bounds (2137.75, 866.95) to (2145.72, 874.92). The costmap cannot raytrace for it.
[WARN] [1784154218.384008634] [local_costmap.local_costmap]: Sensor origin at (0.00, 0.00) is out of map bounds (2137.75, 866.95) to (2145.72, 874.92). The costmap cannot raytrace for it.
[WARN] [1784154218.450630552] [local_costmap.local_costmap]: Sensor origin at (0.00, 0.00) is out of map bounds (2137.75, 866.95) to (2145.72, 874.92). The costmap cannot raytrace for it.
[WARN] [1784154218.517351319] [local_costmap.local_costmap]: Sensor origin at (0.00, 0.00) is out of map bounds (2137.75, 866.95) to (2145.72, 874.92). The costmap cannot raytrace for it.
[WARN] [1784154218.583989595] [local_costmap.local_costmap]: Sensor origin at (0.00, 0.00) is out of map bounds (2137.75, 866.95) to (2145.72, 874.92). The costmap cannot raytrace for it.
[WARN] [1784154218.650734888] [local_costmap.local_costmap]: Sensor origin at (0.00, 0.00) is out of map bounds (2137.75, 866.95) to (2145.72, 874.92). The costmap cannot raytrace for it.
[WARN] [1784154218.717313472] [local_costmap.local_costmap]: Sensor origin at (0.00, 0.00) is out of map bounds (2137.75, 866.95) to (2145.72, 874.92). The costmap cannot raytrace for it.
[WARN] [1784154218.783998393] [local_costmap.local_costmap]: Sensor origin at (0.00, 0.00) is out of map bounds (2137.75, 866.95) to (2145.72, 874.92). The costmap cannot raytrace for it.
[WARN] [1784154218.850614887] [local_costmap.local_costmap]: Sensor origin at (0.00, 0.00) is out of map bounds (2137.75, 866.95) to (2145.72, 874.92). The costmap cannot raytrace for it.
[WARN] [1784154218.917302960] [local_costmap.local_costmap]: Sensor origin at (0.00, 0.00) is out of map bounds (2137.75, 866.95) to (2145.72, 874.92). The costmap cannot raytrace for it.
[WARN] [1784154218.983992433] [local_costmap.local_costmap]: Sensor origin at (0.00, 0.00) is out of map bounds (2137.75, 866.95) to (2145.72, 874.92). The costmap cannot raytrace for it.
[WARN] [1784154219.050638962] [local_costmap.local_costmap]: Sensor origin at (0.00, 0.00) is out of map bounds (2137.75, 866.95) to (2145.72, 874.92). The costmap cannot raytrace for it.
[WARN] [1784154219.117397675] [local_costmap.local_costmap]: Sensor origin at (0.00, 0.00) is out of map bounds (2137.75, 866.95) to (2145.72, 874.92). The costmap cannot raytrace for it.
[WARN] [1784154219.184015359] [local_costmap.local_costmap]: Sensor origin at (0.00, 0.00) is out of map bounds (2137.75, 866.95) to (2145.72, 874.92). The costmap cannot raytrace for it.
[WARN] [1784154219.250658641] [local_costmap.local_costmap]: Sensor origin at (0.00, 0.00) is out of map bounds (2137.75, 866.95) to (2145.72, 874.92). The costmap cannot raytrace for it.
[WARN] [1784154219.318076293] [local_costmap.local_costmap]: Sensor origin at (0.00, 0.00) is out of map bounds (2137.75, 866.95) to (2145.72, 874.92). The costmap cannot raytrace for it.
[WARN] [1784154219.383991628] [local_costmap.local_costmap]: Sensor origin at (0.00, 0.00) is out of map bounds (2137.75, 866.95) to (2145.72, 874.92). The costmap cannot raytrace for it.
[WARN] [1784154219.450651214] [local_costmap.local_costmap]: Sensor origin at (0.00, 0.00) is out of map bounds (2137.75, 866.95) to (2145.72, 874.92). The costmap cannot raytrace for it.
[WARN] [1784154219.517338084] [local_costmap.local_costmap]: Sensor origin at (0.00, 0.00) is out of map bounds (2137.75, 866.95) to (2145.72, 874.92). The costmap cannot raytrace for it.
[WARN] [1784154219.584001638] [local_costmap.local_costmap]: Sensor origin at (0.00, 0.00) is out of map bounds (2137.75, 866.95) to (2145.72, 874.92). The costmap cannot raytrace for it.
[WARN] [1784154219.650681382] [local_costmap.local_costmap]: Sensor origin at (0.00, 0.00) is out of map bounds (2137.75, 866.95) to (2145.72, 874.92). The costmap cannot raytrace for it.
[WARN] [1784154219.718904132] [local_costmap.local_costmap]: Sensor origin at (0.00, 0.00) is out of map bounds (2137.75, 866.95) to (2145.72, 874.92). The costmap cannot raytrace for it.
[WARN] [1784154219.784051425] [local_costmap.local_costmap]: Sensor origin at (0.00, 0.00) is out of map bounds (2137.75, 866.95) to (2145.72, 874.92). The costmap cannot raytrace for it.
[WARN] [1784154219.850652493] [local_costmap.local_costmap]: Sensor origin at (0.00, 0.00) is out of map bounds (2137.75, 866.95) to (2145.72, 874.92). The costmap cannot raytrace for it.
[WARN] [1784154219.917364730] [local_costmap.local_costmap]: Sensor origin at (0.00, 0.00) is out of map bounds (2137.75, 866.95) to (2145.72, 874.92). The costmap cannot raytrace for it.
[WARN] [1784154219.984092242] [local_costmap.local_costmap]: Sensor origin at (0.00, 0.00) is out of map bounds (2137.75, 866.95) to (2145.72, 874.92). The costmap cannot raytrace for it.
[WARN] [1784154220.051754152] [local_costmap.local_costmap]: Sensor origin at (0.00, 0.00) is out of map bounds (2137.75, 866.95) to (2145.72, 874.92). The costmap cannot raytrace for it.
[WARN] [1784154220.117296484] [local_costmap.local_costmap]: Sensor origin at (0.00, 0.00) is out of map bounds (2137.75, 866.95) to (2145.72, 874.92). The costmap cannot raytrace for it.
[WARN] [1784154220.184027006] [local_costmap.local_costmap]: Sensor origin at (0.00, 0.00) is out of map bounds (2137.75, 866.95) to (2145.72, 874.92). The costmap cannot raytrace for it.
[WARN] [1784154220.250645170] [local_costmap.local_costmap]: Sensor origin at (0.00, 0.00) is out of map bounds (2137.75, 866.95) to (2145.72, 874.92). The costmap cannot raytrace for it.
[WARN] [1784154220.317319397] [local_costmap.local_costmap]: Sensor origin at (0.00, 0.00) is out of map bounds (2137.75, 866.95) to (2145.72, 874.92). The costmap cannot raytrace for it.
[WARN] [1784154220.386292378] [local_costmap.local_costmap]: Sensor origin at (0.00, 0.00) is out of map bounds (2137.75, 866.95) to (2145.72, 874.92). The costmap cannot raytrace for it.
[WARN] [1784154220.450813856] [local_costmap.local_costmap]: Sensor origin at (0.00, 0.00) is out of map bounds (2137.75, 866.95) to (2145.72, 874.92). The costmap cannot raytrace for it.
[WARN] [1784154220.517415137] [local_costmap.local_costmap]: Sensor origin at (0.00, 0.00) is out of map bounds (2137.75, 866.95) to (2145.72, 874.92). The costmap cannot raytrace for it.
[WARN] [1784154220.583995418] [local_costmap.local_costmap]: Sensor origin at (0.00, 0.00) is out of map bounds (2137.75, 866.95) to (2145.72, 874.92). The costmap cannot raytrace for it.
[WARN] [1784154220.650628498] [local_costmap.local_costmap]: Sensor origin at (0.00, 0.00) is out of map bounds (2137.75, 866.95) to (2145.72, 874.92). The costmap cannot raytrace for it.
[WARN] [1784154220.717309759] [local_costmap.local_costmap]: Sensor origin at (0.00, 0.00) is out of map bounds (2137.75, 866.95) to (2145.72, 874.92). The costmap cannot raytrace for it.
[WARN] [1784154220.784013021] [local_costmap.local_costmap]: Sensor origin at (0.00, 0.00) is out of map bounds (2137.75, 866.95) to (2145.72, 874.92). The costmap cannot raytrace for it.
[WARN] [1784154220.850636078] [local_costmap.local_costmap]: Sensor origin at (0.00, 0.00) is out of map bounds (2137.75, 866.95) to (2145.72, 874.92). The costmap cannot raytrace for it.
[WARN] [1784154220.917321202] [local_costmap.local_costmap]: Sensor origin at (0.00, 0.00) is out of map bounds (2137.75, 866.95) to (2145.72, 874.92). The costmap cannot raytrace for it.
[WARN] [1784154220.985891042] [local_costmap.local_costmap]: Sensor origin at (0.00, 0.00) is out of map bounds (2137.75, 866.95) to (2145.72, 874.92). The costmap cannot raytrace for it.
[WARN] [1784154221.050641908] [local_costmap.local_costmap]: Sensor origin at (0.00, 0.00) is out of map bounds (2137.75, 866.95) to (2145.72, 874.92). The costmap cannot raytrace for it.
[WARN] [1784154221.117312252] [local_costmap.local_costmap]: Sensor origin at (0.00, 0.00) is out of map bounds (2137.75, 866.95) to (2145.72, 874.92). The costmap cannot raytrace for it.
[WARN] [1784154221.184507466] [local_costmap.local_costmap]: Sensor origin at (0.00, 0.00) is out of map bounds (2137.75, 866.95) to (2145.72, 874.92). The costmap cannot raytrace for it.
[WARN] [1784154221.250698160] [local_costmap.local_costmap]: Sensor origin at (0.00, 0.00) is out of map bounds (2137.75, 866.95) to (2145.72, 874.92). The costmap cannot raytrace for it.
[WARN] [1784154221.317311945] [local_costmap.local_costmap]: Sensor origin at (0.00, 0.00) is out of map bounds (2137.75, 866.95) to (2145.72, 874.92). The costmap cannot raytrace for it.
[WARN] [1784154221.383969084] [local_costmap.local_costmap]: Sensor origin at (0.00, 0.00) is out of map bounds (2137.75, 866.95) to (2145.72, 874.92). The costmap cannot raytrace for it.
[WARN] [1784154221.450720484] [local_costmap.local_costmap]: Sensor origin at (0.00, 0.00) is out of map bounds (2137.75, 866.95) to (2145.72, 874.92). The costmap cannot raytrace for it.
[WARN] [1784154221.518814748] [local_costmap.local_costmap]: Sensor origin at (0.00, 0.00) is out of map bounds (2137.75, 866.95) to (2145.72, 874.92). The costmap cannot raytrace for it.
[WARN] [1784154221.583966441] [local_costmap.local_costmap]: Sensor origin at (0.00, 0.00) is out of map bounds (2137.75, 866.95) to (2145.72, 874.92). The costmap cannot raytrace for it.
[WARN] [1784154221.650631428] [local_costmap.local_costmap]: Sensor origin at (0.00, 0.00) is out of map bounds (2137.75, 866.95) to (2145.72, 874.92). The costmap cannot raytrace for it.
[WARN] [1784154221.718053138] [local_costmap.local_costmap]: Sensor origin at (0.00, 0.00) is out of map bounds (2137.75, 866.95) to (2145.72, 874.92). The costmap cannot raytrace for it.
[WARN] [1784154221.783985553] [local_costmap.local_costmap]: Sensor origin at (0.00, 0.00) is out of map bounds (2137.75, 866.95) to (2145.72, 874.92). The costmap cannot raytrace for it.
[WARN] [1784154221.850651394] [local_costmap.local_costmap]: Sensor origin at (0.00, 0.00) is out of map bounds (2137.75, 866.95) to (2145.72, 874.92). The costmap cannot raytrace for it.
[WARN] [1784154221.917328998] [local_costmap.local_costmap]: Sensor origin at (0.00, 0.00) is out of map bounds (2137.75, 866.95) to (2145.72, 874.92). The costmap cannot raytrace for it.
[WARN] [1784154221.983995663] [local_costmap.local_costmap]: Sensor origin at (0.00, 0.00) is out of map bounds (2137.75, 866.95) to (2145.72, 874.92). The costmap cannot raytrace for it.
[WARN] [1784154222.050972167] [local_costmap.local_costmap]: Sensor origin at (0.00, 0.00) is out of map bounds (2137.75, 866.95) to (2145.72, 874.92). The costmap cannot raytrace for it.
[WARN] [1784154222.117317984] [local_costmap.local_costmap]: Sensor origin at (0.00, 0.00) is out of map bounds (2137.75, 866.95) to (2145.72, 874.92). The costmap cannot raytrace for it.
[WARN] [1784154222.183995710] [local_costmap.local_costmap]: Sensor origin at (0.00, 0.00) is out of map bounds (2137.75, 866.95) to (2145.72, 874.92). The costmap cannot raytrace for it.
[WARN] [1784154222.250689442] [local_costmap.local_costmap]: Sensor origin at (0.00, 0.00) is out of map bounds (2137.75, 866.95) to (2145.72, 874.92). The costmap cannot raytrace for it.
[WARN] [1784154222.317385622] [local_costmap.local_costmap]: Sensor origin at (0.00, 0.00) is out of map bounds (2137.75, 866.95) to (2145.72, 874.92). The costmap cannot raytrace for it.
[WARN] [1784154222.383960700] [local_costmap.local_costmap]: Sensor origin at (0.00, 0.00) is out of map bounds (2137.75, 866.95) to (2145.72, 874.92). The costmap cannot raytrace for it.
[WARN] [1784154222.450636472] [local_costmap.local_costmap]: Sensor origin at (0.00, 0.00) is out of map bounds (2137.75, 866.95) to (2145.72, 874.92). The costmap cannot raytrace for it.
[WARN] [1784154222.518067284] [local_costmap.local_costmap]: Sensor origin at (0.00, 0.00) is out of map bounds (2137.75, 866.95) to (2145.72, 874.92). The costmap cannot raytrace for it.
[WARN] [1784154222.584290751] [local_costmap.local_costmap]: Sensor origin at (0.00, 0.00) is out of map bounds (2137.75, 866.95) to (2145.72, 874.92). The costmap cannot raytrace for it.
[WARN] [1784154222.650648195] [local_costmap.local_costmap]: Sensor origin at (0.00, 0.00) is out of map bounds (2137.75, 866.95) to (2145.72, 874.92). The costmap cannot raytrace for it.
[WARN] [1784154222.717311080] [local_costmap.local_costmap]: Sensor origin at (0.00, 0.00) is out of map bounds (2137.75, 866.95) to (2145.72, 874.92). The costmap cannot raytrace for it.
[WARN] [1784154222.784040477] [local_costmap.local_costmap]: Sensor origin at (0.00, 0.00) is out of map bounds (2137.75, 866.95) to (2145.72, 874.92). The costmap cannot raytrace for it.
[WARN] [1784154222.850650136] [local_costmap.local_costmap]: Sensor origin at (0.00, 0.00) is out of map bounds (2137.75, 866.95) to (2145.72, 874.92). The costmap cannot raytrace for it.
[WARN] [1784154222.917419173] [local_costmap.local_costmap]: Sensor origin at (0.00, 0.00) is out of map bounds (2137.75, 866.95) to (2145.72, 874.92). The costmap cannot raytrace for it.
[WARN] [1784154222.983954243] [local_costmap.local_costmap]: Sensor origin at (0.00, 0.00) is out of map bounds (2137.75, 866.95) to (2145.72, 874.92). The costmap cannot raytrace for it.
[WARN] [1784154223.050659721] [local_costmap.local_costmap]: Sensor origin at (0.00, 0.00) is out of map bounds (2137.75, 866.95) to (2145.72, 874.92). The costmap cannot raytrace for it.
[WARN] [1784154223.117501528] [local_costmap.local_costmap]: Sensor origin at (0.00, 0.00) is out of map bounds (2137.75, 866.95) to (2145.72, 874.92). The costmap cannot raytrace for it.
[WARN] [1784154223.184004314] [local_costmap.local_costmap]: Sensor origin at (0.00, 0.00) is out of map bounds (2137.75, 866.95) to (2145.72, 874.92). The costmap cannot raytrace for it.
[WARN] [1784154223.250668675] [local_costmap.local_costmap]: Sensor origin at (0.00, 0.00) is out of map bounds (2137.75, 866.95) to (2145.72, 874.92). The costmap cannot raytrace for it.
[WARN] [1784154223.318933733] [local_costmap.local_costmap]: Sensor origin at (0.00, 0.00) is out of map bounds (2137.75, 866.95) to (2145.72, 874.92). The costmap cannot raytrace for it.
[WARN] [1784154223.384814998] [local_costmap.local_costmap]: Sensor origin at (0.00, 0.00) is out of map bounds (2137.75, 866.95) to (2145.72, 874.92). The costmap cannot raytrace for it.
[WARN] [1784154223.451094827] [local_costmap.local_costmap]: Sensor origin at (0.00, 0.00) is out of map bounds (2137.75, 866.95) to (2145.72, 874.92). The costmap cannot raytrace for it.
[WARN] [1784154223.517504652] [local_costmap.local_costmap]: Sensor origin at (0.00, 0.00) is out of map bounds (2137.75, 866.95) to (2145.72, 874.92). The costmap cannot raytrace for it.
[WARN] [1784154223.583945390] [local_costmap.local_costmap]: Sensor origin at (0.00, 0.00) is out of map bounds (2137.75, 866.95) to (2145.72, 874.92). The costmap cannot raytrace for it.
[WARN] [1784154223.650654874] [local_costmap.local_costmap]: Sensor origin at (0.00, 0.00) is out of map bounds (2137.75, 866.95) to (2145.72, 874.92). The costmap cannot raytrace for it.
[WARN] [1784154223.717316551] [local_costmap.local_costmap]: Sensor origin at (0.00, 0.00) is out of map bounds (2137.75, 866.95) to (2145.72, 874.92). The costmap cannot raytrace for it.
[WARN] [1784154223.786466001] [local_costmap.local_costmap]: Sensor origin at (0.00, 0.00) is out of map bounds (2137.75, 866.95) to (2145.72, 874.92). The costmap cannot raytrace for it.
[WARN] [1784154223.851003208] [local_costmap.local_costmap]: Sensor origin at (0.00, 0.00) is out of map bounds (2137.75, 866.95) to (2145.72, 874.92). The costmap cannot raytrace for it.
[WARN] [1784154223.917309387] [local_costmap.local_costmap]: Sensor origin at (0.00, 0.00) is out of map bounds (2137.75, 866.95) to (2145.72, 874.92). The costmap cannot raytrace for it.
[WARN] [1784154223.984287643] [local_costmap.local_costmap]: Sensor origin at (0.00, 0.00) is out of map bounds (2137.75, 866.95) to (2145.72, 874.92). The costmap cannot raytrace for it.
[WARN] [1784154224.051145710] [local_costmap.local_costmap]: Sensor origin at (0.00, 0.00) is out of map bounds (2137.75, 866.95) to (2145.72, 874.92). The costmap cannot raytrace for it.
[WARN] [1784154224.117312908] [local_costmap.local_costmap]: Sensor origin at (0.00, 0.00) is out of map bounds (2137.75, 866.95) to (2145.72, 874.92). The costmap cannot raytrace for it.
[WARN] [1784154224.188558560] [local_costmap.local_costmap]: Sensor origin at (0.00, 0.00) is out of map bounds (2137.75, 866.95) to (2145.72, 874.92). The costmap cannot raytrace for it.
[WARN] [1784154224.250657943] [local_costmap.local_costmap]: Sensor origin at (0.00, 0.00) is out of map bounds (2137.75, 866.95) to (2145.72, 874.92). The costmap cannot raytrace for it.
[WARN] [1784154224.317335983] [local_costmap.local_costmap]: Sensor origin at (0.00, 0.00) is out of map bounds (2137.75, 866.95) to (2145.72, 874.92). The costmap cannot raytrace for it.
[WARN] [1784154224.383953202] [local_costmap.local_costmap]: Sensor origin at (0.00, 0.00) is out of map bounds (2137.75, 866.95) to (2145.72, 874.92). The costmap cannot raytrace for it.
[WARN] [1784154224.451328331] [local_costmap.local_costmap]: Sensor origin at (0.00, 0.00) is out of map bounds (2137.75, 866.95) to (2145.72, 874.92). The costmap cannot raytrace for it.
[WARN] [1784154224.517302226] [local_costmap.local_costmap]: Sensor origin at (0.00, 0.00) is out of map bounds (2137.75, 866.95) to (2145.72, 874.92). The costmap cannot raytrace for it.
[WARN] [1784154224.584608138] [local_costmap.local_costmap]: Sensor origin at (0.00, 0.00) is out of map bounds (2137.75, 866.95) to (2145.72, 874.92). The costmap cannot raytrace for it.
[WARN] [1784154224.650638835] [local_costmap.local_costmap]: Sensor origin at (0.00, 0.00) is out of map bounds (2137.75, 866.95) to (2145.72, 874.92). The costmap cannot raytrace for it.
[WARN] [1784154224.717366564] [local_costmap.local_costmap]: Sensor origin at (0.00, 0.00) is out of map bounds (2137.75, 866.95) to (2145.72, 874.92). The costmap cannot raytrace for it.
[WARN] [1784154224.785116373] [local_costmap.local_costmap]: Sensor origin at (0.00, 0.00) is out of map bounds (2137.75, 866.95) to (2145.72, 874.92). The costmap cannot raytrace for it.
[WARN] [1784154224.850659106] [local_costmap.local_costmap]: Sensor origin at (0.00, 0.00) is out of map bounds (2137.75, 866.95) to (2145.72, 874.92). The costmap cannot raytrace for it.
[WARN] [1784154224.917377857] [local_costmap.local_costmap]: Sensor origin at (0.00, 0.00) is out of map bounds (2137.75, 866.95) to (2145.72, 874.92). The costmap cannot raytrace for it.
[WARN] [1784154224.984004744] [local_costmap.local_costmap]: Sensor origin at (0.00, 0.00) is out of map bounds (2137.75, 866.95) to (2145.72, 874.92). The costmap cannot raytrace for it.
[WARN] [1784154225.050792892] [local_costmap.local_costmap]: Sensor origin at (0.00, 0.00) is out of map bounds (2137.75, 866.95) to (2145.72, 874.92). The costmap cannot raytrace for it.
[WARN] [1784154225.118268549] [local_costmap.local_costmap]: Sensor origin at (0.00, 0.00) is out of map bounds (2137.75, 866.95) to (2145.72, 874.92). The costmap cannot raytrace for it.
[WARN] [1784154225.183998130] [local_costmap.local_costmap]: Sensor origin at (0.00, 0.00) is out of map bounds (2137.75, 866.95) to (2145.72, 874.92). The costmap cannot raytrace for it.
[WARN] [1784154225.250617876] [local_costmap.local_costmap]: Sensor origin at (0.00, 0.00) is out of map bounds (2137.75, 866.95) to (2145.72, 874.92). The costmap cannot raytrace for it.
[WARN] [1784154225.317556130] [local_costmap.local_costmap]: Sensor origin at (0.00, 0.00) is out of map bounds (2137.75, 866.95) to (2145.72, 874.92). The costmap cannot raytrace for it.
[WARN] [1784154225.383991726] [local_costmap.local_costmap]: Sensor origin at (0.00, 0.00) is out of map bounds (2137.75, 866.95) to (2145.72, 874.92). The costmap cannot raytrace for it.
[WARN] [1784154225.450858377] [local_costmap.local_costmap]: Sensor origin at (0.00, 0.00) is out of map bounds (2137.75, 866.95) to (2145.72, 874.92). The costmap cannot raytrace for it.
[WARN] [1784154225.517323958] [local_costmap.local_costmap]: Sensor origin at (0.00, 0.00) is out of map bounds (2137.75, 866.95) to (2145.72, 874.92). The costmap cannot raytrace for it.
[WARN] [1784154225.584136718] [local_costmap.local_costmap]: Sensor origin at (0.00, 0.00) is out of map bounds (2137.75, 866.95) to (2145.72, 874.92). The costmap cannot raytrace for it.
[WARN] [1784154225.650944812] [local_costmap.local_costmap]: Sensor origin at (0.00, 0.00) is out of map bounds (2137.75, 866.95) to (2145.72, 874.92). The costmap cannot raytrace for it.
[WARN] [1784154225.717401580] [local_costmap.local_costmap]: Sensor origin at (0.00, 0.00) is out of map bounds (2137.75, 866.95) to (2145.72, 874.92). The costmap cannot raytrace for it.
[WARN] [1784154225.784028073] [local_costmap.local_costmap]: Sensor origin at (0.00, 0.00) is out of map bounds (2137.75, 866.95) to (2145.72, 874.92). The costmap cannot raytrace for it.
[WARN] [1784154225.850632991] [local_costmap.local_costmap]: Sensor origin at (0.00, 0.00) is out of map bounds (2137.75, 866.95) to (2145.72, 874.92). The costmap cannot raytrace for it.
[WARN] [1784154225.917463177] [local_costmap.local_costmap]: Sensor origin at (0.00, 0.00) is out of map bounds (2137.75, 866.95) to (2145.72, 874.92). The costmap cannot raytrace for it.
[WARN] [1784154225.983985758] [local_costmap.local_costmap]: Sensor origin at (0.00, 0.00) is out of map bounds (2137.75, 866.95) to (2145.72, 874.92). The costmap cannot raytrace for it.
[WARN] [1784154226.051512649] [local_costmap.local_costmap]: Sensor origin at (0.00, 0.00) is out of map bounds (2137.75, 866.95) to (2145.72, 874.92). The costmap cannot raytrace for it.
[WARN] [1784154226.117370815] [local_costmap.local_costmap]: Sensor origin at (0.00, 0.00) is out of map bounds (2137.75, 866.95) to (2145.72, 874.92). The costmap cannot raytrace for it.
[WARN] [1784154226.183983637] [local_costmap.local_costmap]: Sensor origin at (0.00, 0.00) is out of map bounds (2137.75, 866.95) to (2145.72, 874.92). The costmap cannot raytrace for it.
[WARN] [1784154226.250662036] [local_costmap.local_costmap]: Sensor origin at (0.00, 0.00) is out of map bounds (2137.75, 866.95) to (2145.72, 874.92). The costmap cannot raytrace for it.
[WARN] [1784154226.317304936] [local_costmap.local_costmap]: Sensor origin at (0.00, 0.00) is out of map bounds (2137.75, 866.95) to (2145.72, 874.92). The costmap cannot raytrace for it.
[WARN] [1784154226.386933804] [local_costmap.local_costmap]: Sensor origin at (0.00, 0.00) is out of map bounds (2137.75, 866.95) to (2145.72, 874.92). The costmap cannot raytrace for it.
[WARN] [1784154226.450621311] [local_costmap.local_costmap]: Sensor origin at (0.00, 0.00) is out of map bounds (2137.75, 866.95) to (2145.72, 874.92). The costmap cannot raytrace for it.
[WARN] [1784154226.517295957] [local_costmap.local_costmap]: Sensor origin at (0.00, 0.00) is out of map bounds (2137.75, 866.95) to (2145.72, 874.92). The costmap cannot raytrace for it.
[WARN] [1784154226.584112398] [local_costmap.local_costmap]: Sensor origin at (0.00, 0.00) is out of map bounds (2137.75, 866.95) to (2145.72, 874.92). The costmap cannot raytrace for it.
[WARN] [1784154226.650664131] [local_costmap.local_costmap]: Sensor origin at (0.00, 0.00) is out of map bounds (2137.75, 866.95) to (2145.72, 874.92). The costmap cannot raytrace for it.
[WARN] [1784154226.717314101] [local_costmap.local_costmap]: Sensor origin at (0.00, 0.00) is out of map bounds (2137.75, 866.95) to (2145.72, 874.92). The costmap cannot raytrace for it.
[WARN] [1784154226.784021679] [local_costmap.local_costmap]: Sensor origin at (0.00, 0.00) is out of map bounds (2137.75, 866.95) to (2145.72, 874.92). The costmap cannot raytrace for it.
[WARN] [1784154226.850701744] [local_costmap.local_costmap]: Sensor origin at (0.00, 0.00) is out of map bounds (2137.75, 866.95) to (2145.72, 874.92). The costmap cannot raytrace for it.
[WARN] [1784154226.917304382] [local_costmap.local_costmap]: Sensor origin at (0.00, 0.00) is out of map bounds (2137.75, 866.95) to (2145.72, 874.92). The costmap cannot raytrace for it.
[WARN] [1784154226.984016699] [local_costmap.local_costmap]: Sensor origin at (0.00, 0.00) is out of map bounds (2137.75, 866.95) to (2145.72, 874.92). The costmap cannot raytrace for it.
[WARN] [1784154227.050651265] [local_costmap.local_costmap]: Sensor origin at (0.00, 0.00) is out of map bounds (2137.75, 866.95) to (2145.72, 874.92). The costmap cannot raytrace for it.
[WARN] [1784154227.117298716] [local_costmap.local_costmap]: Sensor origin at (0.00, 0.00) is out of map bounds (2137.75, 866.95) to (2145.72, 874.92). The costmap cannot raytrace for it.
[WARN] [1784154227.183992344] [local_costmap.local_costmap]: Sensor origin at (0.00, 0.00) is out of map bounds (2137.75, 866.95) to (2145.72, 874.92). The costmap cannot raytrace for it.
[WARN] [1784154227.250670550] [local_costmap.local_costmap]: Sensor origin at (0.00, 0.00) is out of map bounds (2137.75, 866.95) to (2145.72, 874.92). The costmap cannot raytrace for it.
[WARN] [1784154227.317297341] [local_costmap.local_costmap]: Sensor origin at (0.00, 0.00) is out of map bounds (2137.75, 866.95) to (2145.72, 874.92). The costmap cannot raytrace for it.
[WARN] [1784154227.383993321] [local_costmap.local_costmap]: Sensor origin at (0.00, 0.00) is out of map bounds (2137.75, 866.95) to (2145.72, 874.92). The costmap cannot raytrace for it.
[WARN] [1784154227.450641364] [local_costmap.local_costmap]: Sensor origin at (0.00, 0.00) is out of map bounds (2137.75, 866.95) to (2145.72, 874.92). The costmap cannot raytrace for it.
[WARN] [1784154227.517296628] [local_costmap.local_costmap]: Sensor origin at (0.00, 0.00) is out of map bounds (2137.75, 866.95) to (2145.72, 874.92). The costmap cannot raytrace for it.
[WARN] [1784154227.583993726] [local_costmap.local_costmap]: Sensor origin at (0.00, 0.00) is out of map bounds (2137.75, 866.95) to (2145.72, 874.92). The costmap cannot raytrace for it.
[WARN] [1784154227.650795913] [local_costmap.local_costmap]: Sensor origin at (0.00, 0.00) is out of map bounds (2137.75, 866.95) to (2145.72, 874.92). The costmap cannot raytrace for it.
[WARN] [1784154227.717653624] [local_costmap.local_costmap]: Sensor origin at (0.00, 0.00) is out of map bounds (2137.75, 866.95) to (2145.72, 874.92). The costmap cannot raytrace for it.
[WARN] [1784154227.784046931] [local_costmap.local_costmap]: Sensor origin at (0.00, 0.00) is out of map bounds (2137.75, 866.95) to (2145.72, 874.92). The costmap cannot raytrace for it.
[WARN] [1784154227.850648053] [local_costmap.local_costmap]: Sensor origin at (0.00, 0.00) is out of map bounds (2137.75, 866.95) to (2145.72, 874.92). The costmap cannot raytrace for it.
[WARN] [1784154227.917302902] [local_costmap.local_costmap]: Sensor origin at (0.00, 0.00) is out of map bounds (2137.75, 866.95) to (2145.72, 874.92). The costmap cannot raytrace for it.
[WARN] [1784154227.984003681] [local_costmap.local_costmap]: Sensor origin at (0.00, 0.00) is out of map bounds (2137.75, 866.95) to (2145.72, 874.92). The costmap cannot raytrace for it.
[WARN] [1784154228.050668107] [local_costmap.local_costmap]: Sensor origin at (0.00, 0.00) is out of map bounds (2137.75, 866.95) to (2145.72, 874.92). The costmap cannot raytrace for it.
[WARN] [1784154228.117884992] [local_costmap.local_costmap]: Sensor origin at (0.00, 0.00) is out of map bounds (2137.75, 866.95) to (2145.72, 874.92). The costmap cannot raytrace for it.
[WARN] [1784154228.183953556] [local_costmap.local_costmap]: Sensor origin at (0.00, 0.00) is out of map bounds (2137.75, 866.95) to (2145.72, 874.92). The costmap cannot raytrace for it.
[WARN] [1784154228.250626313] [local_costmap.local_costmap]: Sensor origin at (0.00, 0.00) is out of map bounds (2137.75, 866.95) to (2145.72, 874.92). The costmap cannot raytrace for it.
[WARN] [1784154228.317316140] [local_costmap.local_costmap]: Sensor origin at (0.00, 0.00) is out of map bounds (2137.75, 866.95) to (2145.72, 874.92). The costmap cannot raytrace for it.
[WARN] [1784154228.384054808] [local_costmap.local_costmap]: Sensor origin at (0.00, 0.00) is out of map bounds (2137.75, 866.95) to (2145.72, 874.92). The costmap cannot raytrace for it.
[WARN] [1784154228.450706290] [local_costmap.local_costmap]: Sensor origin at (0.00, 0.00) is out of map bounds (2137.75, 866.95) to (2145.72, 874.92). The costmap cannot raytrace for it.
[WARN] [1784154228.517772408] [local_costmap.local_costmap]: Sensor origin at (0.00, 0.00) is out of map bounds (2137.75, 866.95) to (2145.72, 874.92). The costmap cannot raytrace for it.
[WARN] [1784154228.583963858] [local_costmap.local_costmap]: Sensor origin at (0.00, 0.00) is out of map bounds (2137.75, 866.95) to (2145.72, 874.92). The costmap cannot raytrace for it.
[WARN] [1784154228.650638957] [local_costmap.local_costmap]: Sensor origin at (0.00, 0.00) is out of map bounds (2137.75, 866.95) to (2145.72, 874.92). The costmap cannot raytrace for it.
[WARN] [1784154228.717388604] [local_costmap.local_costmap]: Sensor origin at (0.00, 0.00) is out of map bounds (2137.75, 866.95) to (2145.72, 874.92). The costmap cannot raytrace for it.
[WARN] [1784154228.784012758] [local_costmap.local_costmap]: Sensor origin at (0.00, 0.00) is out of map bounds (2137.75, 866.95) to (2145.72, 874.92). The costmap cannot raytrace for it.
[WARN] [1784154228.851008442] [local_costmap.local_costmap]: Sensor origin at (0.00, 0.00) is out of map bounds (2137.75, 866.95) to (2145.72, 874.92). The costmap cannot raytrace for it.
[WARN] [1784154228.917338793] [local_costmap.local_costmap]: Sensor origin at (0.00, 0.00) is out of map bounds (2137.75, 866.95) to (2145.72, 874.92). The costmap cannot raytrace for it.
[WARN] [1784154228.984001791] [local_costmap.local_costmap]: Sensor origin at (0.00, 0.00) is out of map bounds (2137.75, 866.95) to (2145.72, 874.92). The costmap cannot raytrace for it.
[WARN] [1784154229.050634486] [local_costmap.local_costmap]: Sensor origin at (0.00, 0.00) is out of map bounds (2137.75, 866.95) to (2145.72, 874.92). The costmap cannot raytrace for it.
[WARN] [1784154229.117310251] [local_costmap.local_costmap]: Sensor origin at (0.00, 0.00) is out of map bounds (2137.75, 866.95) to (2145.72, 874.92). The costmap cannot raytrace for it.
[WARN] [1784154229.184763412] [local_costmap.local_costmap]: Sensor origin at (0.00, 0.00) is out of map bounds (2137.75, 866.95) to (2145.72, 874.92). The costmap cannot raytrace for it.
[WARN] [1784154229.250642533] [local_costmap.local_costmap]: Sensor origin at (0.00, 0.00) is out of map bounds (2137.75, 866.95) to (2145.72, 874.92). The costmap cannot raytrace for it.
[WARN] [1784154229.317399340] [local_costmap.local_costmap]: Sensor origin at (0.00, 0.00) is out of map bounds (2137.75, 866.95) to (2145.72, 874.92). The costmap cannot raytrace for it.
[WARN] [1784154229.384117827] [local_costmap.local_costmap]: Sensor origin at (0.00, 0.00) is out of map bounds (2137.75, 866.95) to (2145.72, 874.92). The costmap cannot raytrace for it.
[WARN] [1784154229.450625292] [local_costmap.local_costmap]: Sensor origin at (0.00, 0.00) is out of map bounds (2137.75, 866.95) to (2145.72, 874.92). The costmap cannot raytrace for it.
[WARN] [1784154229.520051965] [local_costmap.local_costmap]: Sensor origin at (0.00, 0.00) is out of map bounds (2137.75, 866.95) to (2145.72, 874.92). The costmap cannot raytrace for it.
[WARN] [1784154229.583985301] [local_costmap.local_costmap]: Sensor origin at (0.00, 0.00) is out of map bounds (2137.75, 866.95) to (2145.72, 874.92). The costmap cannot raytrace for it.
[WARN] [1784154229.650969182] [local_costmap.local_costmap]: Sensor origin at (0.00, 0.00) is out of map bounds (2137.75, 866.95) to (2145.72, 874.92). The costmap cannot raytrace for it.
[WARN] [1784154229.718442697] [local_costmap.local_costmap]: Sensor origin at (0.00, 0.00) is out of map bounds (2137.75, 866.95) to (2145.72, 874.92). The costmap cannot raytrace for it.
[WARN] [1784154229.784131322] [local_costmap.local_costmap]: Sensor origin at (0.00, 0.00) is out of map bounds (2137.75, 866.95) to (2145.72, 874.92). The costmap cannot raytrace for it.
[WARN] [1784154229.850651330] [local_costmap.local_costmap]: Sensor origin at (0.00, 0.00) is out of map bounds (2137.75, 866.95) to (2145.72, 874.92). The costmap cannot raytrace for it.
[WARN] [1784154229.918732727] [local_costmap.local_costmap]: Sensor origin at (0.00, 0.00) is out of map bounds (2137.75, 866.95) to (2145.72, 874.92). The costmap cannot raytrace for it.
[WARN] [1784154229.983989877] [local_costmap.local_costmap]: Sensor origin at (0.00, 0.00) is out of map bounds (2137.75, 866.95) to (2145.72, 874.92). The costmap cannot raytrace for it.
[WARN] [1784154230.051919059] [local_costmap.local_costmap]: Sensor origin at (0.00, 0.00) is out of map bounds (2137.75, 866.95) to (2145.72, 874.92). The costmap cannot raytrace for it.
[WARN] [1784154230.117387737] [local_costmap.local_costmap]: Sensor origin at (0.00, 0.00) is out of map bounds (2137.75, 866.95) to (2145.72, 874.92). The costmap cannot raytrace for it.
[WARN] [1784154230.184281725] [local_costmap.local_costmap]: Sensor origin at (0.00, 0.00) is out of map bounds (2137.75, 866.95) to (2145.72, 874.92). The costmap cannot raytrace for it.
[WARN] [1784154230.250759490] [local_costmap.local_costmap]: Sensor origin at (0.00, 0.00) is out of map bounds (2137.75, 866.95) to (2145.72, 874.92). The costmap cannot raytrace for it.
[WARN] [1784154230.317411847] [local_costmap.local_costmap]: Sensor origin at (0.00, 0.00) is out of map bounds (2137.75, 866.95) to (2145.72, 874.92). The costmap cannot raytrace for it.
[WARN] [1784154230.383990267] [local_costmap.local_costmap]: Sensor origin at (0.00, 0.00) is out of map bounds (2137.75, 866.95) to (2145.72, 874.92). The costmap cannot raytrace for it.
[WARN] [1784154230.450624287] [local_costmap.local_costmap]: Sensor origin at (0.00, 0.00) is out of map bounds (2137.75, 866.95) to (2145.72, 874.92). The costmap cannot raytrace for it.
[WARN] [1784154230.517314902] [local_costmap.local_costmap]: Sensor origin at (0.00, 0.00) is out of map bounds (2137.75, 866.95) to (2145.72, 874.92). The costmap cannot raytrace for it.
[WARN] [1784154230.583985016] [local_costmap.local_costmap]: Sensor origin at (0.00, 0.00) is out of map bounds (2137.75, 866.95) to (2145.72, 874.92). The costmap cannot raytrace for it.
[WARN] [1784154230.650644882] [local_costmap.local_costmap]: Sensor origin at (0.00, 0.00) is out of map bounds (2137.75, 866.95) to (2145.72, 874.92). The costmap cannot raytrace for it.
[WARN] [1784154230.717527445] [local_costmap.local_costmap]: Sensor origin at (0.00, 0.00) is out of map bounds (2137.75, 866.95) to (2145.72, 874.92). The costmap cannot raytrace for it.
[WARN] [1784154230.783993942] [local_costmap.local_costmap]: Sensor origin at (0.00, 0.00) is out of map bounds (2137.75, 866.95) to (2145.72, 874.92). The costmap cannot raytrace for it.
[WARN] [1784154230.851336437] [local_costmap.local_costmap]: Sensor origin at (0.00, 0.00) is out of map bounds (2137.75, 866.95) to (2145.72, 874.92). The costmap cannot raytrace for it.
[WARN] [1784154230.917792398] [local_costmap.local_costmap]: Sensor origin at (0.00, 0.00) is out of map bounds (2137.75, 866.95) to (2145.72, 874.92). The costmap cannot raytrace for it.
[WARN] [1784154230.983995253] [local_costmap.local_costmap]: Sensor origin at (0.00, 0.00) is out of map bounds (2137.75, 866.95) to (2145.72, 874.92). The costmap cannot raytrace for it.
[WARN] [1784154231.050675085] [local_costmap.local_costmap]: Sensor origin at (0.00, 0.00) is out of map bounds (2137.75, 866.95) to (2145.72, 874.92). The costmap cannot raytrace for it.
[WARN] [1784154231.117426865] [local_costmap.local_costmap]: Sensor origin at (0.00, 0.00) is out of map bounds (2137.75, 866.95) to (2145.72, 874.92). The costmap cannot raytrace for it.
[WARN] [1784154231.183968646] [local_costmap.local_costmap]: Sensor origin at (0.00, 0.00) is out of map bounds (2137.75, 866.95) to (2145.72, 874.92). The costmap cannot raytrace for it.
[WARN] [1784154231.250649327] [local_costmap.local_costmap]: Sensor origin at (0.00, 0.00) is out of map bounds (2137.75, 866.95) to (2145.72, 874.92). The costmap cannot raytrace for it.
[WARN] [1784154231.317437096] [local_costmap.local_costmap]: Sensor origin at (0.00, 0.00) is out of map bounds (2137.75, 866.95) to (2145.72, 874.92). The costmap cannot raytrace for it.
[WARN] [1784154231.386325100] [local_costmap.local_costmap]: Sensor origin at (0.00, 0.00) is out of map bounds (2137.75, 866.95) to (2145.72, 874.92). The costmap cannot raytrace for it.
[WARN] [1784154231.450663243] [local_costmap.local_costmap]: Sensor origin at (0.00, 0.00) is out of map bounds (2137.75, 866.95) to (2145.72, 874.92). The costmap cannot raytrace for it.
[WARN] [1784154231.517469512] [local_costmap.local_costmap]: Sensor origin at (0.00, 0.00) is out of map bounds (2137.75, 866.95) to (2145.72, 874.92). The costmap cannot raytrace for it.
[WARN] [1784154231.584931392] [local_costmap.local_costmap]: Sensor origin at (0.00, 0.00) is out of map bounds (2137.75, 866.95) to (2145.72, 874.92). The costmap cannot raytrace for it.
[WARN] [1784154231.650748820] [local_costmap.local_costmap]: Sensor origin at (0.00, 0.00) is out of map bounds (2137.75, 866.95) to (2145.72, 874.92). The costmap cannot raytrace for it.
[WARN] [1784154231.719792609] [local_costmap.local_costmap]: Sensor origin at (0.00, 0.00) is out of map bounds (2137.75, 866.95) to (2145.72, 874.92). The costmap cannot raytrace for it.
[WARN] [1784154231.785689516] [local_costmap.local_costmap]: Sensor origin at (0.00, 0.00) is out of map bounds (2137.75, 866.95) to (2145.72, 874.92). The costmap cannot raytrace for it.
[WARN] [1784154231.850948146] [local_costmap.local_costmap]: Sensor origin at (0.00, 0.00) is out of map bounds (2137.75, 866.95) to (2145.72, 874.92). The costmap cannot raytrace for it.
[WARN] [1784154231.917569941] [local_costmap.local_costmap]: Sensor origin at (0.00, 0.00) is out of map bounds (2137.75, 866.95) to (2145.72, 874.92). The costmap cannot raytrace for it.
[WARN] [1784154231.984006247] [local_costmap.local_costmap]: Sensor origin at (0.00, 0.00) is out of map bounds (2137.75, 866.95) to (2145.72, 874.92). The costmap cannot raytrace for it.
[WARN] [1784154232.050712435] [local_costmap.local_costmap]: Sensor origin at (0.00, 0.00) is out of map bounds (2137.75, 866.95) to (2145.72, 874.92). The costmap cannot raytrace for it.
[WARN] [1784154232.117324633] [local_costmap.local_costmap]: Sensor origin at (0.00, 0.00) is out of map bounds (2137.75, 866.95) to (2145.72, 874.92). The costmap cannot raytrace for it.
[WARN] [1784154232.184598637] [local_costmap.local_costmap]: Sensor origin at (0.00, 0.00) is out of map bounds (2137.75, 866.95) to (2145.72, 874.92). The costmap cannot raytrace for it.
[WARN] [1784154232.250644211] [local_costmap.local_costmap]: Sensor origin at (0.00, 0.00) is out of map bounds (2137.75, 866.95) to (2145.72, 874.92). The costmap cannot raytrace for it.
[WARN] [1784154232.320114577] [local_costmap.local_costmap]: Sensor origin at (0.00, 0.00) is out of map bounds (2137.75, 866.95) to (2145.72, 874.92). The costmap cannot raytrace for it.
[WARN] [1784154232.384189016] [local_costmap.local_costmap]: Sensor origin at (0.00, 0.00) is out of map bounds (2137.75, 866.95) to (2145.72, 874.92). The costmap cannot raytrace for it.
[WARN] [1784154232.453307559] [local_costmap.local_costmap]: Sensor origin at (0.00, 0.00) is out of map bounds (2137.75, 866.95) to (2145.72, 874.92). The costmap cannot raytrace for it.
[WARN] [1784154232.517415178] [local_costmap.local_costmap]: Sensor origin at (0.00, 0.00) is out of map bounds (2137.75, 866.95) to (2145.72, 874.92). The costmap cannot raytrace for it.
[WARN] [1784154232.584037003] [local_costmap.local_costmap]: Sensor origin at (0.00, 0.00) is out of map bounds (2137.75, 866.95) to (2145.72, 874.92). The costmap cannot raytrace for it.
[WARN] [1784154232.650659314] [local_costmap.local_costmap]: Sensor origin at (0.00, 0.00) is out of map bounds (2137.75, 866.95) to (2145.72, 874.92). The costmap cannot raytrace for it.
[WARN] [1784154232.717642714] [local_costmap.local_costmap]: Sensor origin at (0.00, 0.00) is out of map bounds (2137.75, 866.95) to (2145.72, 874.92). The costmap cannot raytrace for it.
[WARN] [1784154232.784014091] [local_costmap.local_costmap]: Sensor origin at (0.00, 0.00) is out of map bounds (2137.75, 866.95) to (2145.72, 874.92). The costmap cannot raytrace for it.
[WARN] [1784154232.851067533] [local_costmap.local_costmap]: Sensor origin at (0.00, 0.00) is out of map bounds (2137.75, 866.95) to (2145.72, 874.92). The costmap cannot raytrace for it.
[WARN] [1784154232.917303280] [local_costmap.local_costmap]: Sensor origin at (0.00, 0.00) is out of map bounds (2137.75, 866.95) to (2145.72, 874.92). The costmap cannot raytrace for it.
[WARN] [1784154232.983937441] [local_costmap.local_costmap]: Sensor origin at (0.00, 0.00) is out of map bounds (2137.75, 866.95) to (2145.72, 874.92). The costmap cannot raytrace for it.
[WARN] [1784154233.050668115] [local_costmap.local_costmap]: Sensor origin at (0.00, 0.00) is out of map bounds (2137.75, 866.95) to (2145.72, 874.92). The costmap cannot raytrace for it.
[WARN] [1784154233.117678708] [local_costmap.local_costmap]: Sensor origin at (0.00, 0.00) is out of map bounds (2137.75, 866.95) to (2145.72, 874.92). The costmap cannot raytrace for it.
[WARN] [1784154233.184086533] [local_costmap.local_costmap]: Sensor origin at (0.00, 0.00) is out of map bounds (2137.75, 866.95) to (2145.72, 874.92). The costmap cannot raytrace for it.
[WARN] [1784154233.251112101] [local_costmap.local_costmap]: Sensor origin at (0.00, 0.00) is out of map bounds (2137.75, 866.95) to (2145.72, 874.92). The costmap cannot raytrace for it.
[WARN] [1784154233.317317915] [local_costmap.local_costmap]: Sensor origin at (0.00, 0.00) is out of map bounds (2137.75, 866.95) to (2145.72, 874.92). The costmap cannot raytrace for it.
[WARN] [1784154233.384000986] [local_costmap.local_costmap]: Sensor origin at (0.00, 0.00) is out of map bounds (2137.75, 866.95) to (2145.72, 874.92). The costmap cannot raytrace for it.
[WARN] [1784154233.450653289] [local_costmap.local_costmap]: Sensor origin at (0.00, 0.00) is out of map bounds (2137.75, 866.95) to (2145.72, 874.92). The costmap cannot raytrace for it.
[WARN] [1784154233.517600660] [local_costmap.local_costmap]: Sensor origin at (0.00, 0.00) is out of map bounds (2137.75, 866.95) to (2145.72, 874.92). The costmap cannot raytrace for it.
[WARN] [1784154233.584030409] [local_costmap.local_costmap]: Sensor origin at (0.00, 0.00) is out of map bounds (2137.75, 866.95) to (2145.72, 874.92). The costmap cannot raytrace for it.
[WARN] [1784154233.652164288] [local_costmap.local_costmap]: Sensor origin at (0.00, 0.00) is out of map bounds (2137.75, 866.95) to (2145.72, 874.92). The costmap cannot raytrace for it.
[WARN] [1784154233.718421419] [local_costmap.local_costmap]: Sensor origin at (0.00, 0.00) is out of map bounds (2137.75, 866.95) to (2145.72, 874.92). The costmap cannot raytrace for it.
[WARN] [1784154233.783983999] [local_costmap.local_costmap]: Sensor origin at (0.00, 0.00) is out of map bounds (2137.75, 866.95) to (2145.72, 874.92). The costmap cannot raytrace for it.
[WARN] [1784154233.850636217] [local_costmap.local_costmap]: Sensor origin at (0.00, 0.00) is out of map bounds (2137.75, 866.95) to (2145.72, 874.92). The costmap cannot raytrace for it.
[WARN] [1784154233.917304805] [local_costmap.local_costmap]: Sensor origin at (0.00, 0.00) is out of map bounds (2137.75, 866.95) to (2145.72, 874.92). The costmap cannot raytrace for it.
[WARN] [1784154233.984101807] [local_costmap.local_costmap]: Sensor origin at (0.00, 0.00) is out of map bounds (2137.75, 866.95) to (2145.72, 874.92). The costmap cannot raytrace for it.
[WARN] [1784154234.052068757] [local_costmap.local_costmap]: Sensor origin at (0.00, 0.00) is out of map bounds (2137.75, 866.95) to (2145.72, 874.92). The costmap cannot raytrace for it.
[WARN] [1784154234.117315974] [local_costmap.local_costmap]: Sensor origin at (0.00, 0.00) is out of map bounds (2137.75, 866.95) to (2145.72, 874.92). The costmap cannot raytrace for it.
[WARN] [1784154234.184967004] [local_costmap.local_costmap]: Sensor origin at (0.00, 0.00) is out of map bounds (2137.75, 866.95) to (2145.72, 874.92). The costmap cannot raytrace for it.
[WARN] [1784154234.252152908] [local_costmap.local_costmap]: Sensor origin at (0.00, 0.00) is out of map bounds (2137.75, 866.95) to (2145.72, 874.92). The costmap cannot raytrace for it.
[WARN] [1784154234.317315368] [local_costmap.local_costmap]: Sensor origin at (0.00, 0.00) is out of map bounds (2137.75, 866.95) to (2145.72, 874.92). The costmap cannot raytrace for it.
[WARN] [1784154234.384001815] [local_costmap.local_costmap]: Sensor origin at (0.00, 0.00) is out of map bounds (2137.75, 866.95) to (2145.72, 874.92). The costmap cannot raytrace for it.
[WARN] [1784154234.451207894] [local_costmap.local_costmap]: Sensor origin at (0.00, 0.00) is out of map bounds (2137.75, 866.95) to (2145.72, 874.92). The costmap cannot raytrace for it.
[WARN] [1784154234.517336587] [local_costmap.local_costmap]: Sensor origin at (0.00, 0.00) is out of map bounds (2137.75, 866.95) to (2145.72, 874.92). The costmap cannot raytrace for it.
[WARN] [1784154234.584012923] [local_costmap.local_costmap]: Sensor origin at (0.00, 0.00) is out of map bounds (2137.75, 866.95) to (2145.72, 874.92). The costmap cannot raytrace for it.
[WARN] [1784154234.650654675] [local_costmap.local_costmap]: Sensor origin at (0.00, 0.00) is out of map bounds (2137.75, 866.95) to (2145.72, 874.92). The costmap cannot raytrace for it.
[WARN] [1784154234.717321898] [local_costmap.local_costmap]: Sensor origin at (0.00, 0.00) is out of map bounds (2137.75, 866.95) to (2145.72, 874.92). The costmap cannot raytrace for it.
[WARN] [1784154234.784459381] [local_costmap.local_costmap]: Sensor origin at (0.00, 0.00) is out of map bounds (2137.75, 866.95) to (2145.72, 874.92). The costmap cannot raytrace for it.
[WARN] [1784154234.851069035] [local_costmap.local_costmap]: Sensor origin at (0.00, 0.00) is out of map bounds (2137.75, 866.95) to (2145.72, 874.92). The costmap cannot raytrace for it.
[WARN] [1784154234.917319889] [local_costmap.local_costmap]: Sensor origin at (0.00, 0.00) is out of map bounds (2137.75, 866.95) to (2145.72, 874.92). The costmap cannot raytrace for it.
[WARN] [1784154234.984123299] [local_costmap.local_costmap]: Sensor origin at (0.00, 0.00) is out of map bounds (2137.75, 866.95) to (2145.72, 874.92). The costmap cannot raytrace for it.
[WARN] [1784154235.050642332] [local_costmap.local_costmap]: Sensor origin at (0.00, 0.00) is out of map bounds (2137.75, 866.95) to (2145.72, 874.92). The costmap cannot raytrace for it.
[WARN] [1784154235.117313011] [local_costmap.local_costmap]: Sensor origin at (0.00, 0.00) is out of map bounds (2137.75, 866.95) to (2145.72, 874.92). The costmap cannot raytrace for it.
[WARN] [1784154235.185157197] [local_costmap.local_costmap]: Sensor origin at (0.00, 0.00) is out of map bounds (2137.75, 866.95) to (2145.72, 874.92). The costmap cannot raytrace for it.
[WARN] [1784154235.250903104] [local_costmap.local_costmap]: Sensor origin at (0.00, 0.00) is out of map bounds (2137.75, 866.95) to (2145.72, 874.92). The costmap cannot raytrace for it.
[WARN] [1784154235.319205310] [local_costmap.local_costmap]: Sensor origin at (0.00, 0.00) is out of map bounds (2137.75, 866.95) to (2145.72, 874.92). The costmap cannot raytrace for it.
[WARN] [1784154235.384017286] [local_costmap.local_costmap]: Sensor origin at (0.00, 0.00) is out of map bounds (2137.75, 866.95) to (2145.72, 874.92). The costmap cannot raytrace for it.
[WARN] [1784154235.450714419] [local_costmap.local_costmap]: Sensor origin at (0.00, 0.00) is out of map bounds (2137.75, 866.95) to (2145.72, 874.92). The costmap cannot raytrace for it.
[WARN] [1784154235.517386403] [local_costmap.local_costmap]: Sensor origin at (0.00, 0.00) is out of map bounds (2137.75, 866.95) to (2145.72, 874.92). The costmap cannot raytrace for it.
[WARN] [1784154235.584028909] [local_costmap.local_costmap]: Sensor origin at (0.00, 0.00) is out of map bounds (2137.75, 866.95) to (2145.72, 874.92). The costmap cannot raytrace for it.
[WARN] [1784154235.650646353] [local_costmap.local_costmap]: Sensor origin at (0.00, 0.00) is out of map bounds (2137.75, 866.95) to (2145.72, 874.92). The costmap cannot raytrace for it.
[WARN] [1784154235.717343415] [local_costmap.local_costmap]: Sensor origin at (0.00, 0.00) is out of map bounds (2137.75, 866.95) to (2145.72, 874.92). The costmap cannot raytrace for it.
[WARN] [1784154235.783998548] [local_costmap.local_costmap]: Sensor origin at (0.00, 0.00) is out of map bounds (2137.75, 866.95) to (2145.72, 874.92). The costmap cannot raytrace for it.
[WARN] [1784154235.851400533] [local_costmap.local_costmap]: Sensor origin at (0.00, 0.00) is out of map bounds (2137.75, 866.95) to (2145.72, 874.92). The costmap cannot raytrace for it.
[WARN] [1784154235.917337412] [local_costmap.local_costmap]: Sensor origin at (0.00, 0.00) is out of map bounds (2137.75, 866.95) to (2145.72, 874.92). The costmap cannot raytrace for it.
[WARN] [1784154235.984712367] [local_costmap.local_costmap]: Sensor origin at (0.00, 0.00) is out of map bounds (2137.75, 866.95) to (2145.72, 874.92). The costmap cannot raytrace for it.
[WARN] [1784154236.051755661] [local_costmap.local_costmap]: Sensor origin at (0.00, 0.00) is out of map bounds (2137.75, 866.95) to (2145.72, 874.92). The costmap cannot raytrace for it.
[WARN] [1784154236.117375427] [local_costmap.local_costmap]: Sensor origin at (0.00, 0.00) is out of map bounds (2137.75, 866.95) to (2145.72, 874.92). The costmap cannot raytrace for it.
[WARN] [1784154236.183994482] [local_costmap.local_costmap]: Sensor origin at (0.00, 0.00) is out of map bounds (2137.75, 866.95) to (2145.72, 874.92). The costmap cannot raytrace for it.
[WARN] [1784154236.250779669] [local_costmap.local_costmap]: Sensor origin at (0.00, 0.00) is out of map bounds (2137.75, 866.95) to (2145.72, 874.92). The costmap cannot raytrace for it.
[WARN] [1784154236.317321139] [local_costmap.local_costmap]: Sensor origin at (0.00, 0.00) is out of map bounds (2137.75, 866.95) to (2145.72, 874.92). The costmap cannot raytrace for it.
[WARN] [1784154236.384052557] [local_costmap.local_costmap]: Sensor origin at (0.00, 0.00) is out of map bounds (2137.75, 866.95) to (2145.72, 874.92). The costmap cannot raytrace for it.
[WARN] [1784154236.450657412] [local_costmap.local_costmap]: Sensor origin at (0.00, 0.00) is out of map bounds (2137.75, 866.95) to (2145.72, 874.92). The costmap cannot raytrace for it.
[WARN] [1784154236.517324043] [local_costmap.local_costmap]: Sensor origin at (0.00, 0.00) is out of map bounds (2137.75, 866.95) to (2145.72, 874.92). The costmap cannot raytrace for it.
[WARN] [1784154236.584013735] [local_costmap.local_costmap]: Sensor origin at (0.00, 0.00) is out of map bounds (2137.75, 866.95) to (2145.72, 874.92). The costmap cannot raytrace for it.
[WARN] [1784154236.652217434] [local_costmap.local_costmap]: Sensor origin at (0.00, 0.00) is out of map bounds (2137.75, 866.95) to (2145.72, 874.92). The costmap cannot raytrace for it.
[WARN] [1784154236.717351601] [local_costmap.local_costmap]: Sensor origin at (0.00, 0.00) is out of map bounds (2137.75, 866.95) to (2145.72, 874.92). The costmap cannot raytrace for it.
[WARN] [1784154236.784282346] [local_costmap.local_costmap]: Sensor origin at (0.00, 0.00) is out of map bounds (2137.75, 866.95) to (2145.72, 874.92). The costmap cannot raytrace for it.
[WARN] [1784154236.851472232] [local_costmap.local_costmap]: Sensor origin at (0.00, 0.00) is out of map bounds (2137.75, 866.95) to (2145.72, 874.92). The costmap cannot raytrace for it.
[WARN] [1784154236.917361535] [local_costmap.local_costmap]: Sensor origin at (0.00, 0.00) is out of map bounds (2137.75, 866.95) to (2145.72, 874.92). The costmap cannot raytrace for it.
[WARN] [1784154236.983972863] [local_costmap.local_costmap]: Sensor origin at (0.00, 0.00) is out of map bounds (2137.75, 866.95) to (2145.72, 874.92). The costmap cannot raytrace for it.
[WARN] [1784154237.050711748] [local_costmap.local_costmap]: Sensor origin at (0.00, 0.00) is out of map bounds (2137.75, 866.95) to (2145.72, 874.92). The costmap cannot raytrace for it.
[WARN] [1784154237.117329074] [local_costmap.local_costmap]: Sensor origin at (0.00, 0.00) is out of map bounds (2137.75, 866.95) to (2145.72, 874.92). The costmap cannot raytrace for it.
[WARN] [1784154237.184116900] [local_costmap.local_costmap]: Sensor origin at (0.00, 0.00) is out of map bounds (2137.75, 866.95) to (2145.72, 874.92). The costmap cannot raytrace for it.
[WARN] [1784154237.252759073] [local_costmap.local_costmap]: Sensor origin at (0.00, 0.00) is out of map bounds (2137.75, 866.95) to (2145.72, 874.92). The costmap cannot raytrace for it.
[WARN] [1784154237.317387582] [local_costmap.local_costmap]: Sensor origin at (0.00, 0.00) is out of map bounds (2137.75, 866.95) to (2145.72, 874.92). The costmap cannot raytrace for it.
[WARN] [1784154237.384247305] [local_costmap.local_costmap]: Sensor origin at (0.00, 0.00) is out of map bounds (2137.75, 866.95) to (2145.72, 874.92). The costmap cannot raytrace for it.
[WARN] [1784154237.451275846] [local_costmap.local_costmap]: Sensor origin at (0.00, 0.00) is out of map bounds (2137.75, 866.95) to (2145.72, 874.92). The costmap cannot raytrace for it.
[WARN] [1784154237.517318271] [local_costmap.local_costmap]: Sensor origin at (0.00, 0.00) is out of map bounds (2137.75, 866.95) to (2145.72, 874.92). The costmap cannot raytrace for it.
[WARN] [1784154237.584027266] [local_costmap.local_costmap]: Sensor origin at (0.00, 0.00) is out of map bounds (2137.75, 866.95) to (2145.72, 874.92). The costmap cannot raytrace for it.
[WARN] [1784154237.650679338] [local_costmap.local_costmap]: Sensor origin at (0.00, 0.00) is out of map bounds (2137.75, 866.95) to (2145.72, 874.92). The costmap cannot raytrace for it.
[WARN] [1784154237.717362657] [local_costmap.local_costmap]: Sensor origin at (0.00, 0.00) is out of map bounds (2137.75, 866.95) to (2145.72, 874.92). The costmap cannot raytrace for it.
[WARN] [1784154237.784031209] [local_costmap.local_costmap]: Sensor origin at (0.00, 0.00) is out of map bounds (2137.75, 866.95) to (2145.72, 874.92). The costmap cannot raytrace for it.
[WARN] [1784154237.854306882] [local_costmap.local_costmap]: Sensor origin at (0.00, 0.00) is out of map bounds (2137.75, 866.95) to (2145.72, 874.92). The costmap cannot raytrace for it.
[WARN] [1784154237.917417855] [local_costmap.local_costmap]: Sensor origin at (0.00, 0.00) is out of map bounds (2137.75, 866.95) to (2145.72, 874.92). The costmap cannot raytrace for it.
[WARN] [1784154237.984054483] [local_costmap.local_costmap]: Sensor origin at (0.00, 0.00) is out of map bounds (2137.75, 866.95) to (2145.72, 874.92). The costmap cannot raytrace for it.
[WARN] [1784154238.050671811] [local_costmap.local_costmap]: Sensor origin at (0.00, 0.00) is out of map bounds (2137.75, 866.95) to (2145.72, 874.92). The costmap cannot raytrace for it.
[WARN] [1784154238.117331283] [local_costmap.local_costmap]: Sensor origin at (0.00, 0.00) is out of map bounds (2137.75, 866.95) to (2145.72, 874.92). The costmap cannot raytrace for it.
[WARN] [1784154238.185056065] [local_costmap.local_costmap]: Sensor origin at (0.00, 0.00) is out of map bounds (2137.75, 866.95) to (2145.72, 874.92). The costmap cannot raytrace for it.
[WARN] [1784154238.250856355] [local_costmap.local_costmap]: Sensor origin at (0.00, 0.00) is out of map bounds (2137.75, 866.95) to (2145.72, 874.92). The costmap cannot raytrace for it.
[WARN] [1784154238.319620216] [local_costmap.local_costmap]: Sensor origin at (0.00, 0.00) is out of map bounds (2137.75, 866.95) to (2145.72, 874.92). The costmap cannot raytrace for it.
[WARN] [1784154238.383977441] [local_costmap.local_costmap]: Sensor origin at (0.00, 0.00) is out of map bounds (2137.75, 866.95) to (2145.72, 874.92). The costmap cannot raytrace for it.
[WARN] [1784154238.456082278] [local_costmap.local_costmap]: Sensor origin at (0.00, 0.00) is out of map bounds (2137.75, 866.95) to (2145.72, 874.92). The costmap cannot raytrace for it.
[WARN] [1784154238.517334877] [local_costmap.local_costmap]: Sensor origin at (0.00, 0.00) is out of map bounds (2137.75, 866.95) to (2145.72, 874.92). The costmap cannot raytrace for it.
[WARN] [1784154238.584025605] [local_costmap.local_costmap]: Sensor origin at (0.00, 0.00) is out of map bounds (2137.75, 866.95) to (2145.72, 874.92). The costmap cannot raytrace for it.
[WARN] [1784154238.650672362] [local_costmap.local_costmap]: Sensor origin at (0.00, 0.00) is out of map bounds (2137.75, 866.95) to (2145.72, 874.92). The costmap cannot raytrace for it.
[WARN] [1784154238.718591491] [local_costmap.local_costmap]: Sensor origin at (0.00, 0.00) is out of map bounds (2137.75, 866.95) to (2145.72, 874.92). The costmap cannot raytrace for it.
[WARN] [1784154238.784006999] [local_costmap.local_costmap]: Sensor origin at (0.00, 0.00) is out of map bounds (2137.75, 866.95) to (2145.72, 874.92). The costmap cannot raytrace for it.
[WARN] [1784154238.851597031] [local_costmap.local_costmap]: Sensor origin at (0.00, 0.00) is out of map bounds (2137.75, 866.95) to (2145.72, 874.92). The costmap cannot raytrace for it.
[WARN] [1784154238.917409333] [local_costmap.local_costmap]: Sensor origin at (0.00, 0.00) is out of map bounds (2137.75, 866.95) to (2145.72, 874.92). The costmap cannot raytrace for it.
[WARN] [1784154238.984068389] [local_costmap.local_costmap]: Sensor origin at (0.00, 0.00) is out of map bounds (2137.75, 866.95) to (2145.72, 874.92). The costmap cannot raytrace for it.
[WARN] [1784154239.051470218] [local_costmap.local_costmap]: Sensor origin at (0.00, 0.00) is out of map bounds (2137.75, 866.95) to (2145.72, 874.92). The costmap cannot raytrace for it.
[WARN] [1784154239.119110079] [local_costmap.local_costmap]: Sensor origin at (0.00, 0.00) is out of map bounds (2137.75, 866.95) to (2145.72, 874.92). The costmap cannot raytrace for it.
[WARN] [1784154239.183986818] [local_costmap.local_costmap]: Sensor origin at (0.00, 0.00) is out of map bounds (2137.75, 866.95) to (2145.72, 874.92). The costmap cannot raytrace for it.
[WARN] [1784154239.252106492] [local_costmap.local_costmap]: Sensor origin at (0.00, 0.00) is out of map bounds (2137.75, 866.95) to (2145.72, 874.92). The costmap cannot raytrace for it.
[WARN] [1784154239.317574767] [local_costmap.local_costmap]: Sensor origin at (0.00, 0.00) is out of map bounds (2137.75, 866.95) to (2145.72, 874.92). The costmap cannot raytrace for it.
[WARN] [1784154239.385947357] [local_costmap.local_costmap]: Sensor origin at (0.00, 0.00) is out of map bounds (2137.75, 866.95) to (2145.72, 874.92). The costmap cannot raytrace for it.
[WARN] [1784154239.451537354] [local_costmap.local_costmap]: Sensor origin at (0.00, 0.00) is out of map bounds (2137.75, 866.95) to (2145.72, 874.92). The costmap cannot raytrace for it.
[WARN] [1784154239.527589698] [local_costmap.local_costmap]: Sensor origin at (0.00, 0.00) is out of map bounds (2137.75, 866.95) to (2145.72, 874.92). The costmap cannot raytrace for it.
[WARN] [1784154239.585060893] [local_costmap.local_costmap]: Sensor origin at (0.00, 0.00) is out of map bounds (2137.75, 866.95) to (2145.72, 874.92). The costmap cannot raytrace for it.
[WARN] [1784154239.652371383] [local_costmap.local_costmap]: Sensor origin at (0.00, 0.00) is out of map bounds (2137.75, 866.95) to (2145.72, 874.92). The costmap cannot raytrace for it.
[WARN] [1784154239.717322720] [local_costmap.local_costmap]: Sensor origin at (0.00, 0.00) is out of map bounds (2137.75, 866.95) to (2145.72, 874.92). The costmap cannot raytrace for it.
[WARN] [1784154239.784763757] [local_costmap.local_costmap]: Sensor origin at (0.00, 0.00) is out of map bounds (2137.75, 866.95) to (2145.72, 874.92). The costmap cannot raytrace for it.
[WARN] [1784154239.850681503] [local_costmap.local_costmap]: Sensor origin at (0.00, 0.00) is out of map bounds (2137.75, 866.95) to (2145.72, 874.92). The costmap cannot raytrace for it.
[WARN] [1784154239.922894270] [local_costmap.local_costmap]: Sensor origin at (0.00, 0.00) is out of map bounds (2137.75, 866.95) to (2145.72, 874.92). The costmap cannot raytrace for it.
[WARN] [1784154239.984106158] [local_costmap.local_costmap]: Sensor origin at (0.00, 0.00) is out of map bounds (2137.75, 866.95) to (2145.72, 874.92). The costmap cannot raytrace for it.
[WARN] [1784154240.050948062] [local_costmap.local_costmap]: Sensor origin at (0.00, 0.00) is out of map bounds (2137.75, 866.95) to (2145.72, 874.92). The costmap cannot raytrace for it.
[WARN] [1784154240.118954115] [local_costmap.local_costmap]: Sensor origin at (0.00, 0.00) is out of map bounds (2137.75, 866.95) to (2145.72, 874.92). The costmap cannot raytrace for it.
[WARN] [1784154240.184040334] [local_costmap.local_costmap]: Sensor origin at (0.00, 0.00) is out of map bounds (2137.75, 866.95) to (2145.72, 874.92). The costmap cannot raytrace for it.
[WARN] [1784154240.251649304] [local_costmap.local_costmap]: Sensor origin at (0.00, 0.00) is out of map bounds (2137.75, 866.95) to (2145.72, 874.92). The costmap cannot raytrace for it.
[WARN] [1784154240.317447152] [local_costmap.local_costmap]: Sensor origin at (0.00, 0.00) is out of map bounds (2137.75, 866.95) to (2145.72, 874.92). The costmap cannot raytrace for it.
[WARN] [1784154240.383997176] [local_costmap.local_costmap]: Sensor origin at (0.00, 0.00) is out of map bounds (2137.75, 866.95) to (2145.72, 874.92). The costmap cannot raytrace for it.
[WARN] [1784154240.450864943] [local_costmap.local_costmap]: Sensor origin at (0.00, 0.00) is out of map bounds (2137.75, 866.95) to (2145.72, 874.92). The costmap cannot raytrace for it.
[WARN] [1784154240.518816031] [local_costmap.local_costmap]: Sensor origin at (0.00, 0.00) is out of map bounds (2137.75, 866.95) to (2145.72, 874.92). The costmap cannot raytrace for it.
[WARN] [1784154240.583988115] [local_costmap.local_costmap]: Sensor origin at (0.00, 0.00) is out of map bounds (2137.75, 866.95) to (2145.72, 874.92). The costmap cannot raytrace for it.
[WARN] [1784154240.650655295] [local_costmap.local_costmap]: Sensor origin at (0.00, 0.00) is out of map bounds (2137.75, 866.95) to (2145.72, 874.92). The costmap cannot raytrace for it.
[WARN] [1784154240.718985370] [local_costmap.local_costmap]: Sensor origin at (0.00, 0.00) is out of map bounds (2137.75, 866.95) to (2145.72, 874.92). The costmap cannot raytrace for it.
[WARN] [1784154240.785459301] [local_costmap.local_costmap]: Sensor origin at (0.00, 0.00) is out of map bounds (2137.75, 866.95) to (2145.72, 874.92). The costmap cannot raytrace for it.
[WARN] [1784154240.851631417] [local_costmap.local_costmap]: Sensor origin at (0.00, 0.00) is out of map bounds (2137.75, 866.95) to (2145.72, 874.92). The costmap cannot raytrace for it.
[WARN] [1784154240.917423649] [local_costmap.local_costmap]: Sensor origin at (0.00, 0.00) is out of map bounds (2137.75, 866.95) to (2145.72, 874.92). The costmap cannot raytrace for it.
[WARN] [1784154240.985749110] [local_costmap.local_costmap]: Sensor origin at (0.00, 0.00) is out of map bounds (2137.75, 866.95) to (2145.72, 874.92). The costmap cannot raytrace for it.
[WARN] [1784154241.051092389] [local_costmap.local_costmap]: Sensor origin at (0.00, 0.00) is out of map bounds (2137.75, 866.95) to (2145.72, 874.92). The costmap cannot raytrace for it.
[WARN] [1784154241.117385009] [local_costmap.local_costmap]: Sensor origin at (0.00, 0.00) is out of map bounds (2137.75, 866.95) to (2145.72, 874.92). The costmap cannot raytrace for it.
[WARN] [1784154241.184333743] [local_costmap.local_costmap]: Sensor origin at (0.00, 0.00) is out of map bounds (2137.75, 866.95) to (2145.72, 874.92). The costmap cannot raytrace for it.
[WARN] [1784154241.254233045] [local_costmap.local_costmap]: Sensor origin at (0.00, 0.00) is out of map bounds (2137.75, 866.95) to (2145.72, 874.92). The costmap cannot raytrace for it.
[WARN] [1784154241.317324214] [local_costmap.local_costmap]: Sensor origin at (0.00, 0.00) is out of map bounds (2137.75, 866.95) to (2145.72, 874.92). The costmap cannot raytrace for it.
[WARN] [1784154241.385530077] [local_costmap.local_costmap]: Sensor origin at (0.00, 0.00) is out of map bounds (2137.75, 866.95) to (2145.72, 874.92). The costmap cannot raytrace for it.
[WARN] [1784154241.450730071] [local_costmap.local_costmap]: Sensor origin at (0.00, 0.00) is out of map bounds (2137.75, 866.95) to (2145.72, 874.92). The costmap cannot raytrace for it.
[WARN] [1784154241.517327266] [local_costmap.local_costmap]: Sensor origin at (0.00, 0.00) is out of map bounds (2137.75, 866.95) to (2145.72, 874.92). The costmap cannot raytrace for it.
[WARN] [1784154241.584694473] [local_costmap.local_costmap]: Sensor origin at (0.00, 0.00) is out of map bounds (2137.75, 866.95) to (2145.72, 874.92). The costmap cannot raytrace for it.
[WARN] [1784154241.650751683] [local_costmap.local_costmap]: Sensor origin at (0.00, 0.00) is out of map bounds (2137.75, 866.95) to (2145.72, 874.92). The costmap cannot raytrace for it.
[WARN] [1784154241.717342709] [local_costmap.local_costmap]: Sensor origin at (0.00, 0.00) is out of map bounds (2137.75, 866.95) to (2145.72, 874.92). The costmap cannot raytrace for it.
[WARN] [1784154241.783992769] [local_costmap.local_costmap]: Sensor origin at (0.00, 0.00) is out of map bounds (2137.75, 866.95) to (2145.72, 874.92). The costmap cannot raytrace for it.
[WARN] [1784154241.851109522] [local_costmap.local_costmap]: Sensor origin at (0.00, 0.00) is out of map bounds (2137.75, 866.95) to (2145.72, 874.92). The costmap cannot raytrace for it.
[WARN] [1784154241.917320559] [local_costmap.local_costmap]: Sensor origin at (0.00, 0.00) is out of map bounds (2137.75, 866.95) to (2145.72, 874.92). The costmap cannot raytrace for it.
[WARN] [1784154241.984032322] [local_costmap.local_costmap]: Sensor origin at (0.00, 0.00) is out of map bounds (2137.75, 866.95) to (2145.72, 874.92). The costmap cannot raytrace for it.
[WARN] [1784154242.050659431] [local_costmap.local_costmap]: Sensor origin at (0.00, 0.00) is out of map bounds (2137.75, 866.95) to (2145.72, 874.92). The costmap cannot raytrace for it.
[WARN] [1784154242.117780298] [local_costmap.local_costmap]: Sensor origin at (0.00, 0.00) is out of map bounds (2137.75, 866.95) to (2145.72, 874.92). The costmap cannot raytrace for it.
[WARN] [1784154242.184000164] [local_costmap.local_costmap]: Sensor origin at (0.00, 0.00) is out of map bounds (2137.75, 866.95) to (2145.72, 874.92). The costmap cannot raytrace for it.
[WARN] [1784154242.252548900] [local_costmap.local_costmap]: Sensor origin at (0.00, 0.00) is out of map bounds (2137.75, 866.95) to (2145.72, 874.92). The costmap cannot raytrace for it.
[WARN] [1784154242.317894242] [local_costmap.local_costmap]: Sensor origin at (0.00, 0.00) is out of map bounds (2137.75, 866.95) to (2145.72, 874.92). The costmap cannot raytrace for it.
[WARN] [1784154242.383996367] [local_costmap.local_costmap]: Sensor origin at (0.00, 0.00) is out of map bounds (2137.75, 866.95) to (2145.72, 874.92). The costmap cannot raytrace for it.
[WARN] [1784154242.450673169] [local_costmap.local_costmap]: Sensor origin at (0.00, 0.00) is out of map bounds (2137.75, 866.95) to (2145.72, 874.92). The costmap cannot raytrace for it.
[WARN] [1784154242.517396641] [local_costmap.local_costmap]: Sensor origin at (0.00, 0.00) is out of map bounds (2137.75, 866.95) to (2145.72, 874.92). The costmap cannot raytrace for it.
[WARN] [1784154242.584025747] [local_costmap.local_costmap]: Sensor origin at (0.00, 0.00) is out of map bounds (2137.75, 866.95) to (2145.72, 874.92). The costmap cannot raytrace for it.
[WARN] [1784154242.652961671] [local_costmap.local_costmap]: Sensor origin at (0.00, 0.00) is out of map bounds (2137.75, 866.95) to (2145.72, 874.92). The costmap cannot raytrace for it.
[WARN] [1784154242.717543948] [local_costmap.local_costmap]: Sensor origin at (0.00, 0.00) is out of map bounds (2137.75, 866.95) to (2145.72, 874.92). The costmap cannot raytrace for it.
[WARN] [1784154242.784006015] [local_costmap.local_costmap]: Sensor origin at (0.00, 0.00) is out of map bounds (2137.75, 866.95) to (2145.72, 874.92). The costmap cannot raytrace for it.
[WARN] [1784154242.852891378] [local_costmap.local_costmap]: Sensor origin at (0.00, 0.00) is out of map bounds (2137.75, 866.95) to (2145.72, 874.92). The costmap cannot raytrace for it.
[WARN] [1784154242.917304459] [local_costmap.local_costmap]: Sensor origin at (0.00, 0.00) is out of map bounds (2137.75, 866.95) to (2145.72, 874.92). The costmap cannot raytrace for it.
[WARN] [1784154242.984131990] [local_costmap.local_costmap]: Sensor origin at (0.00, 0.00) is out of map bounds (2137.75, 866.95) to (2145.72, 874.92). The costmap cannot raytrace for it.
[WARN] [1784154243.051478453] [local_costmap.local_costmap]: Sensor origin at (0.00, 0.00) is out of map bounds (2137.75, 866.95) to (2145.72, 874.92). The costmap cannot raytrace for it.
[WARN] [1784154243.120792544] [local_costmap.local_costmap]: Sensor origin at (0.00, 0.00) is out of map bounds (2137.75, 866.95) to (2145.72, 874.92). The costmap cannot raytrace for it.
[WARN] [1784154243.185726308] [local_costmap.local_costmap]: Sensor origin at (0.00, 0.00) is out of map bounds (2137.75, 866.95) to (2145.72, 874.92). The costmap cannot raytrace for it.
[WARN] [1784154243.250716490] [local_costmap.local_costmap]: Sensor origin at (0.00, 0.00) is out of map bounds (2137.75, 866.95) to (2145.72, 874.92). The costmap cannot raytrace for it.
[WARN] [1784154243.317419899] [local_costmap.local_costmap]: Sensor origin at (0.00, 0.00) is out of map bounds (2137.75, 866.95) to (2145.72, 874.92). The costmap cannot raytrace for it.
[WARN] [1784154243.384010827] [local_costmap.local_costmap]: Sensor origin at (0.00, 0.00) is out of map bounds (2137.75, 866.95) to (2145.72, 874.92). The costmap cannot raytrace for it.
[WARN] [1784154243.450615579] [local_costmap.local_costmap]: Sensor origin at (0.00, 0.00) is out of map bounds (2137.75, 866.95) to (2145.72, 874.92). The costmap cannot raytrace for it.
[WARN] [1784154243.519776249] [local_costmap.local_costmap]: Sensor origin at (0.00, 0.00) is out of map bounds (2137.75, 866.95) to (2145.72, 874.92). The costmap cannot raytrace for it.
[WARN] [1784154243.583996420] [local_costmap.local_costmap]: Sensor origin at (0.00, 0.00) is out of map bounds (2137.75, 866.95) to (2145.72, 874.92). The costmap cannot raytrace for it.
[WARN] [1784154243.651101610] [local_costmap.local_costmap]: Sensor origin at (0.00, 0.00) is out of map bounds (2137.75, 866.95) to (2145.72, 874.92). The costmap cannot raytrace for it.
[WARN] [1784154243.717346201] [local_costmap.local_costmap]: Sensor origin at (0.00, 0.00) is out of map bounds (2137.75, 866.95) to (2145.72, 874.92). The costmap cannot raytrace for it.
[WARN] [1784154243.783997023] [local_costmap.local_costmap]: Sensor origin at (0.00, 0.00) is out of map bounds (2137.75, 866.95) to (2145.72, 874.92). The costmap cannot raytrace for it.
[WARN] [1784154243.850652795] [local_costmap.local_costmap]: Sensor origin at (0.00, 0.00) is out of map bounds (2137.75, 866.95) to (2145.72, 874.92). The costmap cannot raytrace for it.
[WARN] [1784154243.918415069] [local_costmap.local_costmap]: Sensor origin at (0.00, 0.00) is out of map bounds (2137.75, 866.95) to (2145.72, 874.92). The costmap cannot raytrace for it.
[WARN] [1784154243.984327720] [local_costmap.local_costmap]: Sensor origin at (0.00, 0.00) is out of map bounds (2137.75, 866.95) to (2145.72, 874.92). The costmap cannot raytrace for it.
[WARN] [1784154244.050680582] [local_costmap.local_costmap]: Sensor origin at (0.00, 0.00) is out of map bounds (2137.75, 866.95) to (2145.72, 874.92). The costmap cannot raytrace for it.
[WARN] [1784154244.118011097] [local_costmap.local_costmap]: Sensor origin at (0.00, 0.00) is out of map bounds (2137.75, 866.95) to (2145.72, 874.92). The costmap cannot raytrace for it.
[WARN] [1784154244.183999937] [local_costmap.local_costmap]: Sensor origin at (0.00, 0.00) is out of map bounds (2137.75, 866.95) to (2145.72, 874.92). The costmap cannot raytrace for it.
[WARN] [1784154244.250675843] [local_costmap.local_costmap]: Sensor origin at (0.00, 0.00) is out of map bounds (2137.75, 866.95) to (2145.72, 874.92). The costmap cannot raytrace for it.
[WARN] [1784154244.319414413] [local_costmap.local_costmap]: Sensor origin at (0.00, 0.00) is out of map bounds (2137.75, 866.95) to (2145.72, 874.92). The costmap cannot raytrace for it.
[WARN] [1784154244.384021311] [local_costmap.local_costmap]: Sensor origin at (0.00, 0.00) is out of map bounds (2137.75, 866.95) to (2145.72, 874.92). The costmap cannot raytrace for it.
[WARN] [1784154244.450656033] [local_costmap.local_costmap]: Sensor origin at (0.00, 0.00) is out of map bounds (2137.75, 866.95) to (2145.72, 874.92). The costmap cannot raytrace for it.
[WARN] [1784154244.518409037] [local_costmap.local_costmap]: Sensor origin at (0.00, 0.00) is out of map bounds (2137.75, 866.95) to (2145.72, 874.92). The costmap cannot raytrace for it.
[WARN] [1784154244.584390278] [local_costmap.local_costmap]: Sensor origin at (0.00, 0.00) is out of map bounds (2137.75, 866.95) to (2145.72, 874.92). The costmap cannot raytrace for it.
[WARN] [1784154244.650652688] [local_costmap.local_costmap]: Sensor origin at (0.00, 0.00) is out of map bounds (2137.75, 866.95) to (2145.72, 874.92). The costmap cannot raytrace for it.
[WARN] [1784154244.720025205] [local_costmap.local_costmap]: Sensor origin at (0.00, 0.00) is out of map bounds (2137.75, 866.95) to (2145.72, 874.92). The costmap cannot raytrace for it.
[WARN] [1784154244.784380379] [local_costmap.local_costmap]: Sensor origin at (0.00, 0.00) is out of map bounds (2137.75, 866.95) to (2145.72, 874.92). The costmap cannot raytrace for it.
[WARN] [1784154244.851706160] [local_costmap.local_costmap]: Sensor origin at (0.00, 0.00) is out of map bounds (2137.75, 866.95) to (2145.72, 874.92). The costmap cannot raytrace for it.
[WARN] [1784154244.917416466] [local_costmap.local_costmap]: Sensor origin at (0.00, 0.00) is out of map bounds (2137.75, 866.95) to (2145.72, 874.92). The costmap cannot raytrace for it.
[WARN] [1784154244.984110694] [local_costmap.local_costmap]: Sensor origin at (0.00, 0.00) is out of map bounds (2137.75, 866.95) to (2145.72, 874.92). The costmap cannot raytrace for it.
[WARN] [1784154245.050670158] [local_costmap.local_costmap]: Sensor origin at (0.00, 0.00) is out of map bounds (2137.75, 866.95) to (2145.72, 874.92). The costmap cannot raytrace for it.
[WARN] [1784154245.117318648] [local_costmap.local_costmap]: Sensor origin at (0.00, 0.00) is out of map bounds (2137.75, 866.95) to (2145.72, 874.92). The costmap cannot raytrace for it.
[WARN] [1784154245.183994314] [local_costmap.local_costmap]: Sensor origin at (0.00, 0.00) is out of map bounds (2137.75, 866.95) to (2145.72, 874.92). The costmap cannot raytrace for it.
[WARN] [1784154245.250661295] [local_costmap.local_costmap]: Sensor origin at (0.00, 0.00) is out of map bounds (2137.75, 866.95) to (2145.72, 874.92). The costmap cannot raytrace for it.
[WARN] [1784154245.317322505] [local_costmap.local_costmap]: Sensor origin at (0.00, 0.00) is out of map bounds (2137.75, 866.95) to (2145.72, 874.92). The costmap cannot raytrace for it.
[WARN] [1784154245.385818074] [local_costmap.local_costmap]: Sensor origin at (0.00, 0.00) is out of map bounds (2137.75, 866.95) to (2145.72, 874.92). The costmap cannot raytrace for it.
[WARN] [1784154245.450643369] [local_costmap.local_costmap]: Sensor origin at (0.00, 0.00) is out of map bounds (2137.75, 866.95) to (2145.72, 874.92). The costmap cannot raytrace for it.
[WARN] [1784154245.517341969] [local_costmap.local_costmap]: Sensor origin at (0.00, 0.00) is out of map bounds (2137.75, 866.95) to (2145.72, 874.92). The costmap cannot raytrace for it.
[WARN] [1784154245.586411343] [local_costmap.local_costmap]: Sensor origin at (0.00, 0.00) is out of map bounds (2137.75, 866.95) to (2145.72, 874.92). The costmap cannot raytrace for it.
[WARN] [1784154245.650650556] [local_costmap.local_costmap]: Sensor origin at (0.00, 0.00) is out of map bounds (2137.75, 866.95) to (2145.72, 874.92). The costmap cannot raytrace for it.
[WARN] [1784154245.720849893] [local_costmap.local_costmap]: Sensor origin at (0.00, 0.00) is out of map bounds (2137.75, 866.95) to (2145.72, 874.92). The costmap cannot raytrace for it.
[WARN] [1784154245.784754557] [local_costmap.local_costmap]: Sensor origin at (0.00, 0.00) is out of map bounds (2137.75, 866.95) to (2145.72, 874.92). The costmap cannot raytrace for it.
[WARN] [1784154245.850656354] [local_costmap.local_costmap]: Sensor origin at (0.00, 0.00) is out of map bounds (2137.75, 866.95) to (2145.72, 874.92). The costmap cannot raytrace for it.
[WARN] [1784154245.917339980] [local_costmap.local_costmap]: Sensor origin at (0.00, 0.00) is out of map bounds (2137.75, 866.95) to (2145.72, 874.92). The costmap cannot raytrace for it.
[WARN] [1784154245.984021047] [local_costmap.local_costmap]: Sensor origin at (0.00, 0.00) is out of map bounds (2137.75, 866.95) to (2145.72, 874.92). The costmap cannot raytrace for it.
[WARN] [1784154246.050654223] [local_costmap.local_costmap]: Sensor origin at (0.00, 0.00) is out of map bounds (2137.75, 866.95) to (2145.72, 874.92). The costmap cannot raytrace for it.
[WARN] [1784154246.117300744] [local_costmap.local_costmap]: Sensor origin at (0.00, 0.00) is out of map bounds (2137.75, 866.95) to (2145.72, 874.92). The costmap cannot raytrace for it.
[WARN] [1784154246.187075470] [local_costmap.local_costmap]: Sensor origin at (0.00, 0.00) is out of map bounds (2137.75, 866.95) to (2145.72, 874.92). The costmap cannot raytrace for it.
[WARN] [1784154246.252924144] [local_costmap.local_costmap]: Sensor origin at (0.00, 0.00) is out of map bounds (2137.75, 866.95) to (2145.72, 874.92). The costmap cannot raytrace for it.
[WARN] [1784154246.317329654] [local_costmap.local_costmap]: Sensor origin at (0.00, 0.00) is out of map bounds (2137.75, 866.95) to (2145.72, 874.92). The costmap cannot raytrace for it.
[WARN] [1784154246.383988079] [local_costmap.local_costmap]: Sensor origin at (0.00, 0.00) is out of map bounds (2137.75, 866.95) to (2145.72, 874.92). The costmap cannot raytrace for it.
[WARN] [1784154246.450655464] [local_costmap.local_costmap]: Sensor origin at (0.00, 0.00) is out of map bounds (2137.75, 866.95) to (2145.72, 874.92). The costmap cannot raytrace for it.
[WARN] [1784154246.517511651] [local_costmap.local_costmap]: Sensor origin at (0.00, 0.00) is out of map bounds (2137.75, 866.95) to (2145.72, 874.92). The costmap cannot raytrace for it.
[WARN] [1784154246.584012547] [local_costmap.local_costmap]: Sensor origin at (0.00, 0.00) is out of map bounds (2137.75, 866.95) to (2145.72, 874.92). The costmap cannot raytrace for it.
[WARN] [1784154246.650663958] [local_costmap.local_costmap]: Sensor origin at (0.00, 0.00) is out of map bounds (2137.75, 866.95) to (2145.72, 874.92). The costmap cannot raytrace for it.
[WARN] [1784154246.717327174] [local_costmap.local_costmap]: Sensor origin at (0.00, 0.00) is out of map bounds (2137.75, 866.95) to (2145.72, 874.92). The costmap cannot raytrace for it.
[WARN] [1784154246.784248484] [local_costmap.local_costmap]: Sensor origin at (0.00, 0.00) is out of map bounds (2137.75, 866.95) to (2145.72, 874.92). The costmap cannot raytrace for it.
[WARN] [1784154246.850639813] [local_costmap.local_costmap]: Sensor origin at (0.00, 0.00) is out of map bounds (2137.75, 866.95) to (2145.72, 874.92). The costmap cannot raytrace for it.
[WARN] [1784154246.917359123] [local_costmap.local_costmap]: Sensor origin at (0.00, 0.00) is out of map bounds (2137.75, 866.95) to (2145.72, 874.92). The costmap cannot raytrace for it.
[WARN] [1784154246.983995182] [local_costmap.local_costmap]: Sensor origin at (0.00, 0.00) is out of map bounds (2137.75, 866.95) to (2145.72, 874.92). The costmap cannot raytrace for it.
[WARN] [1784154247.051594179] [local_costmap.local_costmap]: Sensor origin at (0.00, 0.00) is out of map bounds (2137.75, 866.95) to (2145.72, 874.92). The costmap cannot raytrace for it.
[WARN] [1784154247.118251437] [local_costmap.local_costmap]: Sensor origin at (0.00, 0.00) is out of map bounds (2137.75, 866.95) to (2145.72, 874.92). The costmap cannot raytrace for it.
[WARN] [1784154247.184025323] [local_costmap.local_costmap]: Sensor origin at (0.00, 0.00) is out of map bounds (2137.75, 866.95) to (2145.72, 874.92). The costmap cannot raytrace for it.
[WARN] [1784154247.250667022] [local_costmap.local_costmap]: Sensor origin at (0.00, 0.00) is out of map bounds (2137.75, 866.95) to (2145.72, 874.92). The costmap cannot raytrace for it.
[WARN] [1784154247.317303016] [local_costmap.local_costmap]: Sensor origin at (0.00, 0.00) is out of map bounds (2137.75, 866.95) to (2145.72, 874.92). The costmap cannot raytrace for it.
[WARN] [1784154247.383971837] [local_costmap.local_costmap]: Sensor origin at (0.00, 0.00) is out of map bounds (2137.75, 866.95) to (2145.72, 874.92). The costmap cannot raytrace for it.
[WARN] [1784154247.452535923] [local_costmap.local_costmap]: Sensor origin at (0.00, 0.00) is out of map bounds (2137.75, 866.95) to (2145.72, 874.92). The costmap cannot raytrace for it.
[WARN] [1784154247.519513250] [local_costmap.local_costmap]: Sensor origin at (0.00, 0.00) is out of map bounds (2137.75, 866.95) to (2145.72, 874.92). The costmap cannot raytrace for it.
[WARN] [1784154247.583937621] [local_costmap.local_costmap]: Sensor origin at (0.00, 0.00) is out of map bounds (2137.75, 866.95) to (2145.72, 874.92). The costmap cannot raytrace for it.
[WARN] [1784154247.650655181] [local_costmap.local_costmap]: Sensor origin at (0.00, 0.00) is out of map bounds (2137.75, 866.95) to (2145.72, 874.92). The costmap cannot raytrace for it.
[WARN] [1784154247.718690944] [local_costmap.local_costmap]: Sensor origin at (0.00, 0.00) is out of map bounds (2137.75, 866.95) to (2145.72, 874.92). The costmap cannot raytrace for it.
[WARN] [1784154247.784342035] [local_costmap.local_costmap]: Sensor origin at (0.00, 0.00) is out of map bounds (2137.75, 866.95) to (2145.72, 874.92). The costmap cannot raytrace for it.
[WARN] [1784154247.850628285] [local_costmap.local_costmap]: Sensor origin at (0.00, 0.00) is out of map bounds (2137.75, 866.95) to (2145.72, 874.92). The costmap cannot raytrace for it.
[WARN] [1784154247.917304518] [local_costmap.local_costmap]: Sensor origin at (0.00, 0.00) is out of map bounds (2137.75, 866.95) to (2145.72, 874.92). The costmap cannot raytrace for it.
[WARN] [1784154247.984252208] [local_costmap.local_costmap]: Sensor origin at (0.00, 0.00) is out of map bounds (2137.75, 866.95) to (2145.72, 874.92). The costmap cannot raytrace for it.
[WARN] [1784154248.050684420] [local_costmap.local_costmap]: Sensor origin at (0.00, 0.00) is out of map bounds (2137.75, 866.95) to (2145.72, 874.92). The costmap cannot raytrace for it.
[WARN] [1784154248.117489312] [local_costmap.local_costmap]: Sensor origin at (0.00, 0.00) is out of map bounds (2137.75, 866.95) to (2145.72, 874.92). The costmap cannot raytrace for it.
[WARN] [1784154248.183941791] [local_costmap.local_costmap]: Sensor origin at (0.00, 0.00) is out of map bounds (2137.75, 866.95) to (2145.72, 874.92). The costmap cannot raytrace for it.
[WARN] [1784154248.250646855] [local_costmap.local_costmap]: Sensor origin at (0.00, 0.00) is out of map bounds (2137.75, 866.95) to (2145.72, 874.92). The costmap cannot raytrace for it.
[WARN] [1784154248.317325190] [local_costmap.local_costmap]: Sensor origin at (0.00, 0.00) is out of map bounds (2137.75, 866.95) to (2145.72, 874.92). The costmap cannot raytrace for it.
[WARN] [1784154248.383978882] [local_costmap.local_costmap]: Sensor origin at (0.00, 0.00) is out of map bounds (2137.75, 866.95) to (2145.72, 874.92). The costmap cannot raytrace for it.
[WARN] [1784154248.450665580] [local_costmap.local_costmap]: Sensor origin at (0.00, 0.00) is out of map bounds (2137.75, 866.95) to (2145.72, 874.92). The costmap cannot raytrace for it.
[WARN] [1784154248.517350626] [local_costmap.local_costmap]: Sensor origin at (0.00, 0.00) is out of map bounds (2137.75, 866.95) to (2145.72, 874.92). The costmap cannot raytrace for it.
[WARN] [1784154248.586070616] [local_costmap.local_costmap]: Sensor origin at (0.00, 0.00) is out of map bounds (2137.75, 866.95) to (2145.72, 874.92). The costmap cannot raytrace for it.
[WARN] [1784154248.650670675] [local_costmap.local_costmap]: Sensor origin at (0.00, 0.00) is out of map bounds (2137.75, 866.95) to (2145.72, 874.92). The costmap cannot raytrace for it.
[WARN] [1784154248.717346958] [local_costmap.local_costmap]: Sensor origin at (0.00, 0.00) is out of map bounds (2137.75, 866.95) to (2145.72, 874.92). The costmap cannot raytrace for it.
[WARN] [1784154248.783989979] [local_costmap.local_costmap]: Sensor origin at (0.00, 0.00) is out of map bounds (2137.75, 866.95) to (2145.72, 874.92). The costmap cannot raytrace for it.
[WARN] [1784154248.850738822] [local_costmap.local_costmap]: Sensor origin at (0.00, 0.00) is out of map bounds (2137.75, 866.95) to (2145.72, 874.92). The costmap cannot raytrace for it.
[WARN] [1784154248.920166306] [local_costmap.local_costmap]: Sensor origin at (0.00, 0.00) is out of map bounds (2137.75, 866.95) to (2145.72, 874.92). The costmap cannot raytrace for it.
[WARN] [1784154248.983981960] [local_costmap.local_costmap]: Sensor origin at (0.00, 0.00) is out of map bounds (2137.75, 866.95) to (2145.72, 874.92). The costmap cannot raytrace for it.
[WARN] [1784154249.050687509] [local_costmap.local_costmap]: Sensor origin at (0.00, 0.00) is out of map bounds (2137.75, 866.95) to (2145.72, 874.92). The costmap cannot raytrace for it.
[WARN] [1784154249.117657272] [local_costmap.local_costmap]: Sensor origin at (0.00, 0.00) is out of map bounds (2137.75, 866.95) to (2145.72, 874.92). The costmap cannot raytrace for it.
[WARN] [1784154249.184028539] [local_costmap.local_costmap]: Sensor origin at (0.00, 0.00) is out of map bounds (2137.75, 866.95) to (2145.72, 874.92). The costmap cannot raytrace for it.
[WARN] [1784154249.250641701] [local_costmap.local_costmap]: Sensor origin at (0.00, 0.00) is out of map bounds (2137.75, 866.95) to (2145.72, 874.92). The costmap cannot raytrace for it.
[WARN] [1784154249.318080459] [local_costmap.local_costmap]: Sensor origin at (0.00, 0.00) is out of map bounds (2137.75, 866.95) to (2145.72, 874.92). The costmap cannot raytrace for it.
[WARN] [1784154249.383965526] [local_costmap.local_costmap]: Sensor origin at (0.00, 0.00) is out of map bounds (2137.75, 866.95) to (2145.72, 874.92). The costmap cannot raytrace for it.
[WARN] [1784154249.450651281] [local_costmap.local_costmap]: Sensor origin at (0.00, 0.00) is out of map bounds (2137.75, 866.95) to (2145.72, 874.92). The costmap cannot raytrace for it.
[WARN] [1784154249.517348271] [local_costmap.local_costmap]: Sensor origin at (0.00, 0.00) is out of map bounds (2137.75, 866.95) to (2145.72, 874.92). The costmap cannot raytrace for it.
[WARN] [1784154249.583970362] [local_costmap.local_costmap]: Sensor origin at (0.00, 0.00) is out of map bounds (2137.75, 866.95) to (2145.72, 874.92). The costmap cannot raytrace for it.
[WARN] [1784154249.650663300] [local_costmap.local_costmap]: Sensor origin at (0.00, 0.00) is out of map bounds (2137.75, 866.95) to (2145.72, 874.92). The costmap cannot raytrace for it.
[WARN] [1784154249.717311459] [local_costmap.local_costmap]: Sensor origin at (0.00, 0.00) is out of map bounds (2137.75, 866.95) to (2145.72, 874.92). The costmap cannot raytrace for it.
[WARN] [1784154249.783969217] [local_costmap.local_costmap]: Sensor origin at (0.00, 0.00) is out of map bounds (2137.75, 866.95) to (2145.72, 874.92). The costmap cannot raytrace for it.
[WARN] [1784154249.850658947] [local_costmap.local_costmap]: Sensor origin at (0.00, 0.00) is out of map bounds (2137.75, 866.95) to (2145.72, 874.92). The costmap cannot raytrace for it.
[WARN] [1784154249.917379945] [local_costmap.local_costmap]: Sensor origin at (0.00, 0.00) is out of map bounds (2137.75, 866.95) to (2145.72, 874.92). The costmap cannot raytrace for it.
[WARN] [1784154249.983979016] [local_costmap.local_costmap]: Sensor origin at (0.00, 0.00) is out of map bounds (2137.75, 866.95) to (2145.72, 874.92). The costmap cannot raytrace for it.
[WARN] [1784154250.050737436] [local_costmap.local_costmap]: Sensor origin at (0.00, 0.00) is out of map bounds (2137.75, 866.95) to (2145.72, 874.92). The costmap cannot raytrace for it.
[WARN] [1784154250.117321252] [local_costmap.local_costmap]: Sensor origin at (0.00, 0.00) is out of map bounds (2137.75, 866.95) to (2145.72, 874.92). The costmap cannot raytrace for it.
[WARN] [1784154250.183994779] [local_costmap.local_costmap]: Sensor origin at (0.00, 0.00) is out of map bounds (2137.75, 866.95) to (2145.72, 874.92). The costmap cannot raytrace for it.
[WARN] [1784154250.250661100] [local_costmap.local_costmap]: Sensor origin at (0.00, 0.00) is out of map bounds (2137.75, 866.95) to (2145.72, 874.92). The costmap cannot raytrace for it.
[WARN] [1784154250.317325715] [local_costmap.local_costmap]: Sensor origin at (0.00, 0.00) is out of map bounds (2137.75, 866.95) to (2145.72, 874.92). The costmap cannot raytrace for it.
[WARN] [1784154250.383988027] [local_costmap.local_costmap]: Sensor origin at (0.00, 0.00) is out of map bounds (2137.75, 866.95) to (2145.72, 874.92). The costmap cannot raytrace for it.
[WARN] [1784154250.450677391] [local_costmap.local_costmap]: Sensor origin at (0.00, 0.00) is out of map bounds (2137.75, 866.95) to (2145.72, 874.92). The costmap cannot raytrace for it.
[WARN] [1784154250.517309149] [local_costmap.local_costmap]: Sensor origin at (0.00, 0.00) is out of map bounds (2137.75, 866.95) to (2145.72, 874.92). The costmap cannot raytrace for it.
[WARN] [1784154250.583985486] [local_costmap.local_costmap]: Sensor origin at (0.00, 0.00) is out of map bounds (2137.75, 866.95) to (2145.72, 874.92). The costmap cannot raytrace for it.
[WARN] [1784154250.650647713] [local_costmap.local_costmap]: Sensor origin at (0.00, 0.00) is out of map bounds (2137.75, 866.95) to (2145.72, 874.92). The costmap cannot raytrace for it.
[WARN] [1784154250.717344206] [local_costmap.local_costmap]: Sensor origin at (0.00, 0.00) is out of map bounds (2137.75, 866.95) to (2145.72, 874.92). The costmap cannot raytrace for it.
[WARN] [1784154250.783990535] [local_costmap.local_costmap]: Sensor origin at (0.00, 0.00) is out of map bounds (2137.75, 866.95) to (2145.72, 874.92). The costmap cannot raytrace for it.
[WARN] [1784154250.850647415] [local_costmap.local_costmap]: Sensor origin at (0.00, 0.00) is out of map bounds (2137.75, 866.95) to (2145.72, 874.92). The costmap cannot raytrace for it.
[WARN] [1784154250.917311215] [local_costmap.local_costmap]: Sensor origin at (0.00, 0.00) is out of map bounds (2137.75, 866.95) to (2145.72, 874.92). The costmap cannot raytrace for it.
[WARN] [1784154250.983963139] [local_costmap.local_costmap]: Sensor origin at (0.00, 0.00) is out of map bounds (2137.75, 866.95) to (2145.72, 874.92). The costmap cannot raytrace for it.
[WARN] [1784154251.050641365] [local_costmap.local_costmap]: Sensor origin at (0.00, 0.00) is out of map bounds (2137.75, 866.95) to (2145.72, 874.92). The costmap cannot raytrace for it.
[WARN] [1784154251.117323707] [local_costmap.local_costmap]: Sensor origin at (0.00, 0.00) is out of map bounds (2137.75, 866.95) to (2145.72, 874.92). The costmap cannot raytrace for it.
[WARN] [1784154251.183916550] [local_costmap.local_costmap]: Sensor origin at (0.00, 0.00) is out of map bounds (2137.75, 866.95) to (2145.72, 874.92). The costmap cannot raytrace for it.
[WARN] [1784154251.250641550] [local_costmap.local_costmap]: Sensor origin at (0.00, 0.00) is out of map bounds (2137.75, 866.95) to (2145.72, 874.92). The costmap cannot raytrace for it.
[WARN] [1784154251.317307167] [local_costmap.local_costmap]: Sensor origin at (0.00, 0.00) is out of map bounds (2137.75, 866.95) to (2145.72, 874.92). The costmap cannot raytrace for it.
[WARN] [1784154251.383971980] [local_costmap.local_costmap]: Sensor origin at (0.00, 0.00) is out of map bounds (2137.75, 866.95) to (2145.72, 874.92). The costmap cannot raytrace for it.
[WARN] [1784154251.450626289] [local_costmap.local_costmap]: Sensor origin at (0.00, 0.00) is out of map bounds (2137.75, 866.95) to (2145.72, 874.92). The costmap cannot raytrace for it.
[WARN] [1784154251.517333965] [local_costmap.local_costmap]: Sensor origin at (0.00, 0.00) is out of map bounds (2137.75, 866.95) to (2145.72, 874.92). The costmap cannot raytrace for it.
[WARN] [1784154251.583960848] [local_costmap.local_costmap]: Sensor origin at (0.00, 0.00) is out of map bounds (2137.75, 866.95) to (2145.72, 874.92). The costmap cannot raytrace for it.
[WARN] [1784154251.650648058] [local_costmap.local_costmap]: Sensor origin at (0.00, 0.00) is out of map bounds (2137.75, 866.95) to (2145.72, 874.92). The costmap cannot raytrace for it.
[WARN] [1784154251.717328733] [local_costmap.local_costmap]: Sensor origin at (0.00, 0.00) is out of map bounds (2137.75, 866.95) to (2145.72, 874.92). The costmap cannot raytrace for it.
[WARN] [1784154251.784023017] [local_costmap.local_costmap]: Sensor origin at (0.00, 0.00) is out of map bounds (2137.75, 866.95) to (2145.72, 874.92). The costmap cannot raytrace for it.
[WARN] [1784154251.850649103] [local_costmap.local_costmap]: Sensor origin at (0.00, 0.00) is out of map bounds (2137.75, 866.95) to (2145.72, 874.92). The costmap cannot raytrace for it.
[WARN] [1784154251.917308918] [local_costmap.local_costmap]: Sensor origin at (0.00, 0.00) is out of map bounds (2137.75, 866.95) to (2145.72, 874.92). The costmap cannot raytrace for it.
[WARN] [1784154251.983959302] [local_costmap.local_costmap]: Sensor origin at (0.00, 0.00) is out of map bounds (2137.75, 866.95) to (2145.72, 874.92). The costmap cannot raytrace for it.
[WARN] [1784154252.050640205] [local_costmap.local_costmap]: Sensor origin at (0.00, 0.00) is out of map bounds (2137.75, 866.95) to (2145.72, 874.92). The costmap cannot raytrace for it.
[WARN] [1784154252.117312407] [local_costmap.local_costmap]: Sensor origin at (0.00, 0.00) is out of map bounds (2137.75, 866.95) to (2145.72, 874.92). The costmap cannot raytrace for it.
[WARN] [1784154252.183993224] [local_costmap.local_costmap]: Sensor origin at (0.00, 0.00) is out of map bounds (2137.75, 866.95) to (2145.72, 874.92). The costmap cannot raytrace for it.
[WARN] [1784154252.251062616] [local_costmap.local_costmap]: Sensor origin at (0.00, 0.00) is out of map bounds (2137.75, 866.95) to (2145.72, 874.92). The costmap cannot raytrace for it.
[WARN] [1784154252.317309734] [local_costmap.local_costmap]: Sensor origin at (0.00, 0.00) is out of map bounds (2137.75, 866.95) to (2145.72, 874.92). The costmap cannot raytrace for it.
[WARN] [1784154252.384112934] [local_costmap.local_costmap]: Sensor origin at (0.00, 0.00) is out of map bounds (2137.75, 866.95) to (2145.72, 874.92). The costmap cannot raytrace for it.
[WARN] [1784154252.450636549] [local_costmap.local_costmap]: Sensor origin at (0.00, 0.00) is out of map bounds (2137.75, 866.95) to (2145.72, 874.92). The costmap cannot raytrace for it.
[WARN] [1784154252.517268665] [local_costmap.local_costmap]: Sensor origin at (0.00, 0.00) is out of map bounds (2137.75, 866.95) to (2145.72, 874.92). The costmap cannot raytrace for it.
[WARN] [1784154252.583989839] [local_costmap.local_costmap]: Sensor origin at (0.00, 0.00) is out of map bounds (2137.75, 866.95) to (2145.72, 874.92). The costmap cannot raytrace for it.
[WARN] [1784154252.651068797] [local_costmap.local_costmap]: Sensor origin at (0.00, 0.00) is out of map bounds (2137.75, 866.95) to (2145.72, 874.92). The costmap cannot raytrace for it.
[WARN] [1784154252.717297738] [local_costmap.local_costmap]: Sensor origin at (0.00, 0.00) is out of map bounds (2137.75, 866.95) to (2145.72, 874.92). The costmap cannot raytrace for it.
[WARN] [1784154252.784129721] [local_costmap.local_costmap]: Sensor origin at (0.00, 0.00) is out of map bounds (2137.75, 866.95) to (2145.72, 874.92). The costmap cannot raytrace for it.
[WARN] [1784154252.850624195] [local_costmap.local_costmap]: Sensor origin at (0.00, 0.00) is out of map bounds (2137.75, 866.95) to (2145.72, 874.92). The costmap cannot raytrace for it.
[WARN] [1784154252.917322719] [local_costmap.local_costmap]: Sensor origin at (0.00, 0.00) is out of map bounds (2137.75, 866.95) to (2145.72, 874.92). The costmap cannot raytrace for it.
[WARN] [1784154252.983965538] [local_costmap.local_costmap]: Sensor origin at (0.00, 0.00) is out of map bounds (2137.75, 866.95) to (2145.72, 874.92). The costmap cannot raytrace for it.
[WARN] [1784154253.050642797] [local_costmap.local_costmap]: Sensor origin at (0.00, 0.00) is out of map bounds (2137.75, 866.95) to (2145.72, 874.92). The costmap cannot raytrace for it.
[WARN] [1784154253.117308031] [local_costmap.local_costmap]: Sensor origin at (0.00, 0.00) is out of map bounds (2137.75, 866.95) to (2145.72, 874.92). The costmap cannot raytrace for it.
[WARN] [1784154253.183990669] [local_costmap.local_costmap]: Sensor origin at (0.00, 0.00) is out of map bounds (2137.75, 866.95) to (2145.72, 874.92). The costmap cannot raytrace for it.
[WARN] [1784154253.250645027] [local_costmap.local_costmap]: Sensor origin at (0.00, 0.00) is out of map bounds (2137.75, 866.95) to (2145.72, 874.92). The costmap cannot raytrace for it.
[WARN] [1784154253.317309797] [local_costmap.local_costmap]: Sensor origin at (0.00, 0.00) is out of map bounds (2137.75, 866.95) to (2145.72, 874.92). The costmap cannot raytrace for it.
[WARN] [1784154253.383969649] [local_costmap.local_costmap]: Sensor origin at (0.00, 0.00) is out of map bounds (2137.75, 866.95) to (2145.72, 874.92). The costmap cannot raytrace for it.
[WARN] [1784154253.450646434] [local_costmap.local_costmap]: Sensor origin at (0.00, 0.00) is out of map bounds (2137.75, 866.95) to (2145.72, 874.92). The costmap cannot raytrace for it.
[WARN] [1784154253.517298528] [local_costmap.local_costmap]: Sensor origin at (0.00, 0.00) is out of map bounds (2137.75, 866.95) to (2145.72, 874.92). The costmap cannot raytrace for it.
[WARN] [1784154253.584042233] [local_costmap.local_costmap]: Sensor origin at (0.00, 0.00) is out of map bounds (2137.75, 866.95) to (2145.72, 874.92). The costmap cannot raytrace for it.
[WARN] [1784154253.650639971] [local_costmap.local_costmap]: Sensor origin at (0.00, 0.00) is out of map bounds (2137.75, 866.95) to (2145.72, 874.92). The costmap cannot raytrace for it.
[WARN] [1784154253.717306734] [local_costmap.local_costmap]: Sensor origin at (0.00, 0.00) is out of map bounds (2137.75, 866.95) to (2145.72, 874.92). The costmap cannot raytrace for it.
[WARN] [1784154253.783958141] [local_costmap.local_costmap]: Sensor origin at (0.00, 0.00) is out of map bounds (2137.75, 866.95) to (2145.72, 874.92). The costmap cannot raytrace for it.
[WARN] [1784154253.850751297] [local_costmap.local_costmap]: Sensor origin at (0.00, 0.00) is out of map bounds (2137.75, 866.95) to (2145.72, 874.92). The costmap cannot raytrace for it.
[WARN] [1784154253.917472112] [local_costmap.local_costmap]: Sensor origin at (0.00, 0.00) is out of map bounds (2137.75, 866.95) to (2145.72, 874.92). The costmap cannot raytrace for it.
[WARN] [1784154253.983995734] [local_costmap.local_costmap]: Sensor origin at (0.00, 0.00) is out of map bounds (2137.75, 866.95) to (2145.72, 874.92). The costmap cannot raytrace for it.
[WARN] [1784154254.050640427] [local_costmap.local_costmap]: Sensor origin at (0.00, 0.00) is out of map bounds (2137.75, 866.95) to (2145.72, 874.92). The costmap cannot raytrace for it.
[WARN] [1784154254.117301632] [local_costmap.local_costmap]: Sensor origin at (0.00, 0.00) is out of map bounds (2137.75, 866.95) to (2145.72, 874.92). The costmap cannot raytrace for it.
[WARN] [1784154254.183958738] [local_costmap.local_costmap]: Sensor origin at (0.00, 0.00) is out of map bounds (2137.75, 866.95) to (2145.72, 874.92). The costmap cannot raytrace for it.
[WARN] [1784154254.250657349] [local_costmap.local_costmap]: Sensor origin at (0.00, 0.00) is out of map bounds (2137.75, 866.95) to (2145.72, 874.92). The costmap cannot raytrace for it.
[WARN] [1784154254.317606556] [local_costmap.local_costmap]: Sensor origin at (0.00, 0.00) is out of map bounds (2137.75, 866.95) to (2145.72, 874.92). The costmap cannot raytrace for it.
[WARN] [1784154254.383982850] [local_costmap.local_costmap]: Sensor origin at (0.00, 0.00) is out of map bounds (2137.75, 866.95) to (2145.72, 874.92). The costmap cannot raytrace for it.
[WARN] [1784154254.451727114] [local_costmap.local_costmap]: Sensor origin at (0.00, 0.00) is out of map bounds (2137.75, 866.95) to (2145.72, 874.92). The costmap cannot raytrace for it.
[WARN] [1784154254.517296272] [local_costmap.local_costmap]: Sensor origin at (0.00, 0.00) is out of map bounds (2137.75, 866.95) to (2145.72, 874.92). The costmap cannot raytrace for it.
[WARN] [1784154254.584011520] [local_costmap.local_costmap]: Sensor origin at (0.00, 0.00) is out of map bounds (2137.75, 866.95) to (2145.72, 874.92). The costmap cannot raytrace for it.
[WARN] [1784154254.650649776] [local_costmap.local_costmap]: Sensor origin at (0.00, 0.00) is out of map bounds (2137.75, 866.95) to (2145.72, 874.92). The costmap cannot raytrace for it.
[WARN] [1784154254.717318319] [local_costmap.local_costmap]: Sensor origin at (0.00, 0.00) is out of map bounds (2137.75, 866.95) to (2145.72, 874.92). The costmap cannot raytrace for it.
[WARN] [1784154254.783955382] [local_costmap.local_costmap]: Sensor origin at (0.00, 0.00) is out of map bounds (2137.75, 866.95) to (2145.72, 874.92). The costmap cannot raytrace for it.
[WARN] [1784154254.850812466] [local_costmap.local_costmap]: Sensor origin at (0.00, 0.00) is out of map bounds (2137.75, 866.95) to (2145.72, 874.92). The costmap cannot raytrace for it.
[WARN] [1784154254.917300117] [local_costmap.local_costmap]: Sensor origin at (0.00, 0.00) is out of map bounds (2137.75, 866.95) to (2145.72, 874.92). The costmap cannot raytrace for it.
[WARN] [1784154254.983966201] [local_costmap.local_costmap]: Sensor origin at (0.00, 0.00) is out of map bounds (2137.75, 866.95) to (2145.72, 874.92). The costmap cannot raytrace for it.
[WARN] [1784154255.050622132] [local_costmap.local_costmap]: Sensor origin at (0.00, 0.00) is out of map bounds (2137.75, 866.95) to (2145.72, 874.92). The costmap cannot raytrace for it.
[WARN] [1784154255.117650891] [local_costmap.local_costmap]: Sensor origin at (0.00, 0.00) is out of map bounds (2137.75, 866.95) to (2145.72, 874.92). The costmap cannot raytrace for it.
[WARN] [1784154255.183960780] [local_costmap.local_costmap]: Sensor origin at (0.00, 0.00) is out of map bounds (2137.75, 866.95) to (2145.72, 874.92). The costmap cannot raytrace for it.
[WARN] [1784154255.250621503] [local_costmap.local_costmap]: Sensor origin at (0.00, 0.00) is out of map bounds (2137.75, 866.95) to (2145.72, 874.92). The costmap cannot raytrace for it.
[WARN] [1784154255.317304402] [local_costmap.local_costmap]: Sensor origin at (0.00, 0.00) is out of map bounds (2137.75, 866.95) to (2145.72, 874.92). The costmap cannot raytrace for it.
[WARN] [1784154255.383987365] [local_costmap.local_costmap]: Sensor origin at (0.00, 0.00) is out of map bounds (2137.75, 866.95) to (2145.72, 874.92). The costmap cannot raytrace for it.
[WARN] [1784154255.451057165] [local_costmap.local_costmap]: Sensor origin at (0.00, 0.00) is out of map bounds (2137.75, 866.95) to (2145.72, 874.92). The costmap cannot raytrace for it.
[WARN] [1784154255.517292070] [local_costmap.local_costmap]: Sensor origin at (0.00, 0.00) is out of map bounds (2137.75, 866.95) to (2145.72, 874.92). The costmap cannot raytrace for it.
[WARN] [1784154255.583984639] [local_costmap.local_costmap]: Sensor origin at (0.00, 0.00) is out of map bounds (2137.75, 866.95) to (2145.72, 874.92). The costmap cannot raytrace for it.
[WARN] [1784154255.650648646] [local_costmap.local_costmap]: Sensor origin at (0.00, 0.00) is out of map bounds (2137.75, 866.95) to (2145.72, 874.92). The costmap cannot raytrace for it.
[WARN] [1784154255.717774025] [local_costmap.local_costmap]: Sensor origin at (0.00, 0.00) is out of map bounds (2137.75, 866.95) to (2145.72, 874.92). The costmap cannot raytrace for it.
[WARN] [1784154255.783992221] [local_costmap.local_costmap]: Sensor origin at (0.00, 0.00) is out of map bounds (2137.75, 866.95) to (2145.72, 874.92). The costmap cannot raytrace for it.
[WARN] [1784154255.850757175] [local_costmap.local_costmap]: Sensor origin at (0.00, 0.00) is out of map bounds (2137.75, 866.95) to (2145.72, 874.92). The costmap cannot raytrace for it.
[WARN] [1784154255.917315731] [local_costmap.local_costmap]: Sensor origin at (0.00, 0.00) is out of map bounds (2137.75, 866.95) to (2145.72, 874.92). The costmap cannot raytrace for it.
[WARN] [1784154255.983994158] [local_costmap.local_costmap]: Sensor origin at (0.00, 0.00) is out of map bounds (2137.75, 866.95) to (2145.72, 874.92). The costmap cannot raytrace for it.
[WARN] [1784154256.050629446] [local_costmap.local_costmap]: Sensor origin at (0.00, 0.00) is out of map bounds (2137.75, 866.95) to (2145.72, 874.92). The costmap cannot raytrace for it.
[WARN] [1784154256.117340615] [local_costmap.local_costmap]: Sensor origin at (0.00, 0.00) is out of map bounds (2137.75, 866.95) to (2145.72, 874.92). The costmap cannot raytrace for it.
[WARN] [1784154256.184556908] [local_costmap.local_costmap]: Sensor origin at (0.00, 0.00) is out of map bounds (2137.75, 866.95) to (2145.72, 874.92). The costmap cannot raytrace for it.
[WARN] [1784154256.250650260] [local_costmap.local_costmap]: Sensor origin at (0.00, 0.00) is out of map bounds (2137.75, 866.95) to (2145.72, 874.92). The costmap cannot raytrace for it.
[WARN] [1784154256.317334760] [local_costmap.local_costmap]: Sensor origin at (0.00, 0.00) is out of map bounds (2137.75, 866.95) to (2145.72, 874.92). The costmap cannot raytrace for it.
[WARN] [1784154256.383980038] [local_costmap.local_costmap]: Sensor origin at (0.00, 0.00) is out of map bounds (2137.75, 866.95) to (2145.72, 874.92). The costmap cannot raytrace for it.
[WARN] [1784154256.450643427] [local_costmap.local_costmap]: Sensor origin at (0.00, 0.00) is out of map bounds (2137.75, 866.95) to (2145.72, 874.92). The costmap cannot raytrace for it.
[WARN] [1784154256.517298159] [local_costmap.local_costmap]: Sensor origin at (0.00, 0.00) is out of map bounds (2137.75, 866.95) to (2145.72, 874.92). The costmap cannot raytrace for it.
[WARN] [1784154256.586052242] [local_costmap.local_costmap]: Sensor origin at (0.00, 0.00) is out of map bounds (2137.75, 866.95) to (2145.72, 874.92). The costmap cannot raytrace for it.
[WARN] [1784154256.650628632] [local_costmap.local_costmap]: Sensor origin at (0.00, 0.00) is out of map bounds (2137.75, 866.95) to (2145.72, 874.92). The costmap cannot raytrace for it.
[WARN] [1784154256.717321174] [local_costmap.local_costmap]: Sensor origin at (0.00, 0.00) is out of map bounds (2137.75, 866.95) to (2145.72, 874.92). The costmap cannot raytrace for it.
[WARN] [1784154256.783985294] [local_costmap.local_costmap]: Sensor origin at (0.00, 0.00) is out of map bounds (2137.75, 866.95) to (2145.72, 874.92). The costmap cannot raytrace for it.
[WARN] [1784154256.850650729] [local_costmap.local_costmap]: Sensor origin at (0.00, 0.00) is out of map bounds (2137.75, 866.95) to (2145.72, 874.92). The costmap cannot raytrace for it.
[WARN] [1784154256.917306817] [local_costmap.local_costmap]: Sensor origin at (0.00, 0.00) is out of map bounds (2137.75, 866.95) to (2145.72, 874.92). The costmap cannot raytrace for it.
[WARN] [1784154256.983997428] [local_costmap.local_costmap]: Sensor origin at (0.00, 0.00) is out of map bounds (2137.75, 866.95) to (2145.72, 874.92). The costmap cannot raytrace for it.
[WARN] [1784154257.050710599] [local_costmap.local_costmap]: Sensor origin at (0.00, 0.00) is out of map bounds (2137.75, 866.95) to (2145.72, 874.92). The costmap cannot raytrace for it.
[WARN] [1784154257.117304253] [local_costmap.local_costmap]: Sensor origin at (0.00, 0.00) is out of map bounds (2137.75, 866.95) to (2145.72, 874.92). The costmap cannot raytrace for it.
[WARN] [1784154257.183958361] [local_costmap.local_costmap]: Sensor origin at (0.00, 0.00) is out of map bounds (2137.75, 866.95) to (2145.72, 874.92). The costmap cannot raytrace for it.
[WARN] [1784154257.251449477] [local_costmap.local_costmap]: Sensor origin at (0.00, 0.00) is out of map bounds (2137.75, 866.95) to (2145.72, 874.92). The costmap cannot raytrace for it.
[WARN] [1784154257.317308937] [local_costmap.local_costmap]: Sensor origin at (0.00, 0.00) is out of map bounds (2137.75, 866.95) to (2145.72, 874.92). The costmap cannot raytrace for it.
[WARN] [1784154257.383972670] [local_costmap.local_costmap]: Sensor origin at (0.00, 0.00) is out of map bounds (2137.75, 866.95) to (2145.72, 874.92). The costmap cannot raytrace for it.
[WARN] [1784154257.450614058] [local_costmap.local_costmap]: Sensor origin at (0.00, 0.00) is out of map bounds (2137.75, 866.95) to (2145.72, 874.92). The costmap cannot raytrace for it.
[WARN] [1784154257.517317389] [local_costmap.local_costmap]: Sensor origin at (0.00, 0.00) is out of map bounds (2137.75, 866.95) to (2145.72, 874.92). The costmap cannot raytrace for it.
[WARN] [1784154257.584009632] [local_costmap.local_costmap]: Sensor origin at (0.00, 0.00) is out of map bounds (2137.75, 866.95) to (2145.72, 874.92). The costmap cannot raytrace for it.
[WARN] [1784154257.651368679] [local_costmap.local_costmap]: Sensor origin at (0.00, 0.00) is out of map bounds (2137.75, 866.95) to (2145.72, 874.92). The costmap cannot raytrace for it.
[WARN] [1784154257.717308170] [local_costmap.local_costmap]: Sensor origin at (0.00, 0.00) is out of map bounds (2137.75, 866.95) to (2145.72, 874.92). The costmap cannot raytrace for it.
[WARN] [1784154257.783968449] [local_costmap.local_costmap]: Sensor origin at (0.00, 0.00) is out of map bounds (2137.75, 866.95) to (2145.72, 874.92). The costmap cannot raytrace for it.
[WARN] [1784154257.850639054] [local_costmap.local_costmap]: Sensor origin at (0.00, 0.00) is out of map bounds (2137.75, 866.95) to (2145.72, 874.92). The costmap cannot raytrace for it.
[WARN] [1784154257.917292188] [local_costmap.local_costmap]: Sensor origin at (0.00, 0.00) is out of map bounds (2137.75, 866.95) to (2145.72, 874.92). The costmap cannot raytrace for it.
[WARN] [1784154257.983978814] [local_costmap.local_costmap]: Sensor origin at (0.00, 0.00) is out of map bounds (2137.75, 866.95) to (2145.72, 874.92). The costmap cannot raytrace for it.
[WARN] [1784154258.050632005] [local_costmap.local_costmap]: Sensor origin at (0.00, 0.00) is out of map bounds (2137.75, 866.95) to (2145.72, 874.92). The costmap cannot raytrace for it.
[WARN] [1784154258.117309831] [local_costmap.local_costmap]: Sensor origin at (0.00, 0.00) is out of map bounds (2137.75, 866.95) to (2145.72, 874.92). The costmap cannot raytrace for it.
[WARN] [1784154258.183984068] [local_costmap.local_costmap]: Sensor origin at (0.00, 0.00) is out of map bounds (2137.75, 866.95) to (2145.72, 874.92). The costmap cannot raytrace for it.
[WARN] [1784154258.250633958] [local_costmap.local_costmap]: Sensor origin at (0.00, 0.00) is out of map bounds (2137.75, 866.95) to (2145.72, 874.92). The costmap cannot raytrace for it.
[WARN] [1784154258.317316514] [local_costmap.local_costmap]: Sensor origin at (0.00, 0.00) is out of map bounds (2137.75, 866.95) to (2145.72, 874.92). The costmap cannot raytrace for it.
[WARN] [1784154258.383965283] [local_costmap.local_costmap]: Sensor origin at (0.00, 0.00) is out of map bounds (2137.75, 866.95) to (2145.72, 874.92). The costmap cannot raytrace for it.
[WARN] [1784154258.450648566] [local_costmap.local_costmap]: Sensor origin at (0.00, 0.00) is out of map bounds (2137.75, 866.95) to (2145.72, 874.92). The costmap cannot raytrace for it.
[WARN] [1784154258.517457158] [local_costmap.local_costmap]: Sensor origin at (0.00, 0.00) is out of map bounds (2137.75, 866.95) to (2145.72, 874.92). The costmap cannot raytrace for it.
[WARN] [1784154258.583965913] [local_costmap.local_costmap]: Sensor origin at (0.00, 0.00) is out of map bounds (2137.75, 866.95) to (2145.72, 874.92). The costmap cannot raytrace for it.
[WARN] [1784154258.650635120] [local_costmap.local_costmap]: Sensor origin at (0.00, 0.00) is out of map bounds (2137.75, 866.95) to (2145.72, 874.92). The costmap cannot raytrace for it.
[WARN] [1784154258.717328331] [local_costmap.local_costmap]: Sensor origin at (0.00, 0.00) is out of map bounds (2137.75, 866.95) to (2145.72, 874.92). The costmap cannot raytrace for it.
[WARN] [1784154258.783986615] [local_costmap.local_costmap]: Sensor origin at (0.00, 0.00) is out of map bounds (2137.75, 866.95) to (2145.72, 874.92). The costmap cannot raytrace for it.
[WARN] [1784154258.850660725] [local_costmap.local_costmap]: Sensor origin at (0.00, 0.00) is out of map bounds (2137.75, 866.95) to (2145.72, 874.9