[INFO] [1783910573.355276352] [orange_pole_detector]: orange_pole_detector started: color=/camera/color/image_raw, depth=/camera/aligned_depth_to_color/image_raw, camera_info=/camera/color/camera_info, hsv_lower=[5, 70, 70], hsv_upper=[30, 255, 255], trigger_distance=1.45m, camera_height=0.23m, depth_percentile=25.0, distance_bias=0.000m
[INFO] [1783910574.397136292] [orange_pole_detector]: 已收到第一帧对齐深度图: topic=/camera/aligned_depth_to_color/image_raw, frame=camera_color_optical_frame, shape=(240, 424)
[INFO] [1783910574.412934328] [orange_pole_detector]: [1;95m触发状态更新: trigger=False[0m
[INFO] [1783910574.414969670] [orange_pole_detector]: [0;33m未检测到有效橘色竖杆: candidates=0, frame=1, hsv_lower=[5, 70, 70], hsv_upper=[30, 255, 255][0m
[INFO] [1783910575.463512128] [orange_pole_detector]: [0;33m未检测到有效橘色竖杆: candidates=0, frame=17, hsv_lower=[5, 70, 70], hsv_upper=[30, 255, 255][0m
[INFO] [1783910576.464924339] [orange_pole_detector]: [0;33m未检测到有效橘色竖杆: candidates=0, frame=32, hsv_lower=[5, 70, 70], hsv_upper=[30, 255, 255][0m
[INFO] [1783910577.465965707] [orange_pole_detector]: [0;33m未检测到有效橘色竖杆: candidates=0, frame=47, hsv_lower=[5, 70, 70], hsv_upper=[30, 255, 255][0m
[INFO] [1783910578.466938038] [orange_pole_detector]: [0;33m未检测到有效橘色竖杆: candidates=0, frame=62, hsv_lower=[5, 70, 70], hsv_upper=[30, 255, 255][0m
[INFO] [1783910579.466679238] [orange_pole_detector]: [0;33m未检测到有效橘色竖杆: candidates=0, frame=77, hsv_lower=[5, 70, 70], hsv_upper=[30, 255, 255][0m
[INFO] [1783910580.471031402] [orange_pole_detector]: [0;33m未检测到有效橘色竖杆: candidates=0, frame=92, hsv_lower=[5, 70, 70], hsv_upper=[30, 255, 255][0m
[INFO] [1783910581.468250587] [orange_pole_detector]: [0;33m未检测到有效橘色竖杆: candidates=0, frame=107, hsv_lower=[5, 70, 70], hsv_upper=[30, 255, 255][0m
[INFO] [1783910582.469650474] [orange_pole_detector]: [0;33m未检测到有效橘色竖杆: candidates=0, frame=122, hsv_lower=[5, 70, 70], hsv_upper=[30, 255, 255][0m
[INFO] [1783910583.535908671] [orange_pole_detector]: [0;33m未检测到有效橘色竖杆: candidates=0, frame=138, hsv_lower=[5, 70, 70], hsv_upper=[30, 255, 255][0m
[INFO] [1783910584.537041148] [orange_pole_detector]: [0;33m未检测到有效橘色竖杆: candidates=0, frame=153, hsv_lower=[5, 70, 70], hsv_upper=[30, 255, 255][0m
[INFO] [1783910585.537096045] [orange_pole_detector]: [0;33m未检测到有效橘色竖杆: candidates=0, frame=168, hsv_lower=[5, 70, 70], hsv_upper=[30, 255, 255][0m
[INFO] [1783910586.538678718] [orange_pole_detector]: [0;33m未检测到有效橘色竖杆: candidates=0, frame=183, hsv_lower=[5, 70, 70], hsv_upper=[30, 255, 255][0m
[INFO] [1783910587.539635115] [orange_pole_detector]: [0;33m未检测到有效橘色竖杆: candidates=0, frame=198, hsv_lower=[5, 70, 70], hsv_upper=[30, 255, 255][0m
[INFO] [1783910588.539482650] [orange_pole_detector]: [0;33m未检测到有效橘色竖杆: candidates=0, frame=213, hsv_lower=[5, 70, 70], hsv_upper=[30, 255, 255][0m
[INFO] [1783910589.542236156] [orange_pole_detector]: [0;33m未检测到有效橘色竖杆: candidates=0, frame=228, hsv_lower=[5, 70, 70], hsv_upper=[30, 255, 255][0m
[WARN] [1783910590.978297627] [orange_pole_detector]: [1;33m深度图超时: age=0.57s[0m
[WARN] [1783910591.978842071] [orange_pole_detector]: [1;33m深度图超时: age=0.56s[0m
[INFO] [1783910592.981192073] [orange_pole_detector]: [0;33m未检测到有效橘色竖杆: candidates=0, frame=272, hsv_lower=[5, 70, 70], hsv_upper=[30, 255, 255][0m
[INFO] [1783910593.982123786] [orange_pole_detector]: [0;33m未检测到有效橘色竖杆: candidates=0, frame=287, hsv_lower=[5, 70, 70], hsv_upper=[30, 255, 255][0m
[INFO] [1783910594.982266852] [orange_pole_detector]: [0;33m未检测到有效橘色竖杆: candidates=0, frame=302, hsv_lower=[5, 70, 70], hsv_upper=[30, 255, 255][0m
[INFO] [1783910595.983178622] [orange_pole_detector]: [0;33m未检测到有效橘色竖杆: candidates=0, frame=317, hsv_lower=[5, 70, 70], hsv_upper=[30, 255, 255][0m
[INFO] [1783910596.983835144] [orange_pole_detector]: [0;33m未检测到有效橘色竖杆: candidates=0, frame=332, hsv_lower=[5, 70, 70], hsv_upper=[30, 255, 255][0m
[INFO] [1783910597.986790140] [orange_pole_detector]: [0;33m未检测到有效橘色竖杆: candidates=0, frame=347, hsv_lower=[5, 70, 70], hsv_upper=[30, 255, 255][0m
[INFO] [1783910598.985946096] [orange_pole_detector]: [0;33m未检测到有效橘色竖杆: candidates=0, frame=362, hsv_lower=[5, 70, 70], hsv_upper=[30, 255, 255][0m
[INFO] [1783910599.986365850] [orange_pole_detector]: [0;33m未检测到有效橘色竖杆: candidates=0, frame=377, hsv_lower=[5, 70, 70], hsv_upper=[30, 255, 255][0m
[INFO] [1783910600.987510442] [orange_pole_detector]: [0;33m未检测到有效橘色竖杆: candidates=0, frame=392, hsv_lower=[5, 70, 70], hsv_upper=[30, 255, 255][0m
[INFO] [1783910601.988533655] [orange_pole_detector]: [0;33m未检测到有效橘色竖杆: candidates=0, frame=407, hsv_lower=[5, 70, 70], hsv_upper=[30, 255, 255][0m
[INFO] [1783910602.991189905] [orange_pole_detector]: [0;33m未检测到有效橘色竖杆: candidates=0, frame=422, hsv_lower=[5, 70, 70], hsv_upper=[30, 255, 255][0m
[INFO] [1783910604.056297969] [orange_pole_detector]: [0;33m未检测到有效橘色竖杆: candidates=0, frame=438, hsv_lower=[5, 70, 70], hsv_upper=[30, 255, 255][0m
[INFO] [1783910605.057091293] [orange_pole_detector]: [0;33m未检测到有效橘色竖杆: candidates=0, frame=453, hsv_lower=[5, 70, 70], hsv_upper=[30, 255, 255][0m
[INFO] [1783910606.058124901] [orange_pole_detector]: [0;33m未检测到有效橘色竖杆: candidates=0, frame=468, hsv_lower=[5, 70, 70], hsv_upper=[30, 255, 255][0m
[INFO] [1783910607.058340046] [orange_pole_detector]: [0;33m未检测到有效橘色竖杆: candidates=0, frame=483, hsv_lower=[5, 70, 70], hsv_upper=[30, 255, 255][0m
[INFO] [1783910608.059126334] [orange_pole_detector]: [0;33m未检测到有效橘色竖杆: candidates=0, frame=498, hsv_lower=[5, 70, 70], hsv_upper=[30, 255, 255][0m
[INFO] [1783910609.060084433] [orange_pole_detector]: [0;33m未检测到有效橘色竖杆: candidates=0, frame=513, hsv_lower=[5, 70, 70], hsv_upper=[30, 255, 255][0m
[INFO] [1783910610.060198665] [orange_pole_detector]: [0;33m未检测到有效橘色竖杆: candidates=0, frame=528, hsv_lower=[5, 70, 70], hsv_upper=[30, 255, 255][0m
[INFO] [1783910611.060838631] [orange_pole_detector]: [0;33m未检测到有效橘色竖杆: candidates=0, frame=543, hsv_lower=[5, 70, 70], hsv_upper=[30, 255, 255][0m
[INFO] [1783910612.061751730] [orange_pole_detector]: [0;33m未检测到有效橘色竖杆: candidates=0, frame=558, hsv_lower=[5, 70, 70], hsv_upper=[30, 255, 255][0m
[INFO] [1783910613.065319366] [orange_pole_detector]: [0;33m未检测到有效橘色竖杆: candidates=0, frame=573, hsv_lower=[5, 70, 70], hsv_upper=[30, 255, 255][0m
[INFO] [1783910614.130002031] [orange_pole_detector]: [0;33m未检测到有效橘色竖杆: candidates=0, frame=589, hsv_lower=[5, 70, 70], hsv_upper=[30, 255, 255][0m
[INFO] [1783910615.132290714] [orange_pole_detector]: [0;33m未检测到有效橘色竖杆: candidates=0, frame=604, hsv_lower=[5, 70, 70], hsv_upper=[30, 255, 255][0m
[INFO] [1783910616.134990037] [orange_pole_detector]: [0;33m未检测到有效橘色竖杆: candidates=0, frame=619, hsv_lower=[5, 70, 70], hsv_upper=[30, 255, 255][0m
[INFO] [1783910617.132621223] [orange_pole_detector]: [0;33m未检测到有效橘色竖杆: candidates=0, frame=634, hsv_lower=[5, 70, 70], hsv_upper=[30, 255, 255][0m
[INFO] [1783910618.134943468] [orange_pole_detector]: [0;33m未检测到有效橘色竖杆: candidates=0, frame=649, hsv_lower=[5, 70, 70], hsv_upper=[30, 255, 255][0m
[INFO] [1783910619.134145662] [orange_pole_detector]: [0;33m未检测到有效橘色竖杆: candidates=0, frame=664, hsv_lower=[5, 70, 70], hsv_upper=[30, 255, 255][0m
[INFO] [1783910620.136010512] [orange_pole_detector]: [0;33m未检测到有效橘色竖杆: candidates=0, frame=679, hsv_lower=[5, 70, 70], hsv_upper=[30, 255, 255][0m
[INFO] [1783910621.135387816] [orange_pole_detector]: [0;33m未检测到有效橘色竖杆: candidates=0, frame=694, hsv_lower=[5, 70, 70], hsv_upper=[30, 255, 255][0m
[INFO] [1783910622.135673352] [orange_pole_detector]: [0;33m未检测到有效橘色竖杆: candidates=0, frame=709, hsv_lower=[5, 70, 70], hsv_upper=[30, 255, 255][0m
[INFO] [1783910623.137005029] [orange_pole_detector]: [0;33m未检测到有效橘色竖杆: candidates=0, frame=724, hsv_lower=[5, 70, 70], hsv_upper=[30, 255, 255][0m
[INFO] [1783910624.205993329] [orange_pole_detector]: [0;33m未检测到有效橘色竖杆: candidates=0, frame=740, hsv_lower=[5, 70, 70], hsv_upper=[30, 255, 255][0m
[INFO] [1783910625.257481756] [orange_pole_detector]: [0;33m未检测到有效橘色竖杆: candidates=0, frame=756, hsv_lower=[5, 70, 70], hsv_upper=[30, 255, 255][0m
[INFO] [1783910626.314983582] [orange_pole_detector]: [0;33m未检测到有效橘色竖杆: candidates=0, frame=772, hsv_lower=[5, 70, 70], hsv_upper=[30, 255, 255][0m
[INFO] [1783910627.372379358] [orange_pole_detector]: [0;33m未检测到有效橘色竖杆: candidates=0, frame=788, hsv_lower=[5, 70, 70], hsv_upper=[30, 255, 255][0m
[INFO] [1783910628.431562624] [orange_pole_detector]: [0;33m未检测到有效橘色竖杆: candidates=0, frame=804, hsv_lower=[5, 70, 70], hsv_upper=[30, 255, 255][0m
[INFO] [1783910629.492374406] [orange_pole_detector]: [0;33m未检测到有效橘色竖杆: candidates=0, frame=820, hsv_lower=[5, 70, 70], hsv_upper=[30, 255, 255][0m
[INFO] [1783910630.555272405] [orange_pole_detector]: [0;33m未检测到有效橘色竖杆: candidates=0, frame=836, hsv_lower=[5, 70, 70], hsv_upper=[30, 255, 255][0m
[INFO] [1783910631.616402780] [orange_pole_detector]: [0;33m未检测到有效橘色竖杆: candidates=0, frame=852, hsv_lower=[5, 70, 70], hsv_upper=[30, 255, 255][0m
[INFO] [1783910632.678621388] [orange_pole_detector]: [0;33m未检测到有效橘色竖杆: candidates=0, frame=868, hsv_lower=[5, 70, 70], hsv_upper=[30, 255, 255][0m
[INFO] [1783910633.742600719] [orange_pole_detector]: [0;33m未检测到有效橘色竖杆: candidates=0, frame=884, hsv_lower=[5, 70, 70], hsv_upper=[30, 255, 255][0m
[INFO] [1783910634.806368515] [orange_pole_detector]: [0;33m未检测到有效橘色竖杆: candidates=0, frame=900, hsv_lower=[5, 70, 70], hsv_upper=[30, 255, 255][0m
[INFO] [1783910634.874012850] [orange_pole_detector]: [1;95m触发状态更新: trigger=True[0m
[INFO] [1783910634.938967858] [orange_pole_detector]: [1;95m触发状态更新: trigger=False[0m
[INFO] [1783910635.007855351] [orange_pole_detector]: [1;95m触发状态更新: trigger=True[0m
[INFO] [1783910635.138137745] [orange_pole_detector]: [1;95m触发状态更新: trigger=False[0m
[INFO] [1783910635.871330556] [orange_pole_detector]: [0;33m未检测到有效橘色竖杆: candidates=0, frame=916, hsv_lower=[5, 70, 70], hsv_upper=[30, 255, 255][0m
[INFO] [1783910636.936040320] [orange_pole_detector]: [0;33m未检测到有效橘色竖杆: candidates=0, frame=932, hsv_lower=[5, 70, 70], hsv_upper=[30, 255, 255][0m
[INFO] [1783910638.007324366] [orange_pole_detector]: [0;33m未检测到有效橘色竖杆: candidates=0, frame=948, hsv_lower=[5, 70, 70], hsv_upper=[30, 255, 255][0m
[INFO] [1783910639.066282462] [orange_pole_detector]: [0;33m未检测到有效橘色竖杆: candidates=0, frame=964, hsv_lower=[5, 70, 70], hsv_upper=[30, 255, 255][0m
[INFO] [1783910640.131867675] [orange_pole_detector]: [0;33m未检测到有效橘色竖杆: candidates=0, frame=980, hsv_lower=[5, 70, 70], hsv_upper=[30, 255, 255][0m
[INFO] [1783910641.199761243] [orange_pole_detector]: [0;33m未检测到有效橘色竖杆: candidates=0, frame=996, hsv_lower=[5, 70, 70], hsv_upper=[30, 255, 255][0m
[INFO] [1783910642.264350582] [orange_pole_detector]: [0;33m未检测到有效橘色竖杆: candidates=0, frame=1012, hsv_lower=[5, 70, 70], hsv_upper=[30, 255, 255][0m
[INFO] [1783910643.333226683] [orange_pole_detector]: [0;33m未检测到有效橘色竖杆: candidates=0, frame=1028, hsv_lower=[5, 70, 70], hsv_upper=[30, 255, 255][0m
[INFO] [1783910644.397033084] [orange_pole_detector]: [0;33m未检测到有效橘色竖杆: candidates=0, frame=1044, hsv_lower=[5, 70, 70], hsv_upper=[30, 255, 255][0m
[INFO] [1783910645.463741050] [orange_pole_detector]: [1;95m触发状态更新: trigger=True[0m
[INFO] [1783910645.465821328] [orange_pole_detector]: [1;34m最近杆: dist=1.238m, lateral=-0.114m, vertical=0.400m, pixel=(185.5,214.8), box=28x54, height3d=0.127m, depth_px=492, candidates=1, trigger=True[0m
[INFO] [1783910645.531886302] [orange_pole_detector]: [1;95m触发状态更新: trigger=False[0m
[INFO] [1783910645.930547767] [orange_pole_detector]: [1;95m触发状态更新: trigger=True[0m
[INFO] [1783910645.996490013] [orange_pole_detector]: [1;95m触发状态更新: trigger=False[0m
[INFO] [1783910646.464132942] [orange_pole_detector]: [0;33m未检测到有效橘色竖杆: candidates=0, frame=1075, hsv_lower=[5, 70, 70], hsv_upper=[30, 255, 255][0m
[INFO] [1783910647.397888031] [orange_pole_detector]: [1;95m触发状态更新: trigger=True[0m
[INFO] [1783910647.464112764] [orange_pole_detector]: [1;95m触发状态更新: trigger=False[0m
[INFO] [1783910647.465135248] [orange_pole_detector]: [0;33m未检测到有效橘色竖杆: candidates=0, frame=1090, hsv_lower=[5, 70, 70], hsv_upper=[30, 255, 255][0m
[INFO] [1783910648.530840114] [orange_pole_detector]: [0;33m未检测到有效橘色竖杆: candidates=0, frame=1106, hsv_lower=[5, 70, 70], hsv_upper=[30, 255, 255][0m
[INFO] [1783910649.531378414] [orange_pole_detector]: [0;33m未检测到有效橘色竖杆: candidates=0, frame=1121, hsv_lower=[5, 70, 70], hsv_upper=[30, 255, 255][0m
[INFO] [1783910650.530951016] [orange_pole_detector]: [0;33m未检测到有效橘色竖杆: candidates=0, frame=1136, hsv_lower=[5, 70, 70], hsv_upper=[30, 255, 255][0m
[INFO] [1783910651.532029630] [orange_pole_detector]: [0;33m未检测到有效橘色竖杆: candidates=0, frame=1151, hsv_lower=[5, 70, 70], hsv_upper=[30, 255, 255][0m
[INFO] [1783910652.600620066] [orange_pole_detector]: [0;33m未检测到有效橘色竖杆: candidates=0, frame=1167, hsv_lower=[5, 70, 70], hsv_upper=[30, 255, 255][0m
[INFO] [1783910653.600729001] [orange_pole_detector]: [0;33m未检测到有效橘色竖杆: candidates=0, frame=1182, hsv_lower=[5, 70, 70], hsv_upper=[30, 255, 255][0m
[INFO] [1783910654.601678079] [orange_pole_detector]: [0;33m未检测到有效橘色竖杆: candidates=0, frame=1197, hsv_lower=[5, 70, 70], hsv_upper=[30, 255, 255][0m
[INFO] [1783910655.667213577] [orange_pole_detector]: [0;33m未检测到有效橘色竖杆: candidates=0, frame=1213, hsv_lower=[5, 70, 70], hsv_upper=[30, 255, 255][0m
[INFO] [1783910656.680179518] [orange_pole_detector]: [0;33m未检测到有效橘色竖杆: candidates=0, frame=1228, hsv_lower=[5, 70, 70], hsv_upper=[30, 255, 255][0m
[INFO] [1783910657.701334977] [orange_pole_detector]: [0;33m未检测到有效橘色竖杆: candidates=0, frame=1243, hsv_lower=[5, 70, 70], hsv_upper=[30, 255, 255][0m
[INFO] [1783910658.716324874] [orange_pole_detector]: [0;33m未检测到有效橘色竖杆: candidates=0, frame=1258, hsv_lower=[5, 70, 70], hsv_upper=[30, 255, 255][0m
[INFO] [1783910659.729441578] [orange_pole_detector]: [0;33m未检测到有效橘色竖杆: candidates=0, frame=1273, hsv_lower=[5, 70, 70], hsv_upper=[30, 255, 255][0m
[INFO] [1783910660.742683748] [orange_pole_detector]: [0;33m未检测到有效橘色竖杆: candidates=0, frame=1288, hsv_lower=[5, 70, 70], hsv_upper=[30, 255, 255][0m
[INFO] [1783910661.754785981] [orange_pole_detector]: [0;33m未检测到有效橘色竖杆: candidates=0, frame=1303, hsv_lower=[5, 70, 70], hsv_upper=[30, 255, 255][0m
[INFO] [1783910662.763315382] [orange_pole_detector]: [0;33m未检测到有效橘色竖杆: candidates=0, frame=1318, hsv_lower=[5, 70, 70], hsv_upper=[30, 255, 255][0m
[INFO] [1783910663.772700055] [orange_pole_detector]: [0;33m未检测到有效橘色竖杆: candidates=0, frame=1333, hsv_lower=[5, 70, 70], hsv_upper=[30, 255, 255][0m
[INFO] [1783910664.780681169] [orange_pole_detector]: [0;33m未检测到有效橘色竖杆: candidates=0, frame=1348, hsv_lower=[5, 70, 70], hsv_upper=[30, 255, 255][0m
[INFO] [1783910665.787858983] [orange_pole_detector]: [0;33m未检测到有效橘色竖杆: candidates=0, frame=1363, hsv_lower=[5, 70, 70], hsv_upper=[30, 255, 255][0m
[INFO] [1783910666.794753053] [orange_pole_detector]: [0;33m未检测到有效橘色竖杆: candidates=0, frame=1378, hsv_lower=[5, 70, 70], hsv_upper=[30, 255, 255][0m
[INFO] [1783910667.801928149] [orange_pole_detector]: [0;33m未检测到有效橘色竖杆: candidates=0, frame=1393, hsv_lower=[5, 70, 70], hsv_upper=[30, 255, 255][0m
[INFO] [1783910668.804885263] [orange_pole_detector]: [0;33m未检测到有效橘色竖杆: candidates=0, frame=1408, hsv_lower=[5, 70, 70], hsv_upper=[30, 255, 255][0m
[INFO] [1783910669.809613509] [orange_pole_detector]: [0;33m未检测到有效橘色竖杆: candidates=0, frame=1423, hsv_lower=[5, 70, 70], hsv_upper=[30, 255, 255][0m
[INFO] [1783910670.814158234] [orange_pole_detector]: [0;33m未检测到有效橘色竖杆: candidates=0, frame=1438, hsv_lower=[5, 70, 70], hsv_upper=[30, 255, 255][0m
[INFO] [1783910671.818003368] [orange_pole_detector]: [0;33m未检测到有效橘色竖杆: candidates=0, frame=1453, hsv_lower=[5, 70, 70], hsv_upper=[30, 255, 255][0m
[INFO] [1783910672.821997203] [orange_pole_detector]: [0;33m未检测到有效橘色竖杆: candidates=0, frame=1468, hsv_lower=[5, 70, 70], hsv_upper=[30, 255, 255][0m
[INFO] [1783910673.824550517] [orange_pole_detector]: [0;33m未检测到有效橘色竖杆: candidates=0, frame=1483, hsv_lower=[5, 70, 70], hsv_upper=[30, 255, 255][0m
[INFO] [1783910674.826747183] [orange_pole_detector]: [0;33m未检测到有效橘色竖杆: candidates=0, frame=1498, hsv_lower=[5, 70, 70], hsv_upper=[30, 255, 255][0m
[INFO] [1783910675.830484185] [orange_pole_detector]: [0;33m未检测到有效橘色竖杆: candidates=0, frame=1513, hsv_lower=[5, 70, 70], hsv_upper=[30, 255, 255][0m
[INFO] [1783910676.832248733] [orange_pole_detector]: [0;33m未检测到有效橘色竖杆: candidates=0, frame=1528, hsv_lower=[5, 70, 70], hsv_upper=[30, 255, 255][0m
[INFO] [1783910677.834729605] [orange_pole_detector]: [0;33m未检测到有效橘色竖杆: candidates=0, frame=1543, hsv_lower=[5, 70, 70], hsv_upper=[30, 255, 255][0m
[INFO] [1783910678.837862774] [orange_pole_detector]: [0;33m未检测到有效橘色竖杆: candidates=0, frame=1558, hsv_lower=[5, 70, 70], hsv_upper=[30, 255, 255][0m
[INFO] [1783910679.841778253] [orange_pole_detector]: [0;33m未检测到有效橘色竖杆: candidates=0, frame=1573, hsv_lower=[5, 70, 70], hsv_upper=[30, 255, 255][0m
[INFO] [1783910680.842266962] [orange_pole_detector]: [0;33m未检测到有效橘色竖杆: candidates=0, frame=1588, hsv_lower=[5, 70, 70], hsv_upper=[30, 255, 255][0m
[INFO] [1783910681.843573076] [orange_pole_detector]: [0;33m未检测到有效橘色竖杆: candidates=0, frame=1603, hsv_lower=[5, 70, 70], hsv_upper=[30, 255, 255][0m
[INFO] [1783910682.846160828] [orange_pole_detector]: [0;33m未检测到有效橘色竖杆: candidates=0, frame=1618, hsv_lower=[5, 70, 70], hsv_upper=[30, 255, 255][0m
[INFO] [1783910683.847517056] [orange_pole_detector]: [0;33m未检测到有效橘色竖杆: candidates=0, frame=1633, hsv_lower=[5, 70, 70], hsv_upper=[30, 255, 255][0m
[INFO] [1783910684.782646944] [orange_pole_detector]: [1;95m触发状态更新: trigger=True[0m
[INFO] [1783910684.849608026] [orange_pole_detector]: [1;95m触发状态更新: trigger=False[0m
[INFO] [1783910684.850638330] [orange_pole_detector]: [0;33m未检测到有效橘色竖杆: candidates=0, frame=1648, hsv_lower=[5, 70, 70], hsv_upper=[30, 255, 255][0m
[INFO] [1783910685.050202781] [orange_pole_detector]: [1;95m触发状态更新: trigger=True[0m
[INFO] [1783910685.116314245] [orange_pole_detector]: [1;95m触发状态更新: trigger=False[0m
[INFO] [1783910685.852406279] [orange_pole_detector]: [0;33m未检测到有效橘色竖杆: candidates=0, frame=1663, hsv_lower=[5, 70, 70], hsv_upper=[30, 255, 255][0m
[INFO] [1783910686.852149900] [orange_pole_detector]: [0;33m未检测到有效橘色竖杆: candidates=0, frame=1678, hsv_lower=[5, 70, 70], hsv_upper=[30, 255, 255][0m
[INFO] [1783910687.854270927] [orange_pole_detector]: [0;33m未检测到有效橘色竖杆: candidates=0, frame=1693, hsv_lower=[5, 70, 70], hsv_upper=[30, 255, 255][0m
[INFO] [1783910688.856628686] [orange_pole_detector]: [0;33m未检测到有效橘色竖杆: candidates=0, frame=1708, hsv_lower=[5, 70, 70], hsv_upper=[30, 255, 255][0m
[INFO] [1783910689.910365930] [orange_pole_detector]: [0;33m未检测到有效橘色竖杆: candidates=0, frame=1724, hsv_lower=[5, 70, 70], hsv_upper=[30, 255, 255][0m
[INFO] [1783910690.109390274] [orange_pole_detector]: [1;95m触发状态更新: trigger=True[0m
[INFO] [1783910690.172564503] [orange_pole_detector]: [1;95m触发状态更新: trigger=False[0m
[INFO] [1783910690.963926946] [orange_pole_detector]: [0;33m未检测到有效橘色竖杆: candidates=0, frame=1740, hsv_lower=[5, 70, 70], hsv_upper=[30, 255, 255][0m
[INFO] [1783910692.020372603] [orange_pole_detector]: [0;33m未检测到有效橘色竖杆: candidates=0, frame=1756, hsv_lower=[5, 70, 70], hsv_upper=[30, 255, 255][0m
[INFO] [1783910693.078570935] [orange_pole_detector]: [0;33m未检测到有效橘色竖杆: candidates=0, frame=1772, hsv_lower=[5, 70, 70], hsv_upper=[30, 255, 255][0m
[INFO] [1783910694.136947119] [orange_pole_detector]: [0;33m未检测到有效橘色竖杆: candidates=0, frame=1788, hsv_lower=[5, 70, 70], hsv_upper=[30, 255, 255][0m
[INFO] [1783910695.196894569] [orange_pole_detector]: [0;33m未检测到有效橘色竖杆: candidates=0, frame=1804, hsv_lower=[5, 70, 70], hsv_upper=[30, 255, 255][0m
[INFO] [1783910696.257871419] [orange_pole_detector]: [0;33m未检测到有效橘色竖杆: candidates=0, frame=1820, hsv_lower=[5, 70, 70], hsv_upper=[30, 255, 255][0m
[INFO] [1783910697.321932990] [orange_pole_detector]: [0;33m未检测到有效橘色竖杆: candidates=0, frame=1836, hsv_lower=[5, 70, 70], hsv_upper=[30, 255, 255][0m
[INFO] [1783910698.381052386] [orange_pole_detector]: [0;33m未检测到有效橘色竖杆: candidates=0, frame=1852, hsv_lower=[5, 70, 70], hsv_upper=[30, 255, 255][0m
[INFO] [1783910699.444011588] [orange_pole_detector]: [0;33m未检测到有效橘色竖杆: candidates=0, frame=1868, hsv_lower=[5, 70, 70], hsv_upper=[30, 255, 255][0m
[INFO] [1783910700.508739597] [orange_pole_detector]: [0;33m未检测到有效橘色竖杆: candidates=0, frame=1884, hsv_lower=[5, 70, 70], hsv_upper=[30, 255, 255][0m
[INFO] [1783910701.572509719] [orange_pole_detector]: [0;33m未检测到有效橘色竖杆: candidates=0, frame=1900, hsv_lower=[5, 70, 70], hsv_upper=[30, 255, 255][0m
[INFO] [1783910702.635938594] [orange_pole_detector]: [0;33m未检测到有效橘色竖杆: candidates=0, frame=1916, hsv_lower=[5, 70, 70], hsv_upper=[30, 255, 255][0m
[INFO] [1783910703.701399762] [orange_pole_detector]: [0;33m未检测到有效橘色竖杆: candidates=0, frame=1932, hsv_lower=[5, 70, 70], hsv_upper=[30, 255, 255][0m
[INFO] [1783910704.766946081] [orange_pole_detector]: [0;33m未检测到有效橘色竖杆: candidates=0, frame=1948, hsv_lower=[5, 70, 70], hsv_upper=[30, 255, 255][0m
[INFO] [1783910705.831448085] [orange_pole_detector]: [0;33m未检测到有效橘色竖杆: candidates=0, frame=1964, hsv_lower=[5, 70, 70], hsv_upper=[30, 255, 255][0m
[INFO] [1783910706.897108430] [orange_pole_detector]: [0;33m未检测到有效橘色竖杆: candidates=0, frame=1980, hsv_lower=[5, 70, 70], hsv_upper=[30, 255, 255][0m
[INFO] [1783910707.961927591] [orange_pole_detector]: [0;33m未检测到有效橘色竖杆: candidates=0, frame=1996, hsv_lower=[5, 70, 70], hsv_upper=[30, 255, 255][0m
[INFO] [1783910708.961854379] [orange_pole_detector]: [0;33m未检测到有效橘色竖杆: candidates=0, frame=2011, hsv_lower=[5, 70, 70], hsv_upper=[30, 255, 255][0m
[INFO] [1783910710.027156911] [orange_pole_detector]: [0;33m未检测到有效橘色竖杆: candidates=0, frame=2027, hsv_lower=[5, 70, 70], hsv_upper=[30, 255, 255][0m
[INFO] [1783910711.093544082] [orange_pole_detector]: [0;33m未检测到有效橘色竖杆: candidates=0, frame=2043, hsv_lower=[5, 70, 70], hsv_upper=[30, 255, 255][0m
[INFO] [1783910712.160937065] [orange_pole_detector]: [0;33m未检测到有效橘色竖杆: candidates=0, frame=2059, hsv_lower=[5, 70, 70], hsv_upper=[30, 255, 255][0m
[INFO] [1783910713.026236865] [orange_pole_detector]: [1;95m触发状态更新: trigger=True[0m
[INFO] [1783910713.091668292] [orange_pole_detector]: [1;95m触发状态更新: trigger=False[0m
[INFO] [1783910713.225596706] [orange_pole_detector]: [0;33m未检测到有效橘色竖杆: candidates=0, frame=2075, hsv_lower=[5, 70, 70], hsv_upper=[30, 255, 255][0m
[INFO] [1783910714.292356985] [orange_pole_detector]: [0;33m未检测到有效橘色竖杆: candidates=0, frame=2091, hsv_lower=[5, 70, 70], hsv_upper=[30, 255, 255][0m
[INFO] [1783910715.294631341] [orange_pole_detector]: [0;33m未检测到有效橘色竖杆: candidates=0, frame=2106, hsv_lower=[5, 70, 70], hsv_upper=[30, 255, 255][0m
[INFO] [1783910716.293779130] [orange_pole_detector]: [0;33m未检测到有效橘色竖杆: candidates=0, frame=2121, hsv_lower=[5, 70, 70], hsv_upper=[30, 255, 255][0m
[INFO] [1783910717.358484869] [orange_pole_detector]: [0;33m未检测到有效橘色竖杆: candidates=0, frame=2137, hsv_lower=[5, 70, 70], hsv_upper=[30, 255, 255][0m
[INFO] [1783910718.224706586] [orange_pole_detector]: [1;95m触发状态更新: trigger=True[0m
[INFO] [1783910718.359853919] [orange_pole_detector]: [1;95m触发状态更新: trigger=False[0m
[INFO] [1783910718.360987903] [orange_pole_detector]: [0;33m未检测到有效橘色竖杆: candidates=0, frame=2152, hsv_lower=[5, 70, 70], hsv_upper=[30, 255, 255][0m
[INFO] [1783910718.759079327] [orange_pole_detector]: [1;95m触发状态更新: trigger=True[0m
[INFO] [1783910718.824900828] [orange_pole_detector]: [1;95m触发状态更新: trigger=False[0m
[INFO] [1783910718.958674896] [orange_pole_detector]: [1;95m触发状态更新: trigger=True[0m
[INFO] [1783910719.426423687] [orange_pole_detector]: [1;34m最近杆: dist=1.163m, lateral=0.752m, vertical=0.009m, pixel=(409.1,119.4), box=34x86, height3d=0.257m, depth_px=831, candidates=1, trigger=True[0m
[INFO] [1783910719.491290015] [orange_pole_detector]: [1;95m触发状态更新: trigger=False[0m
[INFO] [1783910719.958882992] [orange_pole_detector]: [1;95m触发状态更新: trigger=True[0m
[INFO] [1783910720.025170089] [orange_pole_detector]: [1;95m触发状态更新: trigger=False[0m
[INFO] [1783910720.491832953] [orange_pole_detector]: [0;33m未检测到有效橘色竖杆: candidates=0, frame=2184, hsv_lower=[5, 70, 70], hsv_upper=[30, 255, 255][0m
[INFO] [1783910721.497451643] [orange_pole_detector]: [0;33m未检测到有效橘色竖杆: candidates=0, frame=2199, hsv_lower=[5, 70, 70], hsv_upper=[30, 255, 255][0m
[INFO] [1783910722.506557570] [orange_pole_detector]: [0;33m未检测到有效橘色竖杆: candidates=0, frame=2214, hsv_lower=[5, 70, 70], hsv_upper=[30, 255, 255][0m
[INFO] [1783910722.643000917] [orange_pole_detector]: [1;95m触发状态更新: trigger=True[0m
[INFO] [1783910722.776763927] [orange_pole_detector]: [1;95m触发状态更新: trigger=False[0m
[INFO] [1783910723.516035877] [orange_pole_detector]: [0;33m未检测到有效橘色竖杆: candidates=0, frame=2229, hsv_lower=[5, 70, 70], hsv_upper=[30, 255, 255][0m
[INFO] [1783910723.784578115] [orange_pole_detector]: [1;95m触发状态更新: trigger=True[0m
[INFO] [1783910723.920635226] [orange_pole_detector]: [1;95m触发状态更新: trigger=False[0m
[INFO] [1783910723.986048075] [orange_pole_detector]: [1;95m触发状态更新: trigger=True[0m
[INFO] [1783910724.053469852] [orange_pole_detector]: [1;95m触发状态更新: trigger=False[0m
[INFO] [1783910724.524324466] [orange_pole_detector]: [0;33m未检测到有效橘色竖杆: candidates=0, frame=2244, hsv_lower=[5, 70, 70], hsv_upper=[30, 255, 255][0m
[INFO] [1783910724.594354100] [orange_pole_detector]: [1;95m触发状态更新: trigger=True[0m
[INFO] [1783910724.657981236] [orange_pole_detector]: [1;95m触发状态更新: trigger=False[0m
[INFO] [1783910724.928031798] [orange_pole_detector]: [1;95m触发状态更新: trigger=True[0m
[INFO] [1783910725.127347043] [orange_pole_detector]: [1;95m触发状态更新: trigger=False[0m
[INFO] [1783910725.530515614] [orange_pole_detector]: [1;95m触发状态更新: trigger=True[0m
[INFO] [1783910725.531764151] [orange_pole_detector]: [1;34m最近杆: dist=0.883m, lateral=-0.081m, vertical=-0.183m, pixel=(185.4,54.2), box=14x110, height3d=0.251m, depth_px=208, candidates=1, trigger=True[0m
[INFO] [1783910725.596894209] [orange_pole_detector]: [1;95m触发状态更新: trigger=False[0m
[INFO] [1783910725.664854137] [orange_pole_detector]: [1;95m触发状态更新: trigger=True[0m
[INFO] [1783910726.066510507] [orange_pole_detector]: [1;95m触发状态更新: trigger=False[0m
[INFO] [1783910726.402719071] [orange_pole_detector]: [1;95m触发状态更新: trigger=True[0m
[INFO] [1783910726.468909378] [orange_pole_detector]: [1;95m触发状态更新: trigger=False[0m
[INFO] [1783910726.535621107] [orange_pole_detector]: [0;33m未检测到有效橘色竖杆: candidates=0, frame=2274, hsv_lower=[5, 70, 70], hsv_upper=[30, 255, 255][0m
[INFO] [1783910726.603735058] [orange_pole_detector]: [1;95m触发状态更新: trigger=True[0m
[INFO] [1783910726.670697585] [orange_pole_detector]: [1;95m触发状态更新: trigger=False[0m
[INFO] [1783910726.738436273] [orange_pole_detector]: [1;95m触发状态更新: trigger=True[0m
[INFO] [1783910727.072135311] [orange_pole_detector]: [1;95m触发状态更新: trigger=False[0m
[INFO] [1783910727.544242998] [orange_pole_detector]: [0;33m未检测到有效橘色竖杆: candidates=0, frame=2289, hsv_lower=[5, 70, 70], hsv_upper=[30, 255, 255][0m
[INFO] [1783910727.676621535] [orange_pole_detector]: [1;95m触发状态更新: trigger=True[0m
[INFO] [1783910728.279740509] [orange_pole_detector]: [1;95m触发状态更新: trigger=False[0m
[INFO] [1783910728.348445464] [orange_pole_detector]: [1;95m触发状态更新: trigger=True[0m
[INFO] [1783910728.549762079] [orange_pole_detector]: [1;34m最近杆: dist=0.799m, lateral=-0.412m, vertical=-0.169m, pixel=(57.4,52.8), box=21x112, height3d=0.233m, depth_px=1161, candidates=3, trigger=True[0m
[INFO] [1783910728.948775853] [orange_pole_detector]: [1;95m触发状态更新: trigger=False[0m
[INFO] [1783910729.551318262] [orange_pole_detector]: [0;33m未检测到有效橘色竖杆: candidates=0, frame=2319, hsv_lower=[5, 70, 70], hsv_upper=[30, 255, 255][0m
[INFO] [1783910730.555210829] [orange_pole_detector]: [0;33m未检测到有效橘色竖杆: candidates=0, frame=2334, hsv_lower=[5, 70, 70], hsv_upper=[30, 255, 255][0m
[INFO] [1783910730.891281899] [orange_pole_detector]: [1;95m触发状态更新: trigger=True[0m
[INFO] [1783910730.959441429] [orange_pole_detector]: [1;95m触发状态更新: trigger=False[0m
[INFO] [1783910731.562074487] [orange_pole_detector]: [0;33m未检测到有效橘色竖杆: candidates=0, frame=2349, hsv_lower=[5, 70, 70], hsv_upper=[30, 255, 255][0m
[INFO] [1783910732.562536155] [orange_pole_detector]: [0;33m未检测到有效橘色竖杆: candidates=0, frame=2364, hsv_lower=[5, 70, 70], hsv_upper=[30, 255, 255][0m
[INFO] [1783910733.569378025] [orange_pole_detector]: [0;33m未检测到有效橘色竖杆: candidates=0, frame=2379, hsv_lower=[5, 70, 70], hsv_upper=[30, 255, 255][0m
[INFO] [1783910734.636061474] [orange_pole_detector]: [0;33m未检测到有效橘色竖杆: candidates=0, frame=2395, hsv_lower=[5, 70, 70], hsv_upper=[30, 255, 255][0m
[INFO] [1783910735.640136004] [orange_pole_detector]: [0;33m未检测到有效橘色竖杆: candidates=0, frame=2410, hsv_lower=[5, 70, 70], hsv_upper=[30, 255, 255][0m
[INFO] [1783910736.642038236] [orange_pole_detector]: [0;33m未检测到有效橘色竖杆: candidates=0, frame=2425, hsv_lower=[5, 70, 70], hsv_upper=[30, 255, 255][0m
[INFO] [1783910736.778051370] [orange_pole_detector]: [1;95m触发状态更新: trigger=True[0m
[INFO] [1783910737.645062112] [orange_pole_detector]: [1;34m最近杆: dist=0.766m, lateral=-0.258m, vertical=-0.164m, pixel=(111.3,52.1), box=16x108, height3d=0.207m, depth_px=1246, candidates=1, trigger=True[0m
[INFO] [1783910738.647298281] [orange_pole_detector]: [1;34m最近杆: dist=0.841m, lateral=-0.084m, vertical=-0.201m, pixel=(182.9,44.4), box=27x110, height3d=0.257m, depth_px=1071, candidates=1, trigger=True[0m
[INFO] [1783910739.650054205] [orange_pole_detector]: [1;34m最近杆: dist=0.858m, lateral=-0.043m, vertical=-0.190m, pixel=(198.1,50.0), box=20x108, height3d=0.220m, depth_px=1044, candidates=1, trigger=True[0m
[INFO] [1783910740.651173116] [orange_pole_detector]: [1;34m最近杆: dist=0.816m, lateral=-0.037m, vertical=-0.158m, pixel=(199.5,58.4), box=19x124, height3d=0.252m, depth_px=1279, candidates=1, trigger=True[0m
[INFO] [1783910741.653776492] [orange_pole_detector]: [1;34m最近杆: dist=0.672m, lateral=-0.027m, vertical=-0.152m, pixel=(201.2,48.6), box=24x106, height3d=0.175m, depth_px=1362, candidates=1, trigger=True[0m
[INFO] [1783910742.118840861] [orange_pole_detector]: [1;95m触发状态更新: trigger=False[0m
[INFO] [1783910742.188184364] [orange_pole_detector]: [1;95m触发状态更新: trigger=True[0m
[INFO] [1783910742.255539887] [orange_pole_detector]: [1;95m触发状态更新: trigger=False[0m
[INFO] [1783910742.653900421] [orange_pole_detector]: [0;33m未检测到有效橘色竖杆: candidates=0, frame=2515, hsv_lower=[5, 70, 70], hsv_upper=[30, 255, 255][0m
[INFO] [1783910743.656787026] [orange_pole_detector]: [0;33m未检测到有效橘色竖杆: candidates=0, frame=2530, hsv_lower=[5, 70, 70], hsv_upper=[30, 255, 255][0m
[INFO] [1783910744.658169730] [orange_pole_detector]: [0;33m未检测到有效橘色竖杆: candidates=0, frame=2545, hsv_lower=[5, 70, 70], hsv_upper=[30, 255, 255][0m
[INFO] [1783910745.259903789] [orange_pole_detector]: [1;95m触发状态更新: trigger=True[0m
[INFO] [1783910745.660497108] [orange_pole_detector]: [1;34m最近杆: dist=0.708m, lateral=0.159m, vertical=0.097m, pixel=(281.5,158.5), box=89x240, height3d=0.448m, depth_px=4789, candidates=1, trigger=True[0m
[INFO] [1783910745.861333559] [orange_pole_detector]: [1;95m触发状态更新: trigger=False[0m
[INFO] [1783910746.327342079] [orange_pole_detector]: [1;95m触发状态更新: trigger=True[0m
[INFO] [1783910746.663667599] [orange_pole_detector]: [1;34m最近杆: dist=0.582m, lateral=-0.257m, vertical=0.078m, pixel=(79.5,157.7), box=118x240, height3d=0.374m, depth_px=4806, candidates=2, trigger=True[0m
[INFO] [1783910747.664454765] [orange_pole_detector]: [1;34m最近杆: dist=0.963m, lateral=0.092m, vertical=-0.019m, pixel=(242.1,111.1), box=59x122, height3d=0.281m, depth_px=4214, candidates=1, trigger=True[0m
[INFO] [1783910748.530362809] [orange_pole_detector]: [1;95m触发状态更新: trigger=False[0m
[INFO] [1783910748.662736254] [orange_pole_detector]: [0;33m未检测到有效橘色竖杆: candidates=0, frame=2605, hsv_lower=[5, 70, 70], hsv_upper=[30, 255, 255][0m
[INFO] [1783910749.665531441] [orange_pole_detector]: [0;33m未检测到有效橘色竖杆: candidates=0, frame=2620, hsv_lower=[5, 70, 70], hsv_upper=[30, 255, 255][0m
[INFO] [1783910750.665866294] [orange_pole_detector]: [0;33m未检测到有效橘色竖杆: candidates=0, frame=2635, hsv_lower=[5, 70, 70], hsv_upper=[30, 255, 255][0m
[INFO] [1783910751.668024888] [orange_pole_detector]: [0;33m未检测到有效橘色竖杆: candidates=0, frame=2650, hsv_lower=[5, 70, 70], hsv_upper=[30, 255, 255][0m
[INFO] [1783910752.202133854] [orange_pole_detector]: [1;95m触发状态更新: trigger=True[0m
[INFO] [1783910752.401479471] [orange_pole_detector]: [1;95m触发状态更新: trigger=False[0m
[INFO] [1783910752.670524820] [orange_pole_detector]: [0;33m未检测到有效橘色竖杆: candidates=0, frame=2665, hsv_lower=[5, 70, 70], hsv_upper=[30, 255, 255][0m
[INFO] [1783910753.137671083] [orange_pole_detector]: [1;95m触发状态更新: trigger=True[0m
[INFO] [1783910753.270084501] [orange_pole_detector]: [1;95m触发状态更新: trigger=False[0m
[INFO] [1783910753.671039098] [orange_pole_detector]: [0;33m未检测到有效橘色竖杆: candidates=0, frame=2680, hsv_lower=[5, 70, 70], hsv_upper=[30, 255, 255][0m
[INFO] [1783910754.727762976] [orange_pole_detector]: [0;33m未检测到有效橘色竖杆: candidates=0, frame=2696, hsv_lower=[5, 70, 70], hsv_upper=[30, 255, 255][0m
[INFO] [1783910755.782537267] [orange_pole_detector]: [0;33m未检测到有效橘色竖杆: candidates=0, frame=2712, hsv_lower=[5, 70, 70], hsv_upper=[30, 255, 255][0m
[INFO] [1783910756.840110126] [orange_pole_detector]: [0;33m未检测到有效橘色竖杆: candidates=0, frame=2728, hsv_lower=[5, 70, 70], hsv_upper=[30, 255, 255][0m
[INFO] [1783910757.631107193] [orange_pole_detector]: [1;95m触发状态更新: trigger=True[0m
[INFO] [1783910757.897200713] [orange_pole_detector]: [1;34m最近杆: dist=0.685m, lateral=-0.286m, vertical=0.121m, pixel=(87.1,170.6), box=88x240, height3d=0.452m, depth_px=4364, candidates=1, trigger=True[0m
[INFO] [1783910758.688400590] [orange_pole_detector]: [1;95m触发状态更新: trigger=False[0m
[INFO] [1783910758.953599941] [orange_pole_detector]: [0;33m未检测到有效橘色竖杆: candidates=0, frame=2760, hsv_lower=[5, 70, 70], hsv_upper=[30, 255, 255][0m
[INFO] [1783910760.014520945] [orange_pole_detector]: [0;33m未检测到有效橘色竖杆: candidates=0, frame=2776, hsv_lower=[5, 70, 70], hsv_upper=[30, 255, 255][0m
[INFO] [1783910761.074017642] [orange_pole_detector]: [0;33m未检测到有效橘色竖杆: candidates=0, frame=2792, hsv_lower=[5, 70, 70], hsv_upper=[30, 255, 255][0m
[INFO] [1783910762.135032067] [orange_pole_detector]: [0;33m未检测到有效橘色竖杆: candidates=0, frame=2808, hsv_lower=[5, 70, 70], hsv_upper=[30, 255, 255][0m
[INFO] [1783910763.197484035] [orange_pole_detector]: [0;33m未检测到有效橘色竖杆: candidates=0, frame=2824, hsv_lower=[5, 70, 70], hsv_upper=[30, 255, 255][0m
[INFO] [1783910764.260955335] [orange_pole_detector]: [0;33m未检测到有效橘色竖杆: candidates=0, frame=2840, hsv_lower=[5, 70, 70], hsv_upper=[30, 255, 255][0m
[INFO] [1783910765.058668449] [orange_pole_detector]: [1;95m触发状态更新: trigger=True[0m
[INFO] [1783910765.189972448] [orange_pole_detector]: [1;95m触发状态更新: trigger=False[0m
[INFO] [1783910765.323877171] [orange_pole_detector]: [0;33m未检测到有效橘色竖杆: candidates=0, frame=2856, hsv_lower=[5, 70, 70], hsv_upper=[30, 255, 255][0m
[INFO] [1783910765.456917734] [orange_pole_detector]: [1;95m触发状态更新: trigger=True[0m
[INFO] [1783910765.588957442] [orange_pole_detector]: [1;95m触发状态更新: trigger=False[0m
[INFO] [1783910766.387659372] [orange_pole_detector]: [0;33m未检测到有效橘色竖杆: candidates=0, frame=2872, hsv_lower=[5, 70, 70], hsv_upper=[30, 255, 255][0m
[INFO] [1783910767.454171587] [orange_pole_detector]: [0;33m未检测到有效橘色竖杆: candidates=0, frame=2888, hsv_lower=[5, 70, 70], hsv_upper=[30, 255, 255][0m
[INFO] [1783910768.517147668] [orange_pole_detector]: [0;33m未检测到有效橘色竖杆: candidates=0, frame=2904, hsv_lower=[5, 70, 70], hsv_upper=[30, 255, 255][0m
[INFO] [1783910769.581177010] [orange_pole_detector]: [0;33m未检测到有效橘色竖杆: candidates=0, frame=2920, hsv_lower=[5, 70, 70], hsv_upper=[30, 255, 255][0m
[INFO] [1783910770.645873409] [orange_pole_detector]: [0;33m未检测到有效橘色竖杆: candidates=0, frame=2936, hsv_lower=[5, 70, 70], hsv_upper=[30, 255, 255][0m
[INFO] [1783910771.711247399] [orange_pole_detector]: [0;33m未检测到有效橘色竖杆: candidates=0, frame=2952, hsv_lower=[5, 70, 70], hsv_upper=[30, 255, 255][0m
[INFO] [1783910772.776756613] [orange_pole_detector]: [0;33m未检测到有效橘色竖杆: candidates=0, frame=2968, hsv_lower=[5, 70, 70], hsv_upper=[30, 255, 255][0m
[INFO] [1783910773.844092573] [orange_pole_detector]: [0;33m未检测到有效橘色竖杆: candidates=0, frame=2984, hsv_lower=[5, 70, 70], hsv_upper=[30, 255, 255][0m
[INFO] [1783910774.908712974] [orange_pole_detector]: [0;33m未检测到有效橘色竖杆: candidates=0, frame=3000, hsv_lower=[5, 70, 70], hsv_upper=[30, 255, 255][0m
[INFO] [1783910775.975010004] [orange_pole_detector]: [0;33m未检测到有效橘色竖杆: candidates=0, frame=3016, hsv_lower=[5, 70, 70], hsv_upper=[30, 255, 255][0m
[INFO] [1783910777.043202533] [orange_pole_detector]: [0;33m未检测到有效橘色竖杆: candidates=0, frame=3032, hsv_lower=[5, 70, 70], hsv_upper=[30, 255, 255][0m
[INFO] [1783910778.108787907] [orange_pole_detector]: [0;33m未检测到有效橘色竖杆: candidates=0, frame=3048, hsv_lower=[5, 70, 70], hsv_upper=[30, 255, 255][0m
[INFO] [1783910779.174788719] [orange_pole_detector]: [0;33m未检测到有效橘色竖杆: candidates=0, frame=3064, hsv_lower=[5, 70, 70], hsv_upper=[30, 255, 255][0m
[INFO] [1783910780.242073220] [orange_pole_detector]: [0;33m未检测到有效橘色竖杆: candidates=0, frame=3080, hsv_lower=[5, 70, 70], hsv_upper=[30, 255, 255][0m
[INFO] [1783910781.306699068] [orange_pole_detector]: [0;33m未检测到有效橘色竖杆: candidates=0, frame=3096, hsv_lower=[5, 70, 70], hsv_upper=[30, 255, 255][0m
[INFO] [1783910782.307979953] [orange_pole_detector]: [0;33m未检测到有效橘色竖杆: candidates=0, frame=3111, hsv_lower=[5, 70, 70], hsv_upper=[30, 255, 255][0m
[INFO] [1783910783.373157063] [orange_pole_detector]: [0;33m未检测到有效橘色竖杆: candidates=0, frame=3127, hsv_lower=[5, 70, 70], hsv_upper=[30, 255, 255][0m
[INFO] [1783910784.440987765] [orange_pole_detector]: [0;33m未检测到有效橘色竖杆: candidates=0, frame=3143, hsv_lower=[5, 70, 70], hsv_upper=[30, 255, 255][0m
[INFO] [1783910785.507873328] [orange_pole_detector]: [0;33m未检测到有效橘色竖杆: candidates=0, frame=3159, hsv_lower=[5, 70, 70], hsv_upper=[30, 255, 255][0m
[INFO] [1783910786.574617015] [orange_pole_detector]: [0;33m未检测到有效橘色竖杆: candidates=0, frame=3175, hsv_lower=[5, 70, 70], hsv_upper=[30, 255, 255][0m
[INFO] [1783910787.638363138] [orange_pole_detector]: [0;33m未检测到有效橘色竖杆: candidates=0, frame=3191, hsv_lower=[5, 70, 70], hsv_upper=[30, 255, 255][0m
[INFO] [1783910788.702731386] [orange_pole_detector]: [0;33m未检测到有效橘色竖杆: candidates=0, frame=3207, hsv_lower=[5, 70, 70], hsv_upper=[30, 255, 255][0m
[INFO] [1783910789.768462988] [orange_pole_detector]: [0;33m未检测到有效橘色竖杆: candidates=0, frame=3223, hsv_lower=[5, 70, 70], hsv_upper=[30, 255, 255][0m
[INFO] [1783910790.832141745] [orange_pole_detector]: [0;33m未检测到有效橘色竖杆: candidates=0, frame=3239, hsv_lower=[5, 70, 70], hsv_upper=[30, 255, 255][0m
[INFO] [1783910791.896446661] [orange_pole_detector]: [0;33m未检测到有效橘色竖杆: candidates=0, frame=3255, hsv_lower=[5, 70, 70], hsv_upper=[30, 255, 255][0m
[INFO] [1783910792.960975340] [orange_pole_detector]: [0;33m未检测到有效橘色竖杆: candidates=0, frame=3271, hsv_lower=[5, 70, 70], hsv_upper=[30, 255, 255][0m
[INFO] [1783910794.027569094] [orange_pole_detector]: [0;33m未检测到有效橘色竖杆: candidates=0, frame=3287, hsv_lower=[5, 70, 70], hsv_upper=[30, 255, 255][0m
[INFO] [1783910795.091737261] [orange_pole_detector]: [0;33m未检测到有效橘色竖杆: candidates=0, frame=3303, hsv_lower=[5, 70, 70], hsv_upper=[30, 255, 255][0m
[INFO] [1783910796.157186097] [orange_pole_detector]: [0;33m未检测到有效橘色竖杆: candidates=0, frame=3319, hsv_lower=[5, 70, 70], hsv_upper=[30, 255, 255][0m
[INFO] [1783910797.222898712] [orange_pole_detector]: [0;33m未检测到有效橘色竖杆: candidates=0, frame=3335, hsv_lower=[5, 70, 70], hsv_upper=[30, 255, 255][0m
[INFO] [1783910798.287875576] [orange_pole_detector]: [0;33m未检测到有效橘色竖杆: candidates=0, frame=3351, hsv_lower=[5, 70, 70], hsv_upper=[30, 255, 255][0m
[INFO] [1783910799.353641826] [orange_pole_detector]: [0;33m未检测到有效橘色竖杆: candidates=0, frame=3367, hsv_lower=[5, 70, 70], hsv_upper=[30, 255, 255][0m
[INFO] [1783910800.419897340] [orange_pole_detector]: [0;33m未检测到有效橘色竖杆: candidates=0, frame=3383, hsv_lower=[5, 70, 70], hsv_upper=[30, 255, 255][0m
[INFO] [1783910801.487411798] [orange_pole_detector]: [0;33m未检测到有效橘色竖杆: candidates=0, frame=3399, hsv_lower=[5, 70, 70], hsv_upper=[30, 255, 255][0m
[INFO] [1783910802.554387145] [orange_pole_detector]: [0;33m未检测到有效橘色竖杆: candidates=0, frame=3415, hsv_lower=[5, 70, 70], hsv_upper=[30, 255, 255][0m
[INFO] [1783910803.617065443] [orange_pole_detector]: [0;33m未检测到有效橘色竖杆: candidates=0, frame=3431, hsv_lower=[5, 70, 70], hsv_upper=[30, 255, 255][0m
[INFO] [1783910804.618075776] [orange_pole_detector]: [0;33m未检测到有效橘色竖杆: candidates=0, frame=3446, hsv_lower=[5, 70, 70], hsv_upper=[30, 255, 255][0m
[INFO] [1783910805.682792902] [orange_pole_detector]: [0;33m未检测到有效橘色竖杆: candidates=0, frame=3462, hsv_lower=[5, 70, 70], hsv_upper=[30, 255, 255][0m
[INFO] [1783910806.749106919] [orange_pole_detector]: [0;33m未检测到有效橘色竖杆: candidates=0, frame=3478, hsv_lower=[5, 70, 70], hsv_upper=[30, 255, 255][0m
[INFO] [1783910807.815469996] [orange_pole_detector]: [0;33m未检测到有效橘色竖杆: candidates=0, frame=3494, hsv_lower=[5, 70, 70], hsv_upper=[30, 255, 255][0m
[INFO] [1783910808.883354404] [orange_pole_detector]: [0;33m未检测到有效橘色竖杆: candidates=0, frame=3510, hsv_lower=[5, 70, 70], hsv_upper=[30, 255, 255][0m
[INFO] [1783910809.947708851] [orange_pole_detector]: [0;33m未检测到有效橘色竖杆: candidates=0, frame=3526, hsv_lower=[5, 70, 70], hsv_upper=[30, 255, 255][0m
[INFO] [1783910811.014839226] [orange_pole_detector]: [0;33m未检测到有效橘色竖杆: candidates=0, frame=3542, hsv_lower=[5, 70, 70], hsv_upper=[30, 255, 255][0m
[INFO] [1783910812.080182226] [orange_pole_detector]: [0;33m未检测到有效橘色竖杆: candidates=0, frame=3558, hsv_lower=[5, 70, 70], hsv_upper=[30, 255, 255][0m
[INFO] [1783910813.147045114] [orange_pole_detector]: [0;33m未检测到有效橘色竖杆: candidates=0, frame=3574, hsv_lower=[5, 70, 70], hsv_upper=[30, 255, 255][0m
[INFO] [1783910814.213167289] [orange_pole_detector]: [0;33m未检测到有效橘色竖杆: candidates=0, frame=3590, hsv_lower=[5, 70, 70], hsv_upper=[30, 255, 255][0m
[INFO] [1783910815.213501854] [orange_pole_detector]: [0;33m未检测到有效橘色竖杆: candidates=0, frame=3605, hsv_lower=[5, 70, 70], hsv_upper=[30, 255, 255][0m
[INFO] [1783910816.280610211] [orange_pole_detector]: [0;33m未检测到有效橘色竖杆: candidates=0, frame=3621, hsv_lower=[5, 70, 70], hsv_upper=[30, 255, 255][0m
[INFO] [1783910817.279787020] [orange_pole_detector]: [0;33m未检测到有效橘色竖杆: candidates=0, frame=3636, hsv_lower=[5, 70, 70], hsv_upper=[30, 255, 255][0m
[INFO] [1783910818.346074052] [orange_pole_detector]: [0;33m未检测到有效橘色竖杆: candidates=0, frame=3652, hsv_lower=[5, 70, 70], hsv_upper=[30, 255, 255][0m
[INFO] [1783910819.411864519] [orange_pole_detector]: [0;33m未检测到有效橘色竖杆: candidates=0, frame=3668, hsv_lower=[5, 70, 70], hsv_upper=[30, 255, 255][0m
[INFO] [1783910820.412554804] [orange_pole_detector]: [0;33m未检测到有效橘色竖杆: candidates=0, frame=3683, hsv_lower=[5, 70, 70], hsv_upper=[30, 255, 255][0m
[INFO] [1783910821.478484673] [orange_pole_detector]: [0;33m未检测到有效橘色竖杆: candidates=0, frame=3699, hsv_lower=[5, 70, 70], hsv_upper=[30, 255, 255][0m
[INFO] [1783910822.479192816] [orange_pole_detector]: [0;33m未检测到有效橘色竖杆: candidates=0, frame=3714, hsv_lower=[5, 70, 70], hsv_upper=[30, 255, 255][0m
[INFO] [1783910823.545371727] [orange_pole_detector]: [0;33m未检测到有效橘色竖杆: candidates=0, frame=3730, hsv_lower=[5, 70, 70], hsv_upper=[30, 255, 255][0m
[INFO] [1783910824.546822884] [orange_pole_detector]: [0;33m未检测到有效橘色竖杆: candidates=0, frame=3745, hsv_lower=[5, 70, 70], hsv_upper=[30, 255, 255][0m
[INFO] [1783910825.612139932] [orange_pole_detector]: [0;33m未检测到有效橘色竖杆: candidates=0, frame=3761, hsv_lower=[5, 70, 70], hsv_upper=[30, 255, 255][0m
[INFO] [1783910826.612206376] [orange_pole_detector]: [0;33m未检测到有效橘色竖杆: candidates=0, frame=3776, hsv_lower=[5, 70, 70], hsv_upper=[30, 255, 255][0m
[INFO] [1783910827.612969783] [orange_pole_detector]: [0;33m未检测到有效橘色竖杆: candidates=0, frame=3791, hsv_lower=[5, 70, 70], hsv_upper=[30, 255, 255][0m
[INFO] [1783910828.680215113] [orange_pole_detector]: [0;33m未检测到有效橘色竖杆: candidates=0, frame=3807, hsv_lower=[5, 70, 70], hsv_upper=[30, 255, 255][0m
[INFO] [1783910829.679382344] [orange_pole_detector]: [0;33m未检测到有效橘色竖杆: candidates=0, frame=3822, hsv_lower=[5, 70, 70], hsv_upper=[30, 255, 255][0m
[INFO] [1783910830.679651477] [orange_pole_detector]: [0;33m未检测到有效橘色竖杆: candidates=0, frame=3837, hsv_lower=[5, 70, 70], hsv_upper=[30, 255, 255][0m
[INFO] [1783910831.679014620] [orange_pole_detector]: [0;33m未检测到有效橘色竖杆: candidates=0, frame=3852, hsv_lower=[5, 70, 70], hsv_upper=[30, 255, 255][0m
[INFO] [1783910832.746089216] [orange_pole_detector]: [0;33m未检测到有效橘色竖杆: candidates=0, frame=3868, hsv_lower=[5, 70, 70], hsv_upper=[30, 255, 255][0m
[INFO] [1783910833.746802464] [orange_pole_detector]: [0;33m未检测到有效橘色竖杆: candidates=0, frame=3883, hsv_lower=[5, 70, 70], hsv_upper=[30, 255, 255][0m
[INFO] [1783910834.746065981] [orange_pole_detector]: [0;33m未检测到有效橘色竖杆: candidates=0, frame=3898, hsv_lower=[5, 70, 70], hsv_upper=[30, 255, 255][0m
[INFO] [1783910835.746799573] [orange_pole_detector]: [0;33m未检测到有效橘色竖杆: candidates=0, frame=3913, hsv_lower=[5, 70, 70], hsv_upper=[30, 255, 255][0m
[INFO] [1783910836.812827612] [orange_pole_detector]: [0;33m未检测到有效橘色竖杆: candidates=0, frame=3929, hsv_lower=[5, 70, 70], hsv_upper=[30, 255, 255][0m
[INFO] [1783910837.813061807] [orange_pole_detector]: [0;33m未检测到有效橘色竖杆: candidates=0, frame=3944, hsv_lower=[5, 70, 70], hsv_upper=[30, 255, 255][0m
[INFO] [1783910838.813799936] [orange_pole_detector]: [0;33m未检测到有效橘色竖杆: candidates=0, frame=3959, hsv_lower=[5, 70, 70], hsv_upper=[30, 255, 255][0m
[INFO] [1783910839.813526947] [orange_pole_detector]: [0;33m未检测到有效橘色竖杆: candidates=0, frame=3974, hsv_lower=[5, 70, 70], hsv_upper=[30, 255, 255][0m
[INFO] [1783910840.816334471] [orange_pole_detector]: [0;33m未检测到有效橘色竖杆: candidates=0, frame=3989, hsv_lower=[5, 70, 70], hsv_upper=[30, 255, 255][0m
[INFO] [1783910841.814152420] [orange_pole_detector]: [0;33m未检测到有效橘色竖杆: candidates=0, frame=4004, hsv_lower=[5, 70, 70], hsv_upper=[30, 255, 255][0m
[INFO] [1783910842.814347717] [orange_pole_detector]: [0;33m未检测到有效橘色竖杆: candidates=0, frame=4019, hsv_lower=[5, 70, 70], hsv_upper=[30, 255, 255][0m
[INFO] [1783910843.814098772] [orange_pole_detector]: [0;33m未检测到有效橘色竖杆: candidates=0, frame=4034, hsv_lower=[5, 70, 70], hsv_upper=[30, 255, 255][0m
[INFO] [1783910844.815351564] [orange_pole_detector]: [0;33m未检测到有效橘色竖杆: candidates=0, frame=4049, hsv_lower=[5, 70, 70], hsv_upper=[30, 255, 255][0m
[INFO] [1783910845.883797716] [orange_pole_detector]: [0;33m未检测到有效橘色竖杆: candidates=0, frame=4065, hsv_lower=[5, 70, 70], hsv_upper=[30, 255, 255][0m
[INFO] [1783910846.949384465] [orange_pole_detector]: [0;33m未检测到有效橘色竖杆: candidates=0, frame=4081, hsv_lower=[5, 70, 70], hsv_upper=[30, 255, 255][0m
[INFO] [1783910847.950388070] [orange_pole_detector]: [0;33m未检测到有效橘色竖杆: candidates=0, frame=4096, hsv_lower=[5, 70, 70], hsv_upper=[30, 255, 255][0m
[INFO] [1783910848.949027975] [orange_pole_detector]: [0;33m未检测到有效橘色竖杆: candidates=0, frame=4111, hsv_lower=[5, 70, 70], hsv_upper=[30, 255, 255][0m
[INFO] [1783910849.949635941] [orange_pole_detector]: [0;33m未检测到有效橘色竖杆: candidates=0, frame=4126, hsv_lower=[5, 70, 70], hsv_upper=[30, 255, 255][0m
[INFO] [1783910850.950044090] [orange_pole_detector]: [0;33m未检测到有效橘色竖杆: candidates=0, frame=4141, hsv_lower=[5, 70, 70], hsv_upper=[30, 255, 255][0m
[INFO] [1783910851.954616713] [orange_pole_detector]: [0;33m未检测到有效橘色竖杆: candidates=0, frame=4156, hsv_lower=[5, 70, 70], hsv_upper=[30, 255, 255][0m
[INFO] [1783910852.958863164] [orange_pole_detector]: [0;33m未检测到有效橘色竖杆: candidates=0, frame=4171, hsv_lower=[5, 70, 70], hsv_upper=[30, 255, 255][0m
[INFO] [1783910853.963388797] [orange_pole_detector]: [0;33m未检测到有效橘色竖杆: candidates=0, frame=4186, hsv_lower=[5, 70, 70], hsv_upper=[30, 255, 255][0m
[INFO] [1783910854.968989652] [orange_pole_detector]: [0;33m未检测到有效橘色竖杆: candidates=0, frame=4201, hsv_lower=[5, 70, 70], hsv_upper=[30, 255, 255][0m
[INFO] [1783910855.970719561] [orange_pole_detector]: [0;33m未检测到有效橘色竖杆: candidates=0, frame=4216, hsv_lower=[5, 70, 70], hsv_upper=[30, 255, 255][0m
[INFO] [1783910856.975597157] [orange_pole_detector]: [0;33m未检测到有效橘色竖杆: candidates=0, frame=4231, hsv_lower=[5, 70, 70], hsv_upper=[30, 255, 255][0m
[INFO] [1783910857.978329840] [orange_pole_detector]: [0;33m未检测到有效橘色竖杆: candidates=0, frame=4246, hsv_lower=[5, 70, 70], hsv_upper=[30, 255, 255][0m
[INFO] [1783910858.983235393] [orange_pole_detector]: [0;33m未检测到有效橘色竖杆: candidates=0, frame=4261, hsv_lower=[5, 70, 70], hsv_upper=[30, 255, 255][0m
[INFO] [1783910859.985520210] [orange_pole_detector]: [0;33m未检测到有效橘色竖杆: candidates=0, frame=4276, hsv_lower=[5, 70, 70], hsv_upper=[30, 255, 255][0m
[INFO] [1783910860.988901060] [orange_pole_detector]: [0;33m未检测到有效橘色竖杆: candidates=0, frame=4291, hsv_lower=[5, 70, 70], hsv_upper=[30, 255, 255][0m
[INFO] [1783910861.991682114] [orange_pole_detector]: [0;33m未检测到有效橘色竖杆: candidates=0, frame=4306, hsv_lower=[5, 70, 70], hsv_upper=[30, 255, 255][0m
[INFO] [1783910862.995251968] [orange_pole_detector]: [0;33m未检测到有效橘色竖杆: candidates=0, frame=4321, hsv_lower=[5, 70, 70], hsv_upper=[30, 255, 255][0m
[INFO] [1783910863.998185100] [orange_pole_detector]: [0;33m未检测到有效橘色竖杆: candidates=0, frame=4336, hsv_lower=[5, 70, 70], hsv_upper=[30, 255, 255][0m
[INFO] [1783910865.002602532] [orange_pole_detector]: [0;33m未检测到有效橘色竖杆: candidates=0, frame=4351, hsv_lower=[5, 70, 70], hsv_upper=[30, 255, 255][0m
[INFO] [1783910866.002814287] [orange_pole_detector]: [0;33m未检测到有效橘色竖杆: candidates=0, frame=4366, hsv_lower=[5, 70, 70], hsv_upper=[30, 255, 255][0m
[INFO] [1783910867.005120295] [orange_pole_detector]: [0;33m未检测到有效橘色竖杆: candidates=0, frame=4381, hsv_lower=[5, 70, 70], hsv_upper=[30, 255, 255][0m
[INFO] [1783910867.338435205] [orange_pole_detector]: [1;95m触发状态更新: trigger=True[0m
[INFO] [1783910867.404823949] [orange_pole_detector]: [1;95m触发状态更新: trigger=False[0m
[INFO] [1783910868.007285649] [orange_pole_detector]: [0;33m未检测到有效橘色竖杆: candidates=0, frame=4396, hsv_lower=[5, 70, 70], hsv_upper=[30, 255, 255][0m
[INFO] [1783910869.009801139] [orange_pole_detector]: [0;33m未检测到有效橘色竖杆: candidates=0, frame=4411, hsv_lower=[5, 70, 70], hsv_upper=[30, 255, 255][0m
[INFO] [1783910870.012044498] [orange_pole_detector]: [0;33m未检测到有效橘色竖杆: candidates=0, frame=4426, hsv_lower=[5, 70, 70], hsv_upper=[30, 255, 255][0m
[INFO] [1783910871.013544361] [orange_pole_detector]: [0;33m未检测到有效橘色竖杆: candidates=0, frame=4441, hsv_lower=[5, 70, 70], hsv_upper=[30, 255, 255][0m
[INFO] [1783910872.015298707] [orange_pole_detector]: [0;33m未检测到有效橘色竖杆: candidates=0, frame=4456, hsv_lower=[5, 70, 70], hsv_upper=[30, 255, 255][0m
[INFO] [1783910873.017166792] [orange_pole_detector]: [0;33m未检测到有效橘色竖杆: candidates=0, frame=4471, hsv_lower=[5, 70, 70], hsv_upper=[30, 255, 255][0m
[INFO] [1783910874.018881673] [orange_pole_detector]: [0;33m未检测到有效橘色竖杆: candidates=0, frame=4486, hsv_lower=[5, 70, 70], hsv_upper=[30, 255, 255][0m
[INFO] [1783910875.020881740] [orange_pole_detector]: [0;33m未检测到有效橘色竖杆: candidates=0, frame=4501, hsv_lower=[5, 70, 70], hsv_upper=[30, 255, 255][0m
[INFO] [1783910876.022408529] [orange_pole_detector]: [0;33m未检测到有效橘色竖杆: candidates=0, frame=4516, hsv_lower=[5, 70, 70], hsv_upper=[30, 255, 255][0m
[INFO] [1783910877.023466468] [orange_pole_detector]: [0;33m未检测到有效橘色竖杆: candidates=0, frame=4531, hsv_lower=[5, 70, 70], hsv_upper=[30, 255, 255][0m
[INFO] [1783910878.025180485] [orange_pole_detector]: [0;33m未检测到有效橘色竖杆: candidates=0, frame=4546, hsv_lower=[5, 70, 70], hsv_upper=[30, 255, 255][0m
[INFO] [1783910879.026861644] [orange_pole_detector]: [0;33m未检测到有效橘色竖杆: candidates=0, frame=4561, hsv_lower=[5, 70, 70], hsv_upper=[30, 255, 255][0m
[INFO] [1783910879.562397209] [orange_pole_detector]: [1;95m触发状态更新: trigger=True[0m
[INFO] [1783910879.627567928] [orange_pole_detector]: [1;95m触发状态更新: trigger=False[0m
[INFO] [1783910880.027461148] [orange_pole_detector]: [0;33m未检测到有效橘色竖杆: candidates=0, frame=4576, hsv_lower=[5, 70, 70], hsv_upper=[30, 255, 255][0m
[INFO] [1783910881.029420849] [orange_pole_detector]: [0;33m未检测到有效橘色竖杆: candidates=0, frame=4591, hsv_lower=[5, 70, 70], hsv_upper=[30, 255, 255][0m
[INFO] [1783910882.031137521] [orange_pole_detector]: [0;33m未检测到有效橘色竖杆: candidates=0, frame=4606, hsv_lower=[5, 70, 70], hsv_upper=[30, 255, 255][0m
[INFO] [1783910883.032637863] [orange_pole_detector]: [0;33m未检测到有效橘色竖杆: candidates=0, frame=4621, hsv_lower=[5, 70, 70], hsv_upper=[30, 255, 255][0m
[INFO] [1783910883.301579758] [orange_pole_detector]: [1;95m触发状态更新: trigger=True[0m
[INFO] [1783910883.966117024] [orange_pole_detector]: [1;95m触发状态更新: trigger=False[0m
[INFO] [1783910884.033882551] [orange_pole_detector]: [0;33m未检测到有效橘色竖杆: candidates=0, frame=4636, hsv_lower=[5, 70, 70], hsv_upper=[30, 255, 255][0m
[INFO] [1783910885.035694847] [orange_pole_detector]: [0;33m未检测到有效橘色竖杆: candidates=0, frame=4651, hsv_lower=[5, 70, 70], hsv_upper=[30, 255, 255][0m
[INFO] [1783910885.103578467] [orange_pole_detector]: [1;95m触发状态更新: trigger=True[0m
[INFO] [1783910885.368232140] [orange_pole_detector]: [1;95m触发状态更新: trigger=False[0m
[INFO] [1783910886.036374660] [orange_pole_detector]: [0;33m未检测到有效橘色竖杆: candidates=0, frame=4666, hsv_lower=[5, 70, 70], hsv_upper=[30, 255, 255][0m
[INFO] [1783910887.038563641] [orange_pole_detector]: [0;33m未检测到有效橘色竖杆: candidates=0, frame=4681, hsv_lower=[5, 70, 70], hsv_upper=[30, 255, 255][0m
[INFO] [1783910888.039404481] [orange_pole_detector]: [0;33m未检测到有效橘色竖杆: candidates=0, frame=4696, hsv_lower=[5, 70, 70], hsv_upper=[30, 255, 255][0m
[INFO] [1783910889.040117095] [orange_pole_detector]: [0;33m未检测到有效橘色竖杆: candidates=0, frame=4711, hsv_lower=[5, 70, 70], hsv_upper=[30, 255, 255][0m
[INFO] [1783910889.913120588] [orange_pole_detector]: [1;95m触发状态更新: trigger=True[0m
[INFO] [1783910889.974397302] [orange_pole_detector]: [1;95m触发状态更新: trigger=False[0m
[INFO] [1783910890.044185840] [orange_pole_detector]: [0;33m未检测到有效橘色竖杆: candidates=0, frame=4726, hsv_lower=[5, 70, 70], hsv_upper=[30, 255, 255][0m
[INFO] [1783910891.109977627] [orange_pole_detector]: [0;33m未检测到有效橘色竖杆: candidates=0, frame=4742, hsv_lower=[5, 70, 70], hsv_upper=[30, 255, 255][0m
[INFO] [1783910892.176654137] [orange_pole_detector]: [0;33m未检测到有效橘色竖杆: candidates=0, frame=4758, hsv_lower=[5, 70, 70], hsv_upper=[30, 255, 255][0m
[INFO] [1783910893.179589145] [orange_pole_detector]: [0;33m未检测到有效橘色竖杆: candidates=0, frame=4773, hsv_lower=[5, 70, 70], hsv_upper=[30, 255, 255][0m
[INFO] [1783910894.045328503] [orange_pole_detector]: [1;95m触发状态更新: trigger=True[0m
[INFO] [1783910894.114365461] [orange_pole_detector]: [1;95m触发状态更新: trigger=False[0m
[INFO] [1783910894.179233618] [orange_pole_detector]: [0;33m未检测到有效橘色竖杆: candidates=0, frame=4788, hsv_lower=[5, 70, 70], hsv_upper=[30, 255, 255][0m
[INFO] [1783910895.113243766] [orange_pole_detector]: [1;95m触发状态更新: trigger=True[0m
[INFO] [1783910895.181009106] [orange_pole_detector]: [1;34m最近杆: dist=1.327m, lateral=0.285m, vertical=-0.000m, pixel=(278.3,116.9), box=38x80, height3d=0.243m, depth_px=960, candidates=1, trigger=True[0m
[INFO] [1783910895.648697962] [orange_pole_detector]: [1;95m触发状态更新: trigger=False[0m
[INFO] [1783910895.714142400] [orange_pole_detector]: [1;95m触发状态更新: trigger=True[0m
[INFO] [1783910896.181217813] [orange_pole_detector]: [1;34m最近杆: dist=1.338m, lateral=0.263m, vertical=0.003m, pixel=(272.8,117.5), box=34x82, height3d=0.240m, depth_px=905, candidates=1, trigger=True[0m
[INFO] [1783910897.182750195] [orange_pole_detector]: [1;34m最近杆: dist=1.343m, lateral=0.268m, vertical=0.002m, pixel=(273.6,117.4), box=33x79, height3d=0.229m, depth_px=803, candidates=1, trigger=True[0m
[INFO] [1783910897.849525695] [orange_pole_detector]: [1;95m触发状态更新: trigger=False[0m
[INFO] [1783910898.183946076] [orange_pole_detector]: [0;33m未检测到有效橘色竖杆: candidates=0, frame=4848, hsv_lower=[5, 70, 70], hsv_upper=[30, 255, 255][0m
[INFO] [1783910898.850006297] [orange_pole_detector]: [1;95m触发状态更新: trigger=True[0m
[INFO] [1783910899.184896712] [orange_pole_detector]: [1;34m最近杆: dist=1.359m, lateral=0.238m, vertical=0.017m, pixel=(266.3,120.8), box=40x78, height3d=0.286m, depth_px=790, candidates=1, trigger=True[0m
[INFO] [1783910900.185439015] [orange_pole_detector]: [1;34m最近杆: dist=1.365m, lateral=0.247m, vertical=0.019m, pixel=(268.2,121.2), box=42x77, height3d=0.289m, depth_px=816, candidates=1, trigger=True[0m
[INFO] [1783910901.051549546] [orange_pole_detector]: [1;95m触发状态更新: trigger=False[0m
[INFO] [1783910901.118802270] [orange_pole_detector]: [1;95m触发状态更新: trigger=True[0m
[INFO] [1783910901.187160033] [orange_pole_detector]: [1;34m最近杆: dist=1.359m, lateral=0.246m, vertical=0.018m, pixel=(268.1,121.0), box=41x76, height3d=0.284m, depth_px=771, candidates=1, trigger=True[0m
[INFO] [1783910901.585036372] [orange_pole_detector]: [1;95m触发状态更新: trigger=False[0m
[INFO] [1783910901.654097950] [orange_pole_detector]: [1;95m触发状态更新: trigger=True[0m
[INFO] [1783910901.784768979] [orange_pole_detector]: [1;95m触发状态更新: trigger=False[0m
[INFO] [1783910901.857492552] [orange_pole_detector]: [1;95m触发状态更新: trigger=True[0m
[INFO] [1783910902.189030249] [orange_pole_detector]: [1;34m最近杆: dist=1.354m, lateral=0.245m, vertical=0.022m, pixel=(268.1,121.8), box=42x78, height3d=0.292m, depth_px=830, candidates=1, trigger=True[0m
[INFO] [1783910902.853053685] [orange_pole_detector]: [1;95m触发状态更新: trigger=False[0m
[INFO] [1783910902.987510945] [orange_pole_detector]: [1;95m触发状态更新: trigger=True[0m
[INFO] [1783910903.119947915] [orange_pole_detector]: [1;95m触发状态更新: trigger=False[0m
[INFO] [1783910903.188626067] [orange_pole_detector]: [1;95m触发状态更新: trigger=True[0m
[INFO] [1783910903.192716067] [orange_pole_detector]: [1;34m最近杆: dist=1.253m, lateral=0.214m, vertical=0.007m, pixel=(264.9,118.5), box=30x71, height3d=0.213m, depth_px=503, candidates=1, trigger=True[0m
[INFO] [1783910903.989758517] [orange_pole_detector]: [1;95m触发状态更新: trigger=False[0m
[INFO] [1783910904.056354752] [orange_pole_detector]: [1;95m触发状态更新: trigger=True[0m
[INFO] [1783910904.189467018] [orange_pole_detector]: [1;34m最近杆: dist=1.359m, lateral=0.249m, vertical=0.011m, pixel=(268.7,119.3), box=38x70, height3d=0.210m, depth_px=707, candidates=1, trigger=True[0m
[INFO] [1783910905.191592495] [orange_pole_detector]: [1;34m最近杆: dist=1.359m, lateral=0.254m, vertical=0.002m, pixel=(269.8,117.3), box=35x66, height3d=0.200m, depth_px=731, candidates=1, trigger=True[0m
[INFO] [1783910906.191693127] [orange_pole_detector]: [1;34m最近杆: dist=1.359m, lateral=0.254m, vertical=0.006m, pixel=(269.9,118.3), box=35x66, height3d=0.200m, depth_px=733, candidates=1, trigger=True[0m
[INFO] [1783910906.858329613] [orange_pole_detector]: [1;95m触发状态更新: trigger=False[0m
[INFO] [1783910907.191122680] [orange_pole_detector]: [0;33m未检测到有效橘色竖杆: candidates=0, frame=4983, hsv_lower=[5, 70, 70], hsv_upper=[30, 255, 255][0m
[INFO] [1783910908.194229563] [orange_pole_detector]: [0;33m未检测到有效橘色竖杆: candidates=0, frame=4998, hsv_lower=[5, 70, 70], hsv_upper=[30, 255, 255][0m
[INFO] [1783910909.193163790] [orange_pole_detector]: [0;33m未检测到有效橘色竖杆: candidates=0, frame=5013, hsv_lower=[5, 70, 70], hsv_upper=[30, 255, 255][0m
[INFO] [1783910910.193913149] [orange_pole_detector]: [0;33m未检测到有效橘色竖杆: candidates=0, frame=5028, hsv_lower=[5, 70, 70], hsv_upper=[30, 255, 255][0m
[INFO] [1783910910.260949258] [orange_pole_detector]: [1;95m触发状态更新: trigger=True[0m
[INFO] [1783910910.459854435] [orange_pole_detector]: [1;95m触发状态更新: trigger=False[0m
[INFO] [1783910911.194115268] [orange_pole_detector]: [0;33m未检测到有效橘色竖杆: candidates=0, frame=5043, hsv_lower=[5, 70, 70], hsv_upper=[30, 255, 255][0m
[INFO] [1783910912.194883705] [orange_pole_detector]: [0;33m未检测到有效橘色竖杆: candidates=0, frame=5058, hsv_lower=[5, 70, 70], hsv_upper=[30, 255, 255][0m
[INFO] [1783910913.197038567] [orange_pole_detector]: [0;33m未检测到有效橘色竖杆: candidates=0, frame=5073, hsv_lower=[5, 70, 70], hsv_upper=[30, 255, 255][0m
[INFO] [1783910914.196955637] [orange_pole_detector]: [0;33m未检测到有效橘色竖杆: candidates=0, frame=5088, hsv_lower=[5, 70, 70], hsv_upper=[30, 255, 255][0m
[INFO] [1783910915.198484871] [orange_pole_detector]: [0;33m未检测到有效橘色竖杆: candidates=0, frame=5103, hsv_lower=[5, 70, 70], hsv_upper=[30, 255, 255][0m
[INFO] [1783910915.465224536] [orange_pole_detector]: [1;95m触发状态更新: trigger=True[0m
[INFO] [1783910915.798713291] [orange_pole_detector]: [1;95m触发状态更新: trigger=False[0m
[INFO] [1783910915.867604018] [orange_pole_detector]: [1;95m触发状态更新: trigger=True[0m
[INFO] [1783910915.931422216] [orange_pole_detector]: [1;95m触发状态更新: trigger=False[0m
[INFO] [1783910916.200638127] [orange_pole_detector]: [0;33m未检测到有效橘色竖杆: candidates=0, frame=5118, hsv_lower=[5, 70, 70], hsv_upper=[30, 255, 255][0m
[INFO] [1783910916.806219468] [orange_pole_detector]: [1;95m触发状态更新: trigger=True[0m
[INFO] [1783910916.940207257] [orange_pole_detector]: [1;95m触发状态更新: trigger=False[0m
[INFO] [1783910917.010344374] [orange_pole_detector]: [1;95m触发状态更新: trigger=True[0m
[INFO] [1783910917.211490716] [orange_pole_detector]: [1;34m最近杆: dist=0.623m, lateral=0.360m, vertical=-0.139m, pixel=(388.0,49.4), box=50x111, height3d=0.163m, depth_px=2284, candidates=1, trigger=True[0m
[INFO] [1783910918.016065099] [orange_pole_detector]: [1;95m触发状态更新: trigger=False[0m
[INFO] [1783910918.218276654] [orange_pole_detector]: [0;33m未检测到有效橘色竖杆: candidates=0, frame=5148, hsv_lower=[5, 70, 70], hsv_upper=[30, 255, 255][0m
[INFO] [1783910918.420343513] [orange_pole_detector]: [1;95m触发状态更新: trigger=True[0m
[INFO] [1783910918.555015206] [orange_pole_detector]: [1;95m触发状态更新: trigger=False[0m
[INFO] [1783910918.756057214] [orange_pole_detector]: [1;95m触发状态更新: trigger=True[0m
[INFO] [1783910919.227845228] [orange_pole_detector]: [1;34m最近杆: dist=1.312m, lateral=0.079m, vertical=0.128m, pixel=(231.6,146.5), box=30x60, height3d=0.208m, depth_px=636, candidates=1, trigger=True[0m
[INFO] [1783910919.427379940] [orange_pole_detector]: [1;95m触发状态更新: trigger=False[0m
[INFO] [1783910919.562560183] [orange_pole_detector]: [1;95m触发状态更新: trigger=True[0m
[INFO] [1783910919.628613586] [orange_pole_detector]: [1;95m触发状态更新: trigger=False[0m
[INFO] [1783910919.763955112] [orange_pole_detector]: [1;95m触发状态更新: trigger=True[0m
[INFO] [1783910919.898145951] [orange_pole_detector]: [1;95m触发状态更新: trigger=False[0m
[INFO] [1783910920.233851805] [orange_pole_detector]: [0;33m未检测到有效橘色竖杆: candidates=0, frame=5178, hsv_lower=[5, 70, 70], hsv_upper=[30, 255, 255][0m
[INFO] [1783910921.242466870] [orange_pole_detector]: [0;33m未检测到有效橘色竖杆: candidates=0, frame=5193, hsv_lower=[5, 70, 70], hsv_upper=[30, 255, 255][0m
[INFO] [1783910922.113838545] [orange_pole_detector]: [1;95m触发状态更新: trigger=True[0m
[INFO] [1783910922.247093619] [orange_pole_detector]: [1;95m触发状态更新: trigger=False[0m
[INFO] [1783910922.248526532] [orange_pole_detector]: [0;33m未检测到有效橘色竖杆: candidates=0, frame=5208, hsv_lower=[5, 70, 70], hsv_upper=[30, 255, 255][0m
[INFO] [1783910922.450097131] [orange_pole_detector]: [1;95m触发状态更新: trigger=True[0m
[INFO] [1783910922.517089857] [orange_pole_detector]: [1;95m触发状态更新: trigger=False[0m
[INFO] [1783910923.254834747] [orange_pole_detector]: [0;33m未检测到有效橘色竖杆: candidates=0, frame=5223, hsv_lower=[5, 70, 70], hsv_upper=[30, 255, 255][0m
[INFO] [1783910923.456061620] [orange_pole_detector]: [1;95m触发状态更新: trigger=True[0m
[INFO] [1783910923.790340812] [orange_pole_detector]: [1;95m触发状态更新: trigger=False[0m
[INFO] [1783910923.924995357] [orange_pole_detector]: [1;95m触发状态更新: trigger=True[0m
[INFO] [1783910924.125261140] [orange_pole_detector]: [1;95m触发状态更新: trigger=False[0m
[INFO] [1783910924.261088868] [orange_pole_detector]: [0;33m未检测到有效橘色竖杆: candidates=0, frame=5238, hsv_lower=[5, 70, 70], hsv_upper=[30, 255, 255][0m
[INFO] [1783910925.267278681] [orange_pole_detector]: [0;33m未检测到有效橘色竖杆: candidates=0, frame=5253, hsv_lower=[5, 70, 70], hsv_upper=[30, 255, 255][0m
[INFO] [1783910926.271659996] [orange_pole_detector]: [0;33m未检测到有效橘色竖杆: candidates=0, frame=5268, hsv_lower=[5, 70, 70], hsv_upper=[30, 255, 255][0m
[INFO] [1783910927.277057453] [orange_pole_detector]: [0;33m未检测到有效橘色竖杆: candidates=0, frame=5283, hsv_lower=[5, 70, 70], hsv_upper=[30, 255, 255][0m
[INFO] [1783910928.282863426] [orange_pole_detector]: [0;33m未检测到有效橘色竖杆: candidates=0, frame=5298, hsv_lower=[5, 70, 70], hsv_upper=[30, 255, 255][0m
[INFO] [1783910929.287496842] [orange_pole_detector]: [0;33m未检测到有效橘色竖杆: candidates=0, frame=5313, hsv_lower=[5, 70, 70], hsv_upper=[30, 255, 255][0m
[INFO] [1783910930.291363488] [orange_pole_detector]: [0;33m未检测到有效橘色竖杆: candidates=0, frame=5328, hsv_lower=[5, 70, 70], hsv_upper=[30, 255, 255][0m
[INFO] [1783910931.297081786] [orange_pole_detector]: [0;33m未检测到有效橘色竖杆: candidates=0, frame=5343, hsv_lower=[5, 70, 70], hsv_upper=[30, 255, 255][0m
[INFO] [1783910932.299671488] [orange_pole_detector]: [0;33m未检测到有效橘色竖杆: candidates=0, frame=5358, hsv_lower=[5, 70, 70], hsv_upper=[30, 255, 255][0m
[INFO] [1783910933.306389239] [orange_pole_detector]: [0;33m未检测到有效橘色竖杆: candidates=0, frame=5373, hsv_lower=[5, 70, 70], hsv_upper=[30, 255, 255][0m
[INFO] [1783910934.309459886] [orange_pole_detector]: [0;33m未检测到有效橘色竖杆: candidates=0, frame=5388, hsv_lower=[5, 70, 70], hsv_upper=[30, 255, 255][0m
[INFO] [1783910935.312093810] [orange_pole_detector]: [0;33m未检测到有效橘色竖杆: candidates=0, frame=5403, hsv_lower=[5, 70, 70], hsv_upper=[30, 255, 255][0m
[INFO] [1783910936.314748712] [orange_pole_detector]: [0;33m未检测到有效橘色竖杆: candidates=0, frame=5418, hsv_lower=[5, 70, 70], hsv_upper=[30, 255, 255][0m
[INFO] [1783910937.319715217] [orange_pole_detector]: [0;33m未检测到有效橘色竖杆: candidates=0, frame=5433, hsv_lower=[5, 70, 70], hsv_upper=[30, 255, 255][0m
[INFO] [1783910938.322070155] [orange_pole_detector]: [0;33m未检测到有效橘色竖杆: candidates=0, frame=5448, hsv_lower=[5, 70, 70], hsv_upper=[30, 255, 255][0m
[INFO] [1783910939.325898065] [orange_pole_detector]: [0;33m未检测到有效橘色竖杆: candidates=0, frame=5463, hsv_lower=[5, 70, 70], hsv_upper=[30, 255, 255][0m
[INFO] [1783910940.327915864] [orange_pole_detector]: [0;33m未检测到有效橘色竖杆: candidates=0, frame=5478, hsv_lower=[5, 70, 70], hsv_upper=[30, 255, 255][0m
[INFO] [1783910941.330741386] [orange_pole_detector]: [0;33m未检测到有效橘色竖杆: candidates=0, frame=5493, hsv_lower=[5, 70, 70], hsv_upper=[30, 255, 255][0m
[INFO] [1783910942.333185223] [orange_pole_detector]: [0;33m未检测到有效橘色竖杆: candidates=0, frame=5508, hsv_lower=[5, 70, 70], hsv_upper=[30, 255, 255][0m
[INFO] [1783910943.336385557] [orange_pole_detector]: [0;33m未检测到有效橘色竖杆: candidates=0, frame=5523, hsv_lower=[5, 70, 70], hsv_upper=[30, 255, 255][0m
[INFO] [1783910944.338607967] [orange_pole_detector]: [0;33m未检测到有效橘色竖杆: candidates=0, frame=5538, hsv_lower=[5, 70, 70], hsv_upper=[30, 255, 255][0m
[INFO] [1783910945.343219219] [orange_pole_detector]: [0;33m未检测到有效橘色竖杆: candidates=0, frame=5553, hsv_lower=[5, 70, 70], hsv_upper=[30, 255, 255][0m
[INFO] [1783910946.344612707] [orange_pole_detector]: [0;33m未检测到有效橘色竖杆: candidates=0, frame=5568, hsv_lower=[5, 70, 70], hsv_upper=[30, 255, 255][0m
[INFO] [1783910947.346288181] [orange_pole_detector]: [0;33m未检测到有效橘色竖杆: candidates=0, frame=5583, hsv_lower=[5, 70, 70], hsv_upper=[30, 255, 255][0m
[INFO] [1783910948.348023991] [orange_pole_detector]: [0;33m未检测到有效橘色竖杆: candidates=0, frame=5598, hsv_lower=[5, 70, 70], hsv_upper=[30, 255, 255][0m
[INFO] [1783910949.350493806] [orange_pole_detector]: [0;33m未检测到有效橘色竖杆: candidates=0, frame=5613, hsv_lower=[5, 70, 70], hsv_upper=[30, 255, 255][0m
[INFO] [1783910950.354060496] [orange_pole_detector]: [0;33m未检测到有效橘色竖杆: candidates=0, frame=5628, hsv_lower=[5, 70, 70], hsv_upper=[30, 255, 255][0m
[INFO] [1783910951.354770433] [orange_pole_detector]: [0;33m未检测到有效橘色竖杆: candidates=0, frame=5643, hsv_lower=[5, 70, 70], hsv_upper=[30, 255, 255][0m
[INFO] [1783910952.356934346] [orange_pole_detector]: [0;33m未检测到有效橘色竖杆: candidates=0, frame=5658, hsv_lower=[5, 70, 70], hsv_upper=[30, 255, 255][0m
[INFO] [1783910952.958929679] [orange_pole_detector]: [1;95m触发状态更新: trigger=True[0m
[INFO] [1783910953.024384807] [orange_pole_detector]: [1;95m触发状态更新: trigger=False[0m
[INFO] [1783910953.158974967] [orange_pole_detector]: [1;95m触发状态更新: trigger=True[0m
[INFO] [1783910953.361782301] [orange_pole_detector]: [1;34m最近杆: dist=1.031m, lateral=0.119m, vertical=0.097m, pixel=(248.1,145.3), box=40x97, height3d=0.243m, depth_px=1452, candidates=1, trigger=True[0m
[INFO] [1783910954.092836199] [orange_pole_detector]: [1;95m触发状态更新: trigger=False[0m
[INFO] [1783910954.360698116] [orange_pole_detector]: [0;33m未检测到有效橘色竖杆: candidates=0, frame=5688, hsv_lower=[5, 70, 70], hsv_upper=[30, 255, 255][0m
[INFO] [1783910954.627944057] [orange_pole_detector]: [1;95m触发状态更新: trigger=True[0m
[INFO] [1783910954.894481795] [orange_pole_detector]: [1;95m触发状态更新: trigger=False[0m
[INFO] [1783910955.363342077] [orange_pole_detector]: [0;33m未检测到有效橘色竖杆: candidates=0, frame=5703, hsv_lower=[5, 70, 70], hsv_upper=[30, 255, 255][0m
[INFO] [1783910956.364793319] [orange_pole_detector]: [1;95m触发状态更新: trigger=True[0m
[INFO] [1783910956.368852119] [orange_pole_detector]: [1;34m最近杆: dist=1.312m, lateral=0.133m, vertical=0.006m, pixel=(244.0,118.3), box=16x45, height3d=0.142m, depth_px=383, candidates=1, trigger=True[0m
[INFO] [1783910956.429903123] [orange_pole_detector]: [1;95m触发状态更新: trigger=False[0m
[INFO] [1783910956.632313498] [orange_pole_detector]: [1;95m触发状态更新: trigger=True[0m
[INFO] [1783910956.697712412] [orange_pole_detector]: [1;95m触发状态更新: trigger=False[0m
[INFO] [1783910956.831669689] [orange_pole_detector]: [1;95m触发状态更新: trigger=True[0m
[INFO] [1783910956.897941509] [orange_pole_detector]: [1;95m触发状态更新: trigger=False[0m
[INFO] [1783910957.301081709] [orange_pole_detector]: [1;95m触发状态更新: trigger=True[0m
[INFO] [1783910957.366805379] [orange_pole_detector]: [1;34m最近杆: dist=1.312m, lateral=0.125m, vertical=0.002m, pixel=(242.1,117.4), box=16x47, height3d=0.149m, depth_px=402, candidates=1, trigger=True[0m
[INFO] [1783910957.432125097] [orange_pole_detector]: [1;95m触发状态更新: trigger=False[0m
[INFO] [1783910957.500757072] [orange_pole_detector]: [1;95m触发状态更新: trigger=True[0m
[INFO] [1783910957.632643427] [orange_pole_detector]: [1;95m触发状态更新: trigger=False[0m
[INFO] [1783910957.766966774] [orange_pole_detector]: [1;95m触发状态更新: trigger=True[0m
[INFO] [1783910957.833261497] [orange_pole_detector]: [1;95m触发状态更新: trigger=False[0m
[INFO] [1783910958.234605454] [orange_pole_detector]: [1;95m触发状态更新: trigger=True[0m
[INFO] [1783910958.300623290] [orange_pole_detector]: [1;95m触发状态更新: trigger=False[0m
[INFO] [1783910958.368089024] [orange_pole_detector]: [0;33m未检测到有效橘色竖杆: candidates=0, frame=5748, hsv_lower=[5, 70, 70], hsv_upper=[30, 255, 255][0m
[INFO] [1783910958.903594531] [orange_pole_detector]: [1;95m触发状态更新: trigger=True[0m
[INFO] [1783910958.968038346] [orange_pole_detector]: [1;95m触发状态更新: trigger=False[0m
[INFO] [1783910959.236073054] [orange_pole_detector]: [1;95m触发状态更新: trigger=True[0m
[INFO] [1783910959.306710202] [orange_pole_detector]: [1;95m触发状态更新: trigger=False[0m
[INFO] [1783910959.369463116] [orange_pole_detector]: [0;33m未检测到有效橘色竖杆: candidates=0, frame=5763, hsv_lower=[5, 70, 70], hsv_upper=[30, 255, 255][0m
[INFO] [1783910960.371572395] [orange_pole_detector]: [0;33m未检测到有效橘色竖杆: candidates=0, frame=5778, hsv_lower=[5, 70, 70], hsv_upper=[30, 255, 255][0m
[INFO] [1783910961.373779872] [orange_pole_detector]: [0;33m未检测到有效橘色竖杆: candidates=0, frame=5793, hsv_lower=[5, 70, 70], hsv_upper=[30, 255, 255][0m
[INFO] [1783910962.376476969] [orange_pole_detector]: [0;33m未检测到有效橘色竖杆: candidates=0, frame=5808, hsv_lower=[5, 70, 70], hsv_upper=[30, 255, 255][0m
[INFO] [1783910963.110088060] [orange_pole_detector]: [1;95m触发状态更新: trigger=True[0m
[INFO] [1783910963.175317491] [orange_pole_detector]: [1;95m触发状态更新: trigger=False[0m
[INFO] [1783910963.377416596] [orange_pole_detector]: [0;33m未检测到有效橘色竖杆: candidates=0, frame=5823, hsv_lower=[5, 70, 70], hsv_upper=[30, 255, 255][0m
[INFO] [1783910963.510116316] [orange_pole_detector]: [1;95m触发状态更新: trigger=True[0m
[INFO] [1783910963.576233719] [orange_pole_detector]: [1;95m触发状态更新: trigger=False[0m
[INFO] [1783910963.644449637] [orange_pole_detector]: [1;95m触发状态更新: trigger=True[0m
[INFO] [1783910963.710436495] [orange_pole_detector]: [1;95m触发状态更新: trigger=False[0m
[INFO] [1783910964.044387918] [orange_pole_detector]: [1;95m触发状态更新: trigger=True[0m
[INFO] [1783910964.113835470] [orange_pole_detector]: [1;95m触发状态更新: trigger=False[0m
[INFO] [1783910964.248241331] [orange_pole_detector]: [1;95m触发状态更新: trigger=True[0m
[INFO] [1783910964.310878319] [orange_pole_detector]: [1;95m触发状态更新: trigger=False[0m
[INFO] [1783910964.378404643] [orange_pole_detector]: [0;33m未检测到有效橘色竖杆: candidates=0, frame=5838, hsv_lower=[5, 70, 70], hsv_upper=[30, 255, 255][0m
[INFO] [1783910964.578118700] [orange_pole_detector]: [1;95m触发状态更新: trigger=True[0m
[INFO] [1783910964.778265893] [orange_pole_detector]: [1;95m触发状态更新: trigger=False[0m
[INFO] [1783910965.379297956] [orange_pole_detector]: [1;95m触发状态更新: trigger=True[0m
[INFO] [1783910965.380941895] [orange_pole_detector]: [1;34m最近杆: dist=1.204m, lateral=0.070m, vertical=-0.005m, pixel=(231.0,115.7), box=28x56, height3d=0.158m, depth_px=824, candidates=1, trigger=True[0m
[INFO] [1783910965.645939669] [orange_pole_detector]: [1;95m触发状态更新: trigger=False[0m
[INFO] [1783910966.381557738] [orange_pole_detector]: [0;33m未检测到有效橘色竖杆: candidates=0, frame=5868, hsv_lower=[5, 70, 70], hsv_upper=[30, 255, 255][0m
[INFO] [1783910967.383100486] [orange_pole_detector]: [0;33m未检测到有效橘色竖杆: candidates=0, frame=5883, hsv_lower=[5, 70, 70], hsv_upper=[30, 255, 255][0m
[INFO] [1783910968.384159734] [orange_pole_detector]: [0;33m未检测到有效橘色竖杆: candidates=0, frame=5898, hsv_lower=[5, 70, 70], hsv_upper=[30, 255, 255][0m
[INFO] [1783910969.318683175] [orange_pole_detector]: [1;95m触发状态更新: trigger=True[0m
[INFO] [1783910969.386726497] [orange_pole_detector]: [1;34m最近杆: dist=1.131m, lateral=0.203m, vertical=0.125m, pixel=(267.7,150.4), box=52x99, height3d=0.275m, depth_px=1465, candidates=1, trigger=True[0m
[INFO] [1783910970.053083789] [orange_pole_detector]: [1;95m触发状态更新: trigger=False[0m
[INFO] [1783910970.387925340] [orange_pole_detector]: [0;33m未检测到有效橘色竖杆: candidates=0, frame=5928, hsv_lower=[5, 70, 70], hsv_upper=[30, 255, 255][0m
[INFO] [1783910971.389042386] [orange_pole_detector]: [0;33m未检测到有效橘色竖杆: candidates=0, frame=5943, hsv_lower=[5, 70, 70], hsv_upper=[30, 255, 255][0m
[INFO] [1783910972.389688049] [orange_pole_detector]: [0;33m未检测到有效橘色竖杆: candidates=0, frame=5958, hsv_lower=[5, 70, 70], hsv_upper=[30, 255, 255][0m
[INFO] [1783910973.392343095] [orange_pole_detector]: [0;33m未检测到有效橘色竖杆: candidates=0, frame=5973, hsv_lower=[5, 70, 70], hsv_upper=[30, 255, 255][0m
[INFO] [1783910974.393421424] [orange_pole_detector]: [0;33m未检测到有效橘色竖杆: candidates=0, frame=5988, hsv_lower=[5, 70, 70], hsv_upper=[30, 255, 255][0m
[INFO] [1783910975.396469418] [orange_pole_detector]: [0;33m未检测到有效橘色竖杆: candidates=0, frame=6003, hsv_lower=[5, 70, 70], hsv_upper=[30, 255, 255][0m
[INFO] [1783910976.463766330] [orange_pole_detector]: [0;33m未检测到有效橘色竖杆: candidates=0, frame=6019, hsv_lower=[5, 70, 70], hsv_upper=[30, 255, 255][0m
[INFO] [1783910977.464371132] [orange_pole_detector]: [0;33m未检测到有效橘色竖杆: candidates=0, frame=6034, hsv_lower=[5, 70, 70], hsv_upper=[30, 255, 255][0m
[INFO] [1783910978.466148524] [orange_pole_detector]: [0;33m未检测到有效橘色竖杆: candidates=0, frame=6049, hsv_lower=[5, 70, 70], hsv_upper=[30, 255, 255][0m
[INFO] [1783910979.466483915] [orange_pole_detector]: [0;33m未检测到有效橘色竖杆: candidates=0, frame=6064, hsv_lower=[5, 70, 70], hsv_upper=[30, 255, 255][0m
[INFO] [1783910980.467240615] [orange_pole_detector]: [0;33m未检测到有效橘色竖杆: candidates=0, frame=6079, hsv_lower=[5, 70, 70], hsv_upper=[30, 255, 255][0m
[INFO] [1783910981.533942401] [orange_pole_detector]: [0;33m未检测到有效橘色竖杆: candidates=0, frame=6095, hsv_lower=[5, 70, 70], hsv_upper=[30, 255, 255][0m
[INFO] [1783910982.533435270] [orange_pole_detector]: [0;33m未检测到有效橘色竖杆: candidates=0, frame=6110, hsv_lower=[5, 70, 70], hsv_upper=[30, 255, 255][0m
[INFO] [1783910983.600204356] [orange_pole_detector]: [0;33m未检测到有效橘色竖杆: candidates=0, frame=6126, hsv_lower=[5, 70, 70], hsv_upper=[30, 255, 255][0m
[INFO] [1783910984.666465932] [orange_pole_detector]: [0;33m未检测到有效橘色竖杆: candidates=0, frame=6142, hsv_lower=[5, 70, 70], hsv_upper=[30, 255, 255][0m
[INFO] [1783910985.732674439] [orange_pole_detector]: [0;33m未检测到有效橘色竖杆: candidates=0, frame=6158, hsv_lower=[5, 70, 70], hsv_upper=[30, 255, 255][0m
[INFO] [1783910986.732840331] [orange_pole_detector]: [0;33m未检测到有效橘色竖杆: candidates=0, frame=6173, hsv_lower=[5, 70, 70], hsv_upper=[30, 255, 255][0m
[INFO] [1783910987.799587054] [orange_pole_detector]: [0;33m未检测到有效橘色竖杆: candidates=0, frame=6189, hsv_lower=[5, 70, 70], hsv_upper=[30, 255, 255][0m
[INFO] [1783910988.866344443] [orange_pole_detector]: [0;33m未检测到有效橘色竖杆: candidates=0, frame=6205, hsv_lower=[5, 70, 70], hsv_upper=[30, 255, 255][0m
[INFO] [1783910989.932545998] [orange_pole_detector]: [0;33m未检测到有效橘色竖杆: candidates=0, frame=6221, hsv_lower=[5, 70, 70], hsv_upper=[30, 255, 255][0m
[INFO] [1783910990.932990308] [orange_pole_detector]: [0;33m未检测到有效橘色竖杆: candidates=0, frame=6236, hsv_lower=[5, 70, 70], hsv_upper=[30, 255, 255][0m
[INFO] [1783910992.000142107] [orange_pole_detector]: [0;33m未检测到有效橘色竖杆: candidates=0, frame=6252, hsv_lower=[5, 70, 70], hsv_upper=[30, 255, 255][0m
[INFO] [1783910993.066030370] [orange_pole_detector]: [0;33m未检测到有效橘色竖杆: candidates=0, frame=6268, hsv_lower=[5, 70, 70], hsv_upper=[30, 255, 255][0m
[INFO] [1783910994.066338347] [orange_pole_detector]: [0;33m未检测到有效橘色竖杆: candidates=0, frame=6283, hsv_lower=[5, 70, 70], hsv_upper=[30, 255, 255][0m
[INFO] [1783910995.066608679] [orange_pole_detector]: [0;33m未检测到有效橘色竖杆: candidates=0, frame=6298, hsv_lower=[5, 70, 70], hsv_upper=[30, 255, 255][0m
[INFO] [1783910996.066531385] [orange_pole_detector]: [0;33m未检测到有效橘色竖杆: candidates=0, frame=6313, hsv_lower=[5, 70, 70], hsv_upper=[30, 255, 255][0m
[INFO] [1783910997.068964596] [orange_pole_detector]: [0;33m未检测到有效橘色竖杆: candidates=0, frame=6328, hsv_lower=[5, 70, 70], hsv_upper=[30, 255, 255][0m
[INFO] [1783910998.133944400] [orange_pole_detector]: [0;33m未检测到有效橘色竖杆: candidates=0, frame=6344, hsv_lower=[5, 70, 70], hsv_upper=[30, 255, 255][0m
[INFO] [1783910999.201057719] [orange_pole_detector]: [0;33m未检测到有效橘色竖杆: candidates=0, frame=6360, hsv_lower=[5, 70, 70], hsv_upper=[30, 255, 255][0m
[INFO] [1783911000.201490888] [orange_pole_detector]: [0;33m未检测到有效橘色竖杆: candidates=0, frame=6375, hsv_lower=[5, 70, 70], hsv_upper=[30, 255, 255][0m
[INFO] [1783911001.202652187] [orange_pole_detector]: [0;33m未检测到有效橘色竖杆: candidates=0, frame=6390, hsv_lower=[5, 70, 70], hsv_upper=[30, 255, 255][0m
[INFO] [1783911002.268953498] [orange_pole_detector]: [0;33m未检测到有效橘色竖杆: candidates=0, frame=6406, hsv_lower=[5, 70, 70], hsv_upper=[30, 255, 255][0m
[INFO] [1783911003.268535451] [orange_pole_detector]: [0;33m未检测到有效橘色竖杆: candidates=0, frame=6421, hsv_lower=[5, 70, 70], hsv_upper=[30, 255, 255][0m
[INFO] [1783911004.269216248] [orange_pole_detector]: [0;33m未检测到有效橘色竖杆: candidates=0, frame=6436, hsv_lower=[5, 70, 70], hsv_upper=[30, 255, 255][0m
[INFO] [1783911005.269902820] [orange_pole_detector]: [0;33m未检测到有效橘色竖杆: candidates=0, frame=6451, hsv_lower=[5, 70, 70], hsv_upper=[30, 255, 255][0m
[INFO] [1783911006.269945604] [orange_pole_detector]: [0;33m未检测到有效橘色竖杆: candidates=0, frame=6466, hsv_lower=[5, 70, 70], hsv_upper=[30, 255, 255][0m
[INFO] [1783911007.270639490] [orange_pole_detector]: [0;33m未检测到有效橘色竖杆: candidates=0, frame=6481, hsv_lower=[5, 70, 70], hsv_upper=[30, 255, 255][0m
[INFO] [1783911008.271013894] [orange_pole_detector]: [0;33m未检测到有效橘色竖杆: candidates=0, frame=6496, hsv_lower=[5, 70, 70], hsv_upper=[30, 255, 255][0m
[INFO] [1783911009.271566589] [orange_pole_detector]: [0;33m未检测到有效橘色竖杆: candidates=0, frame=6511, hsv_lower=[5, 70, 70], hsv_upper=[30, 255, 255][0m
[INFO] [1783911010.271376604] [orange_pole_detector]: [0;33m未检测到有效橘色竖杆: candidates=0, frame=6526, hsv_lower=[5, 70, 70], hsv_upper=[30, 255, 255][0m
[INFO] [1783911011.273312523] [orange_pole_detector]: [0;33m未检测到有效橘色竖杆: candidates=0, frame=6541, hsv_lower=[5, 70, 70], hsv_upper=[30, 255, 255][0m
[INFO] [1783911012.272945492] [orange_pole_detector]: [0;33m未检测到有效橘色竖杆: candidates=0, frame=6556, hsv_lower=[5, 70, 70], hsv_upper=[30, 255, 255][0m
[INFO] [1783911013.273755371] [orange_pole_detector]: [0;33m未检测到有效橘色竖杆: candidates=0, frame=6571, hsv_lower=[5, 70, 70], hsv_upper=[30, 255, 255][0m
[INFO] [1783911014.275461516] [orange_pole_detector]: [0;33m未检测到有效橘色竖杆: candidates=0, frame=6586, hsv_lower=[5, 70, 70], hsv_upper=[30, 255, 255][0m
[INFO] [1783911015.342733869] [orange_pole_detector]: [0;33m未检测到有效橘色竖杆: candidates=0, frame=6602, hsv_lower=[5, 70, 70], hsv_upper=[30, 255, 255][0m
[INFO] [1783911016.409868408] [orange_pole_detector]: [0;33m未检测到有效橘色竖杆: candidates=0, frame=6618, hsv_lower=[5, 70, 70], hsv_upper=[30, 255, 255][0m
[INFO] [1783911017.409822309] [orange_pole_detector]: [0;33m未检测到有效橘色竖杆: candidates=0, frame=6633, hsv_lower=[5, 70, 70], hsv_upper=[30, 255, 255][0m
[INFO] [1783911018.410950941] [orange_pole_detector]: [0;33m未检测到有效橘色竖杆: candidates=0, frame=6648, hsv_lower=[5, 70, 70], hsv_upper=[30, 255, 255][0m
[INFO] [1783911019.411465647] [orange_pole_detector]: [0;33m未检测到有效橘色竖杆: candidates=0, frame=6663, hsv_lower=[5, 70, 70], hsv_upper=[30, 255, 255][0m
[INFO] [1783911020.411786573] [orange_pole_detector]: [0;33m未检测到有效橘色竖杆: candidates=0, frame=6678, hsv_lower=[5, 70, 70], hsv_upper=[30, 255, 255][0m
[INFO] [1783911021.278805789] [orange_pole_detector]: [1;95m触发状态更新: trigger=True[0m
[INFO] [1783911021.344673700] [orange_pole_detector]: [1;95m触发状态更新: trigger=False[0m
[INFO] [1783911021.412889554] [orange_pole_detector]: [0;33m未检测到有效橘色竖杆: candidates=0, frame=6693, hsv_lower=[5, 70, 70], hsv_upper=[30, 255, 255][0m
[INFO] [1783911022.413287494] [orange_pole_detector]: [0;33m未检测到有效橘色竖杆: candidates=0, frame=6708, hsv_lower=[5, 70, 70], hsv_upper=[30, 255, 255][0m
[INFO] [1783911023.413520714] [orange_pole_detector]: [0;33m未检测到有效橘色竖杆: candidates=0, frame=6723, hsv_lower=[5, 70, 70], hsv_upper=[30, 255, 255][0m
[INFO] [1783911024.414430589] [orange_pole_detector]: [0;33m未检测到有效橘色竖杆: candidates=0, frame=6738, hsv_lower=[5, 70, 70], hsv_upper=[30, 255, 255][0m
[INFO] [1783911025.415491193] [orange_pole_detector]: [0;33m未检测到有效橘色竖杆: candidates=0, frame=6753, hsv_lower=[5, 70, 70], hsv_upper=[30, 255, 255][0m
[INFO] [1783911026.415672966] [orange_pole_detector]: [0;33m未检测到有效橘色竖杆: candidates=0, frame=6768, hsv_lower=[5, 70, 70], hsv_upper=[30, 255, 255][0m
[INFO] [1783911027.417242338] [orange_pole_detector]: [0;33m未检测到有效橘色竖杆: candidates=0, frame=6783, hsv_lower=[5, 70, 70], hsv_upper=[30, 255, 255][0m
[INFO] [1783911028.417034659] [orange_pole_detector]: [0;33m未检测到有效橘色竖杆: candidates=0, frame=6798, hsv_lower=[5, 70, 70], hsv_upper=[30, 255, 255][0m
[INFO] [1783911029.418426019] [orange_pole_detector]: [0;33m未检测到有效橘色竖杆: candidates=0, frame=6813, hsv_lower=[5, 70, 70], hsv_upper=[30, 255, 255][0m
[INFO] [1783911030.418482504] [orange_pole_detector]: [0;33m未检测到有效橘色竖杆: candidates=0, frame=6828, hsv_lower=[5, 70, 70], hsv_upper=[30, 255, 255][0m
[INFO] [1783911031.419705250] [orange_pole_detector]: [0;33m未检测到有效橘色竖杆: candidates=0, frame=6843, hsv_lower=[5, 70, 70], hsv_upper=[30, 255, 255][0m
[INFO] [1783911032.420421119] [orange_pole_detector]: [0;33m未检测到有效橘色竖杆: candidates=0, frame=6858, hsv_lower=[5, 70, 70], hsv_upper=[30, 255, 255][0m
[INFO] [1783911033.421677430] [orange_pole_detector]: [0;33m未检测到有效橘色竖杆: candidates=0, frame=6873, hsv_lower=[5, 70, 70], hsv_upper=[30, 255, 255][0m
[INFO] [1783911034.424537212] [orange_pole_detector]: [0;33m未检测到有效橘色竖杆: candidates=0, frame=6888, hsv_lower=[5, 70, 70], hsv_upper=[30, 255, 255][0m
[INFO] [1783911035.423192496] [orange_pole_detector]: [0;33m未检测到有效橘色竖杆: candidates=0, frame=6903, hsv_lower=[5, 70, 70], hsv_upper=[30, 255, 255][0m
[INFO] [1783911036.423355346] [orange_pole_detector]: [0;33m未检测到有效橘色竖杆: candidates=0, frame=6918, hsv_lower=[5, 70, 70], hsv_upper=[30, 255, 255][0m
[INFO] [1783911037.024468001] [orange_pole_detector]: [1;95m触发状态更新: trigger=True[0m
[INFO] [1783911037.159572294] [orange_pole_detector]: [1;95m触发状态更新: trigger=False[0m
[INFO] [1783911037.424742850] [orange_pole_detector]: [0;33m未检测到有效橘色竖杆: candidates=0, frame=6933, hsv_lower=[5, 70, 70], hsv_upper=[30, 255, 255][0m
[INFO] [1783911038.427838852] [orange_pole_detector]: [0;33m未检测到有效橘色竖杆: candidates=0, frame=6948, hsv_lower=[5, 70, 70], hsv_upper=[30, 255, 255][0m
[INFO] [1783911039.426249775] [orange_pole_detector]: [0;33m未检测到有效橘色竖杆: candidates=0, frame=6963, hsv_lower=[5, 70, 70], hsv_upper=[30, 255, 255][0m
[INFO] [1783911040.427098375] [orange_pole_detector]: [0;33m未检测到有效橘色竖杆: candidates=0, frame=6978, hsv_lower=[5, 70, 70], hsv_upper=[30, 255, 255][0m
[INFO] [1783911041.428244781] [orange_pole_detector]: [0;33m未检测到有效橘色竖杆: candidates=0, frame=6993, hsv_lower=[5, 70, 70], hsv_upper=[30, 255, 255][0m
[INFO] [1783911042.428546087] [orange_pole_detector]: [0;33m未检测到有效橘色竖杆: candidates=0, frame=7008, hsv_lower=[5, 70, 70], hsv_upper=[30, 255, 255][0m
[INFO] [1783911043.429568078] [orange_pole_detector]: [0;33m未检测到有效橘色竖杆: candidates=0, frame=7023, hsv_lower=[5, 70, 70], hsv_upper=[30, 255, 255][0m
[INFO] [1783911044.429842760] [orange_pole_detector]: [0;33m未检测到有效橘色竖杆: candidates=0, frame=7038, hsv_lower=[5, 70, 70], hsv_upper=[30, 255, 255][0m
[INFO] [1783911045.431283534] [orange_pole_detector]: [0;33m未检测到有效橘色竖杆: candidates=0, frame=7053, hsv_lower=[5, 70, 70], hsv_upper=[30, 255, 255][0m
[INFO] [1783911046.432206622] [orange_pole_detector]: [0;33m未检测到有效橘色竖杆: candidates=0, frame=7068, hsv_lower=[5, 70, 70], hsv_upper=[30, 255, 255][0m
[INFO] [1783911047.433411620] [orange_pole_detector]: [0;33m未检测到有效橘色竖杆: candidates=0, frame=7083, hsv_lower=[5, 70, 70], hsv_upper=[30, 255, 255][0m
[INFO] [1783911048.433369462] [orange_pole_detector]: [0;33m未检测到有效橘色竖杆: candidates=0, frame=7098, hsv_lower=[5, 70, 70], hsv_upper=[30, 255, 255][0m
[INFO] [1783911049.434680395] [orange_pole_detector]: [0;33m未检测到有效橘色竖杆: candidates=0, frame=7113, hsv_lower=[5, 70, 70], hsv_upper=[30, 255, 255][0m
[INFO] [1783911050.435413321] [orange_pole_detector]: [0;33m未检测到有效橘色竖杆: candidates=0, frame=7128, hsv_lower=[5, 70, 70], hsv_upper=[30, 255, 255][0m
[INFO] [1783911051.436189305] [orange_pole_detector]: [0;33m未检测到有效橘色竖杆: candidates=0, frame=7143, hsv_lower=[5, 70, 70], hsv_upper=[30, 255, 255][0m
[INFO] [1783911052.437199947] [orange_pole_detector]: [0;33m未检测到有效橘色竖杆: candidates=0, frame=7158, hsv_lower=[5, 70, 70], hsv_upper=[30, 255, 255][0m
[INFO] [1783911053.439484190] [orange_pole_detector]: [0;33m未检测到有效橘色竖杆: candidates=0, frame=7173, hsv_lower=[5, 70, 70], hsv_upper=[30, 255, 255][0m
[INFO] [1783911054.439775987] [orange_pole_detector]: [0;33m未检测到有效橘色竖杆: candidates=0, frame=7188, hsv_lower=[5, 70, 70], hsv_upper=[30, 255, 255][0m
[INFO] [1783911055.443963437] [orange_pole_detector]: [0;33m未检测到有效橘色竖杆: candidates=0, frame=7203, hsv_lower=[5, 70, 70], hsv_upper=[30, 255, 255][0m
[INFO] [1783911056.442203979] [orange_pole_detector]: [0;33m未检测到有效橘色竖杆: candidates=0, frame=7218, hsv_lower=[5, 70, 70], hsv_upper=[30, 255, 255][0m
[INFO] [1783911057.443343548] [orange_pole_detector]: [0;33m未检测到有效橘色竖杆: candidates=0, frame=7233, hsv_lower=[5, 70, 70], hsv_upper=[30, 255, 255][0m
[INFO] [1783911058.446148785] [orange_pole_detector]: [0;33m未检测到有效橘色竖杆: candidates=0, frame=7248, hsv_lower=[5, 70, 70], hsv_upper=[30, 255, 255][0m
[INFO] [1783911059.513278008] [orange_pole_detector]: [0;33m未检测到有效橘色竖杆: candidates=0, frame=7264, hsv_lower=[5, 70, 70], hsv_upper=[30, 255, 255][0m
[INFO] [1783911060.511891737] [orange_pole_detector]: [0;33m未检测到有效橘色竖杆: candidates=0, frame=7279, hsv_lower=[5, 70, 70], hsv_upper=[30, 255, 255][0m
[INFO] [1783911061.513926832] [orange_pole_detector]: [0;33m未检测到有效橘色竖杆: candidates=0, frame=7294, hsv_lower=[5, 70, 70], hsv_upper=[30, 255, 255][0m
[INFO] [1783911062.514386568] [orange_pole_detector]: [0;33m未检测到有效橘色竖杆: candidates=0, frame=7309, hsv_lower=[5, 70, 70], hsv_upper=[30, 255, 255][0m
[INFO] [1783911063.515048210] [orange_pole_detector]: [0;33m未检测到有效橘色竖杆: candidates=0, frame=7324, hsv_lower=[5, 70, 70], hsv_upper=[30, 255, 255][0m
[INFO] [1783911064.516348081] [orange_pole_detector]: [0;33m未检测到有效橘色竖杆: candidates=0, frame=7339, hsv_lower=[5, 70, 70], hsv_upper=[30, 255, 255][0m
[INFO] [1783911065.516318945] [orange_pole_detector]: [0;33m未检测到有效橘色竖杆: candidates=0, frame=7354, hsv_lower=[5, 70, 70], hsv_upper=[30, 255, 255][0m
[INFO] [1783911066.517800079] [orange_pole_detector]: [0;33m未检测到有效橘色竖杆: candidates=0, frame=7369, hsv_lower=[5, 70, 70], hsv_upper=[30, 255, 255][0m
[INFO] [1783911067.520209320] [orange_pole_detector]: [0;33m未检测到有效橘色竖杆: candidates=0, frame=7384, hsv_lower=[5, 70, 70], hsv_upper=[30, 255, 255][0m
[INFO] [1783911068.520207039] [orange_pole_detector]: [0;33m未检测到有效橘色竖杆: candidates=0, frame=7399, hsv_lower=[5, 70, 70], hsv_upper=[30, 255, 255][0m
[INFO] [1783911069.520340666] [orange_pole_detector]: [0;33m未检测到有效橘色竖杆: candidates=0, frame=7414, hsv_lower=[5, 70, 70], hsv_upper=[30, 255, 255][0m
[INFO] [1783911070.521491670] [orange_pole_detector]: [0;33m未检测到有效橘色竖杆: candidates=0, frame=7429, hsv_lower=[5, 70, 70], hsv_upper=[30, 255, 255][0m
[INFO] [1783911071.522833420] [orange_pole_detector]: [0;33m未检测到有效橘色竖杆: candidates=0, frame=7444, hsv_lower=[5, 70, 70], hsv_upper=[30, 255, 255][0m
[INFO] [1783911072.524040497] [orange_pole_detector]: [0;33m未检测到有效橘色竖杆: candidates=0, frame=7459, hsv_lower=[5, 70, 70], hsv_upper=[30, 255, 255][0m
[INFO] [1783911073.523935364] [orange_pole_detector]: [0;33m未检测到有效橘色竖杆: candidates=0, frame=7474, hsv_lower=[5, 70, 70], hsv_upper=[30, 255, 255][0m
[INFO] [1783911074.525522233] [orange_pole_detector]: [0;33m未检测到有效橘色竖杆: candidates=0, frame=7489, hsv_lower=[5, 70, 70], hsv_upper=[30, 255, 255][0m
[INFO] [1783911075.528786661] [orange_pole_detector]: [0;33m未检测到有效橘色竖杆: candidates=0, frame=7504, hsv_lower=[5, 70, 70], hsv_upper=[30, 255, 255][0m
[INFO] [1783911076.594425520] [orange_pole_detector]: [0;33m未检测到有效橘色竖杆: candidates=0, frame=7520, hsv_lower=[5, 70, 70], hsv_upper=[30, 255, 255][0m
[INFO] [1783911077.595137545] [orange_pole_detector]: [0;33m未检测到有效橘色竖杆: candidates=0, frame=7535, hsv_lower=[5, 70, 70], hsv_upper=[30, 255, 255][0m
[INFO] [1783911078.598121094] [orange_pole_detector]: [0;33m未检测到有效橘色竖杆: candidates=0, frame=7550, hsv_lower=[5, 70, 70], hsv_upper=[30, 255, 255][0m
[INFO] [1783911078.933700777] [orange_pole_detector]: [1;95m触发状态更新: trigger=True[0m
[INFO] [1783911078.996047359] [orange_pole_detector]: [1;95m触发状态更新: trigger=False[0m
[INFO] [1783911079.597780035] [orange_pole_detector]: [0;33m未检测到有效橘色竖杆: candidates=0, frame=7565, hsv_lower=[5, 70, 70], hsv_upper=[30, 255, 255][0m
[INFO] [1783911080.598408817] [orange_pole_detector]: [0;33m未检测到有效橘色竖杆: candidates=0, frame=7580, hsv_lower=[5, 70, 70], hsv_upper=[30, 255, 255][0m
[INFO] [1783911081.599366641] [orange_pole_detector]: [0;33m未检测到有效橘色竖杆: candidates=0, frame=7595, hsv_lower=[5, 70, 70], hsv_upper=[30, 255, 255][0m
[INFO] [1783911081.732855889] [orange_pole_detector]: [1;95m触发状态更新: trigger=True[0m
[INFO] [1783911081.865856521] [orange_pole_detector]: [1;95m触发状态更新: trigger=False[0m
[INFO] [1783911082.604186809] [orange_pole_detector]: [0;33m未检测到有效橘色竖杆: candidates=0, frame=7610, hsv_lower=[5, 70, 70], hsv_upper=[30, 255, 255][0m
[INFO] [1783911083.603410701] [orange_pole_detector]: [0;33m未检测到有效橘色竖杆: candidates=0, frame=7625, hsv_lower=[5, 70, 70], hsv_upper=[30, 255, 255][0m
[INFO] [1783911084.602516140] [orange_pole_detector]: [0;33m未检测到有效橘色竖杆: candidates=0, frame=7640, hsv_lower=[5, 70, 70], hsv_upper=[30, 255, 255][0m
[INFO] [1783911085.603345087] [orange_pole_detector]: [0;33m未检测到有效橘色竖杆: candidates=0, frame=7655, hsv_lower=[5, 70, 70], hsv_upper=[30, 255, 255][0m
[INFO] [1783911086.606966275] [orange_pole_detector]: [0;33m未检测到有效橘色竖杆: candidates=0, frame=7670, hsv_lower=[5, 70, 70], hsv_upper=[30, 255, 255][0m
[INFO] [1783911087.671618936] [orange_pole_detector]: [0;33m未检测到有效橘色竖杆: candidates=0, frame=7686, hsv_lower=[5, 70, 70], hsv_upper=[30, 255, 255][0m
[INFO] [1783911088.675780343] [orange_pole_detector]: [0;33m未检测到有效橘色竖杆: candidates=0, frame=7701, hsv_lower=[5, 70, 70], hsv_upper=[30, 255, 255][0m
[INFO] [1783911089.677500380] [orange_pole_detector]: [0;33m未检测到有效橘色竖杆: candidates=0, frame=7716, hsv_lower=[5, 70, 70], hsv_upper=[30, 255, 255][0m
[INFO] [1783911090.677047058] [orange_pole_detector]: [0;33m未检测到有效橘色竖杆: candidates=0, frame=7731, hsv_lower=[5, 70, 70], hsv_upper=[30, 255, 255][0m
[INFO] [1783911091.676897411] [orange_pole_detector]: [0;33m未检测到有效橘色竖杆: candidates=0, frame=7746, hsv_lower=[5, 70, 70], hsv_upper=[30, 255, 255][0m
[INFO] [1783911092.677987874] [orange_pole_detector]: [0;33m未检测到有效橘色竖杆: candidates=0, frame=7761, hsv_lower=[5, 70, 70], hsv_upper=[30, 255, 255][0m
[INFO] [1783911093.678234019] [orange_pole_detector]: [0;33m未检测到有效橘色竖杆: candidates=0, frame=7776, hsv_lower=[5, 70, 70], hsv_upper=[30, 255, 255][0m
[INFO] [1783911094.679874495] [orange_pole_detector]: [0;33m未检测到有效橘色竖杆: candidates=0, frame=7791, hsv_lower=[5, 70, 70], hsv_upper=[30, 255, 255][0m
[INFO] [1783911095.681115068] [orange_pole_detector]: [0;33m未检测到有效橘色竖杆: candidates=0, frame=7806, hsv_lower=[5, 70, 70], hsv_upper=[30, 255, 255][0m
[INFO] [1783911096.686111715] [orange_pole_detector]: [0;33m未检测到有效橘色竖杆: candidates=0, frame=7821, hsv_lower=[5, 70, 70], hsv_upper=[30, 255, 255][0m
[INFO] [1783911097.750556538] [orange_pole_detector]: [0;33m未检测到有效橘色竖杆: candidates=0, frame=7837, hsv_lower=[5, 70, 70], hsv_upper=[30, 255, 255][0m
[INFO] [1783911098.752045457] [orange_pole_detector]: [0;33m未检测到有效橘色竖杆: candidates=0, frame=7852, hsv_lower=[5, 70, 70], hsv_upper=[30, 255, 255][0m
[INFO] [1783911099.752220995] [orange_pole_detector]: [0;33m未检测到有效橘色竖杆: candidates=0, frame=7867, hsv_lower=[5, 70, 70], hsv_upper=[30, 255, 255][0m
[INFO] [1783911100.753379269] [orange_pole_detector]: [0;33m未检测到有效橘色竖杆: candidates=0, frame=7882, hsv_lower=[5, 70, 70], hsv_upper=[30, 255, 255][0m
[INFO] [1783911101.820632689] [orange_pole_detector]: [0;33m未检测到有效橘色竖杆: candidates=0, frame=7898, hsv_lower=[5, 70, 70], hsv_upper=[30, 255, 255][0m
[INFO] [1783911102.821361799] [orange_pole_detector]: [0;33m未检测到有效橘色竖杆: candidates=0, frame=7913, hsv_lower=[5, 70, 70], hsv_upper=[30, 255, 255][0m
[INFO] [1783911103.822937130] [orange_pole_detector]: [0;33m未检测到有效橘色竖杆: candidates=0, frame=7928, hsv_lower=[5, 70, 70], hsv_upper=[30, 255, 255][0m
[INFO] [1783911104.889321627] [orange_pole_detector]: [0;33m未检测到有效橘色竖杆: candidates=0, frame=7944, hsv_lower=[5, 70, 70], hsv_upper=[30, 255, 255][0m
[INFO] [1783911105.890458901] [orange_pole_detector]: [0;33m未检测到有效橘色竖杆: candidates=0, frame=7959, hsv_lower=[5, 70, 70], hsv_upper=[30, 255, 255][0m
[INFO] [1783911106.892041444] [orange_pole_detector]: [0;33m未检测到有效橘色竖杆: candidates=0, frame=7974, hsv_lower=[5, 70, 70], hsv_upper=[30, 255, 255][0m
[INFO] [1783911107.897889855] [orange_pole_detector]: [0;33m未检测到有效橘色竖杆: candidates=0, frame=7989, hsv_lower=[5, 70, 70], hsv_upper=[30, 255, 255][0m
[INFO] [1783911108.959054494] [orange_pole_detector]: [0;33m未检测到有效橘色竖杆: candidates=0, frame=8005, hsv_lower=[5, 70, 70], hsv_upper=[30, 255, 255][0m
[INFO] [1783911110.025936844] [orange_pole_detector]: [0;33m未检测到有效橘色竖杆: candidates=0, frame=8021, hsv_lower=[5, 70, 70], hsv_upper=[30, 255, 255][0m
[INFO] [1783911111.092453688] [orange_pole_detector]: [0;33m未检测到有效橘色竖杆: candidates=0, frame=8037, hsv_lower=[5, 70, 70], hsv_upper=[30, 255, 255][0m
[INFO] [1783911112.159650684] [orange_pole_detector]: [0;33m未检测到有效橘色竖杆: candidates=0, frame=8053, hsv_lower=[5, 70, 70], hsv_upper=[30, 255, 255][0m
[INFO] [1783911113.222560988] [orange_pole_detector]: [0;33m未检测到有效橘色竖杆: candidates=0, frame=8069, hsv_lower=[5, 70, 70], hsv_upper=[30, 255, 255][0m
[INFO] [1783911114.288433091] [orange_pole_detector]: [0;33m未检测到有效橘色竖杆: candidates=0, frame=8085, hsv_lower=[5, 70, 70], hsv_upper=[30, 255, 255][0m
[INFO] [1783911115.354243266] [orange_pole_detector]: [0;33m未检测到有效橘色竖杆: candidates=0, frame=8101, hsv_lower=[5, 70, 70], hsv_upper=[30, 255, 255][0m
[INFO] [1783911116.024396597] [orange_pole_detector]: [1;95m触发状态更新: trigger=True[0m
[INFO] [1783911116.087395233] [orange_pole_detector]: [1;95m触发状态更新: trigger=False[0m
[INFO] [1783911116.355571459] [orange_pole_detector]: [0;33m未检测到有效橘色竖杆: candidates=0, frame=8116, hsv_lower=[5, 70, 70], hsv_upper=[30, 255, 255][0m
[INFO] [1783911117.362443990] [orange_pole_detector]: [0;33m未检测到有效橘色竖杆: candidates=0, frame=8131, hsv_lower=[5, 70, 70], hsv_upper=[30, 255, 255][0m
[INFO] [1783911118.358011929] [orange_pole_detector]: [0;33m未检测到有效橘色竖杆: candidates=0, frame=8146, hsv_lower=[5, 70, 70], hsv_upper=[30, 255, 255][0m
[INFO] [1783911119.360130722] [orange_pole_detector]: [0;33m未检测到有效橘色竖杆: candidates=0, frame=8161, hsv_lower=[5, 70, 70], hsv_upper=[30, 255, 255][0m
[INFO] [1783911120.419183463] [orange_pole_detector]: [0;33m未检测到有效橘色竖杆: candidates=0, frame=8177, hsv_lower=[5, 70, 70], hsv_upper=[30, 255, 255][0m
[INFO] [1783911121.487703400] [orange_pole_detector]: [0;33m未检测到有效橘色竖杆: candidates=0, frame=8193, hsv_lower=[5, 70, 70], hsv_upper=[30, 255, 255][0m
[INFO] [1783911122.487090874] [orange_pole_detector]: [0;33m未检测到有效橘色竖杆: candidates=0, frame=8208, hsv_lower=[5, 70, 70], hsv_upper=[30, 255, 255][0m
[INFO] [1783911123.553647067] [orange_pole_detector]: [0;33m未检测到有效橘色竖杆: candidates=0, frame=8224, hsv_lower=[5, 70, 70], hsv_upper=[30, 255, 255][0m
[INFO] [1783911124.554353586] [orange_pole_detector]: [0;33m未检测到有效橘色竖杆: candidates=0, frame=8239, hsv_lower=[5, 70, 70], hsv_upper=[30, 255, 255][0m
[INFO] [1783911125.619690099] [orange_pole_detector]: [0;33m未检测到有效橘色竖杆: candidates=0, frame=8255, hsv_lower=[5, 70, 70], hsv_upper=[30, 255, 255][0m
[INFO] [1783911126.627486118] [orange_pole_detector]: [0;33m未检测到有效橘色竖杆: candidates=0, frame=8270, hsv_lower=[5, 70, 70], hsv_upper=[30, 255, 255][0m
[INFO] [1783911127.689305429] [orange_pole_detector]: [0;33m未检测到有效橘色竖杆: candidates=0, frame=8286, hsv_lower=[5, 70, 70], hsv_upper=[30, 255, 255][0m
[INFO] [1783911127.893394208] [orange_pole_detector]: [1;95m触发状态更新: trigger=True[0m
[INFO] [1783911128.752461344] [orange_pole_detector]: [1;95m触发状态更新: trigger=False[0m
[INFO] [1783911128.753545149] [orange_pole_detector]: [0;33m未检测到有效橘色竖杆: candidates=0, frame=8302, hsv_lower=[5, 70, 70], hsv_upper=[30, 255, 255][0m
[INFO] [1783911129.817975942] [orange_pole_detector]: [0;33m未检测到有效橘色竖杆: candidates=0, frame=8318, hsv_lower=[5, 70, 70], hsv_upper=[30, 255, 255][0m
[INFO] [1783911130.820181666] [orange_pole_detector]: [0;33m未检测到有效橘色竖杆: candidates=0, frame=8333, hsv_lower=[5, 70, 70], hsv_upper=[30, 255, 255][0m
[INFO] [1783911131.822313490] [orange_pole_detector]: [0;33m未检测到有效橘色竖杆: candidates=0, frame=8348, hsv_lower=[5, 70, 70], hsv_upper=[30, 255, 255][0m
[INFO] [1783911132.821114120] [orange_pole_detector]: [0;33m未检测到有效橘色竖杆: candidates=0, frame=8363, hsv_lower=[5, 70, 70], hsv_upper=[30, 255, 255][0m
[INFO] [1783911133.884558259] [orange_pole_detector]: [0;33m未检测到有效橘色竖杆: candidates=0, frame=8379, hsv_lower=[5, 70, 70], hsv_upper=[30, 255, 255][0m
[INFO] [1783911134.885020107] [orange_pole_detector]: [0;33m未检测到有效橘色竖杆: candidates=0, frame=8394, hsv_lower=[5, 70, 70], hsv_upper=[30, 255, 255][0m
[INFO] [1783911135.886358094] [orange_pole_detector]: [0;33m未检测到有效橘色竖杆: candidates=0, frame=8409, hsv_lower=[5, 70, 70], hsv_upper=[30, 255, 255][0m
[INFO] [1783911136.889723625] [orange_pole_detector]: [0;33m未检测到有效橘色竖杆: candidates=0, frame=8424, hsv_lower=[5, 70, 70], hsv_upper=[30, 255, 255][0m
[INFO] [1783911137.887858988] [orange_pole_detector]: [0;33m未检测到有效橘色竖杆: candidates=0, frame=8439, hsv_lower=[5, 70, 70], hsv_upper=[30, 255, 255][0m
[INFO] [1783911138.953123463] [orange_pole_detector]: [0;33m未检测到有效橘色竖杆: candidates=0, frame=8455, hsv_lower=[5, 70, 70], hsv_upper=[30, 255, 255][0m
[INFO] [1783911140.018937235] [orange_pole_detector]: [0;33m未检测到有效橘色竖杆: candidates=0, frame=8471, hsv_lower=[5, 70, 70], hsv_upper=[30, 255, 255][0m
[INFO] [1783911141.018777540] [orange_pole_detector]: [0;33m未检测到有效橘色竖杆: candidates=0, frame=8486, hsv_lower=[5, 70, 70], hsv_upper=[30, 255, 255][0m
[INFO] [1783911142.023214940] [orange_pole_detector]: [0;33m未检测到有效橘色竖杆: candidates=0, frame=8501, hsv_lower=[5, 70, 70], hsv_upper=[30, 255, 255][0m
[INFO] [1783911143.086566257] [orange_pole_detector]: [0;33m未检测到有效橘色竖杆: candidates=0, frame=8517, hsv_lower=[5, 70, 70], hsv_upper=[30, 255, 255][0m
[INFO] [1783911144.087652153] [orange_pole_detector]: [0;33m未检测到有效橘色竖杆: candidates=0, frame=8532, hsv_lower=[5, 70, 70], hsv_upper=[30, 255, 255][0m
[INFO] [1783911145.153764604] [orange_pole_detector]: [0;33m未检测到有效橘色竖杆: candidates=0, frame=8548, hsv_lower=[5, 70, 70], hsv_upper=[30, 255, 255][0m
[INFO] [1783911146.154758632] [orange_pole_detector]: [0;33m未检测到有效橘色竖杆: candidates=0, frame=8563, hsv_lower=[5, 70, 70], hsv_upper=[30, 255, 255][0m
[INFO] [1783911147.156044107] [orange_pole_detector]: [0;33m未检测到有效橘色竖杆: candidates=0, frame=8578, hsv_lower=[5, 70, 70], hsv_upper=[30, 255, 255][0m
[INFO] [1783911148.235976902] [orange_pole_detector]: [0;33m未检测到有效橘色竖杆: candidates=0, frame=8594, hsv_lower=[5, 70, 70], hsv_upper=[30, 255, 255][0m
[INFO] [1783911149.288513459] [orange_pole_detector]: [0;33m未检测到有效橘色竖杆: candidates=0, frame=8610, hsv_lower=[5, 70, 70], hsv_upper=[30, 255, 255][0m
[INFO] [1783911150.290512966] [orange_pole_detector]: [0;33m未检测到有效橘色竖杆: candidates=0, frame=8625, hsv_lower=[5, 70, 70], hsv_upper=[30, 255, 255][0m
[INFO] [1783911151.356289057] [orange_pole_detector]: [0;33m未检测到有效橘色竖杆: candidates=0, frame=8641, hsv_lower=[5, 70, 70], hsv_upper=[30, 255, 255][0m
[INFO] [1783911152.357154575] [orange_pole_detector]: [0;33m未检测到有效橘色竖杆: candidates=0, frame=8656, hsv_lower=[5, 70, 70], hsv_upper=[30, 255, 255][0m
[INFO] [1783911153.423161925] [orange_pole_detector]: [0;33m未检测到有效橘色竖杆: candidates=0, frame=8672, hsv_lower=[5, 70, 70], hsv_upper=[30, 255, 255][0m
[INFO] [1783911154.424239633] [orange_pole_detector]: [0;33m未检测到有效橘色竖杆: candidates=0, frame=8687, hsv_lower=[5, 70, 70], hsv_upper=[30, 255, 255][0m
[INFO] [1783911155.425120337] [orange_pole_detector]: [0;33m未检测到有效橘色竖杆: candidates=0, frame=8702, hsv_lower=[5, 70, 70], hsv_upper=[30, 255, 255][0m
[INFO] [1783911156.424878986] [orange_pole_detector]: [0;33m未检测到有效橘色竖杆: candidates=0, frame=8717, hsv_lower=[5, 70, 70], hsv_upper=[30, 255, 255][0m
[INFO] [1783911157.428265226] [orange_pole_detector]: [0;33m未检测到有效橘色竖杆: candidates=0, frame=8732, hsv_lower=[5, 70, 70], hsv_upper=[30, 255, 255][0m
[INFO] [1783911158.427847678] [orange_pole_detector]: [0;33m未检测到有效橘色竖杆: candidates=0, frame=8747, hsv_lower=[5, 70, 70], hsv_upper=[30, 255, 255][0m
[INFO] [1783911159.493237049] [orange_pole_detector]: [0;33m未检测到有效橘色竖杆: candidates=0, frame=8763, hsv_lower=[5, 70, 70], hsv_upper=[30, 255, 255][0m
[INFO] [1783911160.494725757] [orange_pole_detector]: [0;33m未检测到有效橘色竖杆: candidates=0, frame=8778, hsv_lower=[5, 70, 70], hsv_upper=[30, 255, 255][0m
[INFO] [1783911161.495818244] [orange_pole_detector]: [0;33m未检测到有效橘色竖杆: candidates=0, frame=8793, hsv_lower=[5, 70, 70], hsv_upper=[30, 255, 255][0m
[INFO] [1783911162.494635556] [orange_pole_detector]: [0;33m未检测到有效橘色竖杆: candidates=0, frame=8808, hsv_lower=[5, 70, 70], hsv_upper=[30, 255, 255][0m
[INFO] [1783911163.495631230] [orange_pole_detector]: [0;33m未检测到有效橘色竖杆: candidates=0, frame=8823, hsv_lower=[5, 70, 70], hsv_upper=[30, 255, 255][0m
[INFO] [1783911164.501367811] [orange_pole_detector]: [0;33m未检测到有效橘色竖杆: candidates=0, frame=8838, hsv_lower=[5, 70, 70], hsv_upper=[30, 255, 255][0m
[INFO] [1783911165.565104567] [orange_pole_detector]: [0;33m未检测到有效橘色竖杆: candidates=0, frame=8854, hsv_lower=[5, 70, 70], hsv_upper=[30, 255, 255][0m
[INFO] [1783911166.564482591] [orange_pole_detector]: [0;33m未检测到有效橘色竖杆: candidates=0, frame=8869, hsv_lower=[5, 70, 70], hsv_upper=[30, 255, 255][0m
[INFO] [1783911167.567027115] [orange_pole_detector]: [0;33m未检测到有效橘色竖杆: candidates=0, frame=8884, hsv_lower=[5, 70, 70], hsv_upper=[30, 255, 255][0m
[INFO] [1783911168.565445616] [orange_pole_detector]: [0;33m未检测到有效橘色竖杆: candidates=0, frame=8899, hsv_lower=[5, 70, 70], hsv_upper=[30, 255, 255][0m
[INFO] [1783911169.565254514] [orange_pole_detector]: [0;33m未检测到有效橘色竖杆: candidates=0, frame=8914, hsv_lower=[5, 70, 70], hsv_upper=[30, 255, 255][0m
[INFO] [1783911170.566836100] [orange_pole_detector]: [0;33m未检测到有效橘色竖杆: candidates=0, frame=8929, hsv_lower=[5, 70, 70], hsv_upper=[30, 255, 255][0m
[INFO] [1783911171.572100605] [orange_pole_detector]: [0;33m未检测到有效橘色竖杆: candidates=0, frame=8944, hsv_lower=[5, 70, 70], hsv_upper=[30, 255, 255][0m
[INFO] [1783911172.572984685] [orange_pole_detector]: [0;33m未检测到有效橘色竖杆: candidates=0, frame=8959, hsv_lower=[5, 70, 70], hsv_upper=[30, 255, 255][0m
[INFO] [1783911173.642861733] [orange_pole_detector]: [0;33m未检测到有效橘色竖杆: candidates=0, frame=8975, hsv_lower=[5, 70, 70], hsv_upper=[30, 255, 255][0m
[INFO] [1783911174.705247097] [orange_pole_detector]: [0;33m未检测到有效橘色竖杆: candidates=0, frame=8991, hsv_lower=[5, 70, 70], hsv_upper=[30, 255, 255][0m
[INFO] [1783911175.770448816] [orange_pole_detector]: [0;33m未检测到有效橘色竖杆: candidates=0, frame=9007, hsv_lower=[5, 70, 70], hsv_upper=[30, 255, 255][0m
[INFO] [1783911176.771854219] [orange_pole_detector]: [0;33m未检测到有效橘色竖杆: candidates=0, frame=9022, hsv_lower=[5, 70, 70], hsv_upper=[30, 255, 255][0m
[INFO] [1783911177.837499702] [orange_pole_detector]: [0;33m未检测到有效橘色竖杆: candidates=0, frame=9038, hsv_lower=[5, 70, 70], hsv_upper=[30, 255, 255][0m
[INFO] [1783911178.842680291] [orange_pole_detector]: [0;33m未检测到有效橘色竖杆: candidates=0, frame=9053, hsv_lower=[5, 70, 70], hsv_upper=[30, 255, 255][0m
[INFO] [1783911179.906096190] [orange_pole_detector]: [0;33m未检测到有效橘色竖杆: candidates=0, frame=9069, hsv_lower=[5, 70, 70], hsv_upper=[30, 255, 255][0m
[INFO] [1783911180.908430925] [orange_pole_detector]: [0;33m未检测到有效橘色竖杆: candidates=0, frame=9084, hsv_lower=[5, 70, 70], hsv_upper=[30, 255, 255][0m
[INFO] [1783911181.907601161] [orange_pole_detector]: [0;33m未检测到有效橘色竖杆: candidates=0, frame=9099, hsv_lower=[5, 70, 70], hsv_upper=[30, 255, 255][0m
[INFO] [1783911182.910242861] [orange_pole_detector]: [0;33m未检测到有效橘色竖杆: candidates=0, frame=9114, hsv_lower=[5, 70, 70], hsv_upper=[30, 255, 255][0m
[INFO] [1783911183.908604964] [orange_pole_detector]: [0;33m未检测到有效橘色竖杆: candidates=0, frame=9129, hsv_lower=[5, 70, 70], hsv_upper=[30, 255, 255][0m
[INFO] [1783911184.912763433] [orange_pole_detector]: [0;33m未检测到有效橘色竖杆: candidates=0, frame=9144, hsv_lower=[5, 70, 70], hsv_upper=[30, 255, 255][0m
[INFO] [1783911185.910953673] [orange_pole_detector]: [0;33m未检测到有效橘色竖杆: candidates=0, frame=9159, hsv_lower=[5, 70, 70], hsv_upper=[30, 255, 255][0m
[INFO] [1783911186.978736565] [orange_pole_detector]: [0;33m未检测到有效橘色竖杆: candidates=0, frame=9175, hsv_lower=[5, 70, 70], hsv_upper=[30, 255, 255][0m
[INFO] [1783911187.978146877] [orange_pole_detector]: [0;33m未检测到有效橘色竖杆: candidates=0, frame=9190, hsv_lower=[5, 70, 70], hsv_upper=[30, 255, 255][0m
[INFO] [1783911188.979110556] [orange_pole_detector]: [0;33m未检测到有效橘色竖杆: candidates=0, frame=9205, hsv_lower=[5, 70, 70], hsv_upper=[30, 255, 255][0m
[INFO] [1783911189.979986191] [orange_pole_detector]: [0;33m未检测到有效橘色竖杆: candidates=0, frame=9220, hsv_lower=[5, 70, 70], hsv_upper=[30, 255, 255][0m
[INFO] [1783911190.980067149] [orange_pole_detector]: [0;33m未检测到有效橘色竖杆: candidates=0, frame=9235, hsv_lower=[5, 70, 70], hsv_upper=[30, 255, 255][0m
[INFO] [1783911191.981556974] [orange_pole_detector]: [0;33m未检测到有效橘色竖杆: candidates=0, frame=9250, hsv_lower=[5, 70, 70], hsv_upper=[30, 255, 255][0m
[INFO] [1783911193.048644496] [orange_pole_detector]: [0;33m未检测到有效橘色竖杆: candidates=0, frame=9266, hsv_lower=[5, 70, 70], hsv_upper=[30, 255, 255][0m
[INFO] [1783911194.050893143] [orange_pole_detector]: [0;33m未检测到有效橘色竖杆: candidates=0, frame=9281, hsv_lower=[5, 70, 70], hsv_upper=[30, 255, 255][0m
[INFO] [1783911195.050859377] [orange_pole_detector]: [0;33m未检测到有效橘色竖杆: candidates=0, frame=9296, hsv_lower=[5, 70, 70], hsv_upper=[30, 255, 255][0m
[INFO] [1783911196.052365917] [orange_pole_detector]: [0;33m未检测到有效橘色竖杆: candidates=0, frame=9311, hsv_lower=[5, 70, 70], hsv_upper=[30, 255, 255][0m
[INFO] [1783911197.052882227] [orange_pole_detector]: [0;33m未检测到有效橘色竖杆: candidates=0, frame=9326, hsv_lower=[5, 70, 70], hsv_upper=[30, 255, 255][0m
[INFO] [1783911198.122534164] [orange_pole_detector]: [0;33m未检测到有效橘色竖杆: candidates=0, frame=9342, hsv_lower=[5, 70, 70], hsv_upper=[30, 255, 255][0m
[INFO] [1783911199.121405466] [orange_pole_detector]: [0;33m未检测到有效橘色竖杆: candidates=0, frame=9357, hsv_lower=[5, 70, 70], hsv_upper=[30, 255, 255][0m
[INFO] [1783911200.188497164] [orange_pole_detector]: [0;33m未检测到有效橘色竖杆: candidates=0, frame=9373, hsv_lower=[5, 70, 70], hsv_upper=[30, 255, 255][0m
[INFO] [1783911201.189288016] [orange_pole_detector]: [0;33m未检测到有效橘色竖杆: candidates=0, frame=9388, hsv_lower=[5, 70, 70], hsv_upper=[30, 255, 255][0m
[INFO] [1783911202.188623452] [orange_pole_detector]: [0;33m未检测到有效橘色竖杆: candidates=0, frame=9403, hsv_lower=[5, 70, 70], hsv_upper=[30, 255, 255][0m
[INFO] [1783911203.188312735] [orange_pole_detector]: [0;33m未检测到有效橘色竖杆: candidates=0, frame=9418, hsv_lower=[5, 70, 70], hsv_upper=[30, 255, 255][0m
[INFO] [1783911204.191036428] [orange_pole_detector]: [0;33m未检测到有效橘色竖杆: candidates=0, frame=9433, hsv_lower=[5, 70, 70], hsv_upper=[30, 255, 255][0m
[INFO] [1783911205.190879537] [orange_pole_detector]: [0;33m未检测到有效橘色竖杆: candidates=0, frame=9448, hsv_lower=[5, 70, 70], hsv_upper=[30, 255, 255][0m
[INFO] [1783911206.192802975] [orange_pole_detector]: [0;33m未检测到有效橘色竖杆: candidates=0, frame=9463, hsv_lower=[5, 70, 70], hsv_upper=[30, 255, 255][0m
[INFO] [1783911207.198874520] [orange_pole_detector]: [0;33m未检测到有效橘色竖杆: candidates=0, frame=9478, hsv_lower=[5, 70, 70], hsv_upper=[30, 255, 255][0m
[INFO] [1783911208.200876501] [orange_pole_detector]: [0;33m未检测到有效橘色竖杆: candidates=0, frame=9493, hsv_lower=[5, 70, 70], hsv_upper=[30, 255, 255][0m
[INFO] [1783911209.261930305] [orange_pole_detector]: [0;33m未检测到有效橘色竖杆: candidates=0, frame=9509, hsv_lower=[5, 70, 70], hsv_upper=[30, 255, 255][0m
[INFO] [1783911210.262112595] [orange_pole_detector]: [0;33m未检测到有效橘色竖杆: candidates=0, frame=9524, hsv_lower=[5, 70, 70], hsv_upper=[30, 255, 255][0m
[INFO] [1783911211.261884380] [orange_pole_detector]: [0;33m未检测到有效橘色竖杆: candidates=0, frame=9539, hsv_lower=[5, 70, 70], hsv_upper=[30, 255, 255][0m
[INFO] [1783911212.264745292] [orange_pole_detector]: [0;33m未检测到有效橘色竖杆: candidates=0, frame=9554, hsv_lower=[5, 70, 70], hsv_upper=[30, 255, 255][0m
[INFO] [1783911213.330672774] [orange_pole_detector]: [0;33m未检测到有效橘色竖杆: candidates=0, frame=9570, hsv_lower=[5, 70, 70], hsv_upper=[30, 255, 255][0m
[INFO] [1783911214.332821981] [orange_pole_detector]: [0;33m未检测到有效橘色竖杆: candidates=0, frame=9585, hsv_lower=[5, 70, 70], hsv_upper=[30, 255, 255][0m
[INFO] [1783911215.336019732] [orange_pole_detector]: [0;33m未检测到有效橘色竖杆: candidates=0, frame=9600, hsv_lower=[5, 70, 70], hsv_upper=[30, 255, 255][0m
[INFO] [1783911216.399627028] [orange_pole_detector]: [0;33m未检测到有效橘色竖杆: candidates=0, frame=9616, hsv_lower=[5, 70, 70], hsv_upper=[30, 255, 255][0m
[INFO] [1783911217.401238688] [orange_pole_detector]: [0;33m未检测到有效橘色竖杆: candidates=0, frame=9631, hsv_lower=[5, 70, 70], hsv_upper=[30, 255, 255][0m
[INFO] [1783911218.402859859] [orange_pole_detector]: [0;33m未检测到有效橘色竖杆: candidates=0, frame=9646, hsv_lower=[5, 70, 70], hsv_upper=[30, 255, 255][0m
[INFO] [1783911219.468662373] [orange_pole_detector]: [0;33m未检测到有效橘色竖杆: candidates=0, frame=9662, hsv_lower=[5, 70, 70], hsv_upper=[30, 255, 255][0m
[INFO] [1783911220.471444777] [orange_pole_detector]: [0;33m未检测到有效橘色竖杆: candidates=0, frame=9677, hsv_lower=[5, 70, 70], hsv_upper=[30, 255, 255][0m
[INFO] [1783911221.539215443] [orange_pole_detector]: [0;33m未检测到有效橘色竖杆: candidates=0, frame=9693, hsv_lower=[5, 70, 70], hsv_upper=[30, 255, 255][0m
[INFO] [1783911222.537942662] [orange_pole_detector]: [0;33m未检测到有效橘色竖杆: candidates=0, frame=9708, hsv_lower=[5, 70, 70], hsv_upper=[30, 255, 255][0m
[INFO] [1783911223.540994786] [orange_pole_detector]: [0;33m未检测到有效橘色竖杆: candidates=0, frame=9723, hsv_lower=[5, 70, 70], hsv_upper=[30, 255, 255][0m
[INFO] [1783911224.608382589] [orange_pole_detector]: [0;33m未检测到有效橘色竖杆: candidates=0, frame=9739, hsv_lower=[5, 70, 70], hsv_upper=[30, 255, 255][0m
[INFO] [1783911225.609485221] [orange_pole_detector]: [0;33m未检测到有效橘色竖杆: candidates=0, frame=9754, hsv_lower=[5, 70, 70], hsv_upper=[30, 255, 255][0m
[INFO] [1783911226.610913858] [orange_pole_detector]: [0;33m未检测到有效橘色竖杆: candidates=0, frame=9769, hsv_lower=[5, 70, 70], hsv_upper=[30, 255, 255][0m
[INFO] [1783911227.676253782] [orange_pole_detector]: [0;33m未检测到有效橘色竖杆: candidates=0, frame=9785, hsv_lower=[5, 70, 70], hsv_upper=[30, 255, 255][0m
[INFO] [1783911228.676347667] [orange_pole_detector]: [0;33m未检测到有效橘色竖杆: candidates=0, frame=9800, hsv_lower=[5, 70, 70], hsv_upper=[30, 255, 255][0m
[INFO] [1783911229.680469607] [orange_pole_detector]: [0;33m未检测到有效橘色竖杆: candidates=0, frame=9815, hsv_lower=[5, 70, 70], hsv_upper=[30, 255, 255][0m
[INFO] [1783911230.747004550] [orange_pole_detector]: [0;33m未检测到有效橘色竖杆: candidates=0, frame=9831, hsv_lower=[5, 70, 70], hsv_upper=[30, 255, 255][0m
[INFO] [1783911231.745385618] [orange_pole_detector]: [0;33m未检测到有效橘色竖杆: candidates=0, frame=9846, hsv_lower=[5, 70, 70], hsv_upper=[30, 255, 255][0m
[INFO] [1783911232.746537581] [orange_pole_detector]: [0;33m未检测到有效橘色竖杆: candidates=0, frame=9861, hsv_lower=[5, 70, 70], hsv_upper=[30, 255, 255][0m
[INFO] [1783911233.748893215] [orange_pole_detector]: [0;33m未检测到有效橘色竖杆: candidates=0, frame=9876, hsv_lower=[5, 70, 70], hsv_upper=[30, 255, 255][0m
[INFO] [1783911234.749017902] [orange_pole_detector]: [0;33m未检测到有效橘色竖杆: candidates=0, frame=9891, hsv_lower=[5, 70, 70], hsv_upper=[30, 255, 255][0m
[INFO] [1783911235.750675910] [orange_pole_detector]: [0;33m未检测到有效橘色竖杆: candidates=0, frame=9906, hsv_lower=[5, 70, 70], hsv_upper=[30, 255, 255][0m
[INFO] [1783911236.817624975] [orange_pole_detector]: [0;33m未检测到有效橘色竖杆: candidates=0, frame=9922, hsv_lower=[5, 70, 70], hsv_upper=[30, 255, 255][0m
[INFO] [1783911237.882244809] [orange_pole_detector]: [0;33m未检测到有效橘色竖杆: candidates=0, frame=9938, hsv_lower=[5, 70, 70], hsv_upper=[30, 255, 255][0m
[INFO] [1783911238.948513812] [orange_pole_detector]: [0;33m未检测到有效橘色竖杆: candidates=0, frame=9954, hsv_lower=[5, 70, 70], hsv_upper=[30, 255, 255][0m
[INFO] [1783911240.015854750] [orange_pole_detector]: [0;33m未检测到有效橘色竖杆: candidates=0, frame=9970, hsv_lower=[5, 70, 70], hsv_upper=[30, 255, 255][0m
[INFO] [1783911241.078222079] [orange_pole_detector]: [0;33m未检测到有效橘色竖杆: candidates=0, frame=9986, hsv_lower=[5, 70, 70], hsv_upper=[30, 255, 255][0m
[INFO] [1783911242.144131007] [orange_pole_detector]: [0;33m未检测到有效橘色竖杆: candidates=0, frame=10002, hsv_lower=[5, 70, 70], hsv_upper=[30, 255, 255][0m
[INFO] [1783911243.212076021] [orange_pole_detector]: [0;33m未检测到有效橘色竖杆: candidates=0, frame=10018, hsv_lower=[5, 70, 70], hsv_upper=[30, 255, 255][0m
[INFO] [1783911244.279746430] [orange_pole_detector]: [0;33m未检测到有效橘色竖杆: candidates=0, frame=10034, hsv_lower=[5, 70, 70], hsv_upper=[30, 255, 255][0m
[INFO] [1783911245.344699768] [orange_pole_detector]: [0;33m未检测到有效橘色竖杆: candidates=0, frame=10050, hsv_lower=[5, 70, 70], hsv_upper=[30, 255, 255][0m
[INFO] [1783911246.409603504] [orange_pole_detector]: [0;33m未检测到有效橘色竖杆: candidates=0, frame=10066, hsv_lower=[5, 70, 70], hsv_upper=[30, 255, 255][0m
[INFO] [1783911247.479155462] [orange_pole_detector]: [0;33m未检测到有效橘色竖杆: candidates=0, frame=10082, hsv_lower=[5, 70, 70], hsv_upper=[30, 255, 255][0m
[INFO] [1783911248.539081195] [orange_pole_detector]: [0;33m未检测到有效橘色竖杆: candidates=0, frame=10098, hsv_lower=[5, 70, 70], hsv_upper=[30, 255, 255][0m
[INFO] [1783911249.608093997] [orange_pole_detector]: [0;33m未检测到有效橘色竖杆: candidates=0, frame=10114, hsv_lower=[5, 70, 70], hsv_upper=[30, 255, 255][0m
[INFO] [1783911250.675543493] [orange_pole_detector]: [0;33m未检测到有效橘色竖杆: candidates=0, frame=10130, hsv_lower=[5, 70, 70], hsv_upper=[30, 255, 255][0m
[INFO] [1783911251.738962946] [orange_pole_detector]: [0;33m未检测到有效橘色竖杆: candidates=0, frame=10146, hsv_lower=[5, 70, 70], hsv_upper=[30, 255, 255][0m
[INFO] [1783911252.804308560] [orange_pole_detector]: [0;33m未检测到有效橘色竖杆: candidates=0, frame=10162, hsv_lower=[5, 70, 70], hsv_upper=[30, 255, 255][0m
[INFO] [1783911253.806746742] [orange_pole_detector]: [0;33m未检测到有效橘色竖杆: candidates=0, frame=10177, hsv_lower=[5, 70, 70], hsv_upper=[30, 255, 255][0m
[INFO] [1783911254.870144408] [orange_pole_detector]: [0;33m未检测到有效橘色竖杆: candidates=0, frame=10193, hsv_lower=[5, 70, 70], hsv_upper=[30, 255, 255][0m
[INFO] [1783911255.870456340] [orange_pole_detector]: [0;33m未检测到有效橘色竖杆: candidates=0, frame=10208, hsv_lower=[5, 70, 70], hsv_upper=[30, 255, 255][0m
[INFO] [1783911256.934427557] [orange_pole_detector]: [0;33m未检测到有效橘色竖杆: candidates=0, frame=10224, hsv_lower=[5, 70, 70], hsv_upper=[30, 255, 255][0m
[INFO] [1783911257.937647118] [orange_pole_detector]: [0;33m未检测到有效橘色竖杆: candidates=0, frame=10239, hsv_lower=[5, 70, 70], hsv_upper=[30, 255, 255][0m
[INFO] [1783911259.004232290] [orange_pole_detector]: [0;33m未检测到有效橘色竖杆: candidates=0, frame=10255, hsv_lower=[5, 70, 70], hsv_upper=[30, 255, 255][0m
[INFO] [1783911260.067577185] [orange_pole_detector]: [0;33m未检测到有效橘色竖杆: candidates=0, frame=10271, hsv_lower=[5, 70, 70], hsv_upper=[30, 255, 255][0m
[INFO] [1783911261.067614552] [orange_pole_detector]: [0;33m未检测到有效橘色竖杆: candidates=0, frame=10286, hsv_lower=[5, 70, 70], hsv_upper=[30, 255, 255][0m
[INFO] [1783911262.133406148] [orange_pole_detector]: [0;33m未检测到有效橘色竖杆: candidates=0, frame=10302, hsv_lower=[5, 70, 70], hsv_upper=[30, 255, 255][0m
[INFO] [1783911263.200479645] [orange_pole_detector]: [0;33m未检测到有效橘色竖杆: candidates=0, frame=10318, hsv_lower=[5, 70, 70], hsv_upper=[30, 255, 255][0m
[INFO] [1783911264.267660556] [orange_pole_detector]: [0;33m未检测到有效橘色竖杆: candidates=0, frame=10334, hsv_lower=[5, 70, 70], hsv_upper=[30, 255, 255][0m
[INFO] [1783911265.334307078] [orange_pole_detector]: [0;33m未检测到有效橘色竖杆: candidates=0, frame=10350, hsv_lower=[5, 70, 70], hsv_upper=[30, 255, 255][0m
[INFO] [1783911266.401672820] [orange_pole_detector]: [0;33m未检测到有效橘色竖杆: candidates=0, frame=10366, hsv_lower=[5, 70, 70], hsv_upper=[30, 255, 255][0m
[INFO] [1783911267.467188091] [orange_pole_detector]: [0;33m未检测到有效橘色竖杆: candidates=0, frame=10382, hsv_lower=[5, 70, 70], hsv_upper=[30, 255, 255][0m
[INFO] [1783911268.467842309] [orange_pole_detector]: [0;33m未检测到有效橘色竖杆: candidates=0, frame=10397, hsv_lower=[5, 70, 70], hsv_upper=[30, 255, 255][0m
[INFO] [1783911269.534317652] [orange_pole_detector]: [0;33m未检测到有效橘色竖杆: candidates=0, frame=10413, hsv_lower=[5, 70, 70], hsv_upper=[30, 255, 255][0m
[INFO] [1783911270.600706432] [orange_pole_detector]: [0;33m未检测到有效橘色竖杆: candidates=0, frame=10429, hsv_lower=[5, 70, 70], hsv_upper=[30, 255, 255][0m
[INFO] [1783911271.600956816] [orange_pole_detector]: [0;33m未检测到有效橘色竖杆: candidates=0, frame=10444, hsv_lower=[5, 70, 70], hsv_upper=[30, 255, 255][0m
[INFO] [1783911272.666275552] [orange_pole_detector]: [0;33m未检测到有效橘色竖杆: candidates=0, frame=10460, hsv_lower=[5, 70, 70], hsv_upper=[30, 255, 255][0m
[INFO] [1783911273.669285234] [orange_pole_detector]: [0;33m未检测到有效橘色竖杆: candidates=0, frame=10475, hsv_lower=[5, 70, 70], hsv_upper=[30, 255, 255][0m
[INFO] [1783911274.733890192] [orange_pole_detector]: [0;33m未检测到有效橘色竖杆: candidates=0, frame=10491, hsv_lower=[5, 70, 70], hsv_upper=[30, 255, 255][0m
[INFO] [1783911275.805317969] [orange_pole_detector]: [0;33m未检测到有效橘色竖杆: candidates=0, frame=10507, hsv_lower=[5, 70, 70], hsv_upper=[30, 255, 255][0m
[INFO] [1783911276.874031514] [orange_pole_detector]: [0;33m未检测到有效橘色竖杆: candidates=0, frame=10523, hsv_lower=[5, 70, 70], hsv_upper=[30, 255, 255][0m
[INFO] [1783911277.934004891] [orange_pole_detector]: [0;33m未检测到有效橘色竖杆: candidates=0, frame=10539, hsv_lower=[5, 70, 70], hsv_upper=[30, 255, 255][0m
[INFO] [1783911278.934901262] [orange_pole_detector]: [0;33m未检测到有效橘色竖杆: candidates=0, frame=10554, hsv_lower=[5, 70, 70], hsv_upper=[30, 255, 255][0m
[INFO] [1783911280.003002248] [orange_pole_detector]: [0;33m未检测到有效橘色竖杆: candidates=0, frame=10570, hsv_lower=[5, 70, 70], hsv_upper=[30, 255, 255][0m
[INFO] [1783911281.004565455] [orange_pole_detector]: [0;33m未检测到有效橘色竖杆: candidates=0, frame=10585, hsv_lower=[5, 70, 70], hsv_upper=[30, 255, 255][0m
[INFO] [1783911282.068227826] [orange_pole_detector]: [0;33m未检测到有效橘色竖杆: candidates=0, frame=10601, hsv_lower=[5, 70, 70], hsv_upper=[30, 255, 255][0m
[INFO] [1783911283.071669782] [orange_pole_detector]: [0;33m未检测到有效橘色竖杆: candidates=0, frame=10616, hsv_lower=[5, 70, 70], hsv_upper=[30, 255, 255][0m
[INFO] [1783911284.070212586] [orange_pole_detector]: [0;33m未检测到有效橘色竖杆: candidates=0, frame=10631, hsv_lower=[5, 70, 70], hsv_upper=[30, 255, 255][0m
[INFO] [1783911285.138153246] [orange_pole_detector]: [0;33m未检测到有效橘色竖杆: candidates=0, frame=10647, hsv_lower=[5, 70, 70], hsv_upper=[30, 255, 255][0m
[INFO] [1783911286.203121314] [orange_pole_detector]: [0;33m未检测到有效橘色竖杆: candidates=0, frame=10663, hsv_lower=[5, 70, 70], hsv_upper=[30, 255, 255][0m
[INFO] [1783911287.204063629] [orange_pole_detector]: [0;33m未检测到有效橘色竖杆: candidates=0, frame=10678, hsv_lower=[5, 70, 70], hsv_upper=[30, 255, 255][0m
[INFO] [1783911288.270466903] [orange_pole_detector]: [0;33m未检测到有效橘色竖杆: candidates=0, frame=10694, hsv_lower=[5, 70, 70], hsv_upper=[30, 255, 255][0m
[INFO] [1783911289.270524214] [orange_pole_detector]: [0;33m未检测到有效橘色竖杆: candidates=0, frame=10709, hsv_lower=[5, 70, 70], hsv_upper=[30, 255, 255][0m
[INFO] [1783911290.337670667] [orange_pole_detector]: [0;33m未检测到有效橘色竖杆: candidates=0, frame=10725, hsv_lower=[5, 70, 70], hsv_upper=[30, 255, 255][0m
[INFO] [1783911291.339245299] [orange_pole_detector]: [0;33m未检测到有效橘色竖杆: candidates=0, frame=10740, hsv_lower=[5, 70, 70], hsv_upper=[30, 255, 255][0m
[INFO] [1783911292.337430270] [orange_pole_detector]: [0;33m未检测到有效橘色竖杆: candidates=0, frame=10755, hsv_lower=[5, 70, 70], hsv_upper=[30, 255, 255][0m
[INFO] [1783911293.337997983] [orange_pole_detector]: [0;33m未检测到有效橘色竖杆: candidates=0, frame=10770, hsv_lower=[5, 70, 70], hsv_upper=[30, 255, 255][0m
[INFO] [1783911294.337640620] [orange_pole_detector]: [0;33m未检测到有效橘色竖杆: candidates=0, frame=10785, hsv_lower=[5, 70, 70], hsv_upper=[30, 255, 255][0m
[INFO] [1783911295.338307932] [orange_pole_detector]: [0;33m未检测到有效橘色竖杆: candidates=0, frame=10800, hsv_lower=[5, 70, 70], hsv_upper=[30, 255, 255][0m
[INFO] [1783911296.404985198] [orange_pole_detector]: [0;33m未检测到有效橘色竖杆: candidates=0, frame=10816, hsv_lower=[5, 70, 70], hsv_upper=[30, 255, 255][0m
[INFO] [1783911297.408459473] [orange_pole_detector]: [0;33m未检测到有效橘色竖杆: candidates=0, frame=10831, hsv_lower=[5, 70, 70], hsv_upper=[30, 255, 255][0m
[INFO] [1783911298.472296814] [orange_pole_detector]: [0;33m未检测到有效橘色竖杆: candidates=0, frame=10847, hsv_lower=[5, 70, 70], hsv_upper=[30, 255, 255][0m
[INFO] [1783911299.472727047] [orange_pole_detector]: [0;33m未检测到有效橘色竖杆: candidates=0, frame=10862, hsv_lower=[5, 70, 70], hsv_upper=[30, 255, 255][0m
[INFO] [1783911300.474992100] [orange_pole_detector]: [0;33m未检测到有效橘色竖杆: candidates=0, frame=10877, hsv_lower=[5, 70, 70], hsv_upper=[30, 255, 255][0m
[INFO] [1783911301.542400450] [orange_pole_detector]: [0;33m未检测到有效橘色竖杆: candidates=0, frame=10893, hsv_lower=[5, 70, 70], hsv_upper=[30, 255, 255][0m
[INFO] [1783911302.542728975] [orange_pole_detector]: [0;33m未检测到有效橘色竖杆: candidates=0, frame=10908, hsv_lower=[5, 70, 70], hsv_upper=[30, 255, 255][0m
[INFO] [1783911303.613464357] [orange_pole_detector]: [0;33m未检测到有效橘色竖杆: candidates=0, frame=10924, hsv_lower=[5, 70, 70], hsv_upper=[30, 255, 255][0m
[INFO] [1783911304.676005212] [orange_pole_detector]: [0;33m未检测到有效橘色竖杆: candidates=0, frame=10940, hsv_lower=[5, 70, 70], hsv_upper=[30, 255, 255][0m
[INFO] [1783911305.678090724] [orange_pole_detector]: [0;33m未检测到有效橘色竖杆: candidates=0, frame=10955, hsv_lower=[5, 70, 70], hsv_upper=[30, 255, 255][0m
[INFO] [1783911306.744465900] [orange_pole_detector]: [0;33m未检测到有效橘色竖杆: candidates=0, frame=10971, hsv_lower=[5, 70, 70], hsv_upper=[30, 255, 255][0m
[INFO] [1783911307.812360712] [orange_pole_detector]: [0;33m未检测到有效橘色竖杆: candidates=0, frame=10987, hsv_lower=[5, 70, 70], hsv_upper=[30, 255, 255][0m
[INFO] [1783911308.814287829] [orange_pole_detector]: [0;33m未检测到有效橘色竖杆: candidates=0, frame=11002, hsv_lower=[5, 70, 70], hsv_upper=[30, 255, 255][0m
[INFO] [1783911309.876968426] [orange_pole_detector]: [0;33m未检测到有效橘色竖杆: candidates=0, frame=11018, hsv_lower=[5, 70, 70], hsv_upper=[30, 255, 255][0m
[INFO] [1783911310.878292925] [orange_pole_detector]: [0;33m未检测到有效橘色竖杆: candidates=0, frame=11033, hsv_lower=[5, 70, 70], hsv_upper=[30, 255, 255][0m
[INFO] [1783911311.879995229] [orange_pole_detector]: [0;33m未检测到有效橘色竖杆: candidates=0, frame=11048, hsv_lower=[5, 70, 70], hsv_upper=[30, 255, 255][0m
[INFO] [1783911312.948074925] [orange_pole_detector]: [0;33m未检测到有效橘色竖杆: candidates=0, frame=11064, hsv_lower=[5, 70, 70], hsv_upper=[30, 255, 255][0m
[INFO] [1783911314.015082929] [orange_pole_detector]: [0;33m未检测到有效橘色竖杆: candidates=0, frame=11080, hsv_lower=[5, 70, 70], hsv_upper=[30, 255, 255][0m
[INFO] [1783911315.017187932] [orange_pole_detector]: [0;33m未检测到有效橘色竖杆: candidates=0, frame=11095, hsv_lower=[5, 70, 70], hsv_upper=[30, 255, 255][0m
[INFO] [1783911316.081211100] [orange_pole_detector]: [0;33m未检测到有效橘色竖杆: candidates=0, frame=11111, hsv_lower=[5, 70, 70], hsv_upper=[30, 255, 255][0m
[INFO] [1783911317.083293763] [orange_pole_detector]: [0;33m未检测到有效橘色竖杆: candidates=0, frame=11126, hsv_lower=[5, 70, 70], hsv_upper=[30, 255, 255][0m
[INFO] [1783911318.082481281] [orange_pole_detector]: [0;33m未检测到有效橘色竖杆: candidates=0, frame=11141, hsv_lower=[5, 70, 70], hsv_upper=[30, 255, 255][0m
[INFO] [1783911319.153964683] [orange_pole_detector]: [0;33m未检测到有效橘色竖杆: candidates=0, frame=11157, hsv_lower=[5, 70, 70], hsv_upper=[30, 255, 255][0m
[INFO] [1783911320.216365746] [orange_pole_detector]: [0;33m未检测到有效橘色竖杆: candidates=0, frame=11173, hsv_lower=[5, 70, 70], hsv_upper=[30, 255, 255][0m
[INFO] [1783911321.218255782] [orange_pole_detector]: [0;33m未检测到有效橘色竖杆: candidates=0, frame=11188, hsv_lower=[5, 70, 70], hsv_upper=[30, 255, 255][0m
[INFO] [1783911322.217162748] [orange_pole_detector]: [0;33m未检测到有效橘色竖杆: candidates=0, frame=11203, hsv_lower=[5, 70, 70], hsv_upper=[30, 255, 255][0m
[INFO] [1783911323.220038923] [orange_pole_detector]: [0;33m未检测到有效橘色竖杆: candidates=0, frame=11218, hsv_lower=[5, 70, 70], hsv_upper=[30, 255, 255][0m
[INFO] [1783911324.285026812] [orange_pole_detector]: [0;33m未检测到有效橘色竖杆: candidates=0, frame=11234, hsv_lower=[5, 70, 70], hsv_upper=[30, 255, 255][0m
[INFO] [1783911325.285210518] [orange_pole_detector]: [0;33m未检测到有效橘色竖杆: candidates=0, frame=11249, hsv_lower=[5, 70, 70], hsv_upper=[30, 255, 255][0m
[INFO] [1783911326.288244427] [orange_pole_detector]: [0;33m未检测到有效橘色竖杆: candidates=0, frame=11264, hsv_lower=[5, 70, 70], hsv_upper=[30, 255, 255][0m
[INFO] [1783911327.286945315] [orange_pole_detector]: [0;33m未检测到有效橘色竖杆: candidates=0, frame=11279, hsv_lower=[5, 70, 70], hsv_upper=[30, 255, 255][0m
[INFO] [1783911328.355852693] [orange_pole_detector]: [0;33m未检测到有效橘色竖杆: candidates=0, frame=11295, hsv_lower=[5, 70, 70], hsv_upper=[30, 255, 255][0m
[INFO] [1783911329.420623504] [orange_pole_detector]: [0;33m未检测到有效橘色竖杆: candidates=0, frame=11311, hsv_lower=[5, 70, 70], hsv_upper=[30, 255, 255][0m
[INFO] [1783911330.421313257] [orange_pole_detector]: [0;33m未检测到有效橘色竖杆: candidates=0, frame=11326, hsv_lower=[5, 70, 70], hsv_upper=[30, 255, 255][0m
[INFO] [1783911331.424445013] [orange_pole_detector]: [0;33m未检测到有效橘色竖杆: candidates=0, frame=11341, hsv_lower=[5, 70, 70], hsv_upper=[30, 255, 255][0m
[INFO] [1783911332.491148753] [orange_pole_detector]: [0;33m未检测到有效橘色竖杆: candidates=0, frame=11357, hsv_lower=[5, 70, 70], hsv_upper=[30, 255, 255][0m
[INFO] [1783911333.560313451] [orange_pole_detector]: [0;33m未检测到有效橘色竖杆: candidates=0, frame=11373, hsv_lower=[5, 70, 70], hsv_upper=[30, 255, 255][0m
[INFO] [1783911334.560396539] [orange_pole_detector]: [0;33m未检测到有效橘色竖杆: candidates=0, frame=11388, hsv_lower=[5, 70, 70], hsv_upper=[30, 255, 255][0m
[INFO] [1783911335.562537487] [orange_pole_detector]: [0;33m未检测到有效橘色竖杆: candidates=0, frame=11403, hsv_lower=[5, 70, 70], hsv_upper=[30, 255, 255][0m
[INFO] [1783911336.623708895] [orange_pole_detector]: [0;33m未检测到有效橘色竖杆: candidates=0, frame=11419, hsv_lower=[5, 70, 70], hsv_upper=[30, 255, 255][0m
[INFO] [1783911337.625760945] [orange_pole_detector]: [0;33m未检测到有效橘色竖杆: candidates=0, frame=11434, hsv_lower=[5, 70, 70], hsv_upper=[30, 255, 255][0m
[INFO] [1783911338.625668206] [orange_pole_detector]: [0;33m未检测到有效橘色竖杆: candidates=0, frame=11449, hsv_lower=[5, 70, 70], hsv_upper=[30, 255, 255][0m
[INFO] [1783911339.628900186] [orange_pole_detector]: [0;33m未检测到有效橘色竖杆: candidates=0, frame=11464, hsv_lower=[5, 70, 70], hsv_upper=[30, 255, 255][0m
[INFO] [1783911340.630614516] [orange_pole_detector]: [0;33m未检测到有效橘色竖杆: candidates=0, frame=11479, hsv_lower=[5, 70, 70], hsv_upper=[30, 255, 255][0m
[INFO] [1783911341.695142780] [orange_pole_detector]: [0;33m未检测到有效橘色竖杆: candidates=0, frame=11495, hsv_lower=[5, 70, 70], hsv_upper=[30, 255, 255][0m
[INFO] [1783911342.762070229] [orange_pole_detector]: [0;33m未检测到有效橘色竖杆: candidates=0, frame=11511, hsv_lower=[5, 70, 70], hsv_upper=[30, 255, 255][0m
[INFO] [1783911343.763711309] [orange_pole_detector]: [0;33m未检测到有效橘色竖杆: candidates=0, frame=11526, hsv_lower=[5, 70, 70], hsv_upper=[30, 255, 255][0m
[INFO] [1783911344.829068135] [orange_pole_detector]: [0;33m未检测到有效橘色竖杆: candidates=0, frame=11542, hsv_lower=[5, 70, 70], hsv_upper=[30, 255, 255][0m
[INFO] [1783911345.831256872] [orange_pole_detector]: [0;33m未检测到有效橘色竖杆: candidates=0, frame=11557, hsv_lower=[5, 70, 70], hsv_upper=[30, 255, 255][0m
[INFO] [1783911346.897162349] [orange_pole_detector]: [0;33m未检测到有效橘色竖杆: candidates=0, frame=11573, hsv_lower=[5, 70, 70], hsv_upper=[30, 255, 255][0m
[INFO] [1783911347.897596074] [orange_pole_detector]: [0;33m未检测到有效橘色竖杆: candidates=0, frame=11588, hsv_lower=[5, 70, 70], hsv_upper=[30, 255, 255][0m
[INFO] [1783911348.898810896] [orange_pole_detector]: [0;33m未检测到有效橘色竖杆: candidates=0, frame=11603, hsv_lower=[5, 70, 70], hsv_upper=[30, 255, 255][0m
[INFO] [1783911349.901333428] [orange_pole_detector]: [0;33m未检测到有效橘色竖杆: candidates=0, frame=11618, hsv_lower=[5, 70, 70], hsv_upper=[30, 255, 255][0m
[INFO] [1783911350.904816205] [orange_pole_detector]: [0;33m未检测到有效橘色竖杆: candidates=0, frame=11633, hsv_lower=[5, 70, 70], hsv_upper=[30, 255, 255][0m
[INFO] [1783911351.967823117] [orange_pole_detector]: [0;33m未检测到有效橘色竖杆: candidates=0, frame=11649, hsv_lower=[5, 70, 70], hsv_upper=[30, 255, 255][0m
[INFO] [1783911353.033820158] [orange_pole_detector]: [0;33m未检测到有效橘色竖杆: candidates=0, frame=11665, hsv_lower=[5, 70, 70], hsv_upper=[30, 255, 255][0m
[INFO] [1783911354.034335658] [orange_pole_detector]: [0;33m未检测到有效橘色竖杆: candidates=0, frame=11680, hsv_lower=[5, 70, 70], hsv_upper=[30, 255, 255][0m
[INFO] [1783911355.035560851] [orange_pole_detector]: [0;33m未检测到有效橘色竖杆: candidates=0, frame=11695, hsv_lower=[5, 70, 70], hsv_upper=[30, 255, 255][0m
[INFO] [1783911356.036324913] [orange_pole_detector]: [0;33m未检测到有效橘色竖杆: candidates=0, frame=11710, hsv_lower=[5, 70, 70], hsv_upper=[30, 255, 255][0m
[INFO] [1783911357.036506984] [orange_pole_detector]: [0;33m未检测到有效橘色竖杆: candidates=0, frame=11725, hsv_lower=[5, 70, 70], hsv_upper=[30, 255, 255][0m
[INFO] [1783911358.036664876] [orange_pole_detector]: [0;33m未检测到有效橘色竖杆: candidates=0, frame=11740, hsv_lower=[5, 70, 70], hsv_upper=[30, 255, 255][0m
[INFO] [1783911359.036833129] [orange_pole_detector]: [0;33m未检测到有效橘色竖杆: candidates=0, frame=11755, hsv_lower=[5, 70, 70], hsv_upper=[30, 255, 255][0m
[INFO] [1783911360.040261557] [orange_pole_detector]: [0;33m未检测到有效橘色竖杆: candidates=0, frame=11770, hsv_lower=[5, 70, 70], hsv_upper=[30, 255, 255][0m
[INFO] [1783911361.110508759] [orange_pole_detector]: [0;33m未检测到有效橘色竖杆: candidates=0, frame=11786, hsv_lower=[5, 70, 70], hsv_upper=[30, 255, 255][0m
[INFO] [1783911362.172437480] [orange_pole_detector]: [0;33m未检测到有效橘色竖杆: candidates=0, frame=11802, hsv_lower=[5, 70, 70], hsv_upper=[30, 255, 255][0m
[INFO] [1783911363.172693916] [orange_pole_detector]: [0;33m未检测到有效橘色竖杆: candidates=0, frame=11817, hsv_lower=[5, 70, 70], hsv_upper=[30, 255, 255][0m
[INFO] [1783911364.173355124] [orange_pole_detector]: [0;33m未检测到有效橘色竖杆: candidates=0, frame=11832, hsv_lower=[5, 70, 70], hsv_upper=[30, 255, 255][0m
[INFO] [1783911365.175033282] [orange_pole_detector]: [0;33m未检测到有效橘色竖杆: candidates=0, frame=11847, hsv_lower=[5, 70, 70], hsv_upper=[30, 255, 255][0m
[INFO] [1783911366.177880562] [orange_pole_detector]: [0;33m未检测到有效橘色竖杆: candidates=0, frame=11862, hsv_lower=[5, 70, 70], hsv_upper=[30, 255, 255][0m
[INFO] [1783911367.183852858] [orange_pole_detector]: [0;33m未检测到有效橘色竖杆: candidates=0, frame=11877, hsv_lower=[5, 70, 70], hsv_upper=[30, 255, 255][0m
[INFO] [1783911368.183359776] [orange_pole_detector]: [0;33m未检测到有效橘色竖杆: candidates=0, frame=11892, hsv_lower=[5, 70, 70], hsv_upper=[30, 255, 255][0m
[INFO] [1783911369.187395059] [orange_pole_detector]: [0;33m未检测到有效橘色竖杆: candidates=0, frame=11907, hsv_lower=[5, 70, 70], hsv_upper=[30, 255, 255][0m
[INFO] [1783911370.193404600] [orange_pole_detector]: [0;33m未检测到有效橘色竖杆: candidates=0, frame=11922, hsv_lower=[5, 70, 70], hsv_upper=[30, 255, 255][0m
[INFO] [1783911371.195318531] [orange_pole_detector]: [0;33m未检测到有效橘色竖杆: candidates=0, frame=11937, hsv_lower=[5, 70, 70], hsv_upper=[30, 255, 255][0m
[INFO] [1783911372.195069141] [orange_pole_detector]: [0;33m未检测到有效橘色竖杆: candidates=0, frame=11952, hsv_lower=[5, 70, 70], hsv_upper=[30, 255, 255][0m
[INFO] [1783911373.199288265] [orange_pole_detector]: [0;33m未检测到有效橘色竖杆: candidates=0, frame=11967, hsv_lower=[5, 70, 70], hsv_upper=[30, 255, 255][0m
[INFO] [1783911374.200269702] [orange_pole_detector]: [0;33m未检测到有效橘色竖杆: candidates=0, frame=11982, hsv_lower=[5, 70, 70], hsv_upper=[30, 255, 255][0m
[INFO] [1783911375.207565536] [orange_pole_detector]: [0;33m未检测到有效橘色竖杆: candidates=0, frame=11997, hsv_lower=[5, 70, 70], hsv_upper=[30, 255, 255][0m
[INFO] [1783911376.272600098] [orange_pole_detector]: [0;33m未检测到有效橘色竖杆: candidates=0, frame=12013, hsv_lower=[5, 70, 70], hsv_upper=[30, 255, 255][0m
[INFO] [1783911377.274309025] [orange_pole_detector]: [0;33m未检测到有效橘色竖杆: candidates=0, frame=12028, hsv_lower=[5, 70, 70], hsv_upper=[30, 255, 255][0m
[INFO] [1783911378.278712464] [orange_pole_detector]: [0;33m未检测到有效橘色竖杆: candidates=0, frame=12043, hsv_lower=[5, 70, 70], hsv_upper=[30, 255, 255][0m
[INFO] [1783911379.280181681] [orange_pole_detector]: [0;33m未检测到有效橘色竖杆: candidates=0, frame=12058, hsv_lower=[5, 70, 70], hsv_upper=[30, 255, 255][0m
[INFO] [1783911380.284367835] [orange_pole_detector]: [0;33m未检测到有效橘色竖杆: candidates=0, frame=12073, hsv_lower=[5, 70, 70], hsv_upper=[30, 255, 255][0m
[INFO] [1783911381.284098494] [orange_pole_detector]: [0;33m未检测到有效橘色竖杆: candidates=0, frame=12088, hsv_lower=[5, 70, 70], hsv_upper=[30, 255, 255][0m
[INFO] [1783911382.287558257] [orange_pole_detector]: [0;33m未检测到有效橘色竖杆: candidates=0, frame=12103, hsv_lower=[5, 70, 70], hsv_upper=[30, 255, 255][0m
[INFO] [1783911383.290334898] [orange_pole_detector]: [0;33m未检测到有效橘色竖杆: candidates=0, frame=12118, hsv_lower=[5, 70, 70], hsv_upper=[30, 255, 255][0m
[INFO] [1783911384.296630819] [orange_pole_detector]: [0;33m未检测到有效橘色竖杆: candidates=0, frame=12133, hsv_lower=[5, 70, 70], hsv_upper=[30, 255, 255][0m
[INFO] [1783911385.293001422] [orange_pole_detector]: [0;33m未检测到有效橘色竖杆: candidates=0, frame=12148, hsv_lower=[5, 70, 70], hsv_upper=[30, 255, 255][0m
[INFO] [1783911386.295219894] [orange_pole_detector]: [0;33m未检测到有效橘色竖杆: candidates=0, frame=12163, hsv_lower=[5, 70, 70], hsv_upper=[30, 255, 255][0m
[INFO] [1783911387.300368358] [orange_pole_detector]: [0;33m未检测到有效橘色竖杆: candidates=0, frame=12178, hsv_lower=[5, 70, 70], hsv_upper=[30, 255, 255][0m
[INFO] [1783911388.299393599] [orange_pole_detector]: [0;33m未检测到有效橘色竖杆: candidates=0, frame=12193, hsv_lower=[5, 70, 70], hsv_upper=[30, 255, 255][0m
[INFO] [1783911389.306720144] [orange_pole_detector]: [0;33m未检测到有效橘色竖杆: candidates=0, frame=12208, hsv_lower=[5, 70, 70], hsv_upper=[30, 255, 255][0m
[INFO] [1783911390.370149124] [orange_pole_detector]: [0;33m未检测到有效橘色竖杆: candidates=0, frame=12224, hsv_lower=[5, 70, 70], hsv_upper=[30, 255, 255][0m
[INFO] [1783911391.374771896] [orange_pole_detector]: [0;33m未检测到有效橘色竖杆: candidates=0, frame=12239, hsv_lower=[5, 70, 70], hsv_upper=[30, 255, 255][0m
[INFO] [1783911392.373287056] [orange_pole_detector]: [0;33m未检测到有效橘色竖杆: candidates=0, frame=12254, hsv_lower=[5, 70, 70], hsv_upper=[30, 255, 255][0m
[INFO] [1783911393.377360356] [orange_pole_detector]: [0;33m未检测到有效橘色竖杆: candidates=0, frame=12269, hsv_lower=[5, 70, 70], hsv_upper=[30, 255, 255][0m
[INFO] [1783911394.377466224] [orange_pole_detector]: [0;33m未检测到有效橘色竖杆: candidates=0, frame=12284, hsv_lower=[5, 70, 70], hsv_upper=[30, 255, 255][0m
[INFO] [1783911395.383249316] [orange_pole_detector]: [0;33m未检测到有效橘色竖杆: candidates=0, frame=12299, hsv_lower=[5, 70, 70], hsv_upper=[30, 255, 255][0m
[INFO] [1783911396.383537506] [orange_pole_detector]: [0;33m未检测到有效橘色竖杆: candidates=0, frame=12314, hsv_lower=[5, 70, 70], hsv_upper=[30, 255, 255][0m
[INFO] [1783911397.384499158] [orange_pole_detector]: [0;33m未检测到有效橘色竖杆: candidates=0, frame=12329, hsv_lower=[5, 70, 70], hsv_upper=[30, 255, 255][0m
[INFO] [1783911398.384953207] [orange_pole_detector]: [0;33m未检测到有效橘色竖杆: candidates=0, frame=12344, hsv_lower=[5, 70, 70], hsv_upper=[30, 255, 255][0m
[INFO] [1783911399.387426471] [orange_pole_detector]: [0;33m未检测到有效橘色竖杆: candidates=0, frame=12359, hsv_lower=[5, 70, 70], hsv_upper=[30, 255, 255][0m
[INFO] [1783911400.388626359] [orange_pole_detector]: [0;33m未检测到有效橘色竖杆: candidates=0, frame=12374, hsv_lower=[5, 70, 70], hsv_upper=[30, 255, 255][0m
[INFO] [1783911401.392767598] [orange_pole_detector]: [0;33m未检测到有效橘色竖杆: candidates=0, frame=12389, hsv_lower=[5, 70, 70], hsv_upper=[30, 255, 255][0m
[INFO] [1783911402.458407986] [orange_pole_detector]: [0;33m未检测到有效橘色竖杆: candidates=0, frame=12405, hsv_lower=[5, 70, 70], hsv_upper=[30, 255, 255][0m
[INFO] [1783911403.461146709] [orange_pole_detector]: [0;33m未检测到有效橘色竖杆: candidates=0, frame=12420, hsv_lower=[5, 70, 70], hsv_upper=[30, 255, 255][0m
[INFO] [1783911404.461576878] [orange_pole_detector]: [0;33m未检测到有效橘色竖杆: candidates=0, frame=12435, hsv_lower=[5, 70, 70], hsv_upper=[30, 255, 255][0m
[INFO] [1783911405.465648829] [orange_pole_detector]: [0;33m未检测到有效橘色竖杆: candidates=0, frame=12450, hsv_lower=[5, 70, 70], hsv_upper=[30, 255, 255][0m
[INFO] [1783911406.465097002] [orange_pole_detector]: [0;33m未检测到有效橘色竖杆: candidates=0, frame=12465, hsv_lower=[5, 70, 70], hsv_upper=[30, 255, 255][0m
[INFO] [1783911407.465999701] [orange_pole_detector]: [0;33m未检测到有效橘色竖杆: candidates=0, frame=12480, hsv_lower=[5, 70, 70], hsv_upper=[30, 255, 255][0m
[INFO] [1783911408.469585981] [orange_pole_detector]: [0;33m未检测到有效橘色竖杆: candidates=0, frame=12495, hsv_lower=[5, 70, 70], hsv_upper=[30, 255, 255][0m
[INFO] [1783911409.469779842] [orange_pole_detector]: [0;33m未检测到有效橘色竖杆: candidates=0, frame=12510, hsv_lower=[5, 70, 70], hsv_upper=[30, 255, 255][0m
[INFO] [1783911410.470079254] [orange_pole_detector]: [0;33m未检测到有效橘色竖杆: candidates=0, frame=12525, hsv_lower=[5, 70, 70], hsv_upper=[30, 255, 255][0m
[INFO] [1783911411.471897953] [orange_pole_detector]: [0;33m未检测到有效橘色竖杆: candidates=0, frame=12540, hsv_lower=[5, 70, 70], hsv_upper=[30, 255, 255][0m
[INFO] [1783911412.477526451] [orange_pole_detector]: [0;33m未检测到有效橘色竖杆: candidates=0, frame=12555, hsv_lower=[5, 70, 70], hsv_upper=[30, 255, 255][0m
[INFO] [1783911413.541531486] [orange_pole_detector]: [0;33m未检测到有效橘色竖杆: candidates=0, frame=12571, hsv_lower=[5, 70, 70], hsv_upper=[30, 255, 255][0m
[INFO] [1783911414.541833459] [orange_pole_detector]: [0;33m未检测到有效橘色竖杆: candidates=0, frame=12586, hsv_lower=[5, 70, 70], hsv_upper=[30, 255, 255][0m
[INFO] [1783911415.543543287] [orange_pole_detector]: [0;33m未检测到有效橘色竖杆: candidates=0, frame=12601, hsv_lower=[5, 70, 70], hsv_upper=[30, 255, 255][0m
[INFO] [1783911416.545327852] [orange_pole_detector]: [0;33m未检测到有效橘色竖杆: candidates=0, frame=12616, hsv_lower=[5, 70, 70], hsv_upper=[30, 255, 255][0m
[INFO] [1783911417.547141630] [orange_pole_detector]: [0;33m未检测到有效橘色竖杆: candidates=0, frame=12631, hsv_lower=[5, 70, 70], hsv_upper=[30, 255, 255][0m
[INFO] [1783911418.548258780] [orange_pole_detector]: [0;33m未检测到有效橘色竖杆: candidates=0, frame=12646, hsv_lower=[5, 70, 70], hsv_upper=[30, 255, 255][0m
[INFO] [1783911419.550678048] [orange_pole_detector]: [1;95m触发状态更新: trigger=True[0m
[INFO] [1783911419.555334136] [orange_pole_detector]: [1;34m最近杆: dist=1.037m, lateral=0.178m, vertical=0.046m, pixel=(265.2,130.2), box=29x55, height3d=0.136m, depth_px=619, candidates=1, trigger=True[0m
[INFO] [1783911419.616347726] [orange_pole_detector]: [1;95m触发状态更新: trigger=False[0m
[INFO] [1783911420.553172314] [orange_pole_detector]: [0;33m未检测到有效橘色竖杆: candidates=0, frame=12676, hsv_lower=[5, 70, 70], hsv_upper=[30, 255, 255][0m
[INFO] [1783911421.552333239] [orange_pole_detector]: [0;33m未检测到有效橘色竖杆: candidates=0, frame=12691, hsv_lower=[5, 70, 70], hsv_upper=[30, 255, 255][0m
[INFO] [1783911422.554317603] [orange_pole_detector]: [0;33m未检测到有效橘色竖杆: candidates=0, frame=12706, hsv_lower=[5, 70, 70], hsv_upper=[30, 255, 255][0m
[INFO] [1783911423.554816108] [orange_pole_detector]: [0;33m未检测到有效橘色竖杆: candidates=0, frame=12721, hsv_lower=[5, 70, 70], hsv_upper=[30, 255, 255][0m
[INFO] [1783911424.559212095] [orange_pole_detector]: [0;33m未检测到有效橘色竖杆: candidates=0, frame=12736, hsv_lower=[5, 70, 70], hsv_upper=[30, 255, 255][0m
[INFO] [1783911425.623594095] [orange_pole_detector]: [0;33m未检测到有效橘色竖杆: candidates=0, frame=12752, hsv_lower=[5, 70, 70], hsv_upper=[30, 255, 255][0m
[INFO] [1783911426.624646437] [orange_pole_detector]: [0;33m未检测到有效橘色竖杆: candidates=0, frame=12767, hsv_lower=[5, 70, 70], hsv_upper=[30, 255, 255][0m
[INFO] [1783911427.628367757] [orange_pole_detector]: [0;33m未检测到有效橘色竖杆: candidates=0, frame=12782, hsv_lower=[5, 70, 70], hsv_upper=[30, 255, 255][0m
[INFO] [1783911428.629005349] [orange_pole_detector]: [0;33m未检测到有效橘色竖杆: candidates=0, frame=12797, hsv_lower=[5, 70, 70], hsv_upper=[30, 255, 255][0m
[INFO] [1783911429.627900401] [orange_pole_detector]: [0;33m未检测到有效橘色竖杆: candidates=0, frame=12812, hsv_lower=[5, 70, 70], hsv_upper=[30, 255, 255][0m
[INFO] [1783911430.629979430] [orange_pole_detector]: [0;33m未检测到有效橘色竖杆: candidates=0, frame=12827, hsv_lower=[5, 70, 70], hsv_upper=[30, 255, 255][0m
[INFO] [1783911431.632014395] [orange_pole_detector]: [0;33m未检测到有效橘色竖杆: candidates=0, frame=12842, hsv_lower=[5, 70, 70], hsv_upper=[30, 255, 255][0m
[INFO] [1783911432.698498827] [orange_pole_detector]: [0;33m未检测到有效橘色竖杆: candidates=0, frame=12858, hsv_lower=[5, 70, 70], hsv_upper=[30, 255, 255][0m
[INFO] [1783911433.704599892] [orange_pole_detector]: [0;33m未检测到有效橘色竖杆: candidates=0, frame=12873, hsv_lower=[5, 70, 70], hsv_upper=[30, 255, 255][0m
[INFO] [1783911434.701604711] [orange_pole_detector]: [0;33m未检测到有效橘色竖杆: candidates=0, frame=12888, hsv_lower=[5, 70, 70], hsv_upper=[30, 255, 255][0m
[INFO] [1783911435.703023746] [orange_pole_detector]: [0;33m未检测到有效橘色竖杆: candidates=0, frame=12903, hsv_lower=[5, 70, 70], hsv_upper=[30, 255, 255][0m
[INFO] [1783911436.770112663] [orange_pole_detector]: [0;33m未检测到有效橘色竖杆: candidates=0, frame=12919, hsv_lower=[5, 70, 70], hsv_upper=[30, 255, 255][0m
[INFO] [1783911437.771812302] [orange_pole_detector]: [0;33m未检测到有效橘色竖杆: candidates=0, frame=12934, hsv_lower=[5, 70, 70], hsv_upper=[30, 255, 255][0m
[INFO] [1783911438.774565850] [orange_pole_detector]: [0;33m未检测到有效橘色竖杆: candidates=0, frame=12949, hsv_lower=[5, 70, 70], hsv_upper=[30, 255, 255][0m
[INFO] [1783911439.775863061] [orange_pole_detector]: [0;33m未检测到有效橘色竖杆: candidates=0, frame=12964, hsv_lower=[5, 70, 70], hsv_upper=[30, 255, 255][0m
[INFO] [1783911440.841734920] [orange_pole_detector]: [0;33m未检测到有效橘色竖杆: candidates=0, frame=12980, hsv_lower=[5, 70, 70], hsv_upper=[30, 255, 255][0m
[INFO] [1783911441.844947526] [orange_pole_detector]: [0;33m未检测到有效橘色竖杆: candidates=0, frame=12995, hsv_lower=[5, 70, 70], hsv_upper=[30, 255, 255][0m
[INFO] [1783911442.848447222] [orange_pole_detector]: [0;33m未检测到有效橘色竖杆: candidates=0, frame=13010, hsv_lower=[5, 70, 70], hsv_upper=[30, 255, 255][0m
[INFO] [1783911443.916338895] [orange_pole_detector]: [0;33m未检测到有效橘色竖杆: candidates=0, frame=13026, hsv_lower=[5, 70, 70], hsv_upper=[30, 255, 255][0m
[INFO] [1783911444.979663963] [orange_pole_detector]: [0;33m未检测到有效橘色竖杆: candidates=0, frame=13042, hsv_lower=[5, 70, 70], hsv_upper=[30, 255, 255][0m
[INFO] [1783911445.980695014] [orange_pole_detector]: [0;33m未检测到有效橘色竖杆: candidates=0, frame=13057, hsv_lower=[5, 70, 70], hsv_upper=[30, 255, 255][0m
[INFO] [1783911446.981913945] [orange_pole_detector]: [0;33m未检测到有效橘色竖杆: candidates=0, frame=13072, hsv_lower=[5, 70, 70], hsv_upper=[30, 255, 255][0m
[INFO] [1783911447.982512763] [orange_pole_detector]: [0;33m未检测到有效橘色竖杆: candidates=0, frame=13087, hsv_lower=[5, 70, 70], hsv_upper=[30, 255, 255][0m
[INFO] [1783911448.983794936] [orange_pole_detector]: [0;33m未检测到有效橘色竖杆: candidates=0, frame=13102, hsv_lower=[5, 70, 70], hsv_upper=[30, 255, 255][0m
[INFO] [1783911449.984771069] [orange_pole_detector]: [0;33m未检测到有效橘色竖杆: candidates=0, frame=13117, hsv_lower=[5, 70, 70], hsv_upper=[30, 255, 255][0m
[INFO] [1783911450.987559366] [orange_pole_detector]: [0;33m未检测到有效橘色竖杆: candidates=0, frame=13132, hsv_lower=[5, 70, 70], hsv_upper=[30, 255, 255][0m
[INFO] [1783911451.990334206] [orange_pole_detector]: [0;33m未检测到有效橘色竖杆: candidates=0, frame=13147, hsv_lower=[5, 70, 70], hsv_upper=[30, 255, 255][0m
[INFO] [1783911453.057752198] [orange_pole_detector]: [0;33m未检测到有效橘色竖杆: candidates=0, frame=13163, hsv_lower=[5, 70, 70], hsv_upper=[30, 255, 255][0m
[INFO] [1783911454.061252461] [orange_pole_detector]: [0;33m未检测到有效橘色竖杆: candidates=0, frame=13178, hsv_lower=[5, 70, 70], hsv_upper=[30, 255, 255][0m
[INFO] [1783911455.123734429] [orange_pole_detector]: [0;33m未检测到有效橘色竖杆: candidates=0, frame=13194, hsv_lower=[5, 70, 70], hsv_upper=[30, 255, 255][0m
[INFO] [1783911456.127222892] [orange_pole_detector]: [0;33m未检测到有效橘色竖杆: candidates=0, frame=13209, hsv_lower=[5, 70, 70], hsv_upper=[30, 255, 255][0m
[INFO] [1783911457.193147307] [orange_pole_detector]: [0;33m未检测到有效橘色竖杆: candidates=0, frame=13225, hsv_lower=[5, 70, 70], hsv_upper=[30, 255, 255][0m
[INFO] [1783911458.198404423] [orange_pole_detector]: [0;33m未检测到有效橘色竖杆: candidates=0, frame=13240, hsv_lower=[5, 70, 70], hsv_upper=[30, 255, 255][0m
[INFO] [1783911459.261566584] [orange_pole_detector]: [0;33m未检测到有效橘色竖杆: candidates=0, frame=13256, hsv_lower=[5, 70, 70], hsv_upper=[30, 255, 255][0m
[INFO] [1783911460.262078522] [orange_pole_detector]: [0;33m未检测到有效橘色竖杆: candidates=0, frame=13271, hsv_lower=[5, 70, 70], hsv_upper=[30, 255, 255][0m
[INFO] [1783911461.263428953] [orange_pole_detector]: [0;33m未检测到有效橘色竖杆: candidates=0, frame=13286, hsv_lower=[5, 70, 70], hsv_upper=[30, 255, 255][0m
[INFO] [1783911462.268679495] [orange_pole_detector]: [0;33m未检测到有效橘色竖杆: candidates=0, frame=13301, hsv_lower=[5, 70, 70], hsv_upper=[30, 255, 255][0m
[INFO] [1783911463.337483543] [orange_pole_detector]: [0;33m未检测到有效橘色竖杆: candidates=0, frame=13317, hsv_lower=[5, 70, 70], hsv_upper=[30, 255, 255][0m
[INFO] [1783911464.402986333] [orange_pole_detector]: [0;33m未检测到有效橘色竖杆: candidates=0, frame=13333, hsv_lower=[5, 70, 70], hsv_upper=[30, 255, 255][0m
[INFO] [1783911465.469130577] [orange_pole_detector]: [0;33m未检测到有效橘色竖杆: candidates=0, frame=13349, hsv_lower=[5, 70, 70], hsv_upper=[30, 255, 255][0m
[INFO] [1783911466.469283018] [orange_pole_detector]: [0;33m未检测到有效橘色竖杆: candidates=0, frame=13364, hsv_lower=[5, 70, 70], hsv_upper=[30, 255, 255][0m
[INFO] [1783911466.940940789] [orange_pole_detector]: [1;95m触发状态更新: trigger=True[0m
[INFO] [1783911467.068179626] [orange_pole_detector]: [1;95m触发状态更新: trigger=False[0m
[INFO] [1783911467.536026820] [orange_pole_detector]: [0;33m未检测到有效橘色竖杆: candidates=0, frame=13380, hsv_lower=[5, 70, 70], hsv_upper=[30, 255, 255][0m
[INFO] [1783911468.541165045] [orange_pole_detector]: [0;33m未检测到有效橘色竖杆: candidates=0, frame=13395, hsv_lower=[5, 70, 70], hsv_upper=[30, 255, 255][0m
[INFO] [1783911469.537920869] [orange_pole_detector]: [0;33m未检测到有效橘色竖杆: candidates=0, frame=13410, hsv_lower=[5, 70, 70], hsv_upper=[30, 255, 255][0m
[INFO] [1783911470.539660109] [orange_pole_detector]: [0;33m未检测到有效橘色竖杆: candidates=0, frame=13425, hsv_lower=[5, 70, 70], hsv_upper=[30, 255, 255][0m
[INFO] [1783911471.542945874] [orange_pole_detector]: [0;33m未检测到有效橘色竖杆: candidates=0, frame=13440, hsv_lower=[5, 70, 70], hsv_upper=[30, 255, 255][0m
[INFO] [1783911472.610422598] [orange_pole_detector]: [0;33m未检测到有效橘色竖杆: candidates=0, frame=13456, hsv_lower=[5, 70, 70], hsv_upper=[30, 255, 255][0m
[INFO] [1783911473.675317407] [orange_pole_detector]: [0;33m未检测到有效橘色竖杆: candidates=0, frame=13472, hsv_lower=[5, 70, 70], hsv_upper=[30, 255, 255][0m
[INFO] [1783911474.677241431] [orange_pole_detector]: [0;33m未检测到有效橘色竖杆: candidates=0, frame=13487, hsv_lower=[5, 70, 70], hsv_upper=[30, 255, 255][0m
[INFO] [1783911475.676977756] [orange_pole_detector]: [0;33m未检测到有效橘色竖杆: candidates=0, frame=13502, hsv_lower=[5, 70, 70], hsv_upper=[30, 255, 255][0m
[INFO] [1783911476.678451834] [orange_pole_detector]: [0;33m未检测到有效橘色竖杆: candidates=0, frame=13517, hsv_lower=[5, 70, 70], hsv_upper=[30, 255, 255][0m
[INFO] [1783911477.680015730] [orange_pole_detector]: [0;33m未检测到有效橘色竖杆: candidates=0, frame=13532, hsv_lower=[5, 70, 70], hsv_upper=[30, 255, 255][0m
[INFO] [1783911478.681243068] [orange_pole_detector]: [0;33m未检测到有效橘色竖杆: candidates=0, frame=13547, hsv_lower=[5, 70, 70], hsv_upper=[30, 255, 255][0m
[INFO] [1783911479.681682803] [orange_pole_detector]: [0;33m未检测到有效橘色竖杆: candidates=0, frame=13562, hsv_lower=[5, 70, 70], hsv_upper=[30, 255, 255][0m
[INFO] [1783911480.682210349] [orange_pole_detector]: [0;33m未检测到有效橘色竖杆: candidates=0, frame=13577, hsv_lower=[5, 70, 70], hsv_upper=[30, 255, 255][0m
[INFO] [1783911481.682160176] [orange_pole_detector]: [0;33m未检测到有效橘色竖杆: candidates=0, frame=13592, hsv_lower=[5, 70, 70], hsv_upper=[30, 255, 255][0m
[INFO] [1783911482.686193345] [orange_pole_detector]: [0;33m未检测到有效橘色竖杆: candidates=0, frame=13607, hsv_lower=[5, 70, 70], hsv_upper=[30, 255, 255][0m
[INFO] [1783911483.687056281] [orange_pole_detector]: [0;33m未检测到有效橘色竖杆: candidates=0, frame=13622, hsv_lower=[5, 70, 70], hsv_upper=[30, 255, 255][0m
[INFO] [1783911484.753917133] [orange_pole_detector]: [0;33m未检测到有效橘色竖杆: candidates=0, frame=13638, hsv_lower=[5, 70, 70], hsv_upper=[30, 255, 255][0m
[INFO] [1783911485.757680859] [orange_pole_detector]: [0;33m未检测到有效橘色竖杆: candidates=0, frame=13653, hsv_lower=[5, 70, 70], hsv_upper=[30, 255, 255][0m
[INFO] [1783911486.823418541] [orange_pole_detector]: [0;33m未检测到有效橘色竖杆: candidates=0, frame=13669, hsv_lower=[5, 70, 70], hsv_upper=[30, 255, 255][0m
[INFO] [1783911487.822779530] [orange_pole_detector]: [0;33m未检测到有效橘色竖杆: candidates=0, frame=13684, hsv_lower=[5, 70, 70], hsv_upper=[30, 255, 255][0m
[INFO] [1783911488.824445354] [orange_pole_detector]: [0;33m未检测到有效橘色竖杆: candidates=0, frame=13699, hsv_lower=[5, 70, 70], hsv_upper=[30, 255, 255][0m
[INFO] [1783911489.823861583] [orange_pole_detector]: [0;33m未检测到有效橘色竖杆: candidates=0, frame=13714, hsv_lower=[5, 70, 70], hsv_upper=[30, 255, 255][0m
[INFO] [1783911490.825238067] [orange_pole_detector]: [0;33m未检测到有效橘色竖杆: candidates=0, frame=13729, hsv_lower=[5, 70, 70], hsv_upper=[30, 255, 255][0m
[INFO] [1783911491.826089390] [orange_pole_detector]: [0;33m未检测到有效橘色竖杆: candidates=0, frame=13744, hsv_lower=[5, 70, 70], hsv_upper=[30, 255, 255][0m
[INFO] [1783911492.827180994] [orange_pole_detector]: [0;33m未检测到有效橘色竖杆: candidates=0, frame=13759, hsv_lower=[5, 70, 70], hsv_upper=[30, 255, 255][0m
[INFO] [1783911493.827201110] [orange_pole_detector]: [0;33m未检测到有效橘色竖杆: candidates=0, frame=13774, hsv_lower=[5, 70, 70], hsv_upper=[30, 255, 255][0m
[INFO] [1783911494.828417774] [orange_pole_detector]: [0;33m未检测到有效橘色竖杆: candidates=0, frame=13789, hsv_lower=[5, 70, 70], hsv_upper=[30, 255, 255][0m
[INFO] [1783911495.828553050] [orange_pole_detector]: [0;33m未检测到有效橘色竖杆: candidates=0, frame=13804, hsv_lower=[5, 70, 70], hsv_upper=[30, 255, 255][0m
[INFO] [1783911496.831992870] [orange_pole_detector]: [0;33m未检测到有效橘色竖杆: candidates=0, frame=13819, hsv_lower=[5, 70, 70], hsv_upper=[30, 255, 255][0m
[INFO] [1783911497.898430003] [orange_pole_detector]: [0;33m未检测到有效橘色竖杆: candidates=0, frame=13835, hsv_lower=[5, 70, 70], hsv_upper=[30, 255, 255][0m
[INFO] [1783911498.965105990] [orange_pole_detector]: [0;33m未检测到有效橘色竖杆: candidates=0, frame=13851, hsv_lower=[5, 70, 70], hsv_upper=[30, 255, 255][0m
[INFO] [1783911500.029986414] [orange_pole_detector]: [0;33m未检测到有效橘色竖杆: candidates=0, frame=13867, hsv_lower=[5, 70, 70], hsv_upper=[30, 255, 255][0m
[INFO] [1783911501.031138787] [orange_pole_detector]: [0;33m未检测到有效橘色竖杆: candidates=0, frame=13882, hsv_lower=[5, 70, 70], hsv_upper=[30, 255, 255][0m
[INFO] [1783911502.032378692] [orange_pole_detector]: [0;33m未检测到有效橘色竖杆: candidates=0, frame=13897, hsv_lower=[5, 70, 70], hsv_upper=[30, 255, 255][0m
[INFO] [1783911503.100739956] [orange_pole_detector]: [0;33m未检测到有效橘色竖杆: candidates=0, frame=13913, hsv_lower=[5, 70, 70], hsv_upper=[30, 255, 255][0m
[INFO] [1783911504.167827199] [orange_pole_detector]: [0;33m未检测到有效橘色竖杆: candidates=0, frame=13929, hsv_lower=[5, 70, 70], hsv_upper=[30, 255, 255][0m
[INFO] [1783911505.165204069] [orange_pole_detector]: [0;33m未检测到有效橘色竖杆: candidates=0, frame=13944, hsv_lower=[5, 70, 70], hsv_upper=[30, 255, 255][0m
[INFO] [1783911506.231856514] [orange_pole_detector]: [0;33m未检测到有效橘色竖杆: candidates=0, frame=13960, hsv_lower=[5, 70, 70], hsv_upper=[30, 255, 255][0m
[INFO] [1783911507.232558977] [orange_pole_detector]: [0;33m未检测到有效橘色竖杆: candidates=0, frame=13975, hsv_lower=[5, 70, 70], hsv_upper=[30, 255, 255][0m
[INFO] [1783911508.235867742] [orange_pole_detector]: [0;33m未检测到有效橘色竖杆: candidates=0, frame=13990, hsv_lower=[5, 70, 70], hsv_upper=[30, 255, 255][0m
[INFO] [1783911509.234222608] [orange_pole_detector]: [0;33m未检测到有效橘色竖杆: candidates=0, frame=14005, hsv_lower=[5, 70, 70], hsv_upper=[30, 255, 255][0m
[INFO] [1783911510.299901765] [orange_pole_detector]: [0;33m未检测到有效橘色竖杆: candidates=0, frame=14021, hsv_lower=[5, 70, 70], hsv_upper=[30, 255, 255][0m
[INFO] [1783911511.302371207] [orange_pole_detector]: [0;33m未检测到有效橘色竖杆: candidates=0, frame=14036, hsv_lower=[5, 70, 70], hsv_upper=[30, 255, 255][0m
[INFO] [1783911512.368003206] [orange_pole_detector]: [0;33m未检测到有效橘色竖杆: candidates=0, frame=14052, hsv_lower=[5, 70, 70], hsv_upper=[30, 255, 255][0m
[INFO] [1783911513.369059822] [orange_pole_detector]: [0;33m未检测到有效橘色竖杆: candidates=0, frame=14067, hsv_lower=[5, 70, 70], hsv_upper=[30, 255, 255][0m
[INFO] [1783911514.368298176] [orange_pole_detector]: [0;33m未检测到有效橘色竖杆: candidates=0, frame=14082, hsv_lower=[5, 70, 70], hsv_upper=[30, 255, 255][0m
[INFO] [1783911515.368273694] [orange_pole_detector]: [0;33m未检测到有效橘色竖杆: candidates=0, frame=14097, hsv_lower=[5, 70, 70], hsv_upper=[30, 255, 255][0m
[INFO] [1783911516.372007082] [orange_pole_detector]: [0;33m未检测到有效橘色竖杆: candidates=0, frame=14112, hsv_lower=[5, 70, 70], hsv_upper=[30, 255, 255][0m
[INFO] [1783911517.434874068] [orange_pole_detector]: [0;33m未检测到有效橘色竖杆: candidates=0, frame=14128, hsv_lower=[5, 70, 70], hsv_upper=[30, 255, 255][0m
[INFO] [1783911518.435847552] [orange_pole_detector]: [0;33m未检测到有效橘色竖杆: candidates=0, frame=14143, hsv_lower=[5, 70, 70], hsv_upper=[30, 255, 255][0m
[INFO] [1783911519.436415490] [orange_pole_detector]: [0;33m未检测到有效橘色竖杆: candidates=0, frame=14158, hsv_lower=[5, 70, 70], hsv_upper=[30, 255, 255][0m
[INFO] [1783911520.439388449] [orange_pole_detector]: [0;33m未检测到有效橘色竖杆: candidates=0, frame=14173, hsv_lower=[5, 70, 70], hsv_upper=[30, 255, 255][0m
[INFO] [1783911521.513059977] [orange_pole_detector]: [0;33m未检测到有效橘色竖杆: candidates=0, frame=14189, hsv_lower=[5, 70, 70], hsv_upper=[30, 255, 255][0m
[INFO] [1783911522.574003513] [orange_pole_detector]: [0;33m未检测到有效橘色竖杆: candidates=0, frame=14205, hsv_lower=[5, 70, 70], hsv_upper=[30, 255, 255][0m
[INFO] [1783911523.574351058] [orange_pole_detector]: [0;33m未检测到有效橘色竖杆: candidates=0, frame=14220, hsv_lower=[5, 70, 70], hsv_upper=[30, 255, 255][0m
[INFO] [1783911524.641280057] [orange_pole_detector]: [0;33m未检测到有效橘色竖杆: candidates=0, frame=14236, hsv_lower=[5, 70, 70], hsv_upper=[30, 255, 255][0m
[INFO] [1783911525.706759150] [orange_pole_detector]: [0;33m未检测到有效橘色竖杆: candidates=0, frame=14252, hsv_lower=[5, 70, 70], hsv_upper=[30, 255, 255][0m
[INFO] [1783911526.709758453] [orange_pole_detector]: [0;33m未检测到有效橘色竖杆: candidates=0, frame=14267, hsv_lower=[5, 70, 70], hsv_upper=[30, 255, 255][0m
[INFO] [1783911527.775246644] [orange_pole_detector]: [0;33m未检测到有效橘色竖杆: candidates=0, frame=14283, hsv_lower=[5, 70, 70], hsv_upper=[30, 255, 255][0m
[INFO] [1783911528.776137213] [orange_pole_detector]: [0;33m未检测到有效橘色竖杆: candidates=0, frame=14298, hsv_lower=[5, 70, 70], hsv_upper=[30, 255, 255][0m
[INFO] [1783911529.775217097] [orange_pole_detector]: [0;33m未检测到有效橘色竖杆: candidates=0, frame=14313, hsv_lower=[5, 70, 70], hsv_upper=[30, 255, 255][0m
[INFO] [1783911530.785272945] [orange_pole_detector]: [0;33m未检测到有效橘色竖杆: candidates=0, frame=14328, hsv_lower=[5, 70, 70], hsv_upper=[30, 255, 255][0m
[INFO] [1783911531.843227487] [orange_pole_detector]: [0;33m未检测到有效橘色竖杆: candidates=0, frame=14344, hsv_lower=[5, 70, 70], hsv_upper=[30, 255, 255][0m
[INFO] [1783911532.842362133] [orange_pole_detector]: [0;33m未检测到有效橘色竖杆: candidates=0, frame=14359, hsv_lower=[5, 70, 70], hsv_upper=[30, 255, 255][0m
[INFO] [1783911533.847156648] [orange_pole_detector]: [0;33m未检测到有效橘色竖杆: candidates=0, frame=14374, hsv_lower=[5, 70, 70], hsv_upper=[30, 255, 255][0m
[INFO] [1783911534.911081736] [orange_pole_detector]: [0;33m未检测到有效橘色竖杆: candidates=0, frame=14390, hsv_lower=[5, 70, 70], hsv_upper=[30, 255, 255][0m
[INFO] [1783911535.912332445] [orange_pole_detector]: [0;33m未检测到有效橘色竖杆: candidates=0, frame=14405, hsv_lower=[5, 70, 70], hsv_upper=[30, 255, 255][0m
[INFO] [1783911536.980033314] [orange_pole_detector]: [0;33m未检测到有效橘色竖杆: candidates=0, frame=14421, hsv_lower=[5, 70, 70], hsv_upper=[30, 255, 255][0m
[INFO] [1783911537.984357093] [orange_pole_detector]: [0;33m未检测到有效橘色竖杆: candidates=0, frame=14436, hsv_lower=[5, 70, 70], hsv_upper=[30, 255, 255][0m
[INFO] [1783911539.046323021] [orange_pole_detector]: [0;33m未检测到有效橘色竖杆: candidates=0, frame=14452, hsv_lower=[5, 70, 70], hsv_upper=[30, 255, 255][0m
[INFO] [1783911540.112374614] [orange_pole_detector]: [0;33m未检测到有效橘色竖杆: candidates=0, frame=14468, hsv_lower=[5, 70, 70], hsv_upper=[30, 255, 255][0m
[INFO] [1783911541.114177450] [orange_pole_detector]: [0;33m未检测到有效橘色竖杆: candidates=0, frame=14483, hsv_lower=[5, 70, 70], hsv_upper=[30, 255, 255][0m
[INFO] [1783911542.114038247] [orange_pole_detector]: [0;33m未检测到有效橘色竖杆: candidates=0, frame=14498, hsv_lower=[5, 70, 70], hsv_upper=[30, 255, 255][0m
[INFO] [1783911543.114119947] [orange_pole_detector]: [0;33m未检测到有效橘色竖杆: candidates=0, frame=14513, hsv_lower=[5, 70, 70], hsv_upper=[30, 255, 255][0m
[INFO] [1783911544.116759104] [orange_pole_detector]: [0;33m未检测到有效橘色竖杆: candidates=0, frame=14528, hsv_lower=[5, 70, 70], hsv_upper=[30, 255, 255][0m
[INFO] [1783911545.181789912] [orange_pole_detector]: [0;33m未检测到有效橘色竖杆: candidates=0, frame=14544, hsv_lower=[5, 70, 70], hsv_upper=[30, 255, 255][0m
[INFO] [1783911546.182855979] [orange_pole_detector]: [0;33m未检测到有效橘色竖杆: candidates=0, frame=14559, hsv_lower=[5, 70, 70], hsv_upper=[30, 255, 255][0m
[INFO] [1783911547.183793543] [orange_pole_detector]: [0;33m未检测到有效橘色竖杆: candidates=0, frame=14574, hsv_lower=[5, 70, 70], hsv_upper=[30, 255, 255][0m
[INFO] [1783911548.185655762] [orange_pole_detector]: [0;33m未检测到有效橘色竖杆: candidates=0, frame=14589, hsv_lower=[5, 70, 70], hsv_upper=[30, 255, 255][0m
[INFO] [1783911549.184605232] [orange_pole_detector]: [0;33m未检测到有效橘色竖杆: candidates=0, frame=14604, hsv_lower=[5, 70, 70], hsv_upper=[30, 255, 255][0m
[INFO] [1783911550.184933264] [orange_pole_detector]: [0;33m未检测到有效橘色竖杆: candidates=0, frame=14619, hsv_lower=[5, 70, 70], hsv_upper=[30, 255, 255][0m
[INFO] [1783911551.185770781] [orange_pole_detector]: [0;33m未检测到有效橘色竖杆: candidates=0, frame=14634, hsv_lower=[5, 70, 70], hsv_upper=[30, 255, 255][0m
[INFO] [1783911552.186963738] [orange_pole_detector]: [0;33m未检测到有效橘色竖杆: candidates=0, frame=14649, hsv_lower=[5, 70, 70], hsv_upper=[30, 255, 255][0m
[INFO] [1783911553.187097056] [orange_pole_detector]: [0;33m未检测到有效橘色竖杆: candidates=0, frame=14664, hsv_lower=[5, 70, 70], hsv_upper=[30, 255, 255][0m
[INFO] [1783911554.188168675] [orange_pole_detector]: [0;33m未检测到有效橘色竖杆: candidates=0, frame=14679, hsv_lower=[5, 70, 70], hsv_upper=[30, 255, 255][0m
[INFO] [1783911555.188057076] [orange_pole_detector]: [0;33m未检测到有效橘色竖杆: candidates=0, frame=14694, hsv_lower=[5, 70, 70], hsv_upper=[30, 255, 255][0m
[INFO] [1783911556.188350307] [orange_pole_detector]: [0;33m未检测到有效橘色竖杆: candidates=0, frame=14709, hsv_lower=[5, 70, 70], hsv_upper=[30, 255, 255][0m
[INFO] [1783911557.190197833] [orange_pole_detector]: [0;33m未检测到有效橘色竖杆: candidates=0, frame=14724, hsv_lower=[5, 70, 70], hsv_upper=[30, 255, 255][0m
[INFO] [1783911558.189569042] [orange_pole_detector]: [0;33m未检测到有效橘色竖杆: candidates=0, frame=14739, hsv_lower=[5, 70, 70], hsv_upper=[30, 255, 255][0m
[INFO] [1783911559.192059910] [orange_pole_detector]: [0;33m未检测到有效橘色竖杆: candidates=0, frame=14754, hsv_lower=[5, 70, 70], hsv_upper=[30, 255, 255][0m
[INFO] [1783911560.198954516] [orange_pole_detector]: [0;33m未检测到有效橘色竖杆: candidates=0, frame=14769, hsv_lower=[5, 70, 70], hsv_upper=[30, 255, 255][0m
[INFO] [1783911561.258973581] [orange_pole_detector]: [0;33m未检测到有效橘色竖杆: candidates=0, frame=14785, hsv_lower=[5, 70, 70], hsv_upper=[30, 255, 255][0m
[INFO] [1783911562.258991309] [orange_pole_detector]: [0;33m未检测到有效橘色竖杆: candidates=0, frame=14800, hsv_lower=[5, 70, 70], hsv_upper=[30, 255, 255][0m
[INFO] [1783911563.264965753] [orange_pole_detector]: [0;33m未检测到有效橘色竖杆: candidates=0, frame=14815, hsv_lower=[5, 70, 70], hsv_upper=[30, 255, 255][0m
[INFO] [1783911564.328620559] [orange_pole_detector]: [0;33m未检测到有效橘色竖杆: candidates=0, frame=14831, hsv_lower=[5, 70, 70], hsv_upper=[30, 255, 255][0m
[INFO] [1783911564.470283247] [orange_pole_detector]: [1;95m触发状态更新: trigger=True[0m
[INFO] [1783911565.334765493] [orange_pole_detector]: [1;95m触发状态更新: trigger=False[0m
[INFO] [1783911565.336104071] [orange_pole_detector]: [0;33m未检测到有效橘色竖杆: candidates=0, frame=14846, hsv_lower=[5, 70, 70], hsv_upper=[30, 255, 255][0m
[INFO] [1783911566.341012176] [orange_pole_detector]: [0;33m未检测到有效橘色竖杆: candidates=0, frame=14861, hsv_lower=[5, 70, 70], hsv_upper=[30, 255, 255][0m
[INFO] [1783911567.336145160] [orange_pole_detector]: [0;33m未检测到有效橘色竖杆: candidates=0, frame=14876, hsv_lower=[5, 70, 70], hsv_upper=[30, 255, 255][0m
[INFO] [1783911568.397445174] [orange_pole_detector]: [0;33m未检测到有效橘色竖杆: candidates=0, frame=14892, hsv_lower=[5, 70, 70], hsv_upper=[30, 255, 255][0m
[INFO] [1783911569.397162219] [orange_pole_detector]: [0;33m未检测到有效橘色竖杆: candidates=0, frame=14907, hsv_lower=[5, 70, 70], hsv_upper=[30, 255, 255][0m
[INFO] [1783911570.397946339] [orange_pole_detector]: [0;33m未检测到有效橘色竖杆: candidates=0, frame=14922, hsv_lower=[5, 70, 70], hsv_upper=[30, 255, 255][0m
[INFO] [1783911571.401637510] [orange_pole_detector]: [0;33m未检测到有效橘色竖杆: candidates=0, frame=14937, hsv_lower=[5, 70, 70], hsv_upper=[30, 255, 255][0m
[INFO] [1783911571.799131093] [orange_pole_detector]: [1;95m触发状态更新: trigger=True[0m
[INFO] [1783911572.468104487] [orange_pole_detector]: [1;34m最近杆: dist=0.763m, lateral=0.089m, vertical=0.025m, pixel=(248.8,127.0), box=70x155, height3d=0.300m, depth_px=3135, candidates=1, trigger=True[0m
[INFO] [1783911573.198723253] [orange_pole_detector]: [1;95m触发状态更新: trigger=False[0m
[INFO] [1783911573.466396398] [orange_pole_detector]: [0;33m未检测到有效橘色竖杆: candidates=0, frame=14968, hsv_lower=[5, 70, 70], hsv_upper=[30, 255, 255][0m
[INFO] [1783911574.470779053] [orange_pole_detector]: [0;33m未检测到有效橘色竖杆: candidates=0, frame=14983, hsv_lower=[5, 70, 70], hsv_upper=[30, 255, 255][0m
[INFO] [1783911575.469172099] [orange_pole_detector]: [0;33m未检测到有效橘色竖杆: candidates=0, frame=14998, hsv_lower=[5, 70, 70], hsv_upper=[30, 255, 255][0m
[INFO] [1783911576.468794254] [orange_pole_detector]: [0;33m未检测到有效橘色竖杆: candidates=0, frame=15013, hsv_lower=[5, 70, 70], hsv_upper=[30, 255, 255][0m
[INFO] [1783911577.473423789] [orange_pole_detector]: [0;33m未检测到有效橘色竖杆: candidates=0, frame=15028, hsv_lower=[5, 70, 70], hsv_upper=[30, 255, 255][0m
[INFO] [1783911578.537992866] [orange_pole_detector]: [0;33m未检测到有效橘色竖杆: candidates=0, frame=15044, hsv_lower=[5, 70, 70], hsv_upper=[30, 255, 255][0m
[INFO] [1783911579.539540743] [orange_pole_detector]: [0;33m未检测到有效橘色竖杆: candidates=0, frame=15059, hsv_lower=[5, 70, 70], hsv_upper=[30, 255, 255][0m
[INFO] [1783911580.604230916] [orange_pole_detector]: [0;33m未检测到有效橘色竖杆: candidates=0, frame=15075, hsv_lower=[5, 70, 70], hsv_upper=[30, 255, 255][0m
[INFO] [1783911581.605397161] [orange_pole_detector]: [0;33m未检测到有效橘色竖杆: candidates=0, frame=15090, hsv_lower=[5, 70, 70], hsv_upper=[30, 255, 255][0m
[INFO] [1783911582.606022811] [orange_pole_detector]: [0;33m未检测到有效橘色竖杆: candidates=0, frame=15105, hsv_lower=[5, 70, 70], hsv_upper=[30, 255, 255][0m
[INFO] [1783911583.606456156] [orange_pole_detector]: [0;33m未检测到有效橘色竖杆: candidates=0, frame=15120, hsv_lower=[5, 70, 70], hsv_upper=[30, 255, 255][0m
[INFO] [1783911584.611838011] [orange_pole_detector]: [0;33m未检测到有效橘色竖杆: candidates=0, frame=15135, hsv_lower=[5, 70, 70], hsv_upper=[30, 255, 255][0m
[INFO] [1783911585.609742085] [orange_pole_detector]: [0;33m未检测到有效橘色竖杆: candidates=0, frame=15150, hsv_lower=[5, 70, 70], hsv_upper=[30, 255, 255][0m
[INFO] [1783911586.676434464] [orange_pole_detector]: [0;33m未检测到有效橘色竖杆: candidates=0, frame=15166, hsv_lower=[5, 70, 70], hsv_upper=[30, 255, 255][0m
[INFO] [1783911587.744262927] [orange_pole_detector]: [0;33m未检测到有效橘色竖杆: candidates=0, frame=15182, hsv_lower=[5, 70, 70], hsv_upper=[30, 255, 255][0m
[INFO] [1783911588.745252074] [orange_pole_detector]: [0;33m未检测到有效橘色竖杆: candidates=0, frame=15197, hsv_lower=[5, 70, 70], hsv_upper=[30, 255, 255][0m
[INFO] [1783911589.812171692] [orange_pole_detector]: [0;33m未检测到有效橘色竖杆: candidates=0, frame=15213, hsv_lower=[5, 70, 70], hsv_upper=[30, 255, 255][0m
[INFO] [1783911590.877225194] [orange_pole_detector]: [0;33m未检测到有效橘色竖杆: candidates=0, frame=15229, hsv_lower=[5, 70, 70], hsv_upper=[30, 255, 255][0m
[INFO] [1783911591.881206691] [orange_pole_detector]: [0;33m未检测到有效橘色竖杆: candidates=0, frame=15244, hsv_lower=[5, 70, 70], hsv_upper=[30, 255, 255][0m
[INFO] [1783911592.946237502] [orange_pole_detector]: [0;33m未检测到有效橘色竖杆: candidates=0, frame=15260, hsv_lower=[5, 70, 70], hsv_upper=[30, 255, 255][0m
[INFO] [1783911593.948560055] [orange_pole_detector]: [0;33m未检测到有效橘色竖杆: candidates=0, frame=15275, hsv_lower=[5, 70, 70], hsv_upper=[30, 255, 255][0m
[INFO] [1783911594.948287226] [orange_pole_detector]: [0;33m未检测到有效橘色竖杆: candidates=0, frame=15290, hsv_lower=[5, 70, 70], hsv_upper=[30, 255, 255][0m
[INFO] [1783911595.950326666] [orange_pole_detector]: [0;33m未检测到有效橘色竖杆: candidates=0, frame=15305, hsv_lower=[5, 70, 70], hsv_upper=[30, 255, 255][0m
[INFO] [1783911596.951565066] [orange_pole_detector]: [0;33m未检测到有效橘色竖杆: candidates=0, frame=15320, hsv_lower=[5, 70, 70], hsv_upper=[30, 255, 255][0m
[INFO] [1783911598.017238270] [orange_pole_detector]: [0;33m未检测到有效橘色竖杆: candidates=0, frame=15336, hsv_lower=[5, 70, 70], hsv_upper=[30, 255, 255][0m
[INFO] [1783911599.017908480] [orange_pole_detector]: [0;33m未检测到有效橘色竖杆: candidates=0, frame=15351, hsv_lower=[5, 70, 70], hsv_upper=[30, 255, 255][0m
[INFO] [1783911600.019869263] [orange_pole_detector]: [0;33m未检测到有效橘色竖杆: candidates=0, frame=15366, hsv_lower=[5, 70, 70], hsv_upper=[30, 255, 255][0m
[INFO] [1783911601.022222223] [orange_pole_detector]: [0;33m未检测到有效橘色竖杆: candidates=0, frame=15381, hsv_lower=[5, 70, 70], hsv_upper=[30, 255, 255][0m
[INFO] [1783911602.024697984] [orange_pole_detector]: [0;33m未检测到有效橘色竖杆: candidates=0, frame=15396, hsv_lower=[5, 70, 70], hsv_upper=[30, 255, 255][0m
[INFO] [1783911603.086699553] [orange_pole_detector]: [0;33m未检测到有效橘色竖杆: candidates=0, frame=15412, hsv_lower=[5, 70, 70], hsv_upper=[30, 255, 255][0m
[INFO] [1783911604.087748153] [orange_pole_detector]: [0;33m未检测到有效橘色竖杆: candidates=0, frame=15427, hsv_lower=[5, 70, 70], hsv_upper=[30, 255, 255][0m
[INFO] [1783911605.088703367] [orange_pole_detector]: [0;33m未检测到有效橘色竖杆: candidates=0, frame=15442, hsv_lower=[5, 70, 70], hsv_upper=[30, 255, 255][0m
[INFO] [1783911606.088819662] [orange_pole_detector]: [0;33m未检测到有效橘色竖杆: candidates=0, frame=15457, hsv_lower=[5, 70, 70], hsv_upper=[30, 255, 255][0m
[INFO] [1783911607.089318188] [orange_pole_detector]: [0;33m未检测到有效橘色竖杆: candidates=0, frame=15472, hsv_lower=[5, 70, 70], hsv_upper=[30, 255, 255][0m
[INFO] [1783911608.090741570] [orange_pole_detector]: [0;33m未检测到有效橘色竖杆: candidates=0, frame=15487, hsv_lower=[5, 70, 70], hsv_upper=[30, 255, 255][0m
[INFO] [1783911609.090733404] [orange_pole_detector]: [0;33m未检测到有效橘色竖杆: candidates=0, frame=15502, hsv_lower=[5, 70, 70], hsv_upper=[30, 255, 255][0m
[INFO] [1783911610.091996004] [orange_pole_detector]: [0;33m未检测到有效橘色竖杆: candidates=0, frame=15517, hsv_lower=[5, 70, 70], hsv_upper=[30, 255, 255][0m
[INFO] [1783911611.093971992] [orange_pole_detector]: [0;33m未检测到有效橘色竖杆: candidates=0, frame=15532, hsv_lower=[5, 70, 70], hsv_upper=[30, 255, 255][0m
[INFO] [1783911612.094254593] [orange_pole_detector]: [0;33m未检测到有效橘色竖杆: candidates=0, frame=15547, hsv_lower=[5, 70, 70], hsv_upper=[30, 255, 255][0m
[INFO] [1783911613.160777045] [orange_pole_detector]: [0;33m未检测到有效橘色竖杆: candidates=0, frame=15563, hsv_lower=[5, 70, 70], hsv_upper=[30, 255, 255][0m
[INFO] [1783911614.161323939] [orange_pole_detector]: [0;33m未检测到有效橘色竖杆: candidates=0, frame=15578, hsv_lower=[5, 70, 70], hsv_upper=[30, 255, 255][0m
[INFO] [1783911615.161976714] [orange_pole_detector]: [0;33m未检测到有效橘色竖杆: candidates=0, frame=15593, hsv_lower=[5, 70, 70], hsv_upper=[30, 255, 255][0m
[INFO] [1783911616.165165577] [orange_pole_detector]: [0;33m未检测到有效橘色竖杆: candidates=0, frame=15608, hsv_lower=[5, 70, 70], hsv_upper=[30, 255, 255][0m
[INFO] [1783911617.165074468] [orange_pole_detector]: [0;33m未检测到有效橘色竖杆: candidates=0, frame=15623, hsv_lower=[5, 70, 70], hsv_upper=[30, 255, 255][0m
[INFO] [1783911618.165316260] [orange_pole_detector]: [0;33m未检测到有效橘色竖杆: candidates=0, frame=15638, hsv_lower=[5, 70, 70], hsv_upper=[30, 255, 255][0m
[INFO] [1783911619.166105309] [orange_pole_detector]: [0;33m未检测到有效橘色竖杆: candidates=0, frame=15653, hsv_lower=[5, 70, 70], hsv_upper=[30, 255, 255][0m
[INFO] [1783911620.165732870] [orange_pole_detector]: [0;33m未检测到有效橘色竖杆: candidates=0, frame=15668, hsv_lower=[5, 70, 70], hsv_upper=[30, 255, 255][0m
[INFO] [1783911621.167041500] [orange_pole_detector]: [0;33m未检测到有效橘色竖杆: candidates=0, frame=15683, hsv_lower=[5, 70, 70], hsv_upper=[30, 255, 255][0m
[INFO] [1783911622.167155275] [orange_pole_detector]: [0;33m未检测到有效橘色竖杆: candidates=0, frame=15698, hsv_lower=[5, 70, 70], hsv_upper=[30, 255, 255][0m
[INFO] [1783911623.168321768] [orange_pole_detector]: [0;33m未检测到有效橘色竖杆: candidates=0, frame=15713, hsv_lower=[5, 70, 70], hsv_upper=[30, 255, 255][0m
[INFO] [1783911624.168707696] [orange_pole_detector]: [0;33m未检测到有效橘色竖杆: candidates=0, frame=15728, hsv_lower=[5, 70, 70], hsv_upper=[30, 255, 255][0m
[INFO] [1783911625.170051406] [orange_pole_detector]: [0;33m未检测到有效橘色竖杆: candidates=0, frame=15743, hsv_lower=[5, 70, 70], hsv_upper=[30, 255, 255][0m
[INFO] [1783911626.237477379] [orange_pole_detector]: [0;33m未检测到有效橘色竖杆: candidates=0, frame=15759, hsv_lower=[5, 70, 70], hsv_upper=[30, 255, 255][0m
[INFO] [1783911627.240004091] [orange_pole_detector]: [0;33m未检测到有效橘色竖杆: candidates=0, frame=15774, hsv_lower=[5, 70, 70], hsv_upper=[30, 255, 255][0m
[INFO] [1783911628.305225635] [orange_pole_detector]: [0;33m未检测到有效橘色竖杆: candidates=0, frame=15790, hsv_lower=[5, 70, 70], hsv_upper=[30, 255, 255][0m
[INFO] [1783911629.319991079] [orange_pole_detector]: [0;33m未检测到有效橘色竖杆: candidates=0, frame=15805, hsv_lower=[5, 70, 70], hsv_upper=[30, 255, 255][0m
[INFO] [1783911630.374128859] [orange_pole_detector]: [0;33m未检测到有效橘色竖杆: candidates=0, frame=15821, hsv_lower=[5, 70, 70], hsv_upper=[30, 255, 255][0m
[INFO] [1783911631.374641737] [orange_pole_detector]: [0;33m未检测到有效橘色竖杆: candidates=0, frame=15836, hsv_lower=[5, 70, 70], hsv_upper=[30, 255, 255][0m
[INFO] [1783911632.375217702] [orange_pole_detector]: [0;33m未检测到有效橘色竖杆: candidates=0, frame=15851, hsv_lower=[5, 70, 70], hsv_upper=[30, 255, 255][0m
[INFO] [1783911633.375863440] [orange_pole_detector]: [0;33m未检测到有效橘色竖杆: candidates=0, frame=15866, hsv_lower=[5, 70, 70], hsv_upper=[30, 255, 255][0m
[INFO] [1783911634.377380571] [orange_pole_detector]: [0;33m未检测到有效橘色竖杆: candidates=0, frame=15881, hsv_lower=[5, 70, 70], hsv_upper=[30, 255, 255][0m
[INFO] [1783911635.380115536] [orange_pole_detector]: [0;33m未检测到有效橘色竖杆: candidates=0, frame=15896, hsv_lower=[5, 70, 70], hsv_upper=[30, 255, 255][0m
[INFO] [1783911636.384049221] [orange_pole_detector]: [0;33m未检测到有效橘色竖杆: candidates=0, frame=15911, hsv_lower=[5, 70, 70], hsv_upper=[30, 255, 255][0m
[INFO] [1783911637.386172108] [orange_pole_detector]: [0;33m未检测到有效橘色竖杆: candidates=0, frame=15926, hsv_lower=[5, 70, 70], hsv_upper=[30, 255, 255][0m
[INFO] [1783911638.452316348] [orange_pole_detector]: [0;33m未检测到有效橘色竖杆: candidates=0, frame=15942, hsv_lower=[5, 70, 70], hsv_upper=[30, 255, 255][0m
[INFO] [1783911639.451096249] [orange_pole_detector]: [0;33m未检测到有效橘色竖杆: candidates=0, frame=15957, hsv_lower=[5, 70, 70], hsv_upper=[30, 255, 255][0m
[INFO] [1783911640.518178777] [orange_pole_detector]: [0;33m未检测到有效橘色竖杆: candidates=0, frame=15973, hsv_lower=[5, 70, 70], hsv_upper=[30, 255, 255][0m
[INFO] [1783911641.584680610] [orange_pole_detector]: [0;33m未检测到有效橘色竖杆: candidates=0, frame=15989, hsv_lower=[5, 70, 70], hsv_upper=[30, 255, 255][0m
[INFO] [1783911642.583572578] [orange_pole_detector]: [0;33m未检测到有效橘色竖杆: candidates=0, frame=16004, hsv_lower=[5, 70, 70], hsv_upper=[30, 255, 255][0m
[INFO] [1783911643.584006386] [orange_pole_detector]: [0;33m未检测到有效橘色竖杆: candidates=0, frame=16019, hsv_lower=[5, 70, 70], hsv_upper=[30, 255, 255][0m
[INFO] [1783911644.585089494] [orange_pole_detector]: [0;33m未检测到有效橘色竖杆: candidates=0, frame=16034, hsv_lower=[5, 70, 70], hsv_upper=[30, 255, 255][0m
[INFO] [1783911645.585438161] [orange_pole_detector]: [0;33m未检测到有效橘色竖杆: candidates=0, frame=16049, hsv_lower=[5, 70, 70], hsv_upper=[30, 255, 255][0m
[INFO] [1783911646.586051779] [orange_pole_detector]: [0;33m未检测到有效橘色竖杆: candidates=0, frame=16064, hsv_lower=[5, 70, 70], hsv_upper=[30, 255, 255][0m
[INFO] [1783911647.587093262] [orange_pole_detector]: [0;33m未检测到有效橘色竖杆: candidates=0, frame=16079, hsv_lower=[5, 70, 70], hsv_upper=[30, 255, 255][0m
[INFO] [1783911648.588545389] [orange_pole_detector]: [0;33m未检测到有效橘色竖杆: candidates=0, frame=16094, hsv_lower=[5, 70, 70], hsv_upper=[30, 255, 255][0m
[INFO] [1783911649.588964287] [orange_pole_detector]: [0;33m未检测到有效橘色竖杆: candidates=0, frame=16109, hsv_lower=[5, 70, 70], hsv_upper=[30, 255, 255][0m
[INFO] [1783911650.588878433] [orange_pole_detector]: [0;33m未检测到有效橘色竖杆: candidates=0, frame=16124, hsv_lower=[5, 70, 70], hsv_upper=[30, 255, 255][0m
[INFO] [1783911651.589899991] [orange_pole_detector]: [0;33m未检测到有效橘色竖杆: candidates=0, frame=16139, hsv_lower=[5, 70, 70], hsv_upper=[30, 255, 255][0m
[INFO] [1783911652.590777176] [orange_pole_detector]: [0;33m未检测到有效橘色竖杆: candidates=0, frame=16154, hsv_lower=[5, 70, 70], hsv_upper=[30, 255, 255][0m
[INFO] [1783911653.592083911] [orange_pole_detector]: [0;33m未检测到有效橘色竖杆: candidates=0, frame=16169, hsv_lower=[5, 70, 70], hsv_upper=[30, 255, 255][0m
[INFO] [1783911653.858930172] [orange_pole_detector]: [1;95m触发状态更新: trigger=True[0m
[INFO] [1783911653.924364015] [orange_pole_detector]: [1;95m触发状态更新: trigger=False[0m
[INFO] [1783911654.593576696] [orange_pole_detector]: [0;33m未检测到有效橘色竖杆: candidates=0, frame=16184, hsv_lower=[5, 70, 70], hsv_upper=[30, 255, 255][0m
[INFO] [1783911655.594579369] [orange_pole_detector]: [0;33m未检测到有效橘色竖杆: candidates=0, frame=16199, hsv_lower=[5, 70, 70], hsv_upper=[30, 255, 255][0m
[INFO] [1783911656.597040579] [orange_pole_detector]: [0;33m未检测到有效橘色竖杆: candidates=0, frame=16214, hsv_lower=[5, 70, 70], hsv_upper=[30, 255, 255][0m
[INFO] [1783911657.663646432] [orange_pole_detector]: [0;33m未检测到有效橘色竖杆: candidates=0, frame=16230, hsv_lower=[5, 70, 70], hsv_upper=[30, 255, 255][0m
[INFO] [1783911658.664745508] [orange_pole_detector]: [0;33m未检测到有效橘色竖杆: candidates=0, frame=16245, hsv_lower=[5, 70, 70], hsv_upper=[30, 255, 255][0m
[INFO] [1783911659.664979254] [orange_pole_detector]: [0;33m未检测到有效橘色竖杆: candidates=0, frame=16260, hsv_lower=[5, 70, 70], hsv_upper=[30, 255, 255][0m
[INFO] [1783911660.672653696] [orange_pole_detector]: [0;33m未检测到有效橘色竖杆: candidates=0, frame=16275, hsv_lower=[5, 70, 70], hsv_upper=[30, 255, 255][0m
[INFO] [1783911661.732362744] [orange_pole_detector]: [0;33m未检测到有效橘色竖杆: candidates=0, frame=16291, hsv_lower=[5, 70, 70], hsv_upper=[30, 255, 255][0m
[INFO] [1783911662.732115248] [orange_pole_detector]: [0;33m未检测到有效橘色竖杆: candidates=0, frame=16306, hsv_lower=[5, 70, 70], hsv_upper=[30, 255, 255][0m
[INFO] [1783911663.735943886] [orange_pole_detector]: [0;33m未检测到有效橘色竖杆: candidates=0, frame=16321, hsv_lower=[5, 70, 70], hsv_upper=[30, 255, 255][0m
[INFO] [1783911664.804006986] [orange_pole_detector]: [0;33m未检测到有效橘色竖杆: candidates=0, frame=16337, hsv_lower=[5, 70, 70], hsv_upper=[30, 255, 255][0m
[INFO] [1783911665.803970282] [orange_pole_detector]: [0;33m未检测到有效橘色竖杆: candidates=0, frame=16352, hsv_lower=[5, 70, 70], hsv_upper=[30, 255, 255][0m
[INFO] [1783911666.804186415] [orange_pole_detector]: [0;33m未检测到有效橘色竖杆: candidates=0, frame=16367, hsv_lower=[5, 70, 70], hsv_upper=[30, 255, 255][0m
[INFO] [1783911667.804272059] [orange_pole_detector]: [0;33m未检测到有效橘色竖杆: candidates=0, frame=16382, hsv_lower=[5, 70, 70], hsv_upper=[30, 255, 255][0m
[INFO] [1783911668.870011782] [orange_pole_detector]: [0;33m未检测到有效橘色竖杆: candidates=0, frame=16398, hsv_lower=[5, 70, 70], hsv_upper=[30, 255, 255][0m
[INFO] [1783911669.873022082] [orange_pole_detector]: [0;33m未检测到有效橘色竖杆: candidates=0, frame=16413, hsv_lower=[5, 70, 70], hsv_upper=[30, 255, 255][0m
[INFO] [1783911670.874913655] [orange_pole_detector]: [0;33m未检测到有效橘色竖杆: candidates=0, frame=16428, hsv_lower=[5, 70, 70], hsv_upper=[30, 255, 255][0m
[INFO] [1783911671.873989246] [orange_pole_detector]: [0;33m未检测到有效橘色竖杆: candidates=0, frame=16443, hsv_lower=[5, 70, 70], hsv_upper=[30, 255, 255][0m
[INFO] [1783911672.877953168] [orange_pole_detector]: [0;33m未检测到有效橘色竖杆: candidates=0, frame=16458, hsv_lower=[5, 70, 70], hsv_upper=[30, 255, 255][0m
[INFO] [1783911673.942267075] [orange_pole_detector]: [0;33m未检测到有效橘色竖杆: candidates=0, frame=16474, hsv_lower=[5, 70, 70], hsv_upper=[30, 255, 255][0m
[INFO] [1783911674.942236464] [orange_pole_detector]: [0;33m未检测到有效橘色竖杆: candidates=0, frame=16489, hsv_lower=[5, 70, 70], hsv_upper=[30, 255, 255][0m
[INFO] [1783911675.479978363] [orange_pole_detector]: [1;95m触发状态更新: trigger=True[0m
[INFO] [1783911675.541321468] [orange_pole_detector]: [1;95m触发状态更新: trigger=False[0m
[INFO] [1783911675.943264913] [orange_pole_detector]: [1;95m触发状态更新: trigger=True[0m
[INFO] [1783911675.944661396] [orange_pole_detector]: [1;34m最近杆: dist=0.232m, lateral=-0.051m, vertical=0.023m, pixel=(146.6,146.5), box=132x240, height3d=0.283m, depth_px=3096, candidates=1, trigger=True[0m
[INFO] [1783911676.009999971] [orange_pole_detector]: [1;95m触发状态更新: trigger=False[0m
[INFO] [1783911676.077107405] [orange_pole_detector]: [1;95m触发状态更新: trigger=True[0m
[INFO] [1783911676.343159498] [orange_pole_detector]: [1;95m触发状态更新: trigger=False[0m
