[INFO] [1783734045.450639594] [orange_hurdle_jump_test]: state=DETECTOR_ONLY
[INFO] [1783734045.451092043] [orange_hurdle_jump_test]: orange_hurdle_jump_test started: color=/camera/color/image_raw, depth=/camera/aligned_depth_to_color/image_raw, detector_only=True, serial=/dev/ttyUSB0@115200, trigger_distance=0.58m, walk=[0,1.000,1.000], stand=[0,0.000,0.000], jump=[4,0.000,0.000]
[INFO] [1783734045.485225629] [orange_hurdle_jump_test]: [1;95m触发状态更新: trigger=True[0m
[INFO] [1783734045.487411518] [orange_hurdle_jump_test]: [1;34m最近横栏: dist=0.189m, lateral=0.001m, vertical=0.014m, pixel=(214.5,139.4), box=424x240, depth_px=549, candidates=1, trigger=True[0m
[INFO] [1783734045.682405840] [orange_hurdle_jump_test]: [1;34m最近横栏: dist=0.187m, lateral=-0.001m, vertical=0.017m, pixel=(212.2,144.1), box=424x240, depth_px=776, candidates=1, trigger=True[0m
[INFO] [1783734045.939723282] [orange_hurdle_jump_test]: [1;34m最近横栏: dist=0.187m, lateral=-0.009m, vertical=0.048m, pixel=(198.9,193.8), box=424x123, depth_px=428, candidates=1, trigger=True[0m
[INFO] [1783734046.204414962] [orange_hurdle_jump_test]: [1;34m最近横栏: dist=0.191m, lateral=-0.025m, vertical=0.049m, pixel=(174.4,194.5), box=404x123, depth_px=156, candidates=1, trigger=True[0m
[INFO] [1783734046.404926949] [orange_hurdle_jump_test]: [1;34m最近横栏: dist=0.190m, lateral=-0.025m, vertical=0.050m, pixel=(173.3,195.8), box=394x122, depth_px=262, candidates=1, trigger=True[0m
[INFO] [1783734046.607659622] [orange_hurdle_jump_test]: [1;34m最近横栏: dist=0.190m, lateral=-0.026m, vertical=0.051m, pixel=(172.0,198.9), box=392x105, depth_px=182, candidates=1, trigger=True[0m
[INFO] [1783734046.872322656] [orange_hurdle_jump_test]: [1;34m最近横栏: dist=0.190m, lateral=-0.027m, vertical=0.053m, pixel=(169.8,200.6), box=392x104, depth_px=52, candidates=1, trigger=True[0m
[INFO] [1783734047.072387391] [orange_hurdle_jump_test]: [1;34m最近横栏: dist=0.188m, lateral=-0.026m, vertical=0.052m, pixel=(171.2,201.0), box=392x103, depth_px=123, candidates=1, trigger=True[0m
[INFO] [1783734047.270664305] [orange_hurdle_jump_test]: [1;95m触发状态更新: trigger=False[0m
[INFO] [1783734047.272418805] [orange_hurdle_jump_test]: [0;33m未检测到有效橘色横栏: candidates=0, frame=28, mask_px=26868, contours=5, largest=area:25549,box:392x100,aspect:3.92,reject:depth_px:9, hsv_lower=[28, 40, 35], hsv_upper=[95, 255, 255][0m
[INFO] [1783734047.339115444] [orange_hurdle_jump_test]: [1;95m触发状态更新: trigger=True[0m
[INFO] [1783734047.471072597] [orange_hurdle_jump_test]: [1;95m触发状态更新: trigger=False[0m
[INFO] [1783734047.473036049] [orange_hurdle_jump_test]: [0;33m未检测到有效橘色横栏: candidates=0, frame=31, mask_px=25072, contours=6, largest=area:23806,box:392x83,aspect:4.72,reject:depth_px:6, hsv_lower=[28, 40, 35], hsv_upper=[95, 255, 255][0m
[INFO] [1783734047.604526150] [orange_hurdle_jump_test]: [1;95m触发状态更新: trigger=True[0m
[INFO] [1783734047.672095306] [orange_hurdle_jump_test]: [1;34m最近横栏: dist=0.190m, lateral=-0.020m, vertical=0.056m, pixel=(181.0,206.5), box=392x83, depth_px=35, candidates=1, trigger=True[0m
[INFO] [1783734047.739655167] [orange_hurdle_jump_test]: [1;95m触发状态更新: trigger=False[0m
[INFO] [1783734047.806195061] [orange_hurdle_jump_test]: [1;95m触发状态更新: trigger=True[0m
[INFO] [1783734047.872438485] [orange_hurdle_jump_test]: [1;34m最近横栏: dist=0.191m, lateral=-0.018m, vertical=0.058m, pixel=(184.3,209.0), box=387x83, depth_px=33, candidates=1, trigger=True[0m
[INFO] [1783734047.937820210] [orange_hurdle_jump_test]: [1;95m触发状态更新: trigger=False[0m
[INFO] [1783734048.004848889] [orange_hurdle_jump_test]: [1;95m触发状态更新: trigger=True[0m
[INFO] [1783734048.071448775] [orange_hurdle_jump_test]: [1;95m触发状态更新: trigger=False[0m
[INFO] [1783734048.073122665] [orange_hurdle_jump_test]: [0;33m未检测到有效橘色横栏: candidates=0, frame=40, mask_px=17030, contours=7, largest=area:15511,box:374x77,aspect:4.86,reject:depth_px:4, hsv_lower=[28, 40, 35], hsv_upper=[95, 255, 255][0m
[INFO] [1783734048.205570324] [orange_hurdle_jump_test]: [1;95m触发状态更新: trigger=True[0m
[INFO] [1783734048.272683710] [orange_hurdle_jump_test]: [1;34m最近横栏: dist=0.191m, lateral=-0.083m, vertical=0.053m, pixel=(82.5,201.4), box=136x77, depth_px=30, candidates=1, trigger=True[0m
[INFO] [1783734048.337865002] [orange_hurdle_jump_test]: [1;95m触发状态更新: trigger=False[0m
[INFO] [1783734048.471312236] [orange_hurdle_jump_test]: [1;95m触发状态更新: trigger=True[0m
[INFO] [1783734048.539874175] [orange_hurdle_jump_test]: [1;34m最近横栏: dist=0.191m, lateral=-0.085m, vertical=0.049m, pixel=(78.3,194.8), box=140x77, depth_px=24, candidates=1, trigger=True[0m
[INFO] [1783734048.671332856] [orange_hurdle_jump_test]: [1;95m触发状态更新: trigger=False[0m
[INFO] [1783734048.804816908] [orange_hurdle_jump_test]: [1;95m触发状态更新: trigger=True[0m
[INFO] [1783734048.806960906] [orange_hurdle_jump_test]: [1;34m最近横栏: dist=0.191m, lateral=-0.077m, vertical=0.044m, pixel=(90.5,186.5), box=134x49, depth_px=12, candidates=1, trigger=True[0m
[INFO] [1783734048.872080875] [orange_hurdle_jump_test]: [1;95m触发状态更新: trigger=False[0m
[INFO] [1783734049.005794593] [orange_hurdle_jump_test]: [0;33m未检测到有效橘色横栏: candidates=0, frame=54, mask_px=2946, contours=2, largest=area:2682,box:132x36,aspect:3.67,reject:depth_px:0, hsv_lower=[28, 40, 35], hsv_upper=[95, 255, 255][0m
[INFO] [1783734049.206140990] [orange_hurdle_jump_test]: [0;33m未检测到有效橘色横栏: candidates=0, frame=57, mask_px=2974, contours=2, largest=area:2648,box:132x37,aspect:3.57,reject:depth_px:0, hsv_lower=[28, 40, 35], hsv_upper=[95, 255, 255][0m
[INFO] [1783734049.407957767] [orange_hurdle_jump_test]: [0;33m未检测到有效橘色横栏: candidates=0, frame=60, mask_px=3019, contours=2, largest=area:2617,box:132x36,aspect:3.67,reject:depth_px:0, hsv_lower=[28, 40, 35], hsv_upper=[95, 255, 255][0m
[INFO] [1783734049.676826560] [orange_hurdle_jump_test]: [0;33m未检测到有效橘色横栏: candidates=0, frame=64, mask_px=3063, contours=2, largest=area:2602,box:132x36,aspect:3.67,reject:depth_px:4, hsv_lower=[28, 40, 35], hsv_upper=[95, 255, 255][0m
[INFO] [1783734049.943269057] [orange_hurdle_jump_test]: [0;33m未检测到有效橘色横栏: candidates=0, frame=68, mask_px=3067, contours=2, largest=area:2592,box:132x36,aspect:3.67,reject:depth_px:0, hsv_lower=[28, 40, 35], hsv_upper=[95, 255, 255][0m
[INFO] [1783734050.140937895] [orange_hurdle_jump_test]: [0;33m未检测到有效橘色横栏: candidates=0, frame=71, mask_px=3593, contours=2, largest=area:3122,box:142x36,aspect:3.94,reject:depth_px:0, hsv_lower=[28, 40, 35], hsv_upper=[95, 255, 255][0m
[INFO] [1783734050.406750347] [orange_hurdle_jump_test]: [0;33m未检测到有效橘色横栏: candidates=0, frame=75, mask_px=1553, contours=2, largest=area:1116,box:119x21,aspect:5.67,reject:area+height, hsv_lower=[28, 40, 35], hsv_upper=[95, 255, 255][0m
[INFO] [1783734050.608239248] [orange_hurdle_jump_test]: [0;33m未检测到有效橘色横栏: candidates=0, frame=78, mask_px=901, contours=8, largest=area:271,box:30x12,aspect:2.50,reject:area+width+height, hsv_lower=[28, 40, 35], hsv_upper=[95, 255, 255][0m
[INFO] [1783734050.874818934] [orange_hurdle_jump_test]: [0;33m未检测到有效橘色横栏: candidates=0, frame=82, mask_px=11708, contours=3, largest=area:10963,box:332x44,aspect:7.55,reject:depth_px:0, hsv_lower=[28, 40, 35], hsv_upper=[95, 255, 255][0m
[INFO] [1783734050.942504375] [orange_hurdle_jump_test]: [1;95m触发状态更新: trigger=True[0m
[INFO] [1783734051.007094182] [orange_hurdle_jump_test]: [1;95m触发状态更新: trigger=False[0m
[INFO] [1783734051.144047282] [orange_hurdle_jump_test]: [1;34m最近横栏: dist=1.447m, lateral=-0.104m, vertical=0.352m, pixel=(191.6,190.6), box=424x108, depth_px=2377, candidates=1, trigger=False[0m
[INFO] [1783734051.408482273] [orange_hurdle_jump_test]: [0;33m未检测到有效橘色横栏: candidates=0, frame=90, mask_px=29924, contours=2, largest=area:29104,box:416x88,aspect:4.73,reject:depth_px:0, hsv_lower=[28, 40, 35], hsv_upper=[95, 255, 255][0m
[INFO] [1783734051.608222568] [orange_hurdle_jump_test]: [0;33m未检测到有效橘色横栏: candidates=0, frame=93, mask_px=20151, contours=3, largest=area:19276,box:364x74,aspect:4.92,reject:depth_px:0, hsv_lower=[28, 40, 35], hsv_upper=[95, 255, 255][0m
[INFO] [1783734051.876639605] [orange_hurdle_jump_test]: [0;33m未检测到有效橘色横栏: candidates=0, frame=97, mask_px=22292, contours=3, largest=area:21944,box:408x86,aspect:4.74,reject:depth_px:0, hsv_lower=[28, 40, 35], hsv_upper=[95, 255, 255][0m
[INFO] [1783734052.010109616] [orange_hurdle_jump_test]: [1;95m触发状态更新: trigger=True[0m
[INFO] [1783734052.074477484] [orange_hurdle_jump_test]: [1;95m触发状态更新: trigger=False[0m
[INFO] [1783734052.076111242] [orange_hurdle_jump_test]: [0;33m未检测到有效橘色横栏: candidates=0, frame=100, mask_px=12712, contours=6, largest=area:12006,box:364x77,aspect:4.73,reject:depth_px:0, hsv_lower=[28, 40, 35], hsv_upper=[95, 255, 255][0m
[INFO] [1783734052.342351815] [orange_hurdle_jump_test]: [0;33m未检测到有效橘色横栏: candidates=0, frame=104, mask_px=5491, contours=12, largest=area:2970,box:112x60,aspect:1.87,reject:depth_px:0, hsv_lower=[28, 40, 35], hsv_upper=[95, 255, 255][0m
[INFO] [1783734052.609238674] [orange_hurdle_jump_test]: [0;33m未检测到有效橘色横栏: candidates=0, frame=108, mask_px=5714, contours=6, largest=area:3694,box:162x44,aspect:3.68,reject:depth_px:0, hsv_lower=[28, 40, 35], hsv_upper=[95, 255, 255][0m
[INFO] [1783734052.810494480] [orange_hurdle_jump_test]: [0;33m未检测到有效橘色横栏: candidates=0, frame=111, mask_px=5148, contours=6, largest=area:3697,box:154x35,aspect:4.40,reject:depth_px:0, hsv_lower=[28, 40, 35], hsv_upper=[95, 255, 255][0m
[INFO] [1783734053.010198438] [orange_hurdle_jump_test]: [0;33m未检测到有效橘色横栏: candidates=0, frame=114, mask_px=4848, contours=4, largest=area:3117,box:126x43,aspect:2.93,reject:depth_px:0, hsv_lower=[28, 40, 35], hsv_upper=[95, 255, 255][0m
[INFO] [1783734053.278340770] [orange_hurdle_jump_test]: [0;33m未检测到有效橘色横栏: candidates=0, frame=118, mask_px=6935, contours=4, largest=area:3170,box:200x46,aspect:4.35,reject:top_edge:0.296m(err=0.296), hsv_lower=[28, 40, 35], hsv_upper=[95, 255, 255][0m
[INFO] [1783734053.476801477] [orange_hurdle_jump_test]: [0;33m未检测到有效橘色横栏: candidates=0, frame=121, mask_px=4948, contours=4, largest=area:2705,box:110x46,aspect:2.39,reject:depth_px:0, hsv_lower=[28, 40, 35], hsv_upper=[95, 255, 255][0m
[INFO] [1783734053.676684515] [orange_hurdle_jump_test]: [0;33m未检测到有效橘色横栏: candidates=0, frame=124, mask_px=5684, contours=4, largest=area:2700,box:110x50,aspect:2.20,reject:depth_px:0, hsv_lower=[28, 40, 35], hsv_upper=[95, 255, 255][0m
[INFO] [1783734053.808643451] [orange_hurdle_jump_test]: [1;95m触发状态更新: trigger=True[0m
[INFO] [1783734053.875632530] [orange_hurdle_jump_test]: [1;95m触发状态更新: trigger=False[0m
[INFO] [1783734053.877980931] [orange_hurdle_jump_test]: [0;33m未检测到有效橘色横栏: candidates=0, frame=127, mask_px=4182, contours=8, largest=area:2150,box:96x50,aspect:1.92,reject:depth_px:0, hsv_lower=[28, 40, 35], hsv_upper=[95, 255, 255][0m
[INFO] [1783734054.076945902] [orange_hurdle_jump_test]: [0;33m未检测到有效橘色横栏: candidates=0, frame=130, mask_px=7532, contours=9, largest=area:2230,box:106x46,aspect:2.30,reject:depth_px:0, hsv_lower=[28, 40, 35], hsv_upper=[95, 255, 255][0m
[INFO] [1783734054.343810729] [orange_hurdle_jump_test]: [0;33m未检测到有效橘色横栏: candidates=0, frame=134, mask_px=3923, contours=9, largest=area:2534,box:102x51,aspect:2.00,reject:depth_px:0, hsv_lower=[28, 40, 35], hsv_upper=[95, 255, 255][0m
[INFO] [1783734054.543183249] [orange_hurdle_jump_test]: [1;95m触发状态更新: trigger=True[0m
[INFO] [1783734054.544840555] [orange_hurdle_jump_test]: [1;34m最近横栏: dist=0.188m, lateral=-0.097m, vertical=0.050m, pixel=(56.8,198.0), box=96x50, depth_px=193, candidates=1, trigger=True[0m
[INFO] [1783734054.608901799] [orange_hurdle_jump_test]: [1;95m触发状态更新: trigger=False[0m
[INFO] [1783734054.810224277] [orange_hurdle_jump_test]: [0;33m未检测到有效橘色横栏: candidates=0, frame=141, mask_px=3891, contours=8, largest=area:2548,box:118x34,aspect:3.47,reject:height, hsv_lower=[28, 40, 35], hsv_upper=[95, 255, 255][0m
[INFO] [1783734055.011170984] [orange_hurdle_jump_test]: [0;33m未检测到有效橘色横栏: candidates=0, frame=144, mask_px=7278, contours=10, largest=area:3950,box:148x41,aspect:3.61,reject:depth_px:0, hsv_lower=[28, 40, 35], hsv_upper=[95, 255, 255][0m
[INFO] [1783734055.278314937] [orange_hurdle_jump_test]: [1;34m最近横栏: dist=1.317m, lateral=-0.655m, vertical=0.014m, pixel=(62.8,120.1), box=130x44, depth_px=460, candidates=1, trigger=False[0m
[INFO] [1783734055.478653603] [orange_hurdle_jump_test]: [1;34m最近横栏: dist=1.417m, lateral=-0.704m, vertical=0.290m, pixel=(62.9,178.9), box=127x49, depth_px=56, candidates=1, trigger=False[0m
[INFO] [1783734055.745576401] [orange_hurdle_jump_test]: [0;33m未检测到有效橘色横栏: candidates=0, frame=155, mask_px=5476, contours=5, largest=area:3350,box:128x43,aspect:2.98,reject:depth_px:0, hsv_lower=[28, 40, 35], hsv_upper=[95, 255, 255][0m
[INFO] [1783734055.944621433] [orange_hurdle_jump_test]: [1;34m最近横栏: dist=1.472m, lateral=-0.643m, vertical=0.307m, pixel=(81.0,180.0), box=86x48, depth_px=13, candidates=1, trigger=False[0m
[INFO] [1783734056.010710771] [orange_hurdle_jump_test]: [1;95m触发状态更新: trigger=True[0m
[INFO] [1783734056.077021611] [orange_hurdle_jump_test]: [1;95m触发状态更新: trigger=False[0m
[INFO] [1783734056.145332688] [orange_hurdle_jump_test]: [0;33m未检测到有效橘色横栏: candidates=0, frame=161, mask_px=5449, contours=10, largest=area:3166,box:122x45,aspect:2.71,reject:depth_px:0, hsv_lower=[28, 40, 35], hsv_upper=[95, 255, 255][0m
[INFO] [1783734056.411364264] [orange_hurdle_jump_test]: [0;33m未检测到有效橘色横栏: candidates=0, frame=165, mask_px=4503, contours=11, largest=area:2769,box:114x45,aspect:2.53,reject:depth_px:3, hsv_lower=[28, 40, 35], hsv_upper=[95, 255, 255][0m
[INFO] [1783734056.611694712] [orange_hurdle_jump_test]: [0;33m未检测到有效橘色横栏: candidates=0, frame=168, mask_px=5453, contours=9, largest=area:2663,box:103x52,aspect:1.98,reject:depth_px:0, hsv_lower=[28, 40, 35], hsv_upper=[95, 255, 255][0m
[INFO] [1783734056.813278317] [orange_hurdle_jump_test]: [1;34m最近横栏: dist=0.621m, lateral=0.335m, vertical=0.158m, pixel=(376.6,193.9), box=104x79, depth_px=4913, candidates=1, trigger=False[0m
[INFO] [1783734057.012097071] [orange_hurdle_jump_test]: [0;33m未检测到有效橘色横栏: candidates=0, frame=174, mask_px=11149, contours=4, largest=area:6682,box:92x104,aspect:0.88,reject:aspect, hsv_lower=[28, 40, 35], hsv_upper=[95, 255, 255][0m
[INFO] [1783734057.279193565] [orange_hurdle_jump_test]: [1;34m最近横栏: dist=1.195m, lateral=-0.599m, vertical=0.205m, pixel=(61.6,168.9), box=122x42, depth_px=300, candidates=1, trigger=False[0m
[INFO] [1783734057.479337517] [orange_hurdle_jump_test]: [1;34m最近横栏: dist=1.396m, lateral=-0.712m, vertical=0.237m, pixel=(58.9,168.2), box=122x42, depth_px=72, candidates=1, trigger=False[0m
[INFO] [1783734057.679810552] [orange_hurdle_jump_test]: [1;34m最近横栏: dist=1.417m, lateral=-0.713m, vertical=0.220m, pixel=(61.1,163.9), box=130x45, depth_px=146, candidates=1, trigger=False[0m
[INFO] [1783734057.947151121] [orange_hurdle_jump_test]: [1;34m最近横栏: dist=1.479m, lateral=-0.743m, vertical=0.258m, pixel=(61.3,169.8), box=126x45, depth_px=50, candidates=1, trigger=False[0m
[INFO] [1783734058.212742554] [orange_hurdle_jump_test]: [1;34m最近横栏: dist=1.472m, lateral=-0.750m, vertical=0.280m, pixel=(59.0,174.5), box=125x46, depth_px=752, candidates=1, trigger=False[0m
[INFO] [1783734058.413350325] [orange_hurdle_jump_test]: [1;34m最近横栏: dist=1.459m, lateral=-0.736m, vertical=0.242m, pixel=(60.7,167.2), box=129x44, depth_px=410, candidates=1, trigger=False[0m
[INFO] [1783734058.615954283] [orange_hurdle_jump_test]: [1;34m最近横栏: dist=1.466m, lateral=-0.678m, vertical=0.266m, pixel=(73.3,171.8), box=109x45, depth_px=1756, candidates=1, trigger=False[0m
[INFO] [1783734058.879855900] [orange_hurdle_jump_test]: [1;34m最近横栏: dist=1.435m, lateral=-0.678m, vertical=0.254m, pixel=(70.4,170.5), box=104x49, depth_px=2410, candidates=1, trigger=False[0m
[INFO] [1783734059.080910712] [orange_hurdle_jump_test]: [0;33m未检测到有效橘色横栏: candidates=0, frame=205, mask_px=3839, contours=1, largest=area:3679,box:128x55,aspect:2.33,reject:top_edge:0.204m(err=0.204), hsv_lower=[28, 40, 35], hsv_upper=[95, 255, 255][0m
[INFO] [1783734059.281611110] [orange_hurdle_jump_test]: [0;33m未检测到有效橘色横栏: candidates=0, frame=208, mask_px=3987, contours=1, largest=area:3838,box:114x63,aspect:1.81,reject:top_edge:0.249m(err=0.249), hsv_lower=[28, 40, 35], hsv_upper=[95, 255, 255][0m
[INFO] [1783734059.546841058] [orange_hurdle_jump_test]: [0;33m未检测到有效橘色横栏: candidates=0, frame=212, mask_px=1660, contours=1, largest=area:1554,box:94x28,aspect:3.36,reject:height, hsv_lower=[28, 40, 35], hsv_upper=[95, 255, 255][0m
[INFO] [1783734059.749173394] [orange_hurdle_jump_test]: [0;33m未检测到有效橘色横栏: candidates=0, frame=215, mask_px=2775, contours=2, largest=area:2074,box:123x25,aspect:4.92,reject:height, hsv_lower=[28, 40, 35], hsv_upper=[95, 255, 255][0m
[INFO] [1783734059.949168415] [orange_hurdle_jump_test]: [0;33m未检测到有效橘色横栏: candidates=0, frame=218, mask_px=2415, contours=4, largest=area:1472,box:83x38,aspect:2.18,reject:top_edge:0.360m(err=0.360), hsv_lower=[28, 40, 35], hsv_upper=[95, 255, 255][0m
[INFO] [1783734060.150068576] [orange_hurdle_jump_test]: [0;33m未检测到有效橘色横栏: candidates=0, frame=221, mask_px=2234, contours=7, largest=area:1670,box:86x31,aspect:2.77,reject:height, hsv_lower=[28, 40, 35], hsv_upper=[95, 255, 255][0m
[INFO] [1783734060.348360825] [orange_hurdle_jump_test]: [1;34m最近横栏: dist=0.695m, lateral=0.338m, vertical=0.247m, pixel=(360.4,224.6), box=152x38, depth_px=2601, candidates=1, trigger=False[0m
[INFO] [1783734060.548843931] [orange_hurdle_jump_test]: [1;34m最近横栏: dist=0.704m, lateral=0.293m, vertical=0.227m, pixel=(339.3,214.7), box=180x65, depth_px=5654, candidates=1, trigger=False[0m
[INFO] [1783734060.748927174] [orange_hurdle_jump_test]: [1;34m最近横栏: dist=0.648m, lateral=0.304m, vertical=0.205m, pixel=(355.2,212.6), box=166x78, depth_px=6317, candidates=1, trigger=False[0m
[INFO] [1783734060.949484131] [orange_hurdle_jump_test]: [1;34m最近横栏: dist=0.658m, lateral=0.347m, vertical=0.224m, pixel=(372.9,220.0), box=130x49, depth_px=2887, candidates=1, trigger=False[0m
[INFO] [1783734061.217376096] [orange_hurdle_jump_test]: [1;34m最近横栏: dist=0.628m, lateral=0.344m, vertical=0.213m, pixel=(379.2,219.7), box=92x54, depth_px=2672, candidates=1, trigger=False[0m
[INFO] [1783734061.348077208] [orange_hurdle_jump_test]: [1;95m触发状态更新: trigger=True[0m
[INFO] [1783734061.415937300] [orange_hurdle_jump_test]: [1;95m触发状态更新: trigger=False[0m
[INFO] [1783734061.483310595] [orange_hurdle_jump_test]: [0;33m未检测到有效橘色横栏: candidates=0, frame=241, mask_px=1691, contours=4, largest=area:1286,box:56x42,aspect:1.33,reject:width, hsv_lower=[28, 40, 35], hsv_upper=[95, 255, 255][0m
[INFO] [1783734061.683424489] [orange_hurdle_jump_test]: [0;33m未检测到有效橘色横栏: candidates=0, frame=244, mask_px=947, contours=2, largest=area:437,box:70x20,aspect:3.50,reject:area+height, hsv_lower=[28, 40, 35], hsv_upper=[95, 255, 255][0m
[INFO] [1783734061.884092032] [orange_hurdle_jump_test]: [0;33m未检测到有效橘色横栏: candidates=0, frame=247, mask_px=723, contours=2, largest=area:510,box:54x20,aspect:2.70,reject:area+width+height, hsv_lower=[28, 40, 35], hsv_upper=[95, 255, 255][0m
[INFO] [1783734062.148599160] [orange_hurdle_jump_test]: [0;33m未检测到有效橘色横栏: candidates=0, frame=251, mask_px=174, contours=1, largest=area:143,box:26x10,aspect:2.60,reject:area+width+height, hsv_lower=[28, 40, 35], hsv_upper=[95, 255, 255][0m
[INFO] [1783734062.349303692] [orange_hurdle_jump_test]: [0;33m未检测到有效橘色横栏: candidates=0, frame=254, mask_px=497, contours=2, largest=area:373,box:54x18,aspect:3.00,reject:area+width+height, hsv_lower=[28, 40, 35], hsv_upper=[95, 255, 255][0m
[INFO] [1783734062.551946496] [orange_hurdle_jump_test]: [0;33m未检测到有效橘色横栏: candidates=0, frame=257, mask_px=300, contours=1, largest=area:254,box:40x14,aspect:2.86,reject:area+width+height, hsv_lower=[28, 40, 35], hsv_upper=[95, 255, 255][0m
[INFO] [1783734062.751403208] [orange_hurdle_jump_test]: [0;33m未检测到有效橘色横栏: candidates=0, frame=260, mask_px=721, contours=3, largest=area:457,box:72x13,aspect:5.54,reject:area+height, hsv_lower=[28, 40, 35], hsv_upper=[95, 255, 255][0m
[INFO] [1783734062.950660883] [orange_hurdle_jump_test]: [0;33m未检测到有效橘色横栏: candidates=0, frame=263, mask_px=703, contours=3, largest=area:482,box:58x13,aspect:4.46,reject:area+width+height, hsv_lower=[28, 40, 35], hsv_upper=[95, 255, 255][0m
[INFO] [1783734063.150486507] [orange_hurdle_jump_test]: [0;33m未检测到有效橘色横栏: candidates=0, frame=266, mask_px=0, contours=0, reject=no_hsv_blob, hsv_lower=[28, 40, 35], hsv_upper=[95, 255, 255][0m
[INFO] [1783734063.354005291] [orange_hurdle_jump_test]: [0;33m未检测到有效橘色横栏: candidates=0, frame=269, mask_px=0, contours=0, reject=no_hsv_blob, hsv_lower=[28, 40, 35], hsv_upper=[95, 255, 255][0m
[INFO] [1783734063.619348621] [orange_hurdle_jump_test]: [0;33m未检测到有效橘色横栏: candidates=0, frame=273, mask_px=0, contours=0, reject=no_hsv_blob, hsv_lower=[28, 40, 35], hsv_upper=[95, 255, 255][0m
[INFO] [1783734063.818461073] [orange_hurdle_jump_test]: [0;33m未检测到有效橘色横栏: candidates=0, frame=276, mask_px=0, contours=0, reject=no_hsv_blob, hsv_lower=[28, 40, 35], hsv_upper=[95, 255, 255][0m
[INFO] [1783734064.019472042] [orange_hurdle_jump_test]: [0;33m未检测到有效橘色横栏: candidates=0, frame=279, mask_px=0, contours=0, reject=no_hsv_blob, hsv_lower=[28, 40, 35], hsv_upper=[95, 255, 255][0m
[INFO] [1783734064.289610828] [orange_hurdle_jump_test]: [0;33m未检测到有效橘色横栏: candidates=0, frame=283, mask_px=0, contours=0, reject=no_hsv_blob, hsv_lower=[28, 40, 35], hsv_upper=[95, 255, 255][0m
[INFO] [1783734064.553454156] [orange_hurdle_jump_test]: [0;33m未检测到有效橘色横栏: candidates=0, frame=287, mask_px=138, contours=3, largest=area:60,box:10x10,aspect:1.00,reject:area+width+height+aspect, hsv_lower=[28, 40, 35], hsv_upper=[95, 255, 255][0m
[INFO] [1783734064.753680561] [orange_hurdle_jump_test]: [0;33m未检测到有效橘色横栏: candidates=0, frame=290, mask_px=2612, contours=3, largest=area:2379,box:52x113,aspect:0.46,reject:width+aspect, hsv_lower=[28, 40, 35], hsv_upper=[95, 255, 255][0m
[INFO] [1783734064.956235956] [orange_hurdle_jump_test]: [0;33m未检测到有效橘色横栏: candidates=0, frame=293, mask_px=5552, contours=7, largest=area:4668,box:79x134,aspect:0.59,reject:aspect, hsv_lower=[28, 40, 35], hsv_upper=[95, 255, 255][0m
[INFO] [1783734065.222968667] [orange_hurdle_jump_test]: [0;33m未检测到有效橘色横栏: candidates=0, frame=297, mask_px=2939, contours=8, largest=area:2181,box:60x115,aspect:0.52,reject:width+aspect, hsv_lower=[28, 40, 35], hsv_upper=[95, 255, 255][0m
[INFO] [1783734065.488045826] [orange_hurdle_jump_test]: [0;33m未检测到有效橘色横栏: candidates=0, frame=301, mask_px=1873, contours=4, largest=area:1538,box:38x115,aspect:0.33,reject:width+aspect, hsv_lower=[28, 40, 35], hsv_upper=[95, 255, 255][0m
[INFO] [1783734065.692371270] [orange_hurdle_jump_test]: [0;33m未检测到有效橘色横栏: candidates=0, frame=304, mask_px=98, contours=3, largest=area:24,box:4x9,aspect:0.44,reject:area+width+height+aspect, hsv_lower=[28, 40, 35], hsv_upper=[95, 255, 255][0m
[INFO] [1783734065.955110714] [orange_hurdle_jump_test]: [0;33m未检测到有效橘色横栏: candidates=0, frame=308, mask_px=182, contours=3, largest=area:62,box:10x10,aspect:1.00,reject:area+width+height+aspect, hsv_lower=[28, 40, 35], hsv_upper=[95, 255, 255][0m
[INFO] [1783734066.155627871] [orange_hurdle_jump_test]: [0;33m未检测到有效橘色横栏: candidates=0, frame=311, mask_px=364, contours=3, largest=area:202,box:15x22,aspect:0.68,reject:area+width+height+aspect, hsv_lower=[28, 40, 35], hsv_upper=[95, 255, 255][0m
[INFO] [1783734066.355595966] [orange_hurdle_jump_test]: [0;33m未检测到有效橘色横栏: candidates=0, frame=314, mask_px=62, contours=2, largest=area:30,box:6x8,aspect:0.75,reject:area+width+height+aspect, hsv_lower=[28, 40, 35], hsv_upper=[95, 255, 255][0m
[INFO] [1783734066.556430311] [orange_hurdle_jump_test]: [0;33m未检测到有效橘色横栏: candidates=0, frame=317, mask_px=476, contours=5, largest=area:188,box:10x26,aspect:0.38,reject:area+width+height+aspect, hsv_lower=[28, 40, 35], hsv_upper=[95, 255, 255][0m
[INFO] [1783734066.756392618] [orange_hurdle_jump_test]: [0;33m未检测到有效橘色横栏: candidates=0, frame=320, mask_px=113, contours=1, largest=area:88,box:10x17,aspect:0.59,reject:area+width+height+aspect, hsv_lower=[28, 40, 35], hsv_upper=[95, 255, 255][0m
[INFO] [1783734066.957762036] [orange_hurdle_jump_test]: [0;33m未检测到有效橘色横栏: candidates=0, frame=323, mask_px=330, contours=3, largest=area:139,box:24x11,aspect:2.18,reject:area+width+height, hsv_lower=[28, 40, 35], hsv_upper=[95, 255, 255][0m
[INFO] [1783734067.224186231] [orange_hurdle_jump_test]: [0;33m未检测到有效橘色横栏: candidates=0, frame=327, mask_px=56, contours=1, largest=area:42,box:8x7,aspect:1.14,reject:area+width+height+aspect, hsv_lower=[28, 40, 35], hsv_upper=[95, 255, 255][0m
[INFO] [1783734067.424696825] [orange_hurdle_jump_test]: [0;33m未检测到有效橘色横栏: candidates=0, frame=330, mask_px=565, contours=2, largest=area:464,box:50x25,aspect:2.00,reject:area+width+height, hsv_lower=[28, 40, 35], hsv_upper=[95, 255, 255][0m
[INFO] [1783734067.693672978] [orange_hurdle_jump_test]: [1;34m最近横栏: dist=0.858m, lateral=-0.351m, vertical=0.264m, pixel=(89.4,209.9), box=164x81, depth_px=3319, candidates=1, trigger=False[0m
[INFO] [1783734067.958144003] [orange_hurdle_jump_test]: [1;34m最近横栏: dist=0.837m, lateral=-0.255m, vertical=0.228m, pixel=(121.1,199.4), box=296x101, depth_px=11894, candidates=1, trigger=False[0m
[INFO] [1783734068.160259494] [orange_hurdle_jump_test]: [1;34m最近横栏: dist=0.847m, lateral=-0.150m, vertical=0.221m, pixel=(159.7,196.0), box=398x103, depth_px=16543, candidates=1, trigger=False[0m
[INFO] [1783734068.359717312] [orange_hurdle_jump_test]: [1;34m最近横栏: dist=0.830m, lateral=-0.069m, vertical=0.215m, pixel=(188.2,195.3), box=410x104, depth_px=17957, candidates=1, trigger=False[0m
[INFO] [1783734068.559315278] [orange_hurdle_jump_test]: [1;34m最近横栏: dist=0.808m, lateral=-0.068m, vertical=0.206m, pixel=(187.8,194.1), box=412x107, depth_px=19354, candidates=1, trigger=False[0m
[INFO] [1783734068.759851757] [orange_hurdle_jump_test]: [1;34m最近横栏: dist=0.788m, lateral=-0.062m, vertical=0.201m, pixel=(189.3,194.2), box=424x111, depth_px=20968, candidates=1, trigger=False[0m
[INFO] [1783734068.960175688] [orange_hurdle_jump_test]: [1;34m最近横栏: dist=0.736m, lateral=-0.057m, vertical=0.172m, pixel=(189.7,187.5), box=424x122, depth_px=27290, candidates=1, trigger=False[0m
[INFO] [1783734069.162913699] [orange_hurdle_jump_test]: [1;34m最近横栏: dist=0.695m, lateral=-0.080m, vertical=0.140m, pixel=(178.4,178.1), box=424x139, depth_px=28465, candidates=1, trigger=False[0m
[INFO] [1783734069.362645467] [orange_hurdle_jump_test]: [1;34m最近横栏: dist=0.648m, lateral=-0.068m, vertical=0.139m, pixel=(181.6,181.8), box=420x138, depth_px=19904, candidates=1, trigger=False[0m
[INFO] [1783734069.566610907] [orange_hurdle_jump_test]: [1;34m最近横栏: dist=0.589m, lateral=0.058m, vertical=0.200m, pixel=(242.9,219.8), box=370x44, depth_px=12830, candidates=1, trigger=False[0m
[INFO] [1783734069.628817981] [orange_hurdle_jump_test]: [1;95m触发状态更新: trigger=True[0m
[INFO] [1783734069.760512084] [orange_hurdle_jump_test]: [1;95m触发状态更新: trigger=False[0m
[INFO] [1783734069.761797525] [orange_hurdle_jump_test]: [0;33m未检测到有效橘色横栏: candidates=0, frame=365, mask_px=12419, contours=9, largest=area:8730,box:360x34,aspect:10.59,reject:height, hsv_lower=[28, 40, 35], hsv_upper=[95, 255, 255][0m
[INFO] [1783734070.029652166] [orange_hurdle_jump_test]: [0;33m未检测到有效橘色横栏: candidates=0, frame=369, mask_px=7103, contours=6, largest=area:4012,box:354x20,aspect:17.70,reject:height, hsv_lower=[28, 40, 35], hsv_upper=[95, 255, 255][0m
[INFO] [1783734070.228328418] [orange_hurdle_jump_test]: [0;33m未检测到有效橘色横栏: candidates=0, frame=372, mask_px=6935, contours=4, largest=area:3860,box:352x20,aspect:17.60,reject:height, hsv_lower=[28, 40, 35], hsv_upper=[95, 255, 255][0m
[INFO] [1783734070.430097516] [orange_hurdle_jump_test]: [0;33m未检测到有效橘色横栏: candidates=0, frame=375, mask_px=6719, contours=4, largest=area:3774,box:352x19,aspect:18.53,reject:height, hsv_lower=[28, 40, 35], hsv_upper=[95, 255, 255][0m
[INFO] [1783734070.700163125] [orange_hurdle_jump_test]: [0;33m未检测到有效橘色横栏: candidates=0, frame=379, mask_px=3307, contours=8, largest=area:1904,box:238x16,aspect:14.88,reject:height, hsv_lower=[28, 40, 35], hsv_upper=[95, 255, 255][0m
[INFO] [1783734070.961947660] [orange_hurdle_jump_test]: [0;33m未检测到有效橘色横栏: candidates=0, frame=383, mask_px=2813, contours=6, largest=area:2134,box:284x18,aspect:15.78,reject:height, hsv_lower=[28, 40, 35], hsv_upper=[95, 255, 255][0m
[INFO] [1783734071.162880278] [orange_hurdle_jump_test]: [0;33m未检测到有效橘色横栏: candidates=0, frame=386, mask_px=2767, contours=5, largest=area:2000,box:255x18,aspect:14.17,reject:height, hsv_lower=[28, 40, 35], hsv_upper=[95, 255, 255][0m
[INFO] [1783734071.365457363] [orange_hurdle_jump_test]: [0;33m未检测到有效橘色横栏: candidates=0, frame=389, mask_px=2947, contours=3, largest=area:2330,box:277x14,aspect:19.79,reject:height, hsv_lower=[28, 40, 35], hsv_upper=[95, 255, 255][0m
[INFO] [1783734071.633150697] [orange_hurdle_jump_test]: [0;33m未检测到有效橘色横栏: candidates=0, frame=393, mask_px=2732, contours=3, largest=area:2244,box:272x17,aspect:16.00,reject:height, hsv_lower=[28, 40, 35], hsv_upper=[95, 255, 255][0m
[INFO] [1783734071.897538527] [orange_hurdle_jump_test]: [0;33m未检测到有效橘色横栏: candidates=0, frame=397, mask_px=2876, contours=5, largest=area:2260,box:274x17,aspect:16.12,reject:height, hsv_lower=[28, 40, 35], hsv_upper=[95, 255, 255][0m
[INFO] [1783734072.097465965] [orange_hurdle_jump_test]: [0;33m未检测到有效橘色横栏: candidates=0, frame=400, mask_px=2802, contours=4, largest=area:2240,box:300x17,aspect:17.65,reject:height, hsv_lower=[28, 40, 35], hsv_upper=[95, 255, 255][0m
[INFO] [1783734072.297740735] [orange_hurdle_jump_test]: [0;33m未检测到有效橘色横栏: candidates=0, frame=403, mask_px=3059, contours=5, largest=area:2450,box:306x13,aspect:23.54,reject:height, hsv_lower=[28, 40, 35], hsv_upper=[95, 255, 255][0m
[INFO] [1783734072.564399415] [orange_hurdle_jump_test]: [0;33m未检测到有效橘色横栏: candidates=0, frame=407, mask_px=3283, contours=2, largest=area:2774,box:315x15,aspect:21.00,reject:height, hsv_lower=[28, 40, 35], hsv_upper=[95, 255, 255][0m
[INFO] [1783734072.764641377] [orange_hurdle_jump_test]: [0;33m未检测到有效橘色横栏: candidates=0, frame=410, mask_px=2965, contours=2, largest=area:2497,box:304x15,aspect:20.27,reject:height, hsv_lower=[28, 40, 35], hsv_upper=[95, 255, 255][0m
[INFO] [1783734072.967602961] [orange_hurdle_jump_test]: [0;33m未检测到有效橘色横栏: candidates=0, frame=413, mask_px=1433, contours=7, largest=area:266,box:42x11,aspect:3.82,reject:area+width+height, hsv_lower=[28, 40, 35], hsv_upper=[95, 255, 255][0m
[INFO] [1783734073.166040930] [orange_hurdle_jump_test]: [0;33m未检测到有效橘色横栏: candidates=0, frame=416, mask_px=2733, contours=4, largest=area:1668,box:210x16,aspect:13.12,reject:height, hsv_lower=[28, 40, 35], hsv_upper=[95, 255, 255][0m
[INFO] [1783734073.368457921] [orange_hurdle_jump_test]: [0;33m未检测到有效橘色横栏: candidates=0, frame=419, mask_px=2470, contours=2, largest=area:1595,box:194x15,aspect:12.93,reject:height, hsv_lower=[28, 40, 35], hsv_upper=[95, 255, 255][0m
[INFO] [1783734073.635911308] [orange_hurdle_jump_test]: [0;33m未检测到有效橘色横栏: candidates=0, frame=423, mask_px=2773, contours=3, largest=area:1776,box:216x15,aspect:14.40,reject:height, hsv_lower=[28, 40, 35], hsv_upper=[95, 255, 255][0m
[INFO] [1783734073.899988897] [orange_hurdle_jump_test]: [0;33m未检测到有效橘色横栏: candidates=0, frame=427, mask_px=3570, contours=3, largest=area:3024,box:326x14,aspect:23.29,reject:height, hsv_lower=[28, 40, 35], hsv_upper=[95, 255, 255][0m
[INFO] [1783734074.100429131] [orange_hurdle_jump_test]: [0;33m未检测到有效橘色横栏: candidates=0, frame=430, mask_px=3567, contours=3, largest=area:2976,box:321x16,aspect:20.06,reject:height, hsv_lower=[28, 40, 35], hsv_upper=[95, 255, 255][0m
[INFO] [1783734074.366051050] [orange_hurdle_jump_test]: [0;33m未检测到有效橘色横栏: candidates=0, frame=434, mask_px=3886, contours=5, largest=area:3000,box:318x23,aspect:13.83,reject:height, hsv_lower=[28, 40, 35], hsv_upper=[95, 255, 255][0m
[INFO] [1783734074.568464882] [orange_hurdle_jump_test]: [0;33m未检测到有效橘色横栏: candidates=0, frame=437, mask_px=3077, contours=2, largest=area:2066,box:310x11,aspect:28.18,reject:height, hsv_lower=[28, 40, 35], hsv_upper=[95, 255, 255][0m
[INFO] [1783734074.768107890] [orange_hurdle_jump_test]: [0;33m未检测到有效橘色横栏: candidates=0, frame=440, mask_px=3313, contours=2, largest=area:2502,box:320x12,aspect:26.67,reject:height, hsv_lower=[28, 40, 35], hsv_upper=[95, 255, 255][0m
[INFO] [1783734075.038471964] [orange_hurdle_jump_test]: [0;33m未检测到有效橘色横栏: candidates=0, frame=444, mask_px=4625, contours=4, largest=area:3701,box:336x18,aspect:18.67,reject:height, hsv_lower=[28, 40, 35], hsv_upper=[95, 255, 255][0m
[INFO] [1783734075.234462836] [orange_hurdle_jump_test]: [0;33m未检测到有效橘色横栏: candidates=0, frame=447, mask_px=4904, contours=3, largest=area:3696,box:322x18,aspect:17.89,reject:height, hsv_lower=[28, 40, 35], hsv_upper=[95, 255, 255][0m
[INFO] [1783734075.435670336] [orange_hurdle_jump_test]: [0;33m未检测到有效橘色横栏: candidates=0, frame=450, mask_px=5553, contours=5, largest=area:4539,box:332x18,aspect:18.44,reject:height, hsv_lower=[28, 40, 35], hsv_upper=[95, 255, 255][0m
[INFO] [1783734075.701503378] [orange_hurdle_jump_test]: [0;33m未检测到有效橘色横栏: candidates=0, frame=454, mask_px=5328, contours=3, largest=area:4504,box:338x23,aspect:14.70,reject:height, hsv_lower=[28, 40, 35], hsv_upper=[95, 255, 255][0m
[INFO] [1783734075.908575017] [orange_hurdle_jump_test]: [0;33m未检测到有效橘色横栏: candidates=0, frame=457, mask_px=7037, contours=3, largest=area:5770,box:344x22,aspect:15.64,reject:height, hsv_lower=[28, 40, 35], hsv_upper=[95, 255, 255][0m
[INFO] [1783734076.168964220] [orange_hurdle_jump_test]: [0;33m未检测到有效橘色横栏: candidates=0, frame=461, mask_px=8614, contours=8, largest=area:6626,box:326x24,aspect:13.58,reject:height, hsv_lower=[28, 40, 35], hsv_upper=[95, 255, 255][0m
[INFO] [1783734076.372342877] [orange_hurdle_jump_test]: [0;33m未检测到有效橘色横栏: candidates=0, frame=464, mask_px=8980, contours=7, largest=area:6685,box:298x27,aspect:11.04,reject:height, hsv_lower=[28, 40, 35], hsv_upper=[95, 255, 255][0m
[INFO] [1783734076.569542619] [orange_hurdle_jump_test]: [1;34m最近横栏: dist=0.623m, lateral=-0.012m, vertical=0.212m, pixel=(207.6,219.9), box=338x36, depth_px=7429, candidates=1, trigger=False[0m
[INFO] [1783734076.771150751] [orange_hurdle_jump_test]: [0;33m未检测到有效橘色横栏: candidates=0, frame=470, mask_px=11447, contours=8, largest=area:7562,box:282x29,aspect:9.72,reject:height, hsv_lower=[28, 40, 35], hsv_upper=[95, 255, 255][0m
[INFO] [1783734076.969862547] [orange_hurdle_jump_test]: [0;33m未检测到有效橘色横栏: candidates=0, frame=473, mask_px=8327, contours=8, largest=area:4089,box:298x19,aspect:15.68,reject:height, hsv_lower=[28, 40, 35], hsv_upper=[95, 255, 255][0m
[INFO] [1783734077.236132206] [orange_hurdle_jump_test]: [0;33m未检测到有效橘色横栏: candidates=0, frame=477, mask_px=6326, contours=6, largest=area:2009,box:292x9,aspect:32.44,reject:height, hsv_lower=[28, 40, 35], hsv_upper=[95, 255, 255][0m
[INFO] [1783734077.437038534] [orange_hurdle_jump_test]: [0;33m未检测到有效橘色横栏: candidates=0, frame=480, mask_px=4132, contours=13, largest=area:1067,box:158x10,aspect:15.80,reject:area+height, hsv_lower=[28, 40, 35], hsv_upper=[95, 255, 255][0m
[INFO] [1783734077.639969993] [orange_hurdle_jump_test]: [0;33m未检测到有效橘色横栏: candidates=0, frame=483, mask_px=2808, contours=4, largest=area:2070,box:300x12,aspect:25.00,reject:height, hsv_lower=[28, 40, 35], hsv_upper=[95, 255, 255][0m
[INFO] [1783734077.841132822] [orange_hurdle_jump_test]: [0;33m未检测到有效橘色横栏: candidates=0, frame=486, mask_px=3098, contours=8, largest=area:1204,box:160x12,aspect:13.33,reject:height, hsv_lower=[28, 40, 35], hsv_upper=[95, 255, 255][0m
[INFO] [1783734078.103857078] [orange_hurdle_jump_test]: [0;33m未检测到有效橘色横栏: candidates=0, frame=490, mask_px=3744, contours=5, largest=area:1958,box:226x17,aspect:13.29,reject:height, hsv_lower=[28, 40, 35], hsv_upper=[95, 255, 255][0m
[INFO] [1783734078.305534993] [orange_hurdle_jump_test]: [0;33m未检测到有效橘色横栏: candidates=0, frame=493, mask_px=3970, contours=3, largest=area:3392,box:342x23,aspect:14.87,reject:height, hsv_lower=[28, 40, 35], hsv_upper=[95, 255, 255][0m
[INFO] [1783734078.504227120] [orange_hurdle_jump_test]: [0;33m未检测到有效橘色横栏: candidates=0, frame=496, mask_px=1768, contours=5, largest=area:757,box:88x11,aspect:8.00,reject:area+height, hsv_lower=[28, 40, 35], hsv_upper=[95, 255, 255][0m
[INFO] [1783734078.704785566] [orange_hurdle_jump_test]: [0;33m未检测到有效橘色横栏: candidates=0, frame=499, mask_px=2129, contours=4, largest=area:791,box:114x10,aspect:11.40,reject:area+height, hsv_lower=[28, 40, 35], hsv_upper=[95, 255, 255][0m
[INFO] [1783734078.904932936] [orange_hurdle_jump_test]: [0;33m未检测到有效橘色横栏: candidates=0, frame=502, mask_px=1082, contours=6, largest=area:646,box:83x13,aspect:6.38,reject:area+height, hsv_lower=[28, 40, 35], hsv_upper=[95, 255, 255][0m
[INFO] [1783734079.105116992] [orange_hurdle_jump_test]: [0;33m未检测到有效橘色横栏: candidates=0, frame=505, mask_px=2687, contours=4, largest=area:1061,box:106x14,aspect:7.57,reject:area+height, hsv_lower=[28, 40, 35], hsv_upper=[95, 255, 255][0m
[INFO] [1783734079.308632837] [orange_hurdle_jump_test]: [0;33m未检测到有效橘色横栏: candidates=0, frame=508, mask_px=4367, contours=4, largest=area:3338,box:322x22,aspect:14.64,reject:height, hsv_lower=[28, 40, 35], hsv_upper=[95, 255, 255][0m
[INFO] [1783734079.571768546] [orange_hurdle_jump_test]: [0;33m未检测到有效橘色横栏: candidates=0, frame=512, mask_px=4605, contours=3, largest=area:4058,box:344x16,aspect:21.50,reject:height, hsv_lower=[28, 40, 35], hsv_upper=[95, 255, 255][0m
[INFO] [1783734079.772331628] [orange_hurdle_jump_test]: [0;33m未检测到有效橘色横栏: candidates=0, frame=515, mask_px=4854, contours=2, largest=area:4398,box:334x19,aspect:17.58,reject:height, hsv_lower=[28, 40, 35], hsv_upper=[95, 255, 255][0m
[INFO] [1783734079.973284416] [orange_hurdle_jump_test]: [0;33m未检测到有效橘色横栏: candidates=0, frame=518, mask_px=6198, contours=4, largest=area:5382,box:342x19,aspect:18.00,reject:height, hsv_lower=[28, 40, 35], hsv_upper=[95, 255, 255][0m
[INFO] [1783734080.239618798] [orange_hurdle_jump_test]: [0;33m未检测到有效橘色横栏: candidates=0, frame=522, mask_px=6418, contours=7, largest=area:5406,box:322x20,aspect:16.10,reject:height, hsv_lower=[28, 40, 35], hsv_upper=[95, 255, 255][0m
[INFO] [1783734080.440833589] [orange_hurdle_jump_test]: [0;33m未检测到有效橘色横栏: candidates=0, frame=525, mask_px=6318, contours=10, largest=area:5222,box:334x25,aspect:13.36,reject:height, hsv_lower=[28, 40, 35], hsv_upper=[95, 255, 255][0m
[INFO] [1783734080.639713696] [orange_hurdle_jump_test]: [0;33m未检测到有效橘色横栏: candidates=0, frame=528, mask_px=7060, contours=11, largest=area:5243,box:328x19,aspect:17.26,reject:height, hsv_lower=[28, 40, 35], hsv_upper=[95, 255, 255][0m
[INFO] [1783734080.840211849] [orange_hurdle_jump_test]: [0;33m未检测到有效橘色横栏: candidates=0, frame=531, mask_px=6271, contours=6, largest=area:5758,box:320x31,aspect:10.32,reject:height, hsv_lower=[28, 40, 35], hsv_upper=[95, 255, 255][0m
[INFO] [1783734081.040698024] [orange_hurdle_jump_test]: [0;33m未检测到有效橘色横栏: candidates=0, frame=534, mask_px=8024, contours=7, largest=area:5574,box:278x23,aspect:12.09,reject:height, hsv_lower=[28, 40, 35], hsv_upper=[95, 255, 255][0m
[INFO] [1783734081.240680022] [orange_hurdle_jump_test]: [0;33m未检测到有效橘色横栏: candidates=0, frame=537, mask_px=9374, contours=7, largest=area:7015,box:324x27,aspect:12.00,reject:height, hsv_lower=[28, 40, 35], hsv_upper=[95, 255, 255][0m
[INFO] [1783734081.440743783] [orange_hurdle_jump_test]: [0;33m未检测到有效橘色横栏: candidates=0, frame=540, mask_px=8653, contours=6, largest=area:7021,box:276x34,aspect:8.12,reject:height, hsv_lower=[28, 40, 35], hsv_upper=[95, 255, 255][0m
[INFO] [1783734081.643607095] [orange_hurdle_jump_test]: [0;33m未检测到有效橘色横栏: candidates=0, frame=543, mask_px=3974, contours=9, largest=area:1602,box:238x11,aspect:21.64,reject:height, hsv_lower=[28, 40, 35], hsv_upper=[95, 255, 255][0m
[INFO] [1783734081.840870381] [orange_hurdle_jump_test]: [0;33m未检测到有效橘色横栏: candidates=0, frame=546, mask_px=5402, contours=6, largest=area:1598,box:244x14,aspect:17.43,reject:height, hsv_lower=[28, 40, 35], hsv_upper=[95, 255, 255][0m
[INFO] [1783734082.041693541] [orange_hurdle_jump_test]: [0;33m未检测到有效橘色横栏: candidates=0, frame=549, mask_px=2891, contours=5, largest=area:1812,box:246x12,aspect:20.50,reject:height, hsv_lower=[28, 40, 35], hsv_upper=[95, 255, 255][0m
[INFO] [1783734082.241290464] [orange_hurdle_jump_test]: [0;33m未检测到有效橘色横栏: candidates=0, frame=552, mask_px=2613, contours=3, largest=area:2026,box:242x11,aspect:22.00,reject:height, hsv_lower=[28, 40, 35], hsv_upper=[95, 255, 255][0m
[INFO] [1783734082.443545623] [orange_hurdle_jump_test]: [0;33m未检测到有效橘色横栏: candidates=0, frame=555, mask_px=2936, contours=5, largest=area:2124,box:236x17,aspect:13.88,reject:height, hsv_lower=[28, 40, 35], hsv_upper=[95, 255, 255][0m
[INFO] [1783734082.647719224] [orange_hurdle_jump_test]: [0;33m未检测到有效橘色横栏: candidates=0, frame=558, mask_px=2882, contours=4, largest=area:1592,box:164x13,aspect:12.62,reject:height, hsv_lower=[28, 40, 35], hsv_upper=[95, 255, 255][0m
[INFO] [1783734082.909579292] [orange_hurdle_jump_test]: [0;33m未检测到有效橘色横栏: candidates=0, frame=562, mask_px=2615, contours=6, largest=area:1695,box:162x14,aspect:11.57,reject:height, hsv_lower=[28, 40, 35], hsv_upper=[95, 255, 255][0m
[INFO] [1783734083.181097448] [orange_hurdle_jump_test]: [0;33m未检测到有效橘色横栏: candidates=0, frame=566, mask_px=3338, contours=5, largest=area:2709,box:258x20,aspect:12.90,reject:height, hsv_lower=[28, 40, 35], hsv_upper=[95, 255, 255][0m
[INFO] [1783734083.384516653] [orange_hurdle_jump_test]: [0;33m未检测到有效橘色横栏: candidates=0, frame=569, mask_px=3135, contours=5, largest=area:2323,box:252x12,aspect:21.00,reject:height, hsv_lower=[28, 40, 35], hsv_upper=[95, 255, 255][0m
[INFO] [1783734083.648167342] [orange_hurdle_jump_test]: [0;33m未检测到有效橘色横栏: candidates=0, frame=573, mask_px=2145, contours=5, largest=area:952,box:148x14,aspect:10.57,reject:area+height, hsv_lower=[28, 40, 35], hsv_upper=[95, 255, 255][0m
[INFO] [1783734083.914173163] [orange_hurdle_jump_test]: [0;33m未检测到有效橘色横栏: candidates=0, frame=577, mask_px=3714, contours=6, largest=area:3237,box:328x25,aspect:13.12,reject:height, hsv_lower=[28, 40, 35], hsv_upper=[95, 255, 255][0m
[INFO] [1783734084.185426990] [orange_hurdle_jump_test]: [0;33m未检测到有效橘色横栏: candidates=0, frame=581, mask_px=3878, contours=3, largest=area:3404,box:325x20,aspect:16.25,reject:height, hsv_lower=[28, 40, 35], hsv_upper=[95, 255, 255][0m
[INFO] [1783734084.395513591] [orange_hurdle_jump_test]: [0;33m未检测到有效橘色横栏: candidates=0, frame=584, mask_px=4493, contours=5, largest=area:3765,box:334x26,aspect:12.85,reject:height, hsv_lower=[28, 40, 35], hsv_upper=[95, 255, 255][0m
[INFO] [1783734084.652620223] [orange_hurdle_jump_test]: [0;33m未检测到有效橘色横栏: candidates=0, frame=588, mask_px=4215, contours=4, largest=area:3733,box:338x23,aspect:14.70,reject:height, hsv_lower=[28, 40, 35], hsv_upper=[95, 255, 255][0m
[INFO] [1783734084.854635854] [orange_hurdle_jump_test]: [0;33m未检测到有效橘色横栏: candidates=0, frame=591, mask_px=4042, contours=4, largest=area:3540,box:336x19,aspect:17.68,reject:height, hsv_lower=[28, 40, 35], hsv_upper=[95, 255, 255][0m
[INFO] [1783734085.116616616] [orange_hurdle_jump_test]: [0;33m未检测到有效橘色横栏: candidates=0, frame=595, mask_px=4066, contours=5, largest=area:2194,box:192x16,aspect:12.00,reject:height, hsv_lower=[28, 40, 35], hsv_upper=[95, 255, 255][0m
[INFO] [1783734085.383239968] [orange_hurdle_jump_test]: [0;33m未检测到有效橘色横栏: candidates=0, frame=599, mask_px=3410, contours=1, largest=area:3105,box:288x20,aspect:14.40,reject:height, hsv_lower=[28, 40, 35], hsv_upper=[95, 255, 255][0m
[INFO] [1783734085.589935202] [orange_hurdle_jump_test]: [0;33m未检测到有效橘色横栏: candidates=0, frame=602, mask_px=4357, contours=2, largest=area:3878,box:335x21,aspect:15.95,reject:height, hsv_lower=[28, 40, 35], hsv_upper=[95, 255, 255][0m
[INFO] [1783734085.789329341] [orange_hurdle_jump_test]: [0;33m未检测到有效橘色横栏: candidates=0, frame=605, mask_px=4019, contours=2, largest=area:3584,box:326x17,aspect:19.18,reject:height, hsv_lower=[28, 40, 35], hsv_upper=[95, 255, 255][0m
[INFO] [1783734086.058210572] [orange_hurdle_jump_test]: [0;33m未检测到有效橘色横栏: candidates=0, frame=609, mask_px=5523, contours=4, largest=area:4174,box:328x19,aspect:17.26,reject:height, hsv_lower=[28, 40, 35], hsv_upper=[95, 255, 255][0m
[INFO] [1783734086.312695155] [orange_hurdle_jump_test]: [0;33m未检测到有效橘色横栏: candidates=0, frame=613, mask_px=3882, contours=7, largest=area:3303,box:308x16,aspect:19.25,reject:height, hsv_lower=[28, 40, 35], hsv_upper=[95, 255, 255][0m
[INFO] [1783734086.517119412] [orange_hurdle_jump_test]: [0;33m未检测到有效橘色横栏: candidates=0, frame=616, mask_px=3227, contours=4, largest=area:2061,box:164x16,aspect:10.25,reject:height, hsv_lower=[28, 40, 35], hsv_upper=[95, 255, 255][0m
[INFO] [1783734086.779848508] [orange_hurdle_jump_test]: [0;33m未检测到有效橘色横栏: candidates=0, frame=620, mask_px=4667, contours=5, largest=area:4064,box:318x17,aspect:18.71,reject:height, hsv_lower=[28, 40, 35], hsv_upper=[95, 255, 255][0m
[INFO] [1783734086.981094873] [orange_hurdle_jump_test]: [0;33m未检测到有效橘色横栏: candidates=0, frame=623, mask_px=4401, contours=2, largest=area:3994,box:266x22,aspect:12.09,reject:height, hsv_lower=[28, 40, 35], hsv_upper=[95, 255, 255][0m
[INFO] [1783734087.181003431] [orange_hurdle_jump_test]: [0;33m未检测到有效橘色横栏: candidates=0, frame=626, mask_px=5046, contours=1, largest=area:4738,box:292x20,aspect:14.60,reject:height, hsv_lower=[28, 40, 35], hsv_upper=[95, 255, 255][0m
[INFO] [1783734087.381933449] [orange_hurdle_jump_test]: [0;33m未检测到有效橘色横栏: candidates=0, frame=629, mask_px=6654, contours=6, largest=area:6123,box:330x24,aspect:13.75,reject:height, hsv_lower=[28, 40, 35], hsv_upper=[95, 255, 255][0m
[INFO] [1783734087.581824357] [orange_hurdle_jump_test]: [0;33m未检测到有效橘色横栏: candidates=0, frame=632, mask_px=6950, contours=6, largest=area:6068,box:294x27,aspect:10.89,reject:height, hsv_lower=[28, 40, 35], hsv_upper=[95, 255, 255][0m
[INFO] [1783734087.847365262] [orange_hurdle_jump_test]: [0;33m未检测到有效橘色横栏: candidates=0, frame=636, mask_px=8567, contours=9, largest=area:7054,box:306x28,aspect:10.93,reject:height, hsv_lower=[28, 40, 35], hsv_upper=[95, 255, 255][0m
[INFO] [1783734088.050636860] [orange_hurdle_jump_test]: [0;33m未检测到有效橘色横栏: candidates=0, frame=639, mask_px=9467, contours=12, largest=area:7824,box:318x30,aspect:10.60,reject:height, hsv_lower=[28, 40, 35], hsv_upper=[95, 255, 255][0m
[INFO] [1783734088.251227786] [orange_hurdle_jump_test]: [0;33m未检测到有效橘色横栏: candidates=0, frame=642, mask_px=5472, contours=7, largest=area:3886,box:266x18,aspect:14.78,reject:height, hsv_lower=[28, 40, 35], hsv_upper=[95, 255, 255][0m
[INFO] [1783734088.455401930] [orange_hurdle_jump_test]: [0;33m未检测到有效橘色横栏: candidates=0, frame=645, mask_px=6432, contours=6, largest=area:3992,box:265x17,aspect:15.59,reject:height, hsv_lower=[28, 40, 35], hsv_upper=[95, 255, 255][0m
[INFO] [1783734088.652751050] [orange_hurdle_jump_test]: [0;33m未检测到有效橘色横栏: candidates=0, frame=648, mask_px=4640, contours=6, largest=area:3252,box:272x17,aspect:16.00,reject:height, hsv_lower=[28, 40, 35], hsv_upper=[95, 255, 255][0m
[INFO] [1783734088.859857847] [orange_hurdle_jump_test]: [0;33m未检测到有效橘色横栏: candidates=0, frame=651, mask_px=2458, contours=5, largest=area:1580,box:276x11,aspect:25.09,reject:height, hsv_lower=[28, 40, 35], hsv_upper=[95, 255, 255][0m
[INFO] [1783734089.118663423] [orange_hurdle_jump_test]: [0;33m未检测到有效橘色横栏: candidates=0, frame=655, mask_px=2435, contours=4, largest=area:1938,box:284x9,aspect:31.56,reject:height, hsv_lower=[28, 40, 35], hsv_upper=[95, 255, 255][0m
[INFO] [1783734089.316688278] [orange_hurdle_jump_test]: [0;33m未检测到有效橘色横栏: candidates=0, frame=658, mask_px=2739, contours=4, largest=area:2288,box:290x19,aspect:15.26,reject:height, hsv_lower=[28, 40, 35], hsv_upper=[95, 255, 255][0m
[INFO] [1783734089.532909678] [orange_hurdle_jump_test]: [0;33m未检测到有效橘色横栏: candidates=0, frame=661, mask_px=2358, contours=1, largest=area:2079,box:274x12,aspect:22.83,reject:height, hsv_lower=[28, 40, 35], hsv_upper=[95, 255, 255][0m
[INFO] [1783734089.788765551] [orange_hurdle_jump_test]: [0;33m未检测到有效橘色横栏: candidates=0, frame=665, mask_px=2915, contours=2, largest=area:2607,box:282x12,aspect:23.50,reject:height, hsv_lower=[28, 40, 35], hsv_upper=[95, 255, 255][0m
[INFO] [1783734090.056067714] [orange_hurdle_jump_test]: [0;33m未检测到有效橘色横栏: candidates=0, frame=669, mask_px=3079, contours=2, largest=area:2686,box:300x13,aspect:23.08,reject:height, hsv_lower=[28, 40, 35], hsv_upper=[95, 255, 255][0m
[INFO] [1783734090.256055815] [orange_hurdle_jump_test]: [0;33m未检测到有效橘色横栏: candidates=0, frame=672, mask_px=3288, contours=1, largest=area:3006,box:275x17,aspect:16.18,reject:height, hsv_lower=[28, 40, 35], hsv_upper=[95, 255, 255][0m
[INFO] [1783734090.517103698] [orange_hurdle_jump_test]: [0;33m未检测到有效橘色横栏: candidates=0, frame=676, mask_px=4110, contours=2, largest=area:3760,box:312x20,aspect:15.60,reject:height, hsv_lower=[28, 40, 35], hsv_upper=[95, 255, 255][0m
[INFO] [1783734090.721313784] [orange_hurdle_jump_test]: [0;33m未检测到有效橘色横栏: candidates=0, frame=679, mask_px=4327, contours=5, largest=area:3911,box:260x22,aspect:11.82,reject:height, hsv_lower=[28, 40, 35], hsv_upper=[95, 255, 255][0m
[INFO] [1783734090.985914315] [orange_hurdle_jump_test]: [0;33m未检测到有效橘色横栏: candidates=0, frame=683, mask_px=4887, contours=1, largest=area:4603,box:272x21,aspect:12.95,reject:height, hsv_lower=[28, 40, 35], hsv_upper=[95, 255, 255][0m
[INFO] [1783734091.185122960] [orange_hurdle_jump_test]: [0;33m未检测到有效橘色横栏: candidates=0, frame=686, mask_px=7221, contours=3, largest=area:6770,box:320x27,aspect:11.85,reject:height, hsv_lower=[28, 40, 35], hsv_upper=[95, 255, 255][0m
[INFO] [1783734091.383837674] [orange_hurdle_jump_test]: [0;33m未检测到有效橘色横栏: candidates=0, frame=689, mask_px=5998, contours=3, largest=area:5578,box:234x28,aspect:8.36,reject:height, hsv_lower=[28, 40, 35], hsv_upper=[95, 255, 255][0m
[INFO] [1783734091.591118555] [orange_hurdle_jump_test]: [0;33m未检测到有效橘色横栏: candidates=0, frame=692, mask_px=6024, contours=5, largest=area:5447,box:235x26,aspect:9.04,reject:height, hsv_lower=[28, 40, 35], hsv_upper=[95, 255, 255][0m
[INFO] [1783734091.850930021] [orange_hurdle_jump_test]: [0;33m未检测到有效橘色横栏: candidates=0, frame=696, mask_px=6662, contours=7, largest=area:4776,box:280x19,aspect:14.74,reject:height, hsv_lower=[28, 40, 35], hsv_upper=[95, 255, 255][0m
[INFO] [1783734092.051370616] [orange_hurdle_jump_test]: [0;33m未检测到有效橘色横栏: candidates=0, frame=699, mask_px=4747, contours=3, largest=area:3871,box:242x18,aspect:13.44,reject:height, hsv_lower=[28, 40, 35], hsv_upper=[95, 255, 255][0m
[INFO] [1783734092.318081642] [orange_hurdle_jump_test]: [0;33m未检测到有效橘色横栏: candidates=0, frame=703, mask_px=1555, contours=4, largest=area:1128,box:216x9,aspect:24.00,reject:area+height, hsv_lower=[28, 40, 35], hsv_upper=[95, 255, 255][0m
[INFO] [1783734092.518994434] [orange_hurdle_jump_test]: [0;33m未检测到有效橘色横栏: candidates=0, frame=706, mask_px=2327, contours=7, largest=area:1686,box:262x11,aspect:23.82,reject:height, hsv_lower=[28, 40, 35], hsv_upper=[95, 255, 255][0m
[INFO] [1783734092.785224957] [orange_hurdle_jump_test]: [0;33m未检测到有效橘色横栏: candidates=0, frame=710, mask_px=2124, contours=2, largest=area:1808,box:250x17,aspect:14.71,reject:height, hsv_lower=[28, 40, 35], hsv_upper=[95, 255, 255][0m
[INFO] [1783734092.986739787] [orange_hurdle_jump_test]: [0;33m未检测到有效橘色横栏: candidates=0, frame=713, mask_px=1937, contours=3, largest=area:1478,box:260x9,aspect:28.89,reject:height, hsv_lower=[28, 40, 35], hsv_upper=[95, 255, 255][0m
[INFO] [1783734093.252269606] [orange_hurdle_jump_test]: [0;33m未检测到有效橘色横栏: candidates=0, frame=717, mask_px=2203, contours=1, largest=area:1951,box:244x13,aspect:18.77,reject:height, hsv_lower=[28, 40, 35], hsv_upper=[95, 255, 255][0m
[INFO] [1783734093.452488867] [orange_hurdle_jump_test]: [0;33m未检测到有效橘色横栏: candidates=0, frame=720, mask_px=1996, contours=1, largest=area:1754,box:234x14,aspect:16.71,reject:height, hsv_lower=[28, 40, 35], hsv_upper=[95, 255, 255][0m
[INFO] [1783734093.652454095] [orange_hurdle_jump_test]: [0;33m未检测到有效橘色横栏: candidates=0, frame=723, mask_px=3033, contours=3, largest=area:2666,box:268x14,aspect:19.14,reject:height, hsv_lower=[28, 40, 35], hsv_upper=[95, 255, 255][0m
[INFO] [1783734093.854135553] [orange_hurdle_jump_test]: [0;33m未检测到有效橘色横栏: candidates=0, frame=726, mask_px=3431, contours=3, largest=area:2807,box:269x16,aspect:16.81,reject:height, hsv_lower=[28, 40, 35], hsv_upper=[95, 255, 255][0m
[INFO] [1783734094.120058464] [orange_hurdle_jump_test]: [0;33m未检测到有效橘色横栏: candidates=0, frame=730, mask_px=2726, contours=1, largest=area:2474,box:244x14,aspect:17.43,reject:height, hsv_lower=[28, 40, 35], hsv_upper=[95, 255, 255][0m
[INFO] [1783734094.321617053] [orange_hurdle_jump_test]: [0;33m未检测到有效橘色横栏: candidates=0, frame=733, mask_px=4381, contours=1, largest=area:4094,box:272x28,aspect:9.71,reject:height, hsv_lower=[28, 40, 35], hsv_upper=[95, 255, 255][0m
[INFO] [1783734094.586854410] [orange_hurdle_jump_test]: [0;33m未检测到有效橘色横栏: candidates=0, frame=737, mask_px=3814, contours=2, largest=area:3528,box:226x20,aspect:11.30,reject:height, hsv_lower=[28, 40, 35], hsv_upper=[95, 255, 255][0m
[INFO] [1783734094.788550124] [orange_hurdle_jump_test]: [0;33m未检测到有效橘色横栏: candidates=0, frame=740, mask_px=4585, contours=1, largest=area:4320,box:243x25,aspect:9.72,reject:height, hsv_lower=[28, 40, 35], hsv_upper=[95, 255, 255][0m
[INFO] [1783734095.001865746] [orange_hurdle_jump_test]: [0;33m未检测到有效橘色横栏: candidates=0, frame=743, mask_px=6204, contours=2, largest=area:5872,box:267x32,aspect:8.34,reject:height, hsv_lower=[28, 40, 35], hsv_upper=[95, 255, 255][0m
[INFO] [1783734095.256798110] [orange_hurdle_jump_test]: [0;33m未检测到有效橘色横栏: candidates=0, frame=747, mask_px=6655, contours=5, largest=area:6108,box:281x32,aspect:8.78,reject:height, hsv_lower=[28, 40, 35], hsv_upper=[95, 255, 255][0m
[INFO] [1783734095.525712841] [orange_hurdle_jump_test]: [0;33m未检测到有效橘色横栏: candidates=0, frame=751, mask_px=6573, contours=3, largest=area:6142,box:284x29,aspect:9.79,reject:height, hsv_lower=[28, 40, 35], hsv_upper=[95, 255, 255][0m
[INFO] [1783734095.793676569] [orange_hurdle_jump_test]: [0;33m未检测到有效橘色横栏: candidates=0, frame=755, mask_px=2976, contours=3, largest=area:2626,box:190x28,aspect:6.79,reject:height, hsv_lower=[28, 40, 35], hsv_upper=[95, 255, 255][0m
[INFO] [1783734095.993166289] [orange_hurdle_jump_test]: [0;33m未检测到有效橘色横栏: candidates=0, frame=758, mask_px=102, contours=1, largest=area:80,box:18x7,aspect:2.57,reject:area+width+height, hsv_lower=[28, 40, 35], hsv_upper=[95, 255, 255][0m
[INFO] [1783734096.260214821] [orange_hurdle_jump_test]: [0;33m未检测到有效橘色横栏: candidates=0, frame=762, mask_px=1215, contours=4, largest=area:868,box:127x13,aspect:9.77,reject:area+height, hsv_lower=[28, 40, 35], hsv_upper=[95, 255, 255][0m
[INFO] [1783734096.526488690] [orange_hurdle_jump_test]: [0;33m未检测到有效橘色横栏: candidates=0, frame=766, mask_px=46, contours=1, largest=area:33,box:8x7,aspect:1.14,reject:area+width+height+aspect, hsv_lower=[28, 40, 35], hsv_upper=[95, 255, 255][0m
[INFO] [1783734096.725042511] [orange_hurdle_jump_test]: [0;33m未检测到有效橘色横栏: candidates=0, frame=769, mask_px=0, contours=0, reject=no_hsv_blob, hsv_lower=[28, 40, 35], hsv_upper=[95, 255, 255][0m
[INFO] [1783734096.990375038] [orange_hurdle_jump_test]: [0;33m未检测到有效橘色横栏: candidates=0, frame=773, mask_px=0, contours=0, reject=no_hsv_blob, hsv_lower=[28, 40, 35], hsv_upper=[95, 255, 255][0m
[INFO] [1783734097.197704501] [orange_hurdle_jump_test]: [0;33m未检测到有效橘色横栏: candidates=0, frame=776, mask_px=0, contours=0, reject=no_hsv_blob, hsv_lower=[28, 40, 35], hsv_upper=[95, 255, 255][0m
[INFO] [1783734097.458545869] [orange_hurdle_jump_test]: [0;33m未检测到有效橘色横栏: candidates=0, frame=780, mask_px=0, contours=0, reject=no_hsv_blob, hsv_lower=[28, 40, 35], hsv_upper=[95, 255, 255][0m
[INFO] [1783734097.725144793] [orange_hurdle_jump_test]: [0;33m未检测到有效橘色横栏: candidates=0, frame=784, mask_px=0, contours=0, reject=no_hsv_blob, hsv_lower=[28, 40, 35], hsv_upper=[95, 255, 255][0m
[INFO] [1783734097.989803879] [orange_hurdle_jump_test]: [0;33m未检测到有效橘色横栏: candidates=0, frame=788, mask_px=30, contours=1, largest=area:20,box:6x5,aspect:1.20,reject:area+width+height+aspect, hsv_lower=[28, 40, 35], hsv_upper=[95, 255, 255][0m
[INFO] [1783734098.189936908] [orange_hurdle_jump_test]: [0;33m未检测到有效橘色横栏: candidates=0, frame=791, mask_px=30, contours=1, largest=area:20,box:6x5,aspect:1.20,reject:area+width+height+aspect, hsv_lower=[28, 40, 35], hsv_upper=[95, 255, 255][0m
[INFO] [1783734098.390981164] [orange_hurdle_jump_test]: [0;33m未检测到有效橘色横栏: candidates=0, frame=794, mask_px=0, contours=0, reject=no_hsv_blob, hsv_lower=[28, 40, 35], hsv_upper=[95, 255, 255][0m
[INFO] [1783734098.655920489] [orange_hurdle_jump_test]: [0;33m未检测到有效橘色横栏: candidates=0, frame=798, mask_px=0, contours=0, reject=no_hsv_blob, hsv_lower=[28, 40, 35], hsv_upper=[95, 255, 255][0m
[INFO] [1783734098.858790004] [orange_hurdle_jump_test]: [0;33m未检测到有效橘色横栏: candidates=0, frame=801, mask_px=0, contours=0, reject=no_hsv_blob, hsv_lower=[28, 40, 35], hsv_upper=[95, 255, 255][0m
[INFO] [1783734099.126658665] [orange_hurdle_jump_test]: [0;33m未检测到有效橘色横栏: candidates=0, frame=805, mask_px=0, contours=0, reject=no_hsv_blob, hsv_lower=[28, 40, 35], hsv_upper=[95, 255, 255][0m
[INFO] [1783734099.392557306] [orange_hurdle_jump_test]: [0;33m未检测到有效橘色横栏: candidates=0, frame=809, mask_px=0, contours=0, reject=no_hsv_blob, hsv_lower=[28, 40, 35], hsv_upper=[95, 255, 255][0m
[INFO] [1783734099.657583731] [orange_hurdle_jump_test]: [0;33m未检测到有效橘色横栏: candidates=0, frame=813, mask_px=0, contours=0, reject=no_hsv_blob, hsv_lower=[28, 40, 35], hsv_upper=[95, 255, 255][0m
[INFO] [1783734099.858255718] [orange_hurdle_jump_test]: [0;33m未检测到有效橘色横栏: candidates=0, frame=816, mask_px=0, contours=0, reject=no_hsv_blob, hsv_lower=[28, 40, 35], hsv_upper=[95, 255, 255][0m
[INFO] [1783734100.125729181] [orange_hurdle_jump_test]: [0;33m未检测到有效橘色横栏: candidates=0, frame=820, mask_px=0, contours=0, reject=no_hsv_blob, hsv_lower=[28, 40, 35], hsv_upper=[95, 255, 255][0m
[INFO] [1783734100.394136259] [orange_hurdle_jump_test]: [0;33m未检测到有效橘色横栏: candidates=0, frame=824, mask_px=0, contours=0, reject=no_hsv_blob, hsv_lower=[28, 40, 35], hsv_upper=[95, 255, 255][0m
[INFO] [1783734100.657737852] [orange_hurdle_jump_test]: [0;33m未检测到有效橘色横栏: candidates=0, frame=828, mask_px=310, contours=3, largest=area:193,box:25x34,aspect:0.74,reject:area+width+height+aspect, hsv_lower=[28, 40, 35], hsv_upper=[95, 255, 255][0m
[INFO] [1783734100.858941393] [orange_hurdle_jump_test]: [0;33m未检测到有效橘色横栏: candidates=0, frame=831, mask_px=330, contours=5, largest=area:112,box:13x19,aspect:0.68,reject:area+width+height+aspect, hsv_lower=[28, 40, 35], hsv_upper=[95, 255, 255][0m
[INFO] [1783734101.125058043] [orange_hurdle_jump_test]: [0;33m未检测到有效橘色横栏: candidates=0, frame=835, mask_px=66, contours=2, largest=area:25,box:6x6,aspect:1.00,reject:area+width+height+aspect, hsv_lower=[28, 40, 35], hsv_upper=[95, 255, 255][0m
[INFO] [1783734101.325629728] [orange_hurdle_jump_test]: [0;33m未检测到有效橘色横栏: candidates=0, frame=838, mask_px=25, contours=1, largest=area:16,box:5x5,aspect:1.00,reject:area+width+height+aspect, hsv_lower=[28, 40, 35], hsv_upper=[95, 255, 255][0m
[INFO] [1783734101.526245577] [orange_hurdle_jump_test]: [0;33m未检测到有效橘色横栏: candidates=0, frame=841, mask_px=203, contours=4, largest=area:62,box:10x13,aspect:0.77,reject:area+width+height+aspect, hsv_lower=[28, 40, 35], hsv_upper=[95, 255, 255][0m
[INFO] [1783734101.733509275] [orange_hurdle_jump_test]: [0;33m未检测到有效橘色横栏: candidates=0, frame=844, mask_px=136, contours=1, largest=area:106,box:16x20,aspect:0.80,reject:area+width+height+aspect, hsv_lower=[28, 40, 35], hsv_upper=[95, 255, 255][0m
[INFO] [1783734101.992494157] [orange_hurdle_jump_test]: [0;33m未检测到有效橘色横栏: candidates=0, frame=848, mask_px=0, contours=0, reject=no_hsv_blob, hsv_lower=[28, 40, 35], hsv_upper=[95, 255, 255][0m
[INFO] [1783734102.259250405] [orange_hurdle_jump_test]: [0;33m未检测到有效橘色横栏: candidates=0, frame=852, mask_px=72, contours=2, largest=area:30,box:7x6,aspect:1.17,reject:area+width+height+aspect, hsv_lower=[28, 40, 35], hsv_upper=[95, 255, 255][0m
[INFO] [1783734102.462434184] [orange_hurdle_jump_test]: [0;33m未检测到有效橘色横栏: candidates=0, frame=855, mask_px=60, contours=2, largest=area:20,box:6x5,aspect:1.20,reject:area+width+height+aspect, hsv_lower=[28, 40, 35], hsv_upper=[95, 255, 255][0m
[INFO] [1783734102.659801955] [orange_hurdle_jump_test]: [0;33m未检测到有效橘色横栏: candidates=0, frame=858, mask_px=0, contours=0, reject=no_hsv_blob, hsv_lower=[28, 40, 35], hsv_upper=[95, 255, 255][0m
[INFO] [1783734102.926923879] [orange_hurdle_jump_test]: [0;33m未检测到有效橘色横栏: candidates=0, frame=862, mask_px=36, contours=1, largest=area:24,box:8x5,aspect:1.60,reject:area+width+height, hsv_lower=[28, 40, 35], hsv_upper=[95, 255, 255][0m
[INFO] [1783734103.127483689] [orange_hurdle_jump_test]: [0;33m未检测到有效橘色横栏: candidates=0, frame=865, mask_px=144, contours=2, largest=area:55,box:11x12,aspect:0.92,reject:area+width+height+aspect, hsv_lower=[28, 40, 35], hsv_upper=[95, 255, 255][0m
[INFO] [1783734103.329081006] [orange_hurdle_jump_test]: [0;33m未检测到有效橘色横栏: candidates=0, frame=868, mask_px=0, contours=0, reject=no_hsv_blob, hsv_lower=[28, 40, 35], hsv_upper=[95, 255, 255][0m
[INFO] [1783734103.600153215] [orange_hurdle_jump_test]: [0;33m未检测到有效橘色横栏: candidates=0, frame=872, mask_px=0, contours=0, reject=no_hsv_blob, hsv_lower=[28, 40, 35], hsv_upper=[95, 255, 255][0m
[INFO] [1783734103.798897193] [orange_hurdle_jump_test]: [0;33m未检测到有效橘色横栏: candidates=0, frame=875, mask_px=123, contours=3, largest=area:37,box:10x12,aspect:0.83,reject:area+width+height+aspect, hsv_lower=[28, 40, 35], hsv_upper=[95, 255, 255][0m
[INFO] [1783734104.060645450] [orange_hurdle_jump_test]: [0;33m未检测到有效橘色横栏: candidates=0, frame=879, mask_px=55, contours=1, largest=area:41,box:9x7,aspect:1.29,reject:area+width+height, hsv_lower=[28, 40, 35], hsv_upper=[95, 255, 255][0m
[INFO] [1783734104.265568529] [orange_hurdle_jump_test]: [0;33m未检测到有效橘色横栏: candidates=0, frame=882, mask_px=185, contours=3, largest=area:108,box:12x16,aspect:0.75,reject:area+width+height+aspect, hsv_lower=[28, 40, 35], hsv_upper=[95, 255, 255][0m
[INFO] [1783734104.461813829] [orange_hurdle_jump_test]: [0;33m未检测到有效橘色横栏: candidates=0, frame=885, mask_px=359, contours=4, largest=area:130,box:14x19,aspect:0.74,reject:area+width+height+aspect, hsv_lower=[28, 40, 35], hsv_upper=[95, 255, 255][0m
[INFO] [1783734104.733561023] [orange_hurdle_jump_test]: [0;33m未检测到有效橘色横栏: candidates=0, frame=889, mask_px=0, contours=0, reject=no_hsv_blob, hsv_lower=[28, 40, 35], hsv_upper=[95, 255, 255][0m
[INFO] [1783734104.998321038] [orange_hurdle_jump_test]: [0;33m未检测到有效橘色横栏: candidates=0, frame=893, mask_px=421, contours=5, largest=area:179,box:26x33,aspect:0.79,reject:area+width+height+aspect, hsv_lower=[28, 40, 35], hsv_upper=[95, 255, 255][0m
[INFO] [1783734105.262348401] [orange_hurdle_jump_test]: [0;33m未检测到有效橘色横栏: candidates=0, frame=897, mask_px=407, contours=5, largest=area:114,box:12x17,aspect:0.71,reject:area+width+height+aspect, hsv_lower=[28, 40, 35], hsv_upper=[95, 255, 255][0m
[INFO] [1783734105.463196694] [orange_hurdle_jump_test]: [0;33m未检测到有效橘色横栏: candidates=0, frame=900, mask_px=1259, contours=5, largest=area:670,box:36x41,aspect:0.88,reject:area+width+aspect, hsv_lower=[28, 40, 35], hsv_upper=[95, 255, 255][0m
[INFO] [1783734105.730211019] [orange_hurdle_jump_test]: [0;33m未检测到有效橘色横栏: candidates=0, frame=904, mask_px=1805, contours=6, largest=area:1098,box:86x36,aspect:2.39,reject:area, hsv_lower=[28, 40, 35], hsv_upper=[95, 255, 255][0m
[INFO] [1783734105.934800330] [orange_hurdle_jump_test]: [0;33m未检测到有效橘色横栏: candidates=0, frame=907, mask_px=1502, contours=6, largest=area:853,box:46x40,aspect:1.15,reject:area+width+aspect, hsv_lower=[28, 40, 35], hsv_upper=[95, 255, 255][0m
[INFO] [1783734106.063908542] [orange_hurdle_jump_test]: [1;95m触发状态更新: trigger=True[0m
[INFO] [1783734106.128938804] [orange_hurdle_jump_test]: [1;95m触发状态更新: trigger=False[0m
[INFO] [1783734106.199358152] [orange_hurdle_jump_test]: [0;33m未检测到有效橘色横栏: candidates=0, frame=911, mask_px=2718, contours=7, largest=area:1228,box:60x35,aspect:1.71,reject:width, hsv_lower=[28, 40, 35], hsv_upper=[95, 255, 255][0m
[INFO] [1783734106.462951068] [orange_hurdle_jump_test]: [0;33m未检测到有效橘色横栏: candidates=0, frame=915, mask_px=1474, contours=5, largest=area:944,box:42x41,aspect:1.02,reject:area+width+aspect, hsv_lower=[28, 40, 35], hsv_upper=[95, 255, 255][0m
[INFO] [1783734106.663664509] [orange_hurdle_jump_test]: [0;33m未检测到有效橘色横栏: candidates=0, frame=918, mask_px=1692, contours=4, largest=area:1426,box:83x31,aspect:2.68,reject:height, hsv_lower=[28, 40, 35], hsv_upper=[95, 255, 255][0m
[INFO] [1783734106.930796726] [orange_hurdle_jump_test]: [0;33m未检测到有效橘色横栏: candidates=0, frame=922, mask_px=3517, contours=9, largest=area:1170,box:72x111,aspect:0.65,reject:area+aspect, hsv_lower=[28, 40, 35], hsv_upper=[95, 255, 255][0m
[INFO] [1783734107.197688892] [orange_hurdle_jump_test]: [0;33m未检测到有效橘色横栏: candidates=0, frame=926, mask_px=1316, contours=8, largest=area:596,box:35x31,aspect:1.13,reject:area+width+height+aspect, hsv_lower=[28, 40, 35], hsv_upper=[95, 255, 255][0m
[INFO] [1783734107.465054327] [orange_hurdle_jump_test]: [0;33m未检测到有效橘色横栏: candidates=0, frame=930, mask_px=3615, contours=9, largest=area:870,box:67x88,aspect:0.76,reject:area+width+aspect, hsv_lower=[28, 40, 35], hsv_upper=[95, 255, 255][0m
[INFO] [1783734107.664777935] [orange_hurdle_jump_test]: [0;33m未检测到有效橘色横栏: candidates=0, frame=933, mask_px=3866, contours=11, largest=area:1315,box:48x37,aspect:1.30,reject:width, hsv_lower=[28, 40, 35], hsv_upper=[95, 255, 255][0m
[INFO] [1783734107.931031494] [orange_hurdle_jump_test]: [0;33m未检测到有效橘色横栏: candidates=0, frame=937, mask_px=2157, contours=7, largest=area:889,box:40x59,aspect:0.68,reject:area+width+aspect, hsv_lower=[28, 40, 35], hsv_upper=[95, 255, 255][0m
[INFO] [1783734108.130998242] [orange_hurdle_jump_test]: [0;33m未检测到有效橘色横栏: candidates=0, frame=940, mask_px=2265, contours=9, largest=area:728,box:24x48,aspect:0.50,reject:area+width+aspect, hsv_lower=[28, 40, 35], hsv_upper=[95, 255, 255][0m
[INFO] [1783734108.331821627] [orange_hurdle_jump_test]: [0;33m未检测到有效橘色横栏: candidates=0, frame=943, mask_px=2859, contours=13, largest=area:798,box:18x61,aspect:0.30,reject:area+width+aspect, hsv_lower=[28, 40, 35], hsv_upper=[95, 255, 255][0m
[INFO] [1783734108.602246643] [orange_hurdle_jump_test]: [0;33m未检测到有效橘色横栏: candidates=0, frame=947, mask_px=1330, contours=6, largest=area:712,box:18x55,aspect:0.33,reject:area+width+aspect, hsv_lower=[28, 40, 35], hsv_upper=[95, 255, 255][0m
[INFO] [1783734108.864191389] [orange_hurdle_jump_test]: [0;33m未检测到有效橘色横栏: candidates=0, frame=951, mask_px=2630, contours=8, largest=area:804,box:20x73,aspect:0.27,reject:area+width+aspect, hsv_lower=[28, 40, 35], hsv_upper=[95, 255, 255][0m
[INFO] [1783734109.064812000] [orange_hurdle_jump_test]: [0;33m未检测到有效橘色横栏: candidates=0, frame=954, mask_px=2681, contours=10, largest=area:508,box:18x55,aspect:0.33,reject:area+width+aspect, hsv_lower=[28, 40, 35], hsv_upper=[95, 255, 255][0m
[INFO] [1783734109.267313175] [orange_hurdle_jump_test]: [0;33m未检测到有效橘色横栏: candidates=0, frame=957, mask_px=2814, contours=13, largest=area:894,box:64x117,aspect:0.55,reject:area+width+aspect, hsv_lower=[28, 40, 35], hsv_upper=[95, 255, 255][0m
[INFO] [1783734109.534934548] [orange_hurdle_jump_test]: [0;33m未检测到有效橘色横栏: candidates=0, frame=961, mask_px=1776, contours=9, largest=area:528,box:34x58,aspect:0.59,reject:area+width+aspect, hsv_lower=[28, 40, 35], hsv_upper=[95, 255, 255][0m
[INFO] [1783734109.732134192] [orange_hurdle_jump_test]: [0;33m未检测到有效橘色横栏: candidates=0, frame=964, mask_px=2173, contours=10, largest=area:628,box:48x86,aspect:0.56,reject:area+width+aspect, hsv_lower=[28, 40, 35], hsv_upper=[95, 255, 255][0m
[INFO] [1783734109.999555806] [orange_hurdle_jump_test]: [0;33m未检测到有效橘色横栏: candidates=0, frame=968, mask_px=3596, contours=12, largest=area:983,box:69x116,aspect:0.59,reject:area+width+aspect, hsv_lower=[28, 40, 35], hsv_upper=[95, 255, 255][0m
[INFO] [1783734110.267114080] [orange_hurdle_jump_test]: [0;33m未检测到有效橘色横栏: candidates=0, frame=972, mask_px=2809, contours=14, largest=area:982,box:34x49,aspect:0.69,reject:area+width+aspect, hsv_lower=[28, 40, 35], hsv_upper=[95, 255, 255][0m
[INFO] [1783734110.467783456] [orange_hurdle_jump_test]: [0;33m未检测到有效橘色横栏: candidates=0, frame=975, mask_px=5075, contours=13, largest=area:1120,box:38x53,aspect:0.72,reject:area+width+aspect, hsv_lower=[28, 40, 35], hsv_upper=[95, 255, 255][0m
[INFO] [1783734110.735673550] [orange_hurdle_jump_test]: [0;33m未检测到有效橘色横栏: candidates=0, frame=979, mask_px=4973, contours=9, largest=area:1136,box:38x48,aspect:0.79,reject:area+width+aspect, hsv_lower=[28, 40, 35], hsv_upper=[95, 255, 255][0m
[INFO] [1783734110.933741046] [orange_hurdle_jump_test]: [0;33m未检测到有效橘色横栏: candidates=0, frame=982, mask_px=5146, contours=12, largest=area:1496,box:40x57,aspect:0.70,reject:width+aspect, hsv_lower=[28, 40, 35], hsv_upper=[95, 255, 255][0m
[INFO] [1783734111.136099625] [orange_hurdle_jump_test]: [0;33m未检测到有效橘色横栏: candidates=0, frame=985, mask_px=7392, contours=15, largest=area:2012,box:45x71,aspect:0.63,reject:width+aspect, hsv_lower=[28, 40, 35], hsv_upper=[95, 255, 255][0m
[INFO] [1783734111.402935636] [orange_hurdle_jump_test]: [0;33m未检测到有效橘色横栏: candidates=0, frame=989, mask_px=5674, contours=13, largest=area:1448,box:47x55,aspect:0.85,reject:width+aspect, hsv_lower=[28, 40, 35], hsv_upper=[95, 255, 255][0m
[INFO] [1783734111.667192480] [orange_hurdle_jump_test]: [0;33m未检测到有效橘色横栏: candidates=0, frame=993, mask_px=5670, contours=11, largest=area:1593,box:46x61,aspect:0.75,reject:width+aspect, hsv_lower=[28, 40, 35], hsv_upper=[95, 255, 255][0m
[INFO] [1783734111.867389173] [orange_hurdle_jump_test]: [0;33m未检测到有效橘色横栏: candidates=0, frame=996, mask_px=5896, contours=9, largest=area:1800,box:50x60,aspect:0.83,reject:width+aspect, hsv_lower=[28, 40, 35], hsv_upper=[95, 255, 255][0m
[INFO] [1783734112.136391047] [orange_hurdle_jump_test]: [0;33m未检测到有效橘色横栏: candidates=0, frame=1000, mask_px=5661, contours=11, largest=area:1408,box:50x57,aspect:0.88,reject:width+aspect, hsv_lower=[28, 40, 35], hsv_upper=[95, 255, 255][0m
[INFO] [1783734112.335816836] [orange_hurdle_jump_test]: [0;33m未检测到有效橘色横栏: candidates=0, frame=1003, mask_px=7037, contours=11, largest=area:2489,box:56x78,aspect:0.72,reject:width+aspect, hsv_lower=[28, 40, 35], hsv_upper=[95, 255, 255][0m
[INFO] [1783734112.537054333] [orange_hurdle_jump_test]: [0;33m未检测到有效橘色横栏: candidates=0, frame=1006, mask_px=6235, contours=10, largest=area:1412,box:52x58,aspect:0.90,reject:width+aspect, hsv_lower=[28, 40, 35], hsv_upper=[95, 255, 255][0m
[INFO] [1783734112.734767491] [orange_hurdle_jump_test]: [0;33m未检测到有效橘色横栏: candidates=0, frame=1009, mask_px=6524, contours=15, largest=area:1549,box:52x73,aspect:0.71,reject:width+aspect, hsv_lower=[28, 40, 35], hsv_upper=[95, 255, 255][0m
[INFO] [1783734112.937934567] [orange_hurdle_jump_test]: [0;33m未检测到有效橘色横栏: candidates=0, frame=1012, mask_px=6654, contours=16, largest=area:1461,box:56x50,aspect:1.12,reject:width+aspect, hsv_lower=[28, 40, 35], hsv_upper=[95, 255, 255][0m
[INFO] [1783734113.202924894] [orange_hurdle_jump_test]: [0;33m未检测到有效橘色横栏: candidates=0, frame=1016, mask_px=7432, contours=18, largest=area:2138,box:54x66,aspect:0.82,reject:width+aspect, hsv_lower=[28, 40, 35], hsv_upper=[95, 255, 255][0m
[INFO] [1783734113.416396370] [orange_hurdle_jump_test]: [0;33m未检测到有效橘色横栏: candidates=0, frame=1019, mask_px=5881, contours=16, largest=area:2445,box:52x81,aspect:0.64,reject:width+aspect, hsv_lower=[28, 40, 35], hsv_upper=[95, 255, 255][0m
[INFO] [1783734113.672588547] [orange_hurdle_jump_test]: [0;33m未检测到有效橘色横栏: candidates=0, frame=1023, mask_px=6232, contours=19, largest=area:2617,box:52x77,aspect:0.68,reject:width+aspect, hsv_lower=[28, 40, 35], hsv_upper=[95, 255, 255][0m
[INFO] [1783734113.871358005] [orange_hurdle_jump_test]: [0;33m未检测到有效橘色横栏: candidates=0, frame=1026, mask_px=4934, contours=17, largest=area:1980,box:54x84,aspect:0.64,reject:width+aspect, hsv_lower=[28, 40, 35], hsv_upper=[95, 255, 255][0m
[INFO] [1783734114.072124653] [orange_hurdle_jump_test]: [0;33m未检测到有效橘色横栏: candidates=0, frame=1029, mask_px=5729, contours=15, largest=area:2367,box:44x79,aspect:0.56,reject:width+aspect, hsv_lower=[28, 40, 35], hsv_upper=[95, 255, 255][0m
[INFO] [1783734114.339653497] [orange_hurdle_jump_test]: [0;33m未检测到有效橘色横栏: candidates=0, frame=1033, mask_px=5731, contours=19, largest=area:1820,box:38x85,aspect:0.45,reject:width+aspect, hsv_lower=[28, 40, 35], hsv_upper=[95, 255, 255][0m
[INFO] [1783734114.605563262] [orange_hurdle_jump_test]: [0;33m未检测到有效橘色横栏: candidates=0, frame=1037, mask_px=7451, contours=19, largest=area:2303,box:36x95,aspect:0.38,reject:width+aspect, hsv_lower=[28, 40, 35], hsv_upper=[95, 255, 255][0m
[INFO] [1783734114.872301334] [orange_hurdle_jump_test]: [0;33m未检测到有效橘色横栏: candidates=0, frame=1041, mask_px=5690, contours=22, largest=area:1944,box:34x84,aspect:0.40,reject:width+aspect, hsv_lower=[28, 40, 35], hsv_upper=[95, 255, 255][0m
[INFO] [1783734115.138298257] [orange_hurdle_jump_test]: [0;33m未检测到有效橘色横栏: candidates=0, frame=1045, mask_px=756, contours=8, largest=area:174,box:34x10,aspect:3.40,reject:area+width+height, hsv_lower=[28, 40, 35], hsv_upper=[95, 255, 255][0m
[INFO] [1783734115.337673999] [orange_hurdle_jump_test]: [0;33m未检测到有效橘色横栏: candidates=0, frame=1048, mask_px=1677, contours=15, largest=area:263,box:18x34,aspect:0.53,reject:area+width+height+aspect, hsv_lower=[28, 40, 35], hsv_upper=[95, 255, 255][0m
[INFO] [1783734115.538425602] [orange_hurdle_jump_test]: [0;33m未检测到有效橘色横栏: candidates=0, frame=1051, mask_px=3483, contours=14, largest=area:809,box:36x48,aspect:0.75,reject:area+width+aspect, hsv_lower=[28, 40, 35], hsv_upper=[95, 255, 255][0m
[INFO] [1783734115.740370285] [orange_hurdle_jump_test]: [1;95m触发状态更新: trigger=True[0m
[INFO] [1783734115.742534908] [orange_hurdle_jump_test]: [1;34m最近横栏: dist=0.192m, lateral=-0.087m, vertical=0.061m, pixel=(75.4,212.6), box=180x89, depth_px=1960, candidates=1, trigger=True[0m
[INFO] [1783734115.873259754] [orange_hurdle_jump_test]: [1;95m触发状态更新: trigger=False[0m
[INFO] [1783734116.005181076] [orange_hurdle_jump_test]: [1;34m最近横栏: dist=0.832m, lateral=-0.309m, vertical=0.224m, pixel=(100.8,198.4), box=300x113, depth_px=6719, candidates=1, trigger=False[0m
[INFO] [1783734116.271974010] [orange_hurdle_jump_test]: [1;34m最近横栏: dist=0.822m, lateral=-0.187m, vertical=0.216m, pixel=(144.5,196.5), box=376x115, depth_px=11679, candidates=1, trigger=False[0m
[INFO] [1783734116.540188437] [orange_hurdle_jump_test]: [1;34m最近横栏: dist=0.810m, lateral=-0.088m, vertical=0.210m, pixel=(180.3,195.4), box=420x119, depth_px=15615, candidates=1, trigger=False[0m
[INFO] [1783734116.806218180] [orange_hurdle_jump_test]: [1;34m最近横栏: dist=0.843m, lateral=-0.093m, vertical=0.222m, pixel=(180.0,196.5), box=402x115, depth_px=12623, candidates=1, trigger=False[0m
[INFO] [1783734117.007662703] [orange_hurdle_jump_test]: [1;34m最近横栏: dist=0.824m, lateral=-0.047m, vertical=0.217m, pixel=(196.1,196.5), box=412x115, depth_px=13223, candidates=1, trigger=False[0m
[INFO] [1783734117.273452735] [orange_hurdle_jump_test]: [1;34m最近横栏: dist=0.832m, lateral=-0.053m, vertical=0.223m, pixel=(194.1,198.2), box=416x113, depth_px=14206, candidates=1, trigger=False[0m
[INFO] [1783734117.539533417] [orange_hurdle_jump_test]: [1;34m最近横栏: dist=0.960m, lateral=-0.081m, vertical=0.274m, pixel=(187.7,203.3), box=384x102, depth_px=7087, candidates=1, trigger=False[0m
[INFO] [1783734117.805574928] [orange_hurdle_jump_test]: [1;34m最近横栏: dist=0.880m, lateral=0.018m, vertical=0.258m, pixel=(219.4,205.7), box=394x85, depth_px=9358, candidates=1, trigger=False[0m
[INFO] [1783734118.005641154] [orange_hurdle_jump_test]: [1;34m最近横栏: dist=0.839m, lateral=0.170m, vertical=0.236m, pixel=(274.5,202.1), box=118x89, depth_px=3482, candidates=2, trigger=False[0m
[INFO] [1783734118.212428686] [orange_hurdle_jump_test]: [1;34m最近横栏: dist=0.849m, lateral=0.168m, vertical=0.278m, pixel=(273.1,215.9), box=119x69, depth_px=2496, candidates=2, trigger=False[0m
[INFO] [1783734118.343016806] [orange_hurdle_jump_test]: [1;95m触发状态更新: trigger=True[0m
[INFO] [1783734118.406404692] [orange_hurdle_jump_test]: [1;95m触发状态更新: trigger=False[0m
[INFO] [1783734118.409912416] [orange_hurdle_jump_test]: [1;34m最近横栏: dist=0.841m, lateral=0.170m, vertical=0.266m, pixel=(274.4,212.7), box=123x82, depth_px=2332, candidates=2, trigger=False[0m
[INFO] [1783734118.607222589] [orange_hurdle_jump_test]: [1;95m触发状态更新: trigger=True[0m
[INFO] [1783734118.672047706] [orange_hurdle_jump_test]: [1;95m触发状态更新: trigger=False[0m
[INFO] [1783734118.674799233] [orange_hurdle_jump_test]: [0;33m未检测到有效橘色横栏: candidates=0, frame=1098, mask_px=8223, contours=9, largest=area:1989,box:87x72,aspect:1.21,reject:aspect, hsv_lower=[28, 40, 35], hsv_upper=[95, 255, 255][0m
[INFO] [1783734118.944519518] [orange_hurdle_jump_test]: [1;95m触发状态更新: trigger=True[0m
[INFO] [1783734118.946987852] [orange_hurdle_jump_test]: [1;34m最近横栏: dist=0.185m, lateral=-0.095m, vertical=0.052m, pixel=(58.1,201.5), box=116x52, depth_px=327, candidates=1, trigger=True[0m
[INFO] [1783734119.004744155] [orange_hurdle_jump_test]: [1;95m触发状态更新: trigger=False[0m
[INFO] [1783734119.207139707] [orange_hurdle_jump_test]: [0;33m未检测到有效橘色横栏: candidates=0, frame=1106, mask_px=6724, contours=13, largest=area:1378,box:100x44,aspect:2.27,reject:depth_px:7, hsv_lower=[28, 40, 35], hsv_upper=[95, 255, 255][0m
[INFO] [1783734119.407515836] [orange_hurdle_jump_test]: [0;33m未检测到有效橘色横栏: candidates=0, frame=1109, mask_px=8591, contours=10, largest=area:2368,box:86x58,aspect:1.48,reject:top_edge:0.266m(err=0.266), hsv_lower=[28, 40, 35], hsv_upper=[95, 255, 255][0m
[INFO] [1783734119.539068576] [orange_hurdle_jump_test]: [1;95m触发状态更新: trigger=True[0m
[INFO] [1783734119.605671882] [orange_hurdle_jump_test]: [1;95m触发状态更新: trigger=False[0m
[INFO] [1783734119.673315274] [orange_hurdle_jump_test]: [0;33m未检测到有效橘色横栏: candidates=0, frame=1113, mask_px=7552, contours=7, largest=area:3194,box:84x55,aspect:1.53,reject:top_edge:0.209m(err=0.209), hsv_lower=[28, 40, 35], hsv_upper=[95, 255, 255][0m
[INFO] [1783734119.873444264] [orange_hurdle_jump_test]: [0;33m未检测到有效橘色横栏: candidates=0, frame=1116, mask_px=3127, contours=5, largest=area:1707,box:90x34,aspect:2.65,reject:height, hsv_lower=[28, 40, 35], hsv_upper=[95, 255, 255][0m
[INFO] [1783734120.140759496] [orange_hurdle_jump_test]: [0;33m未检测到有效橘色横栏: candidates=0, frame=1120, mask_px=1778, contours=4, largest=area:935,box:62x28,aspect:2.21,reject:area+width+height, hsv_lower=[28, 40, 35], hsv_upper=[95, 255, 255][0m
[INFO] [1783734120.344473579] [orange_hurdle_jump_test]: [0;33m未检测到有效橘色横栏: candidates=0, frame=1123, mask_px=1095, contours=6, largest=area:304,box:30x20,aspect:1.50,reject:area+width+height, hsv_lower=[28, 40, 35], hsv_upper=[95, 255, 255][0m
[INFO] [1783734120.609591853] [orange_hurdle_jump_test]: [0;33m未检测到有效橘色横栏: candidates=0, frame=1127, mask_px=872, contours=3, largest=area:354,box:50x14,aspect:3.57,reject:area+width+height, hsv_lower=[28, 40, 35], hsv_upper=[95, 255, 255][0m
[INFO] [1783734120.810911319] [orange_hurdle_jump_test]: [0;33m未检测到有效橘色横栏: candidates=0, frame=1130, mask_px=511, contours=6, largest=area:115,box:28x8,aspect:3.50,reject:area+width+height, hsv_lower=[28, 40, 35], hsv_upper=[95, 255, 255][0m
[INFO] [1783734121.075552203] [orange_hurdle_jump_test]: [0;33m未检测到有效橘色横栏: candidates=0, frame=1134, mask_px=367, contours=2, largest=area:205,box:47x6,aspect:7.83,reject:area+width+height, hsv_lower=[28, 40, 35], hsv_upper=[95, 255, 255][0m
[INFO] [1783734121.275728434] [orange_hurdle_jump_test]: [0;33m未检测到有效橘色横栏: candidates=0, frame=1137, mask_px=125, contours=1, largest=area:97,box:24x6,aspect:4.00,reject:area+width+height, hsv_lower=[28, 40, 35], hsv_upper=[95, 255, 255][0m
[INFO] [1783734121.541790192] [orange_hurdle_jump_test]: [0;33m未检测到有效橘色横栏: candidates=0, frame=1141, mask_px=100, contours=3, largest=area:28,box:8x5,aspect:1.60,reject:area+width+height, hsv_lower=[28, 40, 35], hsv_upper=[95, 255, 255][0m
[INFO] [1783734121.744339313] [orange_hurdle_jump_test]: [0;33m未检测到有效橘色横栏: candidates=0, frame=1144, mask_px=958, contours=7, largest=area:382,box:18x41,aspect:0.44,reject:area+width+aspect, hsv_lower=[28, 40, 35], hsv_upper=[95, 255, 255][0m
[INFO] [1783734122.011336145] [orange_hurdle_jump_test]: [0;33m未检测到有效橘色横栏: candidates=0, frame=1148, mask_px=2818, contours=6, largest=area:1676,box:79x42,aspect:1.88,reject:top_edge:0.313m(err=0.313), hsv_lower=[28, 40, 35], hsv_upper=[95, 255, 255][0m
[INFO] [1783734122.143745986] [orange_hurdle_jump_test]: [1;95m触发状态更新: trigger=True[0m
[INFO] [1783734122.209700752] [orange_hurdle_jump_test]: [1;95m触发状态更新: trigger=False[0m
[INFO] [1783734122.212234424] [orange_hurdle_jump_test]: [0;33m未检测到有效橘色横栏: candidates=0, frame=1151, mask_px=5637, contours=7, largest=area:2322,box:68x78,aspect:0.87,reject:width+aspect, hsv_lower=[28, 40, 35], hsv_upper=[95, 255, 255][0m
[INFO] [1783734122.274018311] [orange_hurdle_jump_test]: [1;95m触发状态更新: trigger=True[0m
[INFO] [1783734122.343836162] [orange_hurdle_jump_test]: [1;95m触发状态更新: trigger=False[0m
[INFO] [1783734122.476055121] [orange_hurdle_jump_test]: [0;33m未检测到有效橘色横栏: candidates=0, frame=1155, mask_px=4573, contours=7, largest=area:3064,box:88x85,aspect:1.04,reject:aspect, hsv_lower=[28, 40, 35], hsv_upper=[95, 255, 255][0m
[INFO] [1783734122.541714302] [orange_hurdle_jump_test]: [1;95m触发状态更新: trigger=True[0m
[INFO] [1783734122.608930112] [orange_hurdle_jump_test]: [1;95m触发状态更新: trigger=False[0m
[INFO] [1783734122.676751076] [orange_hurdle_jump_test]: [1;34m最近横栏: dist=0.830m, lateral=0.485m, vertical=0.267m, pixel=(390.1,214.5), box=94x69, depth_px=2222, candidates=1, trigger=False[0m
[INFO] [1783734122.811121969] [orange_hurdle_jump_test]: [1;95m触发状态更新: trigger=True[0m
[INFO] [1783734122.874627345] [orange_hurdle_jump_test]: [1;95m触发状态更新: trigger=False[0m
[INFO] [1783734122.943967796] [orange_hurdle_jump_test]: [1;34m最近横栏: dist=1.095m, lateral=0.591m, vertical=0.359m, pixel=(376.7,216.3), box=140x71, depth_px=2433, candidates=1, trigger=False[0m
[INFO] [1783734123.010447304] [orange_hurdle_jump_test]: [1;95m触发状态更新: trigger=True[0m
[INFO] [1783734123.076228837] [orange_hurdle_jump_test]: [1;95m触发状态更新: trigger=False[0m
[INFO] [1783734123.142980409] [orange_hurdle_jump_test]: [1;95m触发状态更新: trigger=True[0m
[INFO] [1783734123.148043822] [orange_hurdle_jump_test]: [1;34m最近横栏: dist=0.193m, lateral=-0.088m, vertical=0.025m, pixel=(75.4,156.5), box=182x103, depth_px=96, candidates=2, trigger=True[0m
[INFO] [1783734123.209639444] [orange_hurdle_jump_test]: [1;95m触发状态更新: trigger=False[0m
[INFO] [1783734123.342738534] [orange_hurdle_jump_test]: [1;95m触发状态更新: trigger=True[0m
[INFO] [1783734123.410888728] [orange_hurdle_jump_test]: [1;34m最近横栏: dist=0.185m, lateral=-0.086m, vertical=0.021m, pixel=(72.3,151.7), box=190x99, depth_px=26, candidates=2, trigger=True[0m
[INFO] [1783734123.476550143] [orange_hurdle_jump_test]: [1;95m触发状态更新: trigger=False[0m
[INFO] [1783734123.608837180] [orange_hurdle_jump_test]: [1;95m触发状态更新: trigger=True[0m
[INFO] [1783734123.610188740] [orange_hurdle_jump_test]: [1;34m最近横栏: dist=0.191m, lateral=-0.085m, vertical=0.013m, pixel=(78.1,136.8), box=192x122, depth_px=85, candidates=1, trigger=True[0m
[INFO] [1783734123.808902178] [orange_hurdle_jump_test]: [1;95m触发状态更新: trigger=False[0m
[INFO] [1783734123.810601678] [orange_hurdle_jump_test]: [1;34m最近横栏: dist=0.994m, lateral=0.529m, vertical=0.327m, pixel=(374.5,216.5), box=136x75, depth_px=3490, candidates=1, trigger=False[0m
[INFO] [1783734124.009630619] [orange_hurdle_jump_test]: [1;95m触发状态更新: trigger=True[0m
[INFO] [1783734124.012043195] [orange_hurdle_jump_test]: [1;34m最近横栏: dist=0.194m, lateral=-0.086m, vertical=-0.012m, pixel=(79.5,98.2), box=203x106, depth_px=54, candidates=2, trigger=True[0m
[INFO] [1783734124.075799564] [orange_hurdle_jump_test]: [1;95m触发状态更新: trigger=False[0m
[INFO] [1783734124.208695555] [orange_hurdle_jump_test]: [1;95m触发状态更新: trigger=True[0m
[INFO] [1783734124.275730196] [orange_hurdle_jump_test]: [1;95m触发状态更新: trigger=False[0m
[INFO] [1783734124.278392702] [orange_hurdle_jump_test]: [0;33m未检测到有效橘色横栏: candidates=0, frame=1182, mask_px=22169, contours=8, largest=area:10863,box:207x108,aspect:1.92,reject:top_edge:-0.414m(err=-0.414), hsv_lower=[28, 40, 35], hsv_upper=[95, 255, 255][0m
[INFO] [1783734124.478675513] [orange_hurdle_jump_test]: [1;34m最近横栏: dist=0.673m, lateral=0.309m, vertical=0.179m, pixel=(352.3,197.5), box=268x134, depth_px=8553, candidates=1, trigger=False[0m
[INFO] [1783734124.610376598] [orange_hurdle_jump_test]: [1;95m触发状态更新: trigger=True[0m
[INFO] [1783734124.677617643] [orange_hurdle_jump_test]: [1;95m触发状态更新: trigger=False[0m
[INFO] [1783734124.678964063] [orange_hurdle_jump_test]: [1;34m最近横栏: dist=0.635m, lateral=0.294m, vertical=0.160m, pixel=(353.5,193.2), box=224x138, depth_px=11731, candidates=1, trigger=False[0m
[INFO] [1783734124.948501923] [orange_hurdle_jump_test]: [1;34m最近横栏: dist=0.947m, lateral=0.396m, vertical=0.289m, pixel=(339.7,209.3), box=218x77, depth_px=7181, candidates=1, trigger=False[0m
[INFO] [1783734125.211029989] [orange_hurdle_jump_test]: [1;34m最近横栏: dist=0.793m, lateral=0.168m, vertical=0.231m, pixel=(277.5,205.0), box=372x88, depth_px=16316, candidates=1, trigger=False[0m
[INFO] [1783734125.411376994] [orange_hurdle_jump_test]: [1;34m最近横栏: dist=0.867m, lateral=0.170m, vertical=0.272m, pixel=(272.6,211.8), box=396x73, depth_px=11293, candidates=1, trigger=False[0m
[INFO] [1783734125.613268235] [orange_hurdle_jump_test]: [1;34m最近横栏: dist=0.847m, lateral=0.083m, vertical=0.249m, pixel=(243.0,205.9), box=402x94, depth_px=18377, candidates=1, trigger=False[0m
[INFO] [1783734125.880260812] [orange_hurdle_jump_test]: [1;34m最近横栏: dist=0.869m, lateral=0.034m, vertical=0.262m, pixel=(225.0,208.2), box=404x76, depth_px=15262, candidates=1, trigger=False[0m
[INFO] [1783734126.145766213] [orange_hurdle_jump_test]: [0;33m未检测到有效橘色横栏: candidates=0, frame=1210, mask_px=5257, contours=7, largest=area:3098,box:162x43,aspect:3.77,reject:top_edge:0.257m(err=0.257), hsv_lower=[28, 40, 35], hsv_upper=[95, 255, 255][0m
[INFO] [1783734126.346503843] [orange_hurdle_jump_test]: [1;34m最近横栏: dist=1.057m, lateral=0.329m, vertical=0.329m, pixel=(307.4,211.3), box=156x73, depth_px=1375, candidates=1, trigger=False[0m
[INFO] [1783734126.614106005] [orange_hurdle_jump_test]: [1;34m最近横栏: dist=0.758m, lateral=-0.392m, vertical=0.254m, pixel=(56.6,218.5), box=76x47, depth_px=1644, candidates=2, trigger=False[0m
[INFO] [1783734126.878965151] [orange_hurdle_jump_test]: [1;34m最近横栏: dist=0.797m, lateral=-0.334m, vertical=0.252m, pixel=(86.6,212.5), box=162x72, depth_px=4117, candidates=2, trigger=False[0m
[INFO] [1783734127.080302566] [orange_hurdle_jump_test]: [1;34m最近横栏: dist=0.841m, lateral=-0.365m, vertical=0.272m, pixel=(82.0,214.7), box=119x60, depth_px=3149, candidates=1, trigger=False[0m
[INFO] [1783734127.283128135] [orange_hurdle_jump_test]: [0;33m未检测到有效橘色横栏: candidates=0, frame=1227, mask_px=3239, contours=12, largest=area:1272,box:90x32,aspect:2.81,reject:height, hsv_lower=[28, 40, 35], hsv_upper=[95, 255, 255][0m
[INFO] [1783734127.544986952] [orange_hurdle_jump_test]: [0;33m未检测到有效橘色横栏: candidates=0, frame=1231, mask_px=1417, contours=7, largest=area:964,box:56x27,aspect:2.07,reject:area+width+height, hsv_lower=[28, 40, 35], hsv_upper=[95, 255, 255][0m
[INFO] [1783734127.748902431] [orange_hurdle_jump_test]: [0;33m未检测到有效橘色横栏: candidates=0, frame=1234, mask_px=2481, contours=8, largest=area:1746,box:76x44,aspect:1.73,reject:top_edge:0.235m(err=0.235), hsv_lower=[28, 40, 35], hsv_upper=[95, 255, 255][0m
[INFO] [1783734128.011733759] [orange_hurdle_jump_test]: [0;33m未检测到有效橘色横栏: candidates=0, frame=1238, mask_px=284, contours=4, largest=area:78,box:17x8,aspect:2.12,reject:area+width+height, hsv_lower=[28, 40, 35], hsv_upper=[95, 255, 255][0m
[INFO] [1783734128.212488522] [orange_hurdle_jump_test]: [0;33m未检测到有效橘色横栏: candidates=0, frame=1241, mask_px=1442, contours=11, largest=area:664,box:38x31,aspect:1.23,reject:area+width+height+aspect, hsv_lower=[28, 40, 35], hsv_upper=[95, 255, 255][0m
[INFO] [1783734128.413503312] [orange_hurdle_jump_test]: [0;33m未检测到有效橘色横栏: candidates=0, frame=1244, mask_px=5475, contours=10, largest=area:1822,box:130x30,aspect:4.33,reject:height, hsv_lower=[28, 40, 35], hsv_upper=[95, 255, 255][0m
[INFO] [1783734128.679557439] [orange_hurdle_jump_test]: [0;33m未检测到有效橘色横栏: candidates=0, frame=1248, mask_px=1573, contours=8, largest=area:686,box:40x38,aspect:1.05,reject:area+width+aspect, hsv_lower=[28, 40, 35], hsv_upper=[95, 255, 255][0m
[INFO] [1783734128.946848811] [orange_hurdle_jump_test]: [0;33m未检测到有效橘色横栏: candidates=0, frame=1252, mask_px=3179, contours=4, largest=area:2398,box:123x45,aspect:2.73,reject:top_edge:0.217m(err=0.217), hsv_lower=[28, 40, 35], hsv_upper=[95, 255, 255][0m
[INFO] [1783734129.149760796] [orange_hurdle_jump_test]: [0;33m未检测到有效橘色横栏: candidates=0, frame=1255, mask_px=2894, contours=5, largest=area:2351,box:120x46,aspect:2.61,reject:top_edge:0.222m(err=0.222), hsv_lower=[28, 40, 35], hsv_upper=[95, 255, 255][0m
[INFO] [1783734129.413211973] [orange_hurdle_jump_test]: [0;33m未检测到有效橘色横栏: candidates=0, frame=1259, mask_px=3396, contours=4, largest=area:2896,box:90x48,aspect:1.88,reject:top_edge:0.232m(err=0.232), hsv_lower=[28, 40, 35], hsv_upper=[95, 255, 255][0m
[INFO] [1783734129.612986010] [orange_hurdle_jump_test]: [1;95m触发状态更新: trigger=True[0m
[INFO] [1783734129.614757925] [orange_hurdle_jump_test]: [1;34m最近横栏: dist=0.200m, lateral=-0.101m, vertical=0.068m, pixel=(59.9,220.5), box=108x43, depth_px=1997, candidates=1, trigger=True[0m
[INFO] [1783734129.680035632] [orange_hurdle_jump_test]: [1;95m触发状态更新: trigger=False[0m
[INFO] [1783734129.813376460] [orange_hurdle_jump_test]: [0;33m未检测到有效橘色横栏: candidates=0, frame=1265, mask_px=1073, contours=1, largest=area:987,box:74x21,aspect:3.52,reject:area+height, hsv_lower=[28, 40, 35], hsv_upper=[95, 255, 255][0m
[INFO] [1783734130.015032209] [orange_hurdle_jump_test]: [0;33m未检测到有效橘色横栏: candidates=0, frame=1268, mask_px=204, contours=5, largest=area:40,box:16x4,aspect:4.00,reject:area+width+height, hsv_lower=[28, 40, 35], hsv_upper=[95, 255, 255][0m
[INFO] [1783734130.281726904] [orange_hurdle_jump_test]: [0;33m未检测到有效橘色横栏: candidates=0, frame=1272, mask_px=1647, contours=1, largest=area:1480,box:88x37,aspect:2.38,reject:depth_px:6, hsv_lower=[28, 40, 35], hsv_upper=[95, 255, 255][0m
[INFO] [1783734130.482023476] [orange_hurdle_jump_test]: [0;33m未检测到有效橘色横栏: candidates=0, frame=1275, mask_px=1556, contours=3, largest=area:1217,box:70x32,aspect:2.19,reject:height, hsv_lower=[28, 40, 35], hsv_upper=[95, 255, 255][0m
[INFO] [1783734130.682745459] [orange_hurdle_jump_test]: [0;33m未检测到有效橘色横栏: candidates=0, frame=1278, mask_px=228, contours=1, largest=area:190,box:32x11,aspect:2.91,reject:area+width+height, hsv_lower=[28, 40, 35], hsv_upper=[95, 255, 255][0m
[INFO] [1783734130.882864363] [orange_hurdle_jump_test]: [0;33m未检测到有效橘色横栏: candidates=0, frame=1281, mask_px=0, contours=0, reject=no_hsv_blob, hsv_lower=[28, 40, 35], hsv_upper=[95, 255, 255][0m
[INFO] [1783734131.088057209] [orange_hurdle_jump_test]: [0;33m未检测到有效橘色横栏: candidates=0, frame=1284, mask_px=0, contours=0, reject=no_hsv_blob, hsv_lower=[28, 40, 35], hsv_upper=[95, 255, 255][0m
[INFO] [1783734131.348342219] [orange_hurdle_jump_test]: [0;33m未检测到有效橘色横栏: candidates=0, frame=1288, mask_px=0, contours=0, reject=no_hsv_blob, hsv_lower=[28, 40, 35], hsv_upper=[95, 255, 255][0m
[INFO] [1783734131.615130746] [orange_hurdle_jump_test]: [0;33m未检测到有效橘色横栏: candidates=0, frame=1292, mask_px=7767, contours=2, largest=area:6656,box:401x23,aspect:17.43,reject:height, hsv_lower=[28, 40, 35], hsv_upper=[95, 255, 255][0m
[INFO] [1783734131.815730225] [orange_hurdle_jump_test]: [0;33m未检测到有效橘色横栏: candidates=0, frame=1295, mask_px=13153, contours=3, largest=area:11641,box:392x39,aspect:10.05,reject:top_edge:0.344m(err=0.344), hsv_lower=[28, 40, 35], hsv_upper=[95, 255, 255][0m
[INFO] [1783734132.083929969] [orange_hurdle_jump_test]: [0;33m未检测到有效橘色横栏: candidates=0, frame=1299, mask_px=1578, contours=2, largest=area:948,box:42x41,aspect:1.02,reject:area+width+aspect, hsv_lower=[28, 40, 35], hsv_upper=[95, 255, 255][0m
[INFO] [1783734132.286213068] [orange_hurdle_jump_test]: [0;33m未检测到有效橘色横栏: candidates=0, frame=1302, mask_px=206, contours=3, largest=area:114,box:14x11,aspect:1.27,reject:area+width+height, hsv_lower=[28, 40, 35], hsv_upper=[95, 255, 255][0m
[INFO] [1783734132.550148016] [orange_hurdle_jump_test]: [0;33m未检测到有效橘色横栏: candidates=0, frame=1306, mask_px=572, contours=5, largest=area:138,box:12x23,aspect:0.52,reject:area+width+height+aspect, hsv_lower=[28, 40, 35], hsv_upper=[95, 255, 255][0m
[INFO] [1783734132.749080140] [orange_hurdle_jump_test]: [0;33m未检测到有效橘色横栏: candidates=0, frame=1309, mask_px=2125, contours=5, largest=area:1026,box:62x30,aspect:2.07,reject:area+width+height, hsv_lower=[28, 40, 35], hsv_upper=[95, 255, 255][0m
[INFO] [1783734133.017982506] [orange_hurdle_jump_test]: [0;33m未检测到有效橘色横栏: candidates=0, frame=1313, mask_px=1759, contours=2, largest=area:1218,box:36x59,aspect:0.61,reject:width+aspect, hsv_lower=[28, 40, 35], hsv_upper=[95, 255, 255][0m
[INFO] [1783734133.217421260] [orange_hurdle_jump_test]: [0;33m未检测到有效橘色横栏: candidates=0, frame=1316, mask_px=2542, contours=5, largest=area:1096,box:85x23,aspect:3.70,reject:area+height, hsv_lower=[28, 40, 35], hsv_upper=[95, 255, 255][0m
[INFO] [1783734133.419606139] [orange_hurdle_jump_test]: [1;34m最近横栏: dist=0.764m, lateral=-0.389m, vertical=0.231m, pixel=(59.1,208.6), box=156x102, depth_px=3762, candidates=1, trigger=False[0m
[INFO] [1783734133.689138670] [orange_hurdle_jump_test]: [1;34m最近横栏: dist=0.808m, lateral=-0.343m, vertical=0.262m, pixel=(84.7,215.2), box=174x60, depth_px=6706, candidates=1, trigger=False[0m
[INFO] [1783734133.951126046] [orange_hurdle_jump_test]: [1;34m最近横栏: dist=0.818m, lateral=-0.250m, vertical=0.257m, pixel=(120.9,212.0), box=242x69, depth_px=10310, candidates=1, trigger=False[0m
[INFO] [1783734134.152120551] [orange_hurdle_jump_test]: [1;34m最近横栏: dist=0.824m, lateral=-0.184m, vertical=0.252m, pixel=(145.9,209.6), box=276x73, depth_px=12652, candidates=1, trigger=False[0m
[INFO] [1783734134.354280040] [orange_hurdle_jump_test]: [1;34m最近横栏: dist=0.805m, lateral=-0.157m, vertical=0.250m, pixel=(154.4,210.8), box=313x70, depth_px=15171, candidates=1, trigger=False[0m
[INFO] [1783734134.554475670] [orange_hurdle_jump_test]: [1;34m最近横栏: dist=0.936m, lateral=-0.090m, vertical=0.297m, pixel=(184.1,213.0), box=364x71, depth_px=13553, candidates=1, trigger=False[0m
[INFO] [1783734134.820368439] [orange_hurdle_jump_test]: [1;34m最近横栏: dist=0.843m, lateral=0.022m, vertical=0.261m, pixel=(221.1,210.6), box=396x72, depth_px=17219, candidates=1, trigger=False[0m
[INFO] [1783734135.086410217] [orange_hurdle_jump_test]: [1;34m最近横栏: dist=0.892m, lateral=0.398m, vertical=0.258m, pixel=(348.4,204.4), box=172x96, depth_px=7408, candidates=1, trigger=False[0m
[INFO] [1783734135.288161455] [orange_hurdle_jump_test]: [1;34m最近横栏: dist=0.780m, lateral=0.323m, vertical=0.244m, pixel=(338.6,211.5), box=178x67, depth_px=7308, candidates=1, trigger=False[0m
[INFO] [1783734135.554034939] [orange_hurdle_jump_test]: [0;33m未检测到有效橘色横栏: candidates=0, frame=1351, mask_px=13913, contours=12, largest=area:9957,box:158x133,aspect:1.19,reject:aspect, hsv_lower=[28, 40, 35], hsv_upper=[95, 255, 255][0m
[INFO] [1783734135.822808497] [orange_hurdle_jump_test]: [1;34m最近横栏: dist=0.814m, lateral=0.337m, vertical=0.213m, pixel=(338.6,196.2), box=248x128, depth_px=7940, candidates=2, trigger=False[0m
[INFO] [1783734136.020743888] [orange_hurdle_jump_test]: [1;34m最近横栏: dist=0.834m, lateral=0.413m, vertical=0.223m, pixel=(363.2,197.9), box=188x106, depth_px=7644, candidates=1, trigger=False[0m
[INFO] [1783734136.287044541] [orange_hurdle_jump_test]: [1;34m最近横栏: dist=0.775m, lateral=0.241m, vertical=0.186m, pixel=(307.6,189.6), box=348x157, depth_px=11435, candidates=1, trigger=False[0m
[INFO] [1783734136.492022253] [orange_hurdle_jump_test]: [1;34m最近横栏: dist=0.819m, lateral=0.395m, vertical=0.200m, pixel=(359.5,191.0), box=162x108, depth_px=7962, candidates=2, trigger=False[0m
[INFO] [1783734136.753051705] [orange_hurdle_jump_test]: [1;34m最近横栏: dist=0.899m, lateral=0.205m, vertical=0.220m, pixel=(282.5,191.1), box=424x165, depth_px=9791, candidates=1, trigger=False[0m
[INFO] [1783734131.322148782] [orange_hurdle_jump_test]: [1;34m最近横栏: dist=0.793m, lateral=-0.442m, vertical=0.235m, pixel=(44.7,206.5), box=110x81, depth_px=128, candidates=2, trigger=False[0m
[INFO] [1783734131.854096310] [orange_hurdle_jump_test]: [1;95m触发状态更新: trigger=True[0m
[INFO] [1783734131.920547277] [orange_hurdle_jump_test]: [1;95m触发状态更新: trigger=False[0m
[INFO] [1783734132.187283313] [orange_hurdle_jump_test]: [1;95m触发状态更新: trigger=True[0m
[INFO] [1783734132.253581382] [orange_hurdle_jump_test]: [1;95m触发状态更新: trigger=False[0m
[INFO] [1783734133.053679995] [orange_hurdle_jump_test]: [1;95m触发状态更新: trigger=True[0m
[INFO] [1783734133.119751174] [orange_hurdle_jump_test]: [1;95m触发状态更新: trigger=False[0m
[INFO] [1783734134.654542906] [orange_hurdle_jump_test]: [1;95m触发状态更新: trigger=True[0m
[INFO] [1783734134.854697192] [orange_hurdle_jump_test]: [1;95m触发状态更新: trigger=False[0m
[INFO] [1783734135.321618974] [orange_hurdle_jump_test]: [1;95m触发状态更新: trigger=True[0m
[INFO] [1783734135.456238375] [orange_hurdle_jump_test]: [1;95m触发状态更新: trigger=False[0m
[INFO] [1783734135.855394994] [orange_hurdle_jump_test]: [1;95m触发状态更新: trigger=True[0m
[INFO] [1783734135.922010663] [orange_hurdle_jump_test]: [1;95m触发状态更新: trigger=False[0m
[INFO] [1783734136.322677347] [orange_hurdle_jump_test]: [1;95m触发状态更新: trigger=True[0m
[INFO] [1783734136.388549069] [orange_hurdle_jump_test]: [1;95m触发状态更新: trigger=False[0m
[INFO] [1783734136.456492733] [orange_hurdle_jump_test]: [1;95m触发状态更新: trigger=True[0m
[INFO] [1783734136.523133169] [orange_hurdle_jump_test]: [1;95m触发状态更新: trigger=False[0m
[INFO] [1783734136.658082267] [orange_hurdle_jump_test]: [1;95m触发状态更新: trigger=True[0m
[INFO] [1783734136.724313934] [orange_hurdle_jump_test]: [1;95m触发状态更新: trigger=False[0m
[INFO] [1783734137.191590270] [orange_hurdle_jump_test]: [0;33m未检测到有效橘色横栏: candidates=0, frame=1460, mask_px=1156, contours=4, largest=area:960,box:64x20,aspect:3.20,reject:area+width+height, hsv_lower=[28, 40, 35], hsv_upper=[95, 255, 255][0m
[INFO] [1783734137.393905082] [orange_hurdle_jump_test]: [0;33m未检测到有效橘色横栏: candidates=0, frame=1463, mask_px=4231, contours=5, largest=area:2164,box:135x34,aspect:3.97,reject:height, hsv_lower=[28, 40, 35], hsv_upper=[95, 255, 255][0m
[INFO] [1783734137.591617737] [orange_hurdle_jump_test]: [1;95m触发状态更新: trigger=True[0m
[INFO] [1783734137.657875425] [orange_hurdle_jump_test]: [1;95m触发状态更新: trigger=False[0m
[INFO] [1783734137.659584898] [orange_hurdle_jump_test]: [1;34m最近横栏: dist=0.977m, lateral=-0.450m, vertical=0.225m, pixel=(73.8,186.8), box=164x89, depth_px=721, candidates=1, trigger=False[0m
[INFO] [1783734137.863922536] [orange_hurdle_jump_test]: [1;34m最近横栏: dist=0.773m, lateral=-0.254m, vertical=0.261m, pixel=(113.8,219.2), box=176x49, depth_px=4757, candidates=2, trigger=False[0m
[WARN] [1783734138.123027317] [orange_hurdle_jump_test]: [1;33m深度图超时: age=0.62s[0m
[WARN] [1783734138.323798448] [orange_hurdle_jump_test]: [1;33m深度图超时: age=0.77s[0m
[WARN] [1783734138.590703340] [orange_hurdle_jump_test]: [1;33m深度图超时: age=0.91s[0m
[WARN] [1783734138.791470858] [orange_hurdle_jump_test]: [1;33m深度图超时: age=1.02s[0m
[WARN] [1783734139.057051895] [orange_hurdle_jump_test]: [1;33m深度图超时: age=1.17s[0m
[WARN] [1783734139.257337228] [orange_hurdle_jump_test]: [1;33m深度图超时: age=1.29s[0m
[WARN] [1783734139.457562909] [orange_hurdle_jump_test]: [1;33m深度图超时: age=1.38s[0m
[WARN] [1783734139.658387488] [orange_hurdle_jump_test]: [1;33m深度图超时: age=1.47s[0m
[WARN] [1783734139.859762003] [orange_hurdle_jump_test]: [1;33m深度图超时: age=1.55s[0m
[WARN] [1783734140.060183818] [orange_hurdle_jump_test]: [1;33m深度图超时: age=1.64s[0m
[WARN] [1783734140.325661615] [orange_hurdle_jump_test]: [1;33m深度图超时: age=1.75s[0m
[WARN] [1783734140.591411851] [orange_hurdle_jump_test]: [1;33m深度图超时: age=1.83s[0m
[WARN] [1783734140.792391052] [orange_hurdle_jump_test]: [1;33m深度图超时: age=1.89s[0m
[WARN] [1783734141.059733819] [orange_hurdle_jump_test]: [1;33m深度图超时: age=1.96s[0m
[WARN] [1783734141.260007959] [orange_hurdle_jump_test]: [1;33m深度图超时: age=2.02s[0m
[WARN] [1783734141.525784050] [orange_hurdle_jump_test]: [1;33m深度图超时: age=2.07s[0m
[WARN] [1783734141.726649411] [orange_hurdle_jump_test]: [1;33m深度图超时: age=2.10s[0m
[WARN] [1783734141.992426121] [orange_hurdle_jump_test]: [1;33m深度图超时: age=2.13s[0m
[WARN] [1783734142.193534102] [orange_hurdle_jump_test]: [1;33m深度图超时: age=2.16s[0m
[WARN] [1783734142.393252154] [orange_hurdle_jump_test]: [1;33m深度图超时: age=2.18s[0m
[WARN] [1783734142.795560963] [orange_hurdle_jump_test]: [1;33m深度图超时: age=2.19s[0m
[WARN] [1783734143.061661752] [orange_hurdle_jump_test]: [1;33m深度图超时: age=2.18s[0m
[WARN] [1783734143.530588226] [orange_hurdle_jump_test]: [1;33m深度图超时: age=2.15s[0m
[WARN] [1783734143.794047770] [orange_hurdle_jump_test]: [1;33m深度图超时: age=2.10s[0m
[WARN] [1783734143.994183408] [orange_hurdle_jump_test]: [1;33m深度图超时: age=2.07s[0m
[WARN] [1783734144.194283653] [orange_hurdle_jump_test]: [1;33m深度图超时: age=2.02s[0m
[WARN] [1783734144.394648582] [orange_hurdle_jump_test]: [1;33m深度图超时: age=1.98s[0m
[WARN] [1783734144.661274388] [orange_hurdle_jump_test]: [1;33m深度图超时: age=1.92s[0m
[WARN] [1783734144.861487271] [orange_hurdle_jump_test]: [1;33m深度图超时: age=1.86s[0m
[WARN] [1783734145.128568832] [orange_hurdle_jump_test]: [1;33m深度图超时: age=1.78s[0m
[WARN] [1783734145.328806345] [orange_hurdle_jump_test]: [1;33m深度图超时: age=1.71s[0m
[WARN] [1783734145.595913740] [orange_hurdle_jump_test]: [1;33m深度图超时: age=1.61s[0m
[WARN] [1783734145.863400121] [orange_hurdle_jump_test]: [1;33m深度图超时: age=1.51s[0m
[WARN] [1783734146.131085529] [orange_hurdle_jump_test]: [1;33m深度图超时: age=1.38s[0m
[WARN] [1783734146.395592342] [orange_hurdle_jump_test]: [1;33m深度图超时: age=1.26s[0m
[WARN] [1783734146.596244097] [orange_hurdle_jump_test]: [1;33m深度图超时: age=1.16s[0m
[WARN] [1783734146.862995375] [orange_hurdle_jump_test]: [1;33m深度图超时: age=1.01s[0m
[WARN] [1783734147.063398278] [orange_hurdle_jump_test]: [1;33m深度图超时: age=0.89s[0m
[WARN] [1783734147.330407555] [orange_hurdle_jump_test]: [1;33m深度图超时: age=0.72s[0m
[WARN] [1783734147.530857252] [orange_hurdle_jump_test]: [1;33m深度图超时: age=0.60s[0m
[INFO] [1783734147.732469786] [orange_hurdle_jump_test]: [1;95m触发状态更新: trigger=True[0m
[INFO] [1783734147.802502498] [orange_hurdle_jump_test]: [1;95m触发状态更新: trigger=False[0m
[INFO] [1783734147.804596116] [orange_hurdle_jump_test]: [0;33m未检测到有效橘色横栏: candidates=0, frame=1619, mask_px=7328, contours=13, largest=area:1958,box:118x35,aspect:3.37,reject:depth_px:4, hsv_lower=[28, 40, 35], hsv_upper=[95, 255, 255][0m
[INFO] [1783734147.866207750] [orange_hurdle_jump_test]: [1;95m触发状态更新: trigger=True[0m
[INFO] [1783734147.936470803] [orange_hurdle_jump_test]: [1;95m触发状态更新: trigger=False[0m
[INFO] [1783734148.002463853] [orange_hurdle_jump_test]: [1;34m最近横栏: dist=1.116m, lateral=0.494m, vertical=0.291m, pixel=(347.4,195.8), box=159x94, depth_px=4048, candidates=1, trigger=False[0m
[INFO] [1783734148.066487294] [orange_hurdle_jump_test]: [1;95m触发状态更新: trigger=True[0m
[INFO] [1783734148.133560387] [orange_hurdle_jump_test]: [1;95m触发状态更新: trigger=False[0m
[INFO] [1783734148.268004337] [orange_hurdle_jump_test]: [1;34m最近横栏: dist=1.263m, lateral=0.503m, vertical=0.236m, pixel=(333.9,173.5), box=158x51, depth_px=478, candidates=1, trigger=False[0m
[INFO] [1783734148.533341252] [orange_hurdle_jump_test]: [1;34m最近横栏: dist=1.084m, lateral=0.411m, vertical=0.309m, pixel=(328.1,203.1), box=155x74, depth_px=3851, candidates=1, trigger=False[0m
[INFO] [1783734148.733971773] [orange_hurdle_jump_test]: [1;34m最近横栏: dist=1.015m, lateral=0.339m, vertical=0.296m, pixel=(314.5,205.2), box=114x76, depth_px=3451, candidates=1, trigger=False[0m
[INFO] [1783734148.934626897] [orange_hurdle_jump_test]: [1;34m最近横栏: dist=0.955m, lateral=0.292m, vertical=0.283m, pixel=(305.8,206.7), box=90x62, depth_px=2959, candidates=1, trigger=False[0m
[INFO] [1783734149.135831429] [orange_hurdle_jump_test]: [0;33m未检测到有效橘色横栏: candidates=0, frame=1639, mask_px=7759, contours=9, largest=area:3116,box:100x48,aspect:2.08,reject:top_edge:0.239m(err=0.239), hsv_lower=[28, 40, 35], hsv_upper=[95, 255, 255][0m
[INFO] [1783734149.401155049] [orange_hurdle_jump_test]: [1;34m最近横栏: dist=0.869m, lateral=-0.399m, vertical=0.288m, pixel=(74.3,217.4), box=136x61, depth_px=2144, candidates=1, trigger=False[0m
[INFO] [1783734149.601432348] [orange_hurdle_jump_test]: [1;34m最近横栏: dist=0.969m, lateral=0.217m, vertical=0.286m, pixel=(281.0,206.1), box=94x62, depth_px=2877, candidates=1, trigger=False[0m
[INFO] [1783734149.801497575] [orange_hurdle_jump_test]: [0;33m未检测到有效橘色横栏: candidates=0, frame=1649, mask_px=8852, contours=14, largest=area:2984,box:84x52,aspect:1.62,reject:top_edge:0.232m(err=0.232), hsv_lower=[28, 40, 35], hsv_upper=[95, 255, 255][0m
[INFO] [1783734150.002871266] [orange_hurdle_jump_test]: [0;33m未检测到有效橘色横栏: candidates=0, frame=1652, mask_px=8490, contours=10, largest=area:1660,box:64x47,aspect:1.36,reject:width, hsv_lower=[28, 40, 35], hsv_upper=[95, 255, 255][0m
[INFO] [1783734150.201940044] [orange_hurdle_jump_test]: [1;34m最近横栏: dist=0.950m, lateral=-0.306m, vertical=0.048m, pixel=(116.0,132.3), box=111x36, depth_px=299, candidates=2, trigger=False[0m
[INFO] [1783734150.468979846] [orange_hurdle_jump_test]: [1;34m最近横栏: dist=0.869m, lateral=-0.372m, vertical=0.190m, pixel=(83.9,183.1), box=202x135, depth_px=8233, candidates=2, trigger=False[0m
[INFO] [1783734150.670727230] [orange_hurdle_jump_test]: [1;34m最近横栏: dist=0.885m, lateral=0.386m, vertical=0.281m, pixel=(345.4,213.0), box=178x73, depth_px=6900, candidates=1, trigger=False[0m
[INFO] [1783734150.869439202] [orange_hurdle_jump_test]: [1;34m最近横栏: dist=0.853m, lateral=0.370m, vertical=0.278m, pixel=(344.6,215.4), box=195x67, depth_px=5576, candidates=1, trigger=False[0m
[INFO] [1783734151.069489047] [orange_hurdle_jump_test]: [0;33m未检测到有效橘色横栏: candidates=0, frame=1668, mask_px=10454, contours=9, largest=area:2533,box:92x40,aspect:2.30,reject:top_edge:0.304m(err=0.304), hsv_lower=[28, 40, 35], hsv_upper=[95, 255, 255][0m
[INFO] [1783734151.342294354] [orange_hurdle_jump_test]: [1;34m最近横栏: dist=1.028m, lateral=-0.218m, vertical=0.316m, pixel=(149.0,210.0), box=274x82, depth_px=6453, candidates=1, trigger=False[0m
[INFO] [1783734151.541795234] [orange_hurdle_jump_test]: [0;33m未检测到有效橘色横栏: candidates=0, frame=1675, mask_px=8544, contours=8, largest=area:2028,box:30x103,aspect:0.29,reject:width+aspect, hsv_lower=[28, 40, 35], hsv_upper=[95, 255, 255][0m
[INFO] [1783734151.802019301] [orange_hurdle_jump_test]: [0;33m未检测到有效橘色横栏: candidates=0, frame=1679, mask_px=5738, contours=8, largest=area:1584,box:112x27,aspect:4.15,reject:height, hsv_lower=[28, 40, 35], hsv_upper=[95, 255, 255][0m
[INFO] [1783734152.002615089] [orange_hurdle_jump_test]: [0;33m未检测到有效橘色横栏: candidates=0, frame=1682, mask_px=4094, contours=9, largest=area:1625,box:112x27,aspect:4.15,reject:height, hsv_lower=[28, 40, 35], hsv_upper=[95, 255, 255][0m
[INFO] [1783734152.203571880] [orange_hurdle_jump_test]: [0;33m未检测到有效橘色横栏: candidates=0, frame=1685, mask_px=3759, contours=9, largest=area:1506,box:116x24,aspect:4.83,reject:height, hsv_lower=[28, 40, 35], hsv_upper=[95, 255, 255][0m
[INFO] [1783734152.469257756] [orange_hurdle_jump_test]: [1;34m最近横栏: dist=0.716m, lateral=-0.260m, vertical=0.126m, pixel=(103.4,170.3), box=118x36, depth_px=726, candidates=1, trigger=False[0m
[INFO] [1783734152.669183013] [orange_hurdle_jump_test]: [0;33m未检测到有效橘色横栏: candidates=0, frame=1692, mask_px=2498, contours=5, largest=area:1288,box:94x25,aspect:3.76,reject:height, hsv_lower=[28, 40, 35], hsv_upper=[95, 255, 255][0m
[INFO] [1783734152.871831835] [orange_hurdle_jump_test]: [1;34m最近横栏: dist=0.807m, lateral=-0.348m, vertical=0.090m, pixel=(82.8,150.7), box=144x41, depth_px=720, candidates=1, trigger=False[0m
[INFO] [1783734153.072016883] [orange_hurdle_jump_test]: [1;34m最近横栏: dist=0.980m, lateral=-0.592m, vertical=0.104m, pixel=(30.4,149.0), box=74x51, depth_px=310, candidates=1, trigger=False[0m
[INFO] [1783734153.275138734] [orange_hurdle_jump_test]: [0;33m未检测到有效橘色横栏: candidates=0, frame=1701, mask_px=7081, contours=14, largest=area:3854,box:102x105,aspect:0.97,reject:aspect, hsv_lower=[28, 40, 35], hsv_upper=[95, 255, 255][0m
[INFO] [1783734153.540079734] [orange_hurdle_jump_test]: [0;33m未检测到有效橘色横栏: candidates=0, frame=1705, mask_px=10694, contours=16, largest=area:3499,box:103x87,aspect:1.18,reject:aspect, hsv_lower=[28, 40, 35], hsv_upper=[95, 255, 255][0m
[INFO] [1783734153.805850885] [orange_hurdle_jump_test]: [1;34m最近横栏: dist=1.116m, lateral=-0.543m, vertical=0.256m, pixel=(66.0,186.3), box=153x109, depth_px=3143, candidates=1, trigger=False[0m
[INFO] [1783734154.071340853] [orange_hurdle_jump_test]: [1;34m最近横栏: dist=1.047m, lateral=-0.489m, vertical=0.224m, pixel=(72.0,181.7), box=161x117, depth_px=3279, candidates=1, trigger=False[0m
[INFO] [1783734154.274181823] [orange_hurdle_jump_test]: [0;33m未检测到有效橘色横栏: candidates=0, frame=1716, mask_px=13456, contours=10, largest=area:5257,box:180x61,aspect:2.95,reject:top_edge:0.206m(err=0.206), hsv_lower=[28, 40, 35], hsv_upper=[95, 255, 255][0m
[INFO] [1783734154.472496243] [orange_hurdle_jump_test]: [0;33m未检测到有效橘色横栏: candidates=0, frame=1719, mask_px=11269, contours=9, largest=area:4738,box:172x55,aspect:3.13,reject:top_edge:0.212m(err=0.212), hsv_lower=[28, 40, 35], hsv_upper=[95, 255, 255][0m
[INFO] [1783734154.674591463] [orange_hurdle_jump_test]: [1;34m最近横栏: dist=0.919m, lateral=0.406m, vertical=0.299m, pixel=(347.0,215.5), box=170x64, depth_px=4799, candidates=1, trigger=False[0m
[INFO] [1783734154.938600995] [orange_hurdle_jump_test]: [1;34m最近横栏: dist=0.869m, lateral=0.365m, vertical=0.281m, pixel=(340.4,214.9), box=186x64, depth_px=7141, candidates=1, trigger=False[0m
[INFO] [1783734155.206135579] [orange_hurdle_jump_test]: [1;34m最近横栏: dist=0.867m, lateral=0.365m, vertical=0.279m, pixel=(340.9,214.3), box=182x65, depth_px=6964, candidates=1, trigger=False[0m
[INFO] [1783734155.472673684] [orange_hurdle_jump_test]: [1;34m最近横栏: dist=0.867m, lateral=0.385m, vertical=0.276m, pixel=(347.8,213.3), box=166x64, depth_px=6328, candidates=1, trigger=False[0m
[INFO] [1783734155.674410547] [orange_hurdle_jump_test]: [1;34m最近横栏: dist=0.869m, lateral=0.379m, vertical=0.276m, pixel=(345.4,213.2), box=174x70, depth_px=6629, candidates=2, trigger=False[0m
[INFO] [1783734155.939651142] [orange_hurdle_jump_test]: [1;34m最近横栏: dist=0.834m, lateral=0.367m, vertical=0.272m, pixel=(346.4,215.6), box=172x58, depth_px=6557, candidates=1, trigger=False[0m
[INFO] [1783734156.139773869] [orange_hurdle_jump_test]: [1;34m最近横栏: dist=0.801m, lateral=0.347m, vertical=0.265m, pixel=(344.5,217.0), box=170x61, depth_px=6227, candidates=1, trigger=False[0m
[INFO] [1783734156.343386369] [orange_hurdle_jump_test]: [1;34m最近横栏: dist=0.843m, lateral=0.421m, vertical=0.275m, pixel=(364.6,215.7), box=150x76, depth_px=4014, candidates=1, trigger=False[0m
[INFO] [1783734156.606090607] [orange_hurdle_jump_test]: [0;33m未检测到有效橘色横栏: candidates=0, frame=1751, mask_px=8942, contours=10, largest=area:2665,box:38x89,aspect:0.43,reject:width+aspect, hsv_lower=[28, 40, 35], hsv_upper=[95, 255, 255][0m
[INFO] [1783734156.806045501] [orange_hurdle_jump_test]: [0;33m未检测到有效橘色横栏: candidates=0, frame=1754, mask_px=7745, contours=7, largest=area:3990,box:106x87,aspect:1.22,reject:aspect, hsv_lower=[28, 40, 35], hsv_upper=[95, 255, 255][0m
[INFO] [1783734157.007322222] [orange_hurdle_jump_test]: [0;33m未检测到有效橘色横栏: candidates=0, frame=1757, mask_px=4214, contours=12, largest=area:1048,box:54x30,aspect:1.80,reject:area+width+height, hsv_lower=[28, 40, 35], hsv_upper=[95, 255, 255][0m
[INFO] [1783734157.273501115] [orange_hurdle_jump_test]: [0;33m未检测到有效橘色横栏: candidates=0, frame=1761, mask_px=8057, contours=11, largest=area:2372,box:41x156,aspect:0.26,reject:width+aspect, hsv_lower=[28, 40, 35], hsv_upper=[95, 255, 255][0m
[INFO] [1783734157.474292963] [orange_hurdle_jump_test]: [0;33m未检测到有效橘色横栏: candidates=0, frame=1764, mask_px=11110, contours=11, largest=area:3782,box:182x44,aspect:4.14,reject:top_edge:0.220m(err=0.220), hsv_lower=[28, 40, 35], hsv_upper=[95, 255, 255][0m
[INFO] [1783734157.678303280] [orange_hurdle_jump_test]: [0;33m未检测到有效橘色横栏: candidates=0, frame=1767, mask_px=7081, contours=9, largest=area:2970,box:122x45,aspect:2.71,reject:top_edge:0.212m(err=0.212), hsv_lower=[28, 40, 35], hsv_upper=[95, 255, 255][0m
[INFO] [1783734157.941029015] [orange_hurdle_jump_test]: [0;33m未检测到有效橘色横栏: candidates=0, frame=1771, mask_px=3428, contours=10, largest=area:1662,box:116x25,aspect:4.64,reject:height, hsv_lower=[28, 40, 35], hsv_upper=[95, 255, 255][0m
[INFO] [1783734158.209190919] [orange_hurdle_jump_test]: [0;33m未检测到有效橘色横栏: candidates=0, frame=1775, mask_px=3426, contours=6, largest=area:1437,box:26x93,aspect:0.28,reject:width+aspect, hsv_lower=[28, 40, 35], hsv_upper=[95, 255, 255][0m
[INFO] [1783734158.409562618] [orange_hurdle_jump_test]: [0;33m未检测到有效橘色横栏: candidates=0, frame=1778, mask_px=3836, contours=6, largest=area:1636,box:56x91,aspect:0.62,reject:width+aspect, hsv_lower=[28, 40, 35], hsv_upper=[95, 255, 255][0m
[INFO] [1783734158.676640341] [orange_hurdle_jump_test]: [0;33m未检测到有效橘色横栏: candidates=0, frame=1782, mask_px=2220, contours=3, largest=area:1006,box:41x60,aspect:0.68,reject:area+width+aspect, hsv_lower=[28, 40, 35], hsv_upper=[95, 255, 255][0m
[INFO] [1783734158.875479286] [orange_hurdle_jump_test]: [0;33m未检测到有效橘色横栏: candidates=0, frame=1785, mask_px=2923, contours=7, largest=area:1392,box:25x93,aspect:0.27,reject:width+aspect, hsv_lower=[28, 40, 35], hsv_upper=[95, 255, 255][0m
[INFO] [1783734159.141797041] [orange_hurdle_jump_test]: [0;33m未检测到有效橘色横栏: candidates=0, frame=1789, mask_px=1477, contours=3, largest=area:1208,box:61x73,aspect:0.84,reject:width+aspect, hsv_lower=[28, 40, 35], hsv_upper=[95, 255, 255][0m
[INFO] [1783734159.342317414] [orange_hurdle_jump_test]: [0;33m未检测到有效橘色横栏: candidates=0, frame=1792, mask_px=1716, contours=4, largest=area:784,box:76x23,aspect:3.30,reject:area+height, hsv_lower=[28, 40, 35], hsv_upper=[95, 255, 255][0m
[INFO] [1783734159.542002406] [orange_hurdle_jump_test]: [0;33m未检测到有效橘色横栏: candidates=0, frame=1795, mask_px=4907, contours=8, largest=area:1536,box:109x29,aspect:3.76,reject:height, hsv_lower=[28, 40, 35], hsv_upper=[95, 255, 255][0m
[INFO] [1783734159.742946683] [orange_hurdle_jump_test]: [0;33m未检测到有效橘色横栏: candidates=0, frame=1798, mask_px=5655, contours=14, largest=area:1704,box:104x29,aspect:3.59,reject:height, hsv_lower=[28, 40, 35], hsv_upper=[95, 255, 255][0m
[INFO] [1783734160.008098953] [orange_hurdle_jump_test]: [1;34m最近横栏: dist=0.901m, lateral=0.502m, vertical=0.293m, pixel=(381.8,215.3), box=100x60, depth_px=2029, candidates=1, trigger=False[0m
[INFO] [1783734160.208256327] [orange_hurdle_jump_test]: [0;33m未检测到有效橘色横栏: candidates=0, frame=1805, mask_px=7485, contours=10, largest=area:3704,box:145x52,aspect:2.79,reject:top_edge:0.204m(err=0.204), hsv_lower=[28, 40, 35], hsv_upper=[95, 255, 255][0m
[INFO] [1783734160.409348873] [orange_hurdle_jump_test]: [0;33m未检测到有效橘色横栏: candidates=0, frame=1808, mask_px=8867, contours=17, largest=area:3588,box:150x31,aspect:4.84,reject:height, hsv_lower=[28, 40, 35], hsv_upper=[95, 255, 255][0m
[INFO] [1783734160.610052528] [orange_hurdle_jump_test]: [0;33m未检测到有效橘色横栏: candidates=0, frame=1811, mask_px=8522, contours=15, largest=area:4161,box:142x47,aspect:3.02,reject:top_edge:0.205m(err=0.205), hsv_lower=[28, 40, 35], hsv_upper=[95, 255, 255][0m
[INFO] [1783734160.810874166] [orange_hurdle_jump_test]: [1;34m最近横栏: dist=0.830m, lateral=0.369m, vertical=0.279m, pixel=(347.8,218.6), box=170x61, depth_px=5512, candidates=1, trigger=False[0m
[INFO] [1783734161.076954987] [orange_hurdle_jump_test]: [1;34m最近横栏: dist=0.853m, lateral=0.356m, vertical=0.280m, pixel=(339.7,216.2), box=192x58, depth_px=7280, candidates=1, trigger=False[0m
[INFO] [1783734161.278253686] [orange_hurdle_jump_test]: [1;34m最近横栏: dist=0.892m, lateral=0.437m, vertical=0.276m, pixel=(361.6,210.7), box=148x64, depth_px=6064, candidates=1, trigger=False[0m
[INFO] [1783734161.543179319] [orange_hurdle_jump_test]: [0;33m未检测到有效橘色横栏: candidates=0, frame=1825, mask_px=9234, contours=12, largest=area:6280,box:156x59,aspect:2.64,reject:top_edge:0.200m(err=0.200), hsv_lower=[28, 40, 35], hsv_upper=[95, 255, 255][0m
[INFO] [1783734161.744032067] [orange_hurdle_jump_test]: [0;33m未检测到有效橘色横栏: candidates=0, frame=1828, mask_px=8532, contours=7, largest=area:5364,box:190x54,aspect:3.52,reject:top_edge:0.200m(err=0.200), hsv_lower=[28, 40, 35], hsv_upper=[95, 255, 255][0m
[INFO] [1783734162.012505066] [orange_hurdle_jump_test]: [0;33m未检测到有效橘色横栏: candidates=0, frame=1832, mask_px=7096, contours=11, largest=area:3894,box:144x41,aspect:3.51,reject:top_edge:0.222m(err=0.222), hsv_lower=[28, 40, 35], hsv_upper=[95, 255, 255][0m
[INFO] [1783734162.277601495] [orange_hurdle_jump_test]: [0;33m未检测到有效橘色横栏: candidates=0, frame=1836, mask_px=6285, contours=10, largest=area:3248,box:146x41,aspect:3.56,reject:top_edge:0.238m(err=0.238), hsv_lower=[28, 40, 35], hsv_upper=[95, 255, 255][0m
[INFO] [1783734162.479378483] [orange_hurdle_jump_test]: [1;34m最近横栏: dist=0.725m, lateral=0.364m, vertical=0.232m, pixel=(365.4,213.7), box=152x56, depth_px=4355, candidates=1, trigger=False[0m
[INFO] [1783734162.743390441] [orange_hurdle_jump_test]: [0;33m未检测到有效橘色横栏: candidates=0, frame=1843, mask_px=6017, contours=16, largest=area:1638,box:112x27,aspect:4.15,reject:height, hsv_lower=[28, 40, 35], hsv_upper=[95, 255, 255][0m
[INFO] [1783734162.944712719] [orange_hurdle_jump_test]: [0;33m未检测到有效橘色横栏: candidates=0, frame=1846, mask_px=8703, contours=11, largest=area:3781,box:103x55,aspect:1.87,reject:top_edge:0.203m(err=0.203), hsv_lower=[28, 40, 35], hsv_upper=[95, 255, 255][0m
[INFO] [1783734163.150022631] [orange_hurdle_jump_test]: [1;34m最近横栏: dist=0.832m, lateral=0.449m, vertical=0.270m, pixel=(376.7,215.0), box=94x61, depth_px=4055, candidates=1, trigger=False[0m
[INFO] [1783734163.414126119] [orange_hurdle_jump_test]: [0;33m未检测到有效橘色横栏: candidates=0, frame=1853, mask_px=12125, contours=13, largest=area:2720,box:70x51,aspect:1.37,reject:top_edge:0.202m(err=0.202), hsv_lower=[28, 40, 35], hsv_upper=[95, 255, 255][0m
[INFO] [1783734169.309582686] [orange_hurdle_jump_test]: [1;34m最近横栏: dist=0.790m, lateral=0.413m, vertical=0.261m, pixel=(371.5,216.9), box=156x61, depth_px=3812, candidates=2, trigger=False[0m
[WARN] [1783734169.375304865] [orange_hurdle_jump_test]: [1;33m深度图超时: age=5.70s[0m
[WARN] [1783734170.172492343] [orange_hurdle_jump_test]: [1;33m深度图超时: age=5.35s[0m
[WARN] [1783734170.373701456] [orange_hurdle_jump_test]: [1;33m深度图超时: age=5.08s[0m
[WARN] [1783734170.639851402] [orange_hurdle_jump_test]: [1;33m深度图超时: age=4.69s[0m
[WARN] [1783734170.906248521] [orange_hurdle_jump_test]: [1;33m深度图超时: age=4.30s[0m
[WARN] [1783734171.107567995] [orange_hurdle_jump_test]: [1;33m深度图超时: age=4.06s[0m
[WARN] [1783734171.373718682] [orange_hurdle_jump_test]: [1;33m深度图超时: age=3.74s[0m
[WARN] [1783734171.574684782] [orange_hurdle_jump_test]: [1;33m深度图超时: age=3.48s[0m
[WARN] [1783734171.841597990] [orange_hurdle_jump_test]: [1;33m深度图超时: age=3.13s[0m
[WARN] [1783734172.109125810] [orange_hurdle_jump_test]: [1;33m深度图超时: age=2.83s[0m
[WARN] [1783734172.373973356] [orange_hurdle_jump_test]: [1;33m深度图超时: age=2.54s[0m
[WARN] [1783734172.576587603] [orange_hurdle_jump_test]: [1;33m深度图超时: age=2.31s[0m
[WARN] [1783734172.842567352] [orange_hurdle_jump_test]: [1;33m深度图超时: age=2.00s[0m
[WARN] [1783734173.109203608] [orange_hurdle_jump_test]: [1;33m深度图超时: age=1.74s[0m
[WARN] [1783734173.310104075] [orange_hurdle_jump_test]: [1;33m深度图超时: age=1.55s[0m
[WARN] [1783734173.575098006] [orange_hurdle_jump_test]: [1;33m深度图超时: age=1.28s[0m
[WARN] [1783734173.777297874] [orange_hurdle_jump_test]: [1;33m深度图超时: age=1.08s[0m
[WARN] [1783734174.042111088] [orange_hurdle_jump_test]: [1;33m深度图超时: age=0.83s[0m
[WARN] [1783734174.243719785] [orange_hurdle_jump_test]: [1;33m深度图超时: age=0.67s[0m
[INFO] [1783734174.512100598] [orange_hurdle_jump_test]: [1;95m触发状态更新: trigger=True[0m
[INFO] [1783734174.513639854] [orange_hurdle_jump_test]: [1;34m最近横栏: dist=0.295m, lateral=-0.127m, vertical=0.036m, pixel=(83.2,153.6), box=158x62, depth_px=1263, candidates=2, trigger=True[0m
[INFO] [1783734174.712246015] [orange_hurdle_jump_test]: [1;34m最近横栏: dist=0.307m, lateral=-0.104m, vertical=0.058m, pixel=(110.6,174.1), box=124x35, depth_px=1368, candidates=1, trigger=True[0m
[INFO] [1783734174.912105771] [orange_hurdle_jump_test]: [1;34m最近横栏: dist=0.195m, lateral=-0.082m, vertical=0.031m, pixel=(86.6,164.3), box=164x58, depth_px=825, candidates=2, trigger=True[0m
[INFO] [1783734174.977245966] [orange_hurdle_jump_test]: [1;95m触发状态更新: trigger=False[0m
[INFO] [1783734175.046527146] [orange_hurdle_jump_test]: [1;95m触发状态更新: trigger=True[0m
[INFO] [1783734175.112957988] [orange_hurdle_jump_test]: [1;34m最近横栏: dist=0.273m, lateral=-0.111m, vertical=0.032m, pixel=(89.8,152.8), box=164x45, depth_px=1069, candidates=2, trigger=True[0m
[INFO] [1783734175.312949775] [orange_hurdle_jump_test]: [1;34m最近横栏: dist=0.300m, lateral=-0.105m, vertical=0.038m, pixel=(106.9,155.0), box=144x41, depth_px=2793, candidates=2, trigger=True[0m
[INFO] [1783734175.511337597] [orange_hurdle_jump_test]: [1;95m触发状态更新: trigger=False[0m
[INFO] [1783734175.514163357] [orange_hurdle_jump_test]: [0;33m未检测到有效橘色横栏: candidates=0, frame=1950, mask_px=9226, contours=9, largest=area:2949,box:154x37,aspect:4.16,reject:depth_px:0, hsv_lower=[28, 40, 35], hsv_upper=[95, 255, 255][0m
[INFO] [1783734175.580874758] [orange_hurdle_jump_test]: [1;95m触发状态更新: trigger=True[0m
[INFO] [1783734175.713585975] [orange_hurdle_jump_test]: [1;34m最近横栏: dist=0.269m, lateral=-0.110m, vertical=0.046m, pixel=(89.5,168.6), box=154x49, depth_px=866, candidates=2, trigger=True[0m
[INFO] [1783734175.778098955] [orange_hurdle_jump_test]: [1;95m触发状态更新: trigger=False[0m
[INFO] [1783734175.912844646] [orange_hurdle_jump_test]: [1;95m触发状态更新: trigger=True[0m
[INFO] [1783734175.914900988] [orange_hurdle_jump_test]: [1;34m最近横栏: dist=0.256m, lateral=-0.118m, vertical=0.030m, pixel=(74.3,152.6), box=140x47, depth_px=1706, candidates=2, trigger=True[0m
[INFO] [1783734176.044980919] [orange_hurdle_jump_test]: [1;95m触发状态更新: trigger=False[0m
[INFO] [1783734176.115069564] [orange_hurdle_jump_test]: [0;33m未检测到有效橘色横栏: candidates=0, frame=1959, mask_px=4911, contours=10, largest=area:1821,box:96x31,aspect:3.10,reject:height, hsv_lower=[28, 40, 35], hsv_upper=[95, 255, 255][0m
[INFO] [1783734176.178558284] [orange_hurdle_jump_test]: [1;95m触发状态更新: trigger=True[0m
[INFO] [1783734176.378580760] [orange_hurdle_jump_test]: [1;95m触发状态更新: trigger=False[0m
[INFO] [1783734176.380450009] [orange_hurdle_jump_test]: [0;33m未检测到有效橘色横栏: candidates=0, frame=1963, mask_px=3834, contours=10, largest=area:2016,box:90x34,aspect:2.65,reject:height, hsv_lower=[28, 40, 35], hsv_upper=[95, 255, 255][0m
[INFO] [1783734176.445540736] [orange_hurdle_jump_test]: [1;95m触发状态更新: trigger=True[0m
[INFO] [1783734176.511428281] [orange_hurdle_jump_test]: [1;95m触发状态更新: trigger=False[0m
[INFO] [1783734176.579523248] [orange_hurdle_jump_test]: [1;95m触发状态更新: trigger=True[0m
[INFO] [1783734176.582281707] [orange_hurdle_jump_test]: [1;34m最近横栏: dist=0.296m, lateral=-0.131m, vertical=0.072m, pixel=(79.2,190.9), box=110x39, depth_px=77, candidates=1, trigger=True[0m
[INFO] [1783734176.646525603] [orange_hurdle_jump_test]: [1;95m触发状态更新: trigger=False[0m
[INFO] [1783734176.780969695] [orange_hurdle_jump_test]: [1;95m触发状态更新: trigger=True[0m
[INFO] [1783734176.783318185] [orange_hurdle_jump_test]: [1;34m最近横栏: dist=0.310m, lateral=-0.145m, vertical=0.057m, pixel=(72.2,172.7), box=120x36, depth_px=32, candidates=1, trigger=True[0m
[INFO] [1783734176.913720614] [orange_hurdle_jump_test]: [1;95m触发状态更新: trigger=False[0m
[INFO] [1783734176.982223252] [orange_hurdle_jump_test]: [1;95m触发状态更新: trigger=True[0m
[INFO] [1783734177.047221134] [orange_hurdle_jump_test]: [1;34m最近横栏: dist=0.190m, lateral=-0.093m, vertical=0.037m, pixel=(65.3,176.4), box=113x40, depth_px=15, candidates=1, trigger=True[0m
[INFO] [1783734177.183456759] [orange_hurdle_jump_test]: [1;95m触发状态更新: trigger=False[0m
[INFO] [1783734177.248396766] [orange_hurdle_jump_test]: [0;33m未检测到有效橘色横栏: candidates=0, frame=1976, mask_px=5281, contours=7, largest=area:1986,box:73x42,aspect:1.74,reject:top_edge:0.291m(err=0.291), hsv_lower=[28, 40, 35], hsv_upper=[95, 255, 255][0m
[INFO] [1783734177.448196162] [orange_hurdle_jump_test]: [1;95m触发状态更新: trigger=True[0m
[INFO] [1783734177.450777544] [orange_hurdle_jump_test]: [1;34m最近横栏: dist=0.333m, lateral=-0.172m, vertical=0.087m, pixel=(57.4,196.4), box=106x79, depth_px=2170, candidates=1, trigger=True[0m
[INFO] [1783734177.579662205] [orange_hurdle_jump_test]: [1;95m触发状态更新: trigger=False[0m
[INFO] [1783734177.647318454] [orange_hurdle_jump_test]: [1;95m触发状态更新: trigger=True[0m
[INFO] [1783734177.714262370] [orange_hurdle_jump_test]: [1;34m最近横栏: dist=0.197m, lateral=-0.101m, vertical=0.017m, pixel=(58.2,143.7), box=134x64, depth_px=895, candidates=2, trigger=True[0m
[INFO] [1783734177.846299960] [orange_hurdle_jump_test]: [1;95m触发状态更新: trigger=False[0m
[INFO] [1783734177.916864895] [orange_hurdle_jump_test]: [1;34m最近横栏: dist=1.088m, lateral=-0.540m, vertical=0.251m, pixel=(63.0,186.6), box=148x97, depth_px=2422, candidates=1, trigger=False[0m
[INFO] [1783734177.982253045] [orange_hurdle_jump_test]: [1;95m触发状态更新: trigger=True[0m
[INFO] [1783734178.046473273] [orange_hurdle_jump_test]: [1;95m触发状态更新: trigger=False[0m
[INFO] [1783734178.115409557] [orange_hurdle_jump_test]: [1;95m触发状态更新: trigger=True[0m
[INFO] [1783734178.117722504] [orange_hurdle_jump_test]: [1;34m最近横栏: dist=0.358m, lateral=-0.177m, vertical=0.062m, pixel=(63.3,169.5), box=108x37, depth_px=928, candidates=1, trigger=True[0m
[INFO] [1783734178.182815728] [orange_hurdle_jump_test]: [1;95m触发状态更新: trigger=False[0m
[INFO] [1783734178.246616567] [orange_hurdle_jump_test]: [1;95m触发状态更新: trigger=True[0m
[INFO] [1783734178.316988324] [orange_hurdle_jump_test]: [1;95m触发状态更新: trigger=False[0m
[INFO] [1783734178.320197129] [orange_hurdle_jump_test]: [0;33m未检测到有效橘色横栏: candidates=0, frame=1992, mask_px=965, contours=8, largest=area:350,box:26x23,aspect:1.13,reject:area+width+height+aspect, hsv_lower=[28, 40, 35], hsv_upper=[95, 255, 255][0m
[INFO] [1783734178.446967780] [orange_hurdle_jump_test]: [1;95m触发状态更新: trigger=True[0m
[INFO] [1783734178.586812767] [orange_hurdle_jump_test]: [1;95m触发状态更新: trigger=False[0m
[INFO] [1783734178.589669712] [orange_hurdle_jump_test]: [1;34m最近横栏: dist=1.417m, lateral=-0.621m, vertical=0.401m, pixel=(80.6,202.5), box=166x90, depth_px=350, candidates=1, trigger=False[0m
[INFO] [1783734178.847943437] [orange_hurdle_jump_test]: [0;33m未检测到有效橘色横栏: candidates=0, frame=2000, mask_px=5954, contours=7, largest=area:1982,box:75x41,aspect:1.83,reject:depth_px:0, hsv_lower=[28, 40, 35], hsv_upper=[95, 255, 255][0m
[INFO] [1783734179.047855990] [orange_hurdle_jump_test]: [0;33m未检测到有效橘色横栏: candidates=0, frame=2003, mask_px=1034, contours=3, largest=area:457,box:28x28,aspect:1.00,reject:area+width+height+aspect, hsv_lower=[28, 40, 35], hsv_upper=[95, 255, 255][0m
[INFO] [1783734179.248390403] [orange_hurdle_jump_test]: [0;33m未检测到有效橘色横栏: candidates=0, frame=2006, mask_px=144, contours=3, largest=area:40,box:10x6,aspect:1.67,reject:area+width+height, hsv_lower=[28, 40, 35], hsv_upper=[95, 255, 255][0m
[INFO] [1783734179.448200882] [orange_hurdle_jump_test]: [0;33m未检测到有效橘色横栏: candidates=0, frame=2009, mask_px=262, contours=3, largest=area:119,box:40x5,aspect:8.00,reject:area+width+height, hsv_lower=[28, 40, 35], hsv_upper=[95, 255, 255][0m
[INFO] [1783734179.648776405] [orange_hurdle_jump_test]: [0;33m未检测到有效橘色横栏: candidates=0, frame=2012, mask_px=2283, contours=8, largest=area:1191,box:75x43,aspect:1.74,reject:area, hsv_lower=[28, 40, 35], hsv_upper=[95, 255, 255][0m
[INFO] [1783734179.847573253] [orange_hurdle_jump_test]: [1;95m触发状态更新: trigger=True[0m
[INFO] [1783734179.914353747] [orange_hurdle_jump_test]: [1;95m触发状态更新: trigger=False[0m
[INFO] [1783734179.919222691] [orange_hurdle_jump_test]: [0;33m未检测到有效橘色横栏: candidates=0, frame=2016, mask_px=6698, contours=7, largest=area:3823,box:133x57,aspect:2.33,reject:top_edge:0.291m(err=0.291), hsv_lower=[28, 40, 35], hsv_upper=[95, 255, 255][0m
[INFO] [1783734180.118994698] [orange_hurdle_jump_test]: [1;34m最近横栏: dist=1.167m, lateral=-0.392m, vertical=0.217m, pixel=(111.7,173.1), box=202x73, depth_px=3740, candidates=2, trigger=False[0m
[INFO] [1783734180.383768176] [orange_hurdle_jump_test]: [1;34m最近横栏: dist=1.128m, lateral=-0.483m, vertical=0.299m, pixel=(83.7,197.0), box=176x92, depth_px=6572, candidates=1, trigger=False[0m
[INFO] [1783734180.584377808] [orange_hurdle_jump_test]: [1;34m最近横栏: dist=1.006m, lateral=-0.500m, vertical=0.299m, pixel=(62.9,207.0), box=142x80, depth_px=6286, candidates=1, trigger=False[0m
[INFO] [1783734180.850946789] [orange_hurdle_jump_test]: [1;34m最近横栏: dist=0.939m, lateral=0.131m, vertical=0.288m, pixel=(255.6,209.8), box=312x67, depth_px=9748, candidates=1, trigger=False[0m
[INFO] [1783734181.116835184] [orange_hurdle_jump_test]: [1;34m最近横栏: dist=0.779m, lateral=-0.107m, vertical=0.244m, pixel=(171.6,211.5), box=278x68, depth_px=10213, candidates=1, trigger=False[0m
[INFO] [1783734181.318911314] [orange_hurdle_jump_test]: [1;34m最近横栏: dist=0.666m, lateral=-0.129m, vertical=0.211m, pixel=(154.8,212.8), box=344x68, depth_px=8486, candidates=1, trigger=False[0m
[INFO] [1783734181.586606041] [orange_hurdle_jump_test]: [1;34m最近横栏: dist=0.594m, lateral=-0.129m, vertical=0.200m, pixel=(147.6,218.7), box=318x56, depth_px=6394, candidates=1, trigger=False[0m
[INFO] [1783734181.648630708] [orange_hurdle_jump_test]: [1;95m触发状态更新: trigger=True[0m
[INFO] [1783734181.716437418] [orange_hurdle_jump_test]: [1;95m触发状态更新: trigger=False[0m
[INFO] [1783734181.786694389] [orange_hurdle_jump_test]: [1;95m触发状态更新: trigger=True[0m
[INFO] [1783734181.850686210] [orange_hurdle_jump_test]: [1;34m最近横栏: dist=0.200m, lateral=-0.076m, vertical=0.069m, pixel=(98.8,221.7), box=218x61, depth_px=2421, candidates=1, trigger=True[0m
[INFO] [1783734181.915857382] [orange_hurdle_jump_test]: [1;95m触发状态更新: trigger=False[0m
[INFO] [1783734182.050916931] [orange_hurdle_jump_test]: [0;33m未检测到有效橘色横栏: candidates=0, frame=2048, mask_px=3150, contours=3, largest=area:2830,box:130x44,aspect:2.95,reject:top_edge:0.247m(err=0.247), hsv_lower=[28, 40, 35], hsv_upper=[95, 255, 255][0m
[INFO] [1783734182.251100001] [orange_hurdle_jump_test]: [0;33m未检测到有效橘色横栏: candidates=0, frame=2051, mask_px=1784, contours=5, largest=area:1273,box:34x93,aspect:0.37,reject:width+aspect, hsv_lower=[28, 40, 35], hsv_upper=[95, 255, 255][0m
[INFO] [1783734182.452161652] [orange_hurdle_jump_test]: [0;33m未检测到有效橘色横栏: candidates=0, frame=2054, mask_px=244, contours=3, largest=area:140,box:13x30,aspect:0.43,reject:area+width+height+aspect, hsv_lower=[28, 40, 35], hsv_upper=[95, 255, 255][0m
[INFO] [1783734182.718079957] [orange_hurdle_jump_test]: [0;33m未检测到有效橘色横栏: candidates=0, frame=2058, mask_px=92, contours=2, largest=area:55,box:8x13,aspect:0.62,reject:area+width+height+aspect, hsv_lower=[28, 40, 35], hsv_upper=[95, 255, 255][0m
[INFO] [1783734182.917543564] [orange_hurdle_jump_test]: [0;33m未检测到有效橘色横栏: candidates=0, frame=2061, mask_px=52, contours=1, largest=area:38,box:8x8,aspect:1.00,reject:area+width+height+aspect, hsv_lower=[28, 40, 35], hsv_upper=[95, 255, 255][0m
[INFO] [1783734183.119998196] [orange_hurdle_jump_test]: [0;33m未检测到有效橘色横栏: candidates=0, frame=2064, mask_px=3796, contours=15, largest=area:1498,box:46x86,aspect:0.53,reject:width+aspect, hsv_lower=[28, 40, 35], hsv_upper=[95, 255, 255][0m
[INFO] [1783734183.317978031] [orange_hurdle_jump_test]: [0;33m未检测到有效橘色横栏: candidates=0, frame=2067, mask_px=1347, contours=9, largest=area:345,box:22x34,aspect:0.65,reject:area+width+height+aspect, hsv_lower=[28, 40, 35], hsv_upper=[95, 255, 255][0m
[INFO] [1783734183.518805853] [orange_hurdle_jump_test]: [0;33m未检测到有效橘色横栏: candidates=0, frame=2070, mask_px=232, contours=2, largest=area:134,box:20x14,aspect:1.43,reject:area+width+height, hsv_lower=[28, 40, 35], hsv_upper=[95, 255, 255][0m
[INFO] [1783734183.785762359] [orange_hurdle_jump_test]: [0;33m未检测到有效橘色横栏: candidates=0, frame=2074, mask_px=670, contours=4, largest=area:344,box:19x32,aspect:0.59,reject:area+width+height+aspect, hsv_lower=[28, 40, 35], hsv_upper=[95, 255, 255][0m
[INFO] [1783734183.987384529] [orange_hurdle_jump_test]: [0;33m未检测到有效橘色横栏: candidates=0, frame=2077, mask_px=4878, contours=14, largest=area:2294,box:50x122,aspect:0.41,reject:width+aspect, hsv_lower=[28, 40, 35], hsv_upper=[95, 255, 255][0m
[INFO] [1783734184.194303640] [orange_hurdle_jump_test]: [0;33m未检测到有效橘色横栏: candidates=0, frame=2080, mask_px=98, contours=2, largest=area:57,box:11x7,aspect:1.57,reject:area+width+height, hsv_lower=[28, 40, 35], hsv_upper=[95, 255, 255][0m
[INFO] [1783734184.452384708] [orange_hurdle_jump_test]: [0;33m未检测到有效橘色横栏: candidates=0, frame=2084, mask_px=3624, contours=5, largest=area:2508,box:138x82,aspect:1.68,reject:depth_px:0, hsv_lower=[28, 40, 35], hsv_upper=[95, 255, 255][0m
[INFO] [1783734184.652346720] [orange_hurdle_jump_test]: [0;33m未检测到有效橘色横栏: candidates=0, frame=2087, mask_px=1550, contours=3, largest=area:1296,box:88x89,aspect:0.99,reject:aspect, hsv_lower=[28, 40, 35], hsv_upper=[95, 255, 255][0m
[INFO] [1783734184.787391496] [orange_hurdle_jump_test]: [1;95m触发状态更新: trigger=True[0m
[INFO] [1783734184.853081535] [orange_hurdle_jump_test]: [1;34m最近横栏: dist=0.327m, lateral=-0.157m, vertical=0.013m, pixel=(68.2,129.4), box=162x97, depth_px=5511, candidates=1, trigger=True[0m
[INFO] [1783734185.052902394] [orange_hurdle_jump_test]: [1;34m最近横栏: dist=0.298m, lateral=-0.025m, vertical=-0.065m, pixel=(188.0,50.8), box=163x109, depth_px=7194, candidates=1, trigger=True[0m
[INFO] [1783734185.251904120] [orange_hurdle_jump_test]: [1;95m触发状态更新: trigger=False[0m
[INFO] [1783734185.253985570] [orange_hurdle_jump_test]: [0;33m未检测到有效橘色横栏: candidates=0, frame=2096, mask_px=4598, contours=8, largest=area:1666,box:58x62,aspect:0.94,reject:width+aspect, hsv_lower=[28, 40, 35], hsv_upper=[95, 255, 255][0m
[INFO] [1783734185.519365760] [orange_hurdle_jump_test]: [0;33m未检测到有效橘色横栏: candidates=0, frame=2100, mask_px=812, contours=7, largest=area:282,box:35x19,aspect:1.84,reject:area+width+height, hsv_lower=[28, 40, 35], hsv_upper=[95, 255, 255][0m
[INFO] [1783734185.719068195] [orange_hurdle_jump_test]: [0;33m未检测到有效橘色横栏: candidates=0, frame=2103, mask_px=3659, contours=13, largest=area:1548,box:82x59,aspect:1.39,reject:depth_px:0, hsv_lower=[28, 40, 35], hsv_upper=[95, 255, 255][0m
[INFO] [1783734185.923455405] [orange_hurdle_jump_test]: [0;33m未检测到有效橘色横栏: candidates=0, frame=2106, mask_px=14594, contours=8, largest=area:11172,box:240x145,aspect:1.66,reject:depth_px:0, hsv_lower=[28, 40, 35], hsv_upper=[95, 255, 255][0m
[INFO] [1783734186.187701249] [orange_hurdle_jump_test]: [0;33m未检测到有效橘色横栏: candidates=0, frame=2110, mask_px=22192, contours=9, largest=area:17917,box:162x191,aspect:0.85,reject:aspect, hsv_lower=[28, 40, 35], hsv_upper=[95, 255, 255][0m
[INFO] [1783734186.387394651] [orange_hurdle_jump_test]: [0;33m未检测到有效橘色横栏: candidates=0, frame=2113, mask_px=9348, contours=19, largest=area:6007,box:64x159,aspect:0.40,reject:width+aspect, hsv_lower=[28, 40, 35], hsv_upper=[95, 255, 255][0m
[INFO] [1783734186.588048694] [orange_hurdle_jump_test]: [0;33m未检测到有效橘色横栏: candidates=0, frame=2116, mask_px=12565, contours=8, largest=area:10853,box:120x150,aspect:0.80,reject:aspect, hsv_lower=[28, 40, 35], hsv_upper=[95, 255, 255][0m
[INFO] [1783734186.856236885] [orange_hurdle_jump_test]: [0;33m未检测到有效橘色横栏: candidates=0, frame=2120, mask_px=16187, contours=8, largest=area:5864,box:134x127,aspect:1.06,reject:aspect, hsv_lower=[28, 40, 35], hsv_upper=[95, 255, 255][0m
[INFO] [1783734187.054353460] [orange_hurdle_jump_test]: [0;33m未检测到有效橘色横栏: candidates=0, frame=2123, mask_px=20805, contours=7, largest=area:10452,box:334x56,aspect:5.96,reject:depth_px:0, hsv_lower=[28, 40, 35], hsv_upper=[95, 255, 255][0m
[INFO] [1783734187.187168641] [orange_hurdle_jump_test]: [1;95m触发状态更新: trigger=True[0m
[INFO] [1783734187.255665258] [orange_hurdle_jump_test]: [1;34m最近横栏: dist=0.191m, lateral=0.023m, vertical=0.051m, pixel=(249.1,198.0), box=424x106, depth_px=276, candidates=1, trigger=True[0m
[INFO] [1783734187.456249820] [orange_hurdle_jump_test]: [1;34m最近横栏: dist=0.195m, lateral=0.040m, vertical=0.046m, pixel=(275.6,187.7), box=388x128, depth_px=37, candidates=1, trigger=True[0m
[INFO] [1783734187.654815087] [orange_hurdle_jump_test]: [1;95m触发状态更新: trigger=False[0m
[INFO] [1783734187.656572426] [orange_hurdle_jump_test]: [1;34m最近横栏: dist=1.387m, lateral=0.170m, vertical=0.333m, pixel=(250.4,189.7), box=424x137, depth_px=332, candidates=1, trigger=False[0m
[INFO] [1783734187.857312227] [orange_hurdle_jump_test]: [1;34m最近横栏: dist=1.349m, lateral=0.399m, vertical=0.293m, pixel=(302.7,182.7), box=368x152, depth_px=979, candidates=1, trigger=False[0m
[INFO] [1783734188.125353340] [orange_hurdle_jump_test]: [0;33m未检测到有效橘色横栏: candidates=0, frame=2139, mask_px=17047, contours=8, largest=area:7094,box:154x69,aspect:2.23,reject:top_edge:0.263m(err=0.263), hsv_lower=[28, 40, 35], hsv_upper=[95, 255, 255][0m
[INFO] [1783734188.324626367] [orange_hurdle_jump_test]: [0;33m未检测到有效橘色横栏: candidates=0, frame=2142, mask_px=16742, contours=10, largest=area:11244,box:150x146,aspect:1.03,reject:aspect, hsv_lower=[28, 40, 35], hsv_upper=[95, 255, 255][0m
[INFO] [1783734188.523289769] [orange_hurdle_jump_test]: [0;33m未检测到有效橘色横栏: candidates=0, frame=2145, mask_px=20022, contours=12, largest=area:17014,box:186x180,aspect:1.03,reject:aspect, hsv_lower=[28, 40, 35], hsv_upper=[95, 255, 255][0m
[INFO] [1783734188.789997471] [orange_hurdle_jump_test]: [0;33m未检测到有效橘色横栏: candidates=0, frame=2149, mask_px=15057, contours=12, largest=area:8569,box:114x159,aspect:0.72,reject:aspect, hsv_lower=[28, 40, 35], hsv_upper=[95, 255, 255][0m
[INFO] [1783734189.055089205] [orange_hurdle_jump_test]: [0;33m未检测到有效橘色横栏: candidates=0, frame=2153, mask_px=16974, contours=11, largest=area:8830,box:120x159,aspect:0.75,reject:aspect, hsv_lower=[28, 40, 35], hsv_upper=[95, 255, 255][0m
[INFO] [1783734189.255818116] [orange_hurdle_jump_test]: [0;33m未检测到有效橘色横栏: candidates=0, frame=2156, mask_px=15634, contours=15, largest=area:8378,box:128x132,aspect:0.97,reject:aspect, hsv_lower=[28, 40, 35], hsv_upper=[95, 255, 255][0m
[INFO] [1783734189.527258130] [orange_hurdle_jump_test]: [1;34m最近横栏: dist=1.472m, lateral=0.765m, vertical=0.391m, pixel=(370.7,197.4), box=128x100, depth_px=148, candidates=1, trigger=False[0m
[INFO] [1783734189.723135323] [orange_hurdle_jump_test]: [0;33m未检测到有效橘色横栏: candidates=0, frame=2163, mask_px=17142, contours=10, largest=area:11116,box:128x183,aspect:0.70,reject:aspect, hsv_lower=[28, 40, 35], hsv_upper=[95, 255, 255][0m
[INFO] [1783734189.990748119] [orange_hurdle_jump_test]: [0;33m未检测到有效橘色横栏: candidates=0, frame=2167, mask_px=4255, contours=7, largest=area:1604,box:60x45,aspect:1.33,reject:width, hsv_lower=[28, 40, 35], hsv_upper=[95, 255, 255][0m
[INFO] [1783734190.256316314] [orange_hurdle_jump_test]: [0;33m未检测到有效橘色横栏: candidates=0, frame=2171, mask_px=7529, contours=12, largest=area:2984,box:108x95,aspect:1.14,reject:aspect, hsv_lower=[28, 40, 35], hsv_upper=[95, 255, 255][0m
[INFO] [1783734190.456640035] [orange_hurdle_jump_test]: [0;33m未检测到有效橘色横栏: candidates=0, frame=2174, mask_px=10172, contours=12, largest=area:4838,box:108x95,aspect:1.14,reject:aspect, hsv_lower=[28, 40, 35], hsv_upper=[95, 255, 255][0m
[INFO] [1783734190.659196475] [orange_hurdle_jump_test]: [0;33m未检测到有效橘色横栏: candidates=0, frame=2177, mask_px=11813, contours=15, largest=area:3262,box:84x79,aspect:1.06,reject:aspect, hsv_lower=[28, 40, 35], hsv_upper=[95, 255, 255][0m
[INFO] [1783734190.858752306] [orange_hurdle_jump_test]: [0;33m未检测到有效橘色横栏: candidates=0, frame=2180, mask_px=19409, contours=6, largest=area:12953,box:272x108,aspect:2.52,reject:depth_px:0, hsv_lower=[28, 40, 35], hsv_upper=[95, 255, 255][0m
[INFO] [1783734191.057553185] [orange_hurdle_jump_test]: [0;33m未检测到有效橘色横栏: candidates=0, frame=2183, mask_px=28309, contours=7, largest=area:22676,box:336x159,aspect:2.11,reject:depth_px:0, hsv_lower=[28, 40, 35], hsv_upper=[95, 255, 255][0m
[INFO] [1783734191.122863295] [orange_hurdle_jump_test]: [1;95m触发状态更新: trigger=True[0m
[INFO] [1783734191.189105429] [orange_hurdle_jump_test]: [1;95m触发状态更新: trigger=False[0m
[INFO] [1783734191.258780530] [orange_hurdle_jump_test]: [0;33m未检测到有效橘色横栏: candidates=0, frame=2186, mask_px=27815, contours=8, largest=area:24301,box:330x177,aspect:1.86,reject:depth_px:0, hsv_lower=[28, 40, 35], hsv_upper=[95, 255, 255][0m
[INFO] [1783734191.527574490] [orange_hurdle_jump_test]: [0;33m未检测到有效橘色横栏: candidates=0, frame=2190, mask_px=24464, contours=6, largest=area:22386,box:310x141,aspect:2.20,reject:depth_px:0, hsv_lower=[28, 40, 35], hsv_upper=[95, 255, 255][0m
[INFO] [1783734191.793212878] [orange_hurdle_jump_test]: [0;33m未检测到有效橘色横栏: candidates=0, frame=2194, mask_px=26265, contours=4, largest=area:24792,box:284x210,aspect:1.35,reject:depth_px:0, hsv_lower=[28, 40, 35], hsv_upper=[95, 255, 255][0m
[INFO] [1783734192.059818167] [orange_hurdle_jump_test]: [0;33m未检测到有效橘色横栏: candidates=0, frame=2198, mask_px=14399, contours=1, largest=area:13979,box:292x157,aspect:1.86,reject:top_edge:-0.564m(err=-0.564), hsv_lower=[28, 40, 35], hsv_upper=[95, 255, 255][0m
[INFO] [1783734192.324257238] [orange_hurdle_jump_test]: [0;33m未检测到有效橘色横栏: candidates=0, frame=2202, mask_px=14932, contours=2, largest=area:14564,box:210x144,aspect:1.46,reject:depth_px:0, hsv_lower=[28, 40, 35], hsv_upper=[95, 255, 255][0m
[INFO] [1783734192.591171517] [orange_hurdle_jump_test]: [0;33m未检测到有效橘色横栏: candidates=0, frame=2206, mask_px=6045, contours=6, largest=area:4882,box:114x77,aspect:1.48,reject:depth_px:0, hsv_lower=[28, 40, 35], hsv_upper=[95, 255, 255][0m
[INFO] [1783734192.794223352] [orange_hurdle_jump_test]: [0;33m未检测到有效橘色横栏: candidates=0, frame=2209, mask_px=9138, contours=8, largest=area:7624,box:284x68,aspect:4.18,reject:depth_px:0, hsv_lower=[28, 40, 35], hsv_upper=[95, 255, 255][0m
[INFO] [1783734192.924655141] [orange_hurdle_jump_test]: [1;95m触发状态更新: trigger=True[0m
[INFO] [1783734193.058904287] [orange_hurdle_jump_test]: [1;34m最近横栏: dist=0.187m, lateral=0.010m, vertical=0.050m, pixel=(228.7,198.0), box=424x112, depth_px=338, candidates=1, trigger=True[0m
[INFO] [1783734193.191091080] [orange_hurdle_jump_test]: [1;95m触发状态更新: trigger=False[0m
[INFO] [1783734193.262810543] [orange_hurdle_jump_test]: [1;34m最近横栏: dist=0.974m, lateral=0.135m, vertical=0.210m, pixel=(255.2,182.3), box=424x154, depth_px=4573, candidates=1, trigger=False[0m
[INFO] [1783734193.459851239] [orange_hurdle_jump_test]: [1;95m触发状态更新: trigger=True[0m
[INFO] [1783734193.461583960] [orange_hurdle_jump_test]: [1;34m最近横栏: dist=0.191m, lateral=-0.067m, vertical=0.062m, pixel=(107.8,214.7), box=138x60, depth_px=89, candidates=2, trigger=True[0m
[INFO] [1783734193.524427134] [orange_hurdle_jump_test]: [1;95m触发状态更新: trigger=False[0m
[INFO] [1783734193.725813867] [orange_hurdle_jump_test]: [1;34m最近横栏: dist=1.098m, lateral=0.482m, vertical=0.230m, pixel=(346.1,180.2), box=258x141, depth_px=1397, candidates=1, trigger=False[0m
[INFO] [1783734193.925533165] [orange_hurdle_jump_test]: [0;33m未检测到有效橘色横栏: candidates=0, frame=2226, mask_px=14966, contours=2, largest=area:13302,box:302x100,aspect:3.02,reject:depth_px:0, hsv_lower=[28, 40, 35], hsv_upper=[95, 255, 255][0m
[INFO] [1783734194.126257840] [orange_hurdle_jump_test]: [0;33m未检测到有效橘色横栏: candidates=0, frame=2229, mask_px=9805, contours=4, largest=area:7704,box:260x52,aspect:5.00,reject:depth_px:0, hsv_lower=[28, 40, 35], hsv_upper=[95, 255, 255][0m
[INFO] [1783734194.326252675] [orange_hurdle_jump_test]: [0;33m未检测到有效橘色横栏: candidates=0, frame=2232, mask_px=6886, contours=4, largest=area:5870,box:241x40,aspect:6.03,reject:depth_px:0, hsv_lower=[28, 40, 35], hsv_upper=[95, 255, 255][0m
[INFO] [1783734194.525899011] [orange_hurdle_jump_test]: [0;33m未检测到有效橘色横栏: candidates=0, frame=2235, mask_px=10481, contours=3, largest=area:9478,box:360x48,aspect:7.50,reject:depth_px:0, hsv_lower=[28, 40, 35], hsv_upper=[95, 255, 255][0m
[INFO] [1783734194.658614516] [orange_hurdle_jump_test]: [1;95m触发状态更新: trigger=True[0m
[INFO] [1783734194.724722492] [orange_hurdle_jump_test]: [1;95m触发状态更新: trigger=False[0m
[INFO] [1783734194.728582625] [orange_hurdle_jump_test]: [0;33m未检测到有效橘色横栏: candidates=0, frame=2238, mask_px=12486, contours=2, largest=area:11942,box:420x51,aspect:8.24,reject:depth_px:0, hsv_lower=[28, 40, 35], hsv_upper=[95, 255, 255][0m
[INFO] [1783734194.995268686] [orange_hurdle_jump_test]: [0;33m未检测到有效橘色横栏: candidates=0, frame=2242, mask_px=10344, contours=2, largest=area:9649,box:356x49,aspect:7.27,reject:depth_px:9, hsv_lower=[28, 40, 35], hsv_upper=[95, 255, 255][0m
[INFO] [1783734195.260368775] [orange_hurdle_jump_test]: [0;33m未检测到有效橘色横栏: candidates=0, frame=2246, mask_px=7455, contours=1, largest=area:7162,box:264x49,aspect:5.39,reject:depth_px:0, hsv_lower=[28, 40, 35], hsv_upper=[95, 255, 255][0m
[INFO] [1783734195.528730956] [orange_hurdle_jump_test]: [0;33m未检测到有效橘色横栏: candidates=0, frame=2250, mask_px=6421, contours=2, largest=area:6152,box:192x56,aspect:3.43,reject:depth_px:0, hsv_lower=[28, 40, 35], hsv_upper=[95, 255, 255][0m
[INFO] [1783734195.729851407] [orange_hurdle_jump_test]: [0;33m未检测到有效橘色横栏: candidates=0, frame=2253, mask_px=7692, contours=4, largest=area:6684,box:200x61,aspect:3.28,reject:depth_px:0, hsv_lower=[28, 40, 35], hsv_upper=[95, 255, 255][0m
[INFO] [1783734195.929956393] [orange_hurdle_jump_test]: [0;33m未检测到有效橘色横栏: candidates=0, frame=2256, mask_px=8582, contours=4, largest=area:6734,box:168x63,aspect:2.67,reject:depth_px:0, hsv_lower=[28, 40, 35], hsv_upper=[95, 255, 255][0m
[INFO] [1783734196.196340348] [orange_hurdle_jump_test]: [0;33m未检测到有效橘色横栏: candidates=0, frame=2260, mask_px=15187, contours=5, largest=area:11653,box:224x92,aspect:2.43,reject:depth_px:10, hsv_lower=[28, 40, 35], hsv_upper=[95, 255, 255][0m
[INFO] [1783734196.464409732] [orange_hurdle_jump_test]: [0;33m未检测到有效橘色横栏: candidates=0, frame=2264, mask_px=19205, contours=5, largest=area:11944,box:278x71,aspect:3.92,reject:depth_px:0, hsv_lower=[28, 40, 35], hsv_upper=[95, 255, 255][0m
[INFO] [1783734196.661894626] [orange_hurdle_jump_test]: [0;33m未检测到有效橘色横栏: candidates=0, frame=2267, mask_px=21318, contours=5, largest=area:17135,box:196x111,aspect:1.77,reject:depth_px:0, hsv_lower=[28, 40, 35], hsv_upper=[95, 255, 255][0m
[INFO] [1783734196.862175514] [orange_hurdle_jump_test]: [0;33m未检测到有效橘色横栏: candidates=0, frame=2270, mask_px=10241, contours=10, largest=area:7464,box:82x148,aspect:0.55,reject:aspect, hsv_lower=[28, 40, 35], hsv_upper=[95, 255, 255][0m
[INFO] [1783734196.927389997] [orange_hurdle_jump_test]: [1;95m触发状态更新: trigger=True[0m
[INFO] [1783734197.060592000] [orange_hurdle_jump_test]: [1;95m触发状态更新: trigger=False[0m
[INFO] [1783734197.062344958] [orange_hurdle_jump_test]: [1;34m最近横栏: dist=0.590m, lateral=0.247m, vertical=0.189m, pixel=(340.2,214.1), box=126x71, depth_px=3170, candidates=1, trigger=False[0m
[INFO] [1783734197.328513466] [orange_hurdle_jump_test]: [0;33m未检测到有效橘色横栏: candidates=0, frame=2277, mask_px=11881, contours=8, largest=area:8397,box:156x113,aspect:1.38,reject:depth_px:0, hsv_lower=[28, 40, 35], hsv_upper=[95, 255, 255][0m
[INFO] [1783734197.528861040] [orange_hurdle_jump_test]: [0;33m未检测到有效橘色横栏: candidates=0, frame=2280, mask_px=14446, contours=3, largest=area:11592,box:200x114,aspect:1.75,reject:depth_px:0, hsv_lower=[28, 40, 35], hsv_upper=[95, 255, 255][0m
[INFO] [1783734197.729407925] [orange_hurdle_jump_test]: [0;33m未检测到有效橘色横栏: candidates=0, frame=2283, mask_px=8152, contours=6, largest=area:3216,box:122x85,aspect:1.44,reject:depth_px:0, hsv_lower=[28, 40, 35], hsv_upper=[95, 255, 255][0m
[INFO] [1783734197.998014223] [orange_hurdle_jump_test]: [0;33m未检测到有效橘色横栏: candidates=0, frame=2287, mask_px=7095, contours=11, largest=area:2696,box:52x99,aspect:0.53,reject:width+aspect, hsv_lower=[28, 40, 35], hsv_upper=[95, 255, 255][0m
[INFO] [1783734198.199017785] [orange_hurdle_jump_test]: [1;95m触发状态更新: trigger=True[0m
[INFO] [1783734198.261407148] [orange_hurdle_jump_test]: [1;95m触发状态更新: trigger=False[0m
[INFO] [1783734198.263951401] [orange_hurdle_jump_test]: [0;33m未检测到有效橘色横栏: candidates=0, frame=2291, mask_px=13491, contours=10, largest=area:4737,box:96x81,aspect:1.19,reject:aspect, hsv_lower=[28, 40, 35], hsv_upper=[95, 255, 255][0m
[INFO] [1783734198.331500473] [orange_hurdle_jump_test]: [1;95m触发状态更新: trigger=True[0m
[INFO] [1783734198.398023683] [orange_hurdle_jump_test]: [1;95m触发状态更新: trigger=False[0m
[INFO] [1783734198.467099345] [orange_hurdle_jump_test]: [0;33m未检测到有效橘色横栏: candidates=0, frame=2294, mask_px=12168, contours=11, largest=area:3908,box:150x47,aspect:3.19,reject:depth_px:0, hsv_lower=[28, 40, 35], hsv_upper=[95, 255, 255][0m
[INFO] [1783734198.729268125] [orange_hurdle_jump_test]: [1;95m触发状态更新: trigger=True[0m
[INFO] [1783734198.731284777] [orange_hurdle_jump_test]: [1;34m最近横栏: dist=0.361m, lateral=-0.207m, vertical=0.006m, pixel=(40.0,121.9), box=88x52, depth_px=1088, candidates=1, trigger=True[0m
[INFO] [1783734198.995711147] [orange_hurdle_jump_test]: [1;95m触发状态更新: trigger=False[0m
[INFO] [1783734198.999044103] [orange_hurdle_jump_test]: [0;33m未检测到有效橘色横栏: candidates=0, frame=2302, mask_px=7164, contours=5, largest=area:3518,box:98x97,aspect:1.01,reject:aspect, hsv_lower=[28, 40, 35], hsv_upper=[95, 255, 255][0m
[INFO] [1783734199.128874746] [orange_hurdle_jump_test]: [1;95m触发状态更新: trigger=True[0m
[INFO] [1783734199.199576230] [orange_hurdle_jump_test]: [1;34m最近横栏: dist=0.433m, lateral=-0.255m, vertical=0.022m, pixel=(34.9,132.1), box=76x37, depth_px=97, candidates=1, trigger=True[0m
[INFO] [1783734199.398859962] [orange_hurdle_jump_test]: [1;34m最近横栏: dist=0.398m, lateral=-0.209m, vertical=0.017m, pixel=(54.1,130.1), box=127x40, depth_px=694, candidates=1, trigger=True[0m
[INFO] [1783734199.601605596] [orange_hurdle_jump_test]: [1;34m最近横栏: dist=0.402m, lateral=0.195m, vertical=0.028m, pixel=(359.8,138.4), box=158x106, depth_px=8467, candidates=3, trigger=True[0m
[INFO] [1783734199.800097870] [orange_hurdle_jump_test]: [1;34m最近横栏: dist=0.191m, lateral=-0.100m, vertical=0.012m, pixel=(54.9,136.3), box=128x51, depth_px=751, candidates=2, trigger=True[0m
[INFO] [1783734200.064357581] [orange_hurdle_jump_test]: [1;34m最近横栏: dist=0.413m, lateral=0.131m, vertical=0.062m, pixel=(309.5,162.6), box=242x166, depth_px=18391, candidates=1, trigger=True[0m
[INFO] [1783734200.265601788] [orange_hurdle_jump_test]: [1;34m最近横栏: dist=0.194m, lateral=-0.103m, vertical=0.018m, pixel=(52.3,145.6), box=140x94, depth_px=1092, candidates=1, trigger=True[0m
[INFO] [1783734200.329596326] [orange_hurdle_jump_test]: [1;95m触发状态更新: trigger=False[0m
[INFO] [1783734200.530673527] [orange_hurdle_jump_test]: [1;95m触发状态更新: trigger=True[0m
[INFO] [1783734200.532453383] [orange_hurdle_jump_test]: [1;34m最近横栏: dist=0.418m, lateral=0.118m, vertical=0.063m, pixel=(298.8,162.9), box=244x177, depth_px=19620, candidates=1, trigger=True[0m
[INFO] [1783734200.736073847] [orange_hurdle_jump_test]: [1;34m最近横栏: dist=0.417m, lateral=0.121m, vertical=0.058m, pixel=(300.9,158.7), box=240x178, depth_px=21981, candidates=1, trigger=True[0m
[INFO] [1783734200.863825197] [orange_hurdle_jump_test]: [1;95m触发状态更新: trigger=False[0m
[INFO] [1783734200.932671333] [orange_hurdle_jump_test]: [0;33m未检测到有效橘色横栏: candidates=0, frame=2331, mask_px=29886, contours=12, largest=area:22522,box:242x208,aspect:1.16,reject:aspect, hsv_lower=[28, 40, 35], hsv_upper=[95, 255, 255][0m
[INFO] [1783734201.064379506] [orange_hurdle_jump_test]: [1;95m触发状态更新: trigger=True[0m
[INFO] [1783734201.135738331] [orange_hurdle_jump_test]: [1;34m最近横栏: dist=0.415m, lateral=0.120m, vertical=0.062m, pixel=(300.5,162.3), box=238x177, depth_px=20731, candidates=1, trigger=True[0m
[INFO] [1783734201.334868802] [orange_hurdle_jump_test]: [1;34m最近横栏: dist=0.414m, lateral=0.124m, vertical=0.059m, pixel=(303.6,159.8), box=242x179, depth_px=21272, candidates=1, trigger=True[0m
[INFO] [1783734201.539416265] [orange_hurdle_jump_test]: [1;34m最近横栏: dist=0.414m, lateral=0.126m, vertical=0.059m, pixel=(305.1,159.9), box=236x176, depth_px=20802, candidates=1, trigger=True[0m
[INFO] [1783734201.738177326] [orange_hurdle_jump_test]: [1;34m最近横栏: dist=0.413m, lateral=0.121m, vertical=0.058m, pixel=(301.7,159.7), box=238x176, depth_px=21747, candidates=1, trigger=True[0m
[INFO] [1783734201.999622928] [orange_hurdle_jump_test]: [1;34m最近横栏: dist=0.409m, lateral=0.128m, vertical=0.061m, pixel=(308.0,161.9), box=238x175, depth_px=14846, candidates=1, trigger=True[0m
[INFO] [1783734202.201211585] [orange_hurdle_jump_test]: [1;34m最近横栏: dist=0.411m, lateral=0.031m, vertical=0.113m, pixel=(236.2,200.3), box=120x85, depth_px=3443, candidates=2, trigger=True[0m
[INFO] [1783734202.402605502] [orange_hurdle_jump_test]: [1;34m最近横栏: dist=0.413m, lateral=0.179m, vertical=0.025m, pixel=(344.7,135.3), box=198x125, depth_px=9550, candidates=2, trigger=True[0m
[INFO] [1783734202.667261029] [orange_hurdle_jump_test]: [1;34m最近横栏: dist=0.413m, lateral=0.178m, vertical=0.026m, pixel=(343.8,136.1), box=202x124, depth_px=9968, candidates=2, trigger=True[0m
[INFO] [1783734202.936831059] [orange_hurdle_jump_test]: [1;34m最近横栏: dist=0.411m, lateral=0.175m, vertical=0.025m, pixel=(342.0,135.6), box=204x126, depth_px=10575, candidates=2, trigger=True[0m
[INFO] [1783734203.201914687] [orange_hurdle_jump_test]: [1;34m最近横栏: dist=0.412m, lateral=0.168m, vertical=0.021m, pixel=(336.8,132.6), box=226x146, depth_px=12232, candidates=3, trigger=True[0m
[INFO] [1783734203.403232950] [orange_hurdle_jump_test]: [1;34m最近横栏: dist=0.411m, lateral=0.160m, vertical=0.027m, pixel=(331.4,136.8), box=226x124, depth_px=12126, candidates=3, trigger=True[0m
[INFO] [1783734203.601602993] [orange_hurdle_jump_test]: [1;34m最近横栏: dist=0.410m, lateral=0.166m, vertical=0.019m, pixel=(336.2,130.7), box=224x150, depth_px=13043, candidates=3, trigger=True[0m
