[0.086s] DEBUG:colcon:Command line arguments: ['/usr/bin/colcon', 'build']
[0.086s] DEBUG:colcon:Parsed command line arguments: Namespace(log_base=None, log_level=None, verb_name='build', build_base='build', install_base='install', merge_install=False, symlink_install=False, test_result_base=None, continue_on_error=False, executor='parallel', parallel_workers=8, event_handlers=None, ignore_user_meta=False, metas=['./colcon.meta'], base_paths=['.'], packages_ignore=None, packages_ignore_regex=None, paths=None, packages_up_to=None, packages_up_to_regex=None, packages_above=None, packages_above_and_dependencies=None, packages_above_depth=None, packages_select_by_dep=None, packages_skip_by_dep=None, packages_skip_up_to=None, packages_select_build_failed=False, packages_skip_build_finished=False, packages_select_test_failures=False, packages_skip_test_passed=False, packages_select=None, packages_skip=None, packages_select_regex=None, packages_skip_regex=None, packages_start=None, packages_end=None, allow_overriding=[], cmake_args=None, cmake_target=None, cmake_target_skip_unavailable=False, cmake_clean_cache=False, cmake_clean_first=False, cmake_force_configure=False, ament_cmake_args=None, catkin_cmake_args=None, catkin_skip_building_tests=False, verb_parser=<colcon_defaults.argument_parser.defaults.DefaultArgumentsDecorator object at 0x727ada9e8c10>, verb_extension=<colcon_core.verb.build.BuildVerb object at 0x727ada9e8670>, main=<bound method BuildVerb.main of <colcon_core.verb.build.BuildVerb object at 0x727ada9e8670>>)
[0.205s] Level 1:colcon.colcon_core.package_discovery:discover_packages(colcon_meta) check parameters
[0.205s] Level 1:colcon.colcon_core.package_discovery:discover_packages(recursive) check parameters
[0.205s] Level 1:colcon.colcon_core.package_discovery:discover_packages(ignore) check parameters
[0.205s] Level 1:colcon.colcon_core.package_discovery:discover_packages(path) check parameters
[0.205s] Level 1:colcon.colcon_core.package_discovery:discover_packages(colcon_meta) discover
[0.205s] Level 1:colcon.colcon_core.package_discovery:discover_packages(recursive) discover
[0.205s] INFO:colcon.colcon_core.package_discovery:Crawling recursively for packages in '/home/gouzi/obstacle_race_src'
[0.205s] Level 1:colcon.colcon_core.package_identification:_identify(.) by extensions ['ignore', 'ignore_ament_install']
[0.205s] Level 1:colcon.colcon_core.package_identification:_identify(.) by extension 'ignore'
[0.205s] Level 1:colcon.colcon_core.package_identification:_identify(.) by extension 'ignore_ament_install'
[0.205s] Level 1:colcon.colcon_core.package_identification:_identify(.) by extensions ['colcon_pkg']
[0.205s] Level 1:colcon.colcon_core.package_identification:_identify(.) by extension 'colcon_pkg'
[0.205s] Level 1:colcon.colcon_core.package_identification:_identify(.) by extensions ['colcon_meta']
[0.205s] Level 1:colcon.colcon_core.package_identification:_identify(.) by extension 'colcon_meta'
[0.205s] Level 1:colcon.colcon_core.package_identification:_identify(.) by extensions ['ros']
[0.206s] Level 1:colcon.colcon_core.package_identification:_identify(.) by extension 'ros'
[0.214s] Level 1:colcon.colcon_core.package_identification:_identify(.) by extensions ['cmake', 'python']
[0.214s] Level 1:colcon.colcon_core.package_identification:_identify(.) by extension 'cmake'
[0.214s] Level 1:colcon.colcon_core.package_identification:_identify(.) by extension 'python'
[0.214s] Level 1:colcon.colcon_core.package_identification:_identify(.) by extensions ['python_setup_py']
[0.214s] Level 1:colcon.colcon_core.package_identification:_identify(.) by extension 'python_setup_py'
[0.214s] Level 1:colcon.colcon_core.package_identification:_identify(bags) by extensions ['ignore', 'ignore_ament_install']
[0.215s] Level 1:colcon.colcon_core.package_identification:_identify(bags) by extension 'ignore'
[0.215s] Level 1:colcon.colcon_core.package_identification:_identify(bags) by extension 'ignore_ament_install'
[0.215s] Level 1:colcon.colcon_core.package_identification:_identify(bags) by extensions ['colcon_pkg']
[0.215s] Level 1:colcon.colcon_core.package_identification:_identify(bags) by extension 'colcon_pkg'
[0.215s] Level 1:colcon.colcon_core.package_identification:_identify(bags) by extensions ['colcon_meta']
[0.215s] Level 1:colcon.colcon_core.package_identification:_identify(bags) by extension 'colcon_meta'
[0.215s] Level 1:colcon.colcon_core.package_identification:_identify(bags) by extensions ['ros']
[0.215s] Level 1:colcon.colcon_core.package_identification:_identify(bags) by extension 'ros'
[0.215s] Level 1:colcon.colcon_core.package_identification:_identify(bags) by extensions ['cmake', 'python']
[0.215s] Level 1:colcon.colcon_core.package_identification:_identify(bags) by extension 'cmake'
[0.215s] Level 1:colcon.colcon_core.package_identification:_identify(bags) by extension 'python'
[0.215s] Level 1:colcon.colcon_core.package_identification:_identify(bags) by extensions ['python_setup_py']
[0.215s] Level 1:colcon.colcon_core.package_identification:_identify(bags) by extension 'python_setup_py'
[0.215s] Level 1:colcon.colcon_core.package_identification:_identify(bags/pole_p4_to_p1_run1) by extensions ['ignore', 'ignore_ament_install']
[0.215s] Level 1:colcon.colcon_core.package_identification:_identify(bags/pole_p4_to_p1_run1) by extension 'ignore'
[0.215s] Level 1:colcon.colcon_core.package_identification:_identify(bags/pole_p4_to_p1_run1) by extension 'ignore_ament_install'
[0.215s] Level 1:colcon.colcon_core.package_identification:_identify(bags/pole_p4_to_p1_run1) by extensions ['colcon_pkg']
[0.215s] Level 1:colcon.colcon_core.package_identification:_identify(bags/pole_p4_to_p1_run1) by extension 'colcon_pkg'
[0.215s] Level 1:colcon.colcon_core.package_identification:_identify(bags/pole_p4_to_p1_run1) by extensions ['colcon_meta']
[0.215s] Level 1:colcon.colcon_core.package_identification:_identify(bags/pole_p4_to_p1_run1) by extension 'colcon_meta'
[0.215s] Level 1:colcon.colcon_core.package_identification:_identify(bags/pole_p4_to_p1_run1) by extensions ['ros']
[0.215s] Level 1:colcon.colcon_core.package_identification:_identify(bags/pole_p4_to_p1_run1) by extension 'ros'
[0.215s] Level 1:colcon.colcon_core.package_identification:_identify(bags/pole_p4_to_p1_run1) by extensions ['cmake', 'python']
[0.215s] Level 1:colcon.colcon_core.package_identification:_identify(bags/pole_p4_to_p1_run1) by extension 'cmake'
[0.215s] Level 1:colcon.colcon_core.package_identification:_identify(bags/pole_p4_to_p1_run1) by extension 'python'
[0.215s] Level 1:colcon.colcon_core.package_identification:_identify(bags/pole_p4_to_p1_run1) by extensions ['python_setup_py']
[0.215s] Level 1:colcon.colcon_core.package_identification:_identify(bags/pole_p4_to_p1_run1) by extension 'python_setup_py'
[0.215s] Level 1:colcon.colcon_core.package_identification:_identify(bags/pole_p4_to_p1_run2) by extensions ['ignore', 'ignore_ament_install']
[0.215s] Level 1:colcon.colcon_core.package_identification:_identify(bags/pole_p4_to_p1_run2) by extension 'ignore'
[0.215s] Level 1:colcon.colcon_core.package_identification:_identify(bags/pole_p4_to_p1_run2) by extension 'ignore_ament_install'
[0.215s] Level 1:colcon.colcon_core.package_identification:_identify(bags/pole_p4_to_p1_run2) by extensions ['colcon_pkg']
[0.216s] Level 1:colcon.colcon_core.package_identification:_identify(bags/pole_p4_to_p1_run2) by extension 'colcon_pkg'
[0.216s] Level 1:colcon.colcon_core.package_identification:_identify(bags/pole_p4_to_p1_run2) by extensions ['colcon_meta']
[0.216s] Level 1:colcon.colcon_core.package_identification:_identify(bags/pole_p4_to_p1_run2) by extension 'colcon_meta'
[0.216s] Level 1:colcon.colcon_core.package_identification:_identify(bags/pole_p4_to_p1_run2) by extensions ['ros']
[0.216s] Level 1:colcon.colcon_core.package_identification:_identify(bags/pole_p4_to_p1_run2) by extension 'ros'
[0.216s] Level 1:colcon.colcon_core.package_identification:_identify(bags/pole_p4_to_p1_run2) by extensions ['cmake', 'python']
[0.216s] Level 1:colcon.colcon_core.package_identification:_identify(bags/pole_p4_to_p1_run2) by extension 'cmake'
[0.216s] Level 1:colcon.colcon_core.package_identification:_identify(bags/pole_p4_to_p1_run2) by extension 'python'
[0.216s] Level 1:colcon.colcon_core.package_identification:_identify(bags/pole_p4_to_p1_run2) by extensions ['python_setup_py']
[0.216s] Level 1:colcon.colcon_core.package_identification:_identify(bags/pole_p4_to_p1_run2) by extension 'python_setup_py'
[0.216s] Level 1:colcon.colcon_core.package_identification:_identify(bags/rosbag2_2026_06_30-14_10_16) by extensions ['ignore', 'ignore_ament_install']
[0.216s] Level 1:colcon.colcon_core.package_identification:_identify(bags/rosbag2_2026_06_30-14_10_16) by extension 'ignore'
[0.216s] Level 1:colcon.colcon_core.package_identification:_identify(bags/rosbag2_2026_06_30-14_10_16) by extension 'ignore_ament_install'
[0.216s] Level 1:colcon.colcon_core.package_identification:_identify(bags/rosbag2_2026_06_30-14_10_16) by extensions ['colcon_pkg']
[0.216s] Level 1:colcon.colcon_core.package_identification:_identify(bags/rosbag2_2026_06_30-14_10_16) by extension 'colcon_pkg'
[0.216s] Level 1:colcon.colcon_core.package_identification:_identify(bags/rosbag2_2026_06_30-14_10_16) by extensions ['colcon_meta']
[0.216s] Level 1:colcon.colcon_core.package_identification:_identify(bags/rosbag2_2026_06_30-14_10_16) by extension 'colcon_meta'
[0.216s] Level 1:colcon.colcon_core.package_identification:_identify(bags/rosbag2_2026_06_30-14_10_16) by extensions ['ros']
[0.216s] Level 1:colcon.colcon_core.package_identification:_identify(bags/rosbag2_2026_06_30-14_10_16) by extension 'ros'
[0.216s] Level 1:colcon.colcon_core.package_identification:_identify(bags/rosbag2_2026_06_30-14_10_16) by extensions ['cmake', 'python']
[0.216s] Level 1:colcon.colcon_core.package_identification:_identify(bags/rosbag2_2026_06_30-14_10_16) by extension 'cmake'
[0.216s] Level 1:colcon.colcon_core.package_identification:_identify(bags/rosbag2_2026_06_30-14_10_16) by extension 'python'
[0.216s] Level 1:colcon.colcon_core.package_identification:_identify(bags/rosbag2_2026_06_30-14_10_16) by extensions ['python_setup_py']
[0.216s] Level 1:colcon.colcon_core.package_identification:_identify(bags/rosbag2_2026_06_30-14_10_16) by extension 'python_setup_py'
[0.216s] Level 1:colcon.colcon_core.package_identification:_identify(bags/upstairs_threshold_debug) by extensions ['ignore', 'ignore_ament_install']
[0.216s] Level 1:colcon.colcon_core.package_identification:_identify(bags/upstairs_threshold_debug) by extension 'ignore'
[0.216s] Level 1:colcon.colcon_core.package_identification:_identify(bags/upstairs_threshold_debug) by extension 'ignore_ament_install'
[0.216s] Level 1:colcon.colcon_core.package_identification:_identify(bags/upstairs_threshold_debug) by extensions ['colcon_pkg']
[0.216s] Level 1:colcon.colcon_core.package_identification:_identify(bags/upstairs_threshold_debug) by extension 'colcon_pkg'
[0.216s] Level 1:colcon.colcon_core.package_identification:_identify(bags/upstairs_threshold_debug) by extensions ['colcon_meta']
[0.216s] Level 1:colcon.colcon_core.package_identification:_identify(bags/upstairs_threshold_debug) by extension 'colcon_meta'
[0.217s] Level 1:colcon.colcon_core.package_identification:_identify(bags/upstairs_threshold_debug) by extensions ['ros']
[0.217s] Level 1:colcon.colcon_core.package_identification:_identify(bags/upstairs_threshold_debug) by extension 'ros'
[0.217s] Level 1:colcon.colcon_core.package_identification:_identify(bags/upstairs_threshold_debug) by extensions ['cmake', 'python']
[0.217s] Level 1:colcon.colcon_core.package_identification:_identify(bags/upstairs_threshold_debug) by extension 'cmake'
[0.217s] Level 1:colcon.colcon_core.package_identification:_identify(bags/upstairs_threshold_debug) by extension 'python'
[0.217s] Level 1:colcon.colcon_core.package_identification:_identify(bags/upstairs_threshold_debug) by extensions ['python_setup_py']
[0.217s] Level 1:colcon.colcon_core.package_identification:_identify(bags/upstairs_threshold_debug) by extension 'python_setup_py'
[0.217s] Level 1:colcon.colcon_core.package_identification:_identify(build) by extensions ['ignore', 'ignore_ament_install']
[0.217s] Level 1:colcon.colcon_core.package_identification:_identify(build) by extension 'ignore'
[0.217s] Level 1:colcon.colcon_core.package_identification:_identify(build) ignored
[0.217s] Level 1:colcon.colcon_core.package_identification:_identify(install) by extensions ['ignore', 'ignore_ament_install']
[0.217s] Level 1:colcon.colcon_core.package_identification:_identify(install) by extension 'ignore'
[0.217s] Level 1:colcon.colcon_core.package_identification:_identify(install) ignored
[0.217s] Level 1:colcon.colcon_core.package_identification:_identify(log) by extensions ['ignore', 'ignore_ament_install']
[0.217s] Level 1:colcon.colcon_core.package_identification:_identify(log) by extension 'ignore'
[0.217s] Level 1:colcon.colcon_core.package_identification:_identify(log) ignored
[0.217s] Level 1:colcon.colcon_core.package_identification:_identify(scripts) by extensions ['ignore', 'ignore_ament_install']
[0.218s] Level 1:colcon.colcon_core.package_identification:_identify(scripts) by extension 'ignore'
[0.218s] Level 1:colcon.colcon_core.package_identification:_identify(scripts) by extension 'ignore_ament_install'
[0.218s] Level 1:colcon.colcon_core.package_identification:_identify(scripts) by extensions ['colcon_pkg']
[0.218s] Level 1:colcon.colcon_core.package_identification:_identify(scripts) by extension 'colcon_pkg'
[0.218s] Level 1:colcon.colcon_core.package_identification:_identify(scripts) by extensions ['colcon_meta']
[0.218s] Level 1:colcon.colcon_core.package_identification:_identify(scripts) by extension 'colcon_meta'
[0.218s] Level 1:colcon.colcon_core.package_identification:_identify(scripts) by extensions ['ros']
[0.218s] Level 1:colcon.colcon_core.package_identification:_identify(scripts) by extension 'ros'
[0.218s] Level 1:colcon.colcon_core.package_identification:_identify(scripts) by extensions ['cmake', 'python']
[0.218s] Level 1:colcon.colcon_core.package_identification:_identify(scripts) by extension 'cmake'
[0.218s] Level 1:colcon.colcon_core.package_identification:_identify(scripts) by extension 'python'
[0.218s] Level 1:colcon.colcon_core.package_identification:_identify(scripts) by extensions ['python_setup_py']
[0.218s] Level 1:colcon.colcon_core.package_identification:_identify(scripts) by extension 'python_setup_py'
[0.218s] Level 1:colcon.colcon_core.package_identification:_identify(src) by extensions ['ignore', 'ignore_ament_install']
[0.218s] Level 1:colcon.colcon_core.package_identification:_identify(src) by extension 'ignore'
[0.218s] Level 1:colcon.colcon_core.package_identification:_identify(src) by extension 'ignore_ament_install'
[0.218s] Level 1:colcon.colcon_core.package_identification:_identify(src) by extensions ['colcon_pkg']
[0.218s] Level 1:colcon.colcon_core.package_identification:_identify(src) by extension 'colcon_pkg'
[0.218s] Level 1:colcon.colcon_core.package_identification:_identify(src) by extensions ['colcon_meta']
[0.218s] Level 1:colcon.colcon_core.package_identification:_identify(src) by extension 'colcon_meta'
[0.218s] Level 1:colcon.colcon_core.package_identification:_identify(src) by extensions ['ros']
[0.218s] Level 1:colcon.colcon_core.package_identification:_identify(src) by extension 'ros'
[0.218s] Level 1:colcon.colcon_core.package_identification:_identify(src) by extensions ['cmake', 'python']
[0.218s] Level 1:colcon.colcon_core.package_identification:_identify(src) by extension 'cmake'
[0.218s] Level 1:colcon.colcon_core.package_identification:_identify(src) by extension 'python'
[0.218s] Level 1:colcon.colcon_core.package_identification:_identify(src) by extensions ['python_setup_py']
[0.218s] Level 1:colcon.colcon_core.package_identification:_identify(src) by extension 'python_setup_py'
[0.218s] Level 1:colcon.colcon_core.package_identification:_identify(src/apriltag_msgs) by extensions ['ignore', 'ignore_ament_install']
[0.218s] Level 1:colcon.colcon_core.package_identification:_identify(src/apriltag_msgs) by extension 'ignore'
[0.218s] Level 1:colcon.colcon_core.package_identification:_identify(src/apriltag_msgs) by extension 'ignore_ament_install'
[0.219s] Level 1:colcon.colcon_core.package_identification:_identify(src/apriltag_msgs) by extensions ['colcon_pkg']
[0.219s] Level 1:colcon.colcon_core.package_identification:_identify(src/apriltag_msgs) by extension 'colcon_pkg'
[0.219s] Level 1:colcon.colcon_core.package_identification:_identify(src/apriltag_msgs) by extensions ['colcon_meta']
[0.219s] Level 1:colcon.colcon_core.package_identification:_identify(src/apriltag_msgs) by extension 'colcon_meta'
[0.219s] Level 1:colcon.colcon_core.package_identification:_identify(src/apriltag_msgs) by extensions ['ros']
[0.219s] Level 1:colcon.colcon_core.package_identification:_identify(src/apriltag_msgs) by extension 'ros'
[0.221s] DEBUG:colcon.colcon_core.package_identification:Package 'src/apriltag_msgs' with type 'ros.ament_cmake' and name 'apriltag_msgs'
[0.221s] Level 1:colcon.colcon_core.package_identification:_identify(src/apriltag_ros) by extensions ['ignore', 'ignore_ament_install']
[0.221s] Level 1:colcon.colcon_core.package_identification:_identify(src/apriltag_ros) by extension 'ignore'
[0.221s] Level 1:colcon.colcon_core.package_identification:_identify(src/apriltag_ros) by extension 'ignore_ament_install'
[0.221s] Level 1:colcon.colcon_core.package_identification:_identify(src/apriltag_ros) by extensions ['colcon_pkg']
[0.221s] Level 1:colcon.colcon_core.package_identification:_identify(src/apriltag_ros) by extension 'colcon_pkg'
[0.221s] Level 1:colcon.colcon_core.package_identification:_identify(src/apriltag_ros) by extensions ['colcon_meta']
[0.221s] Level 1:colcon.colcon_core.package_identification:_identify(src/apriltag_ros) by extension 'colcon_meta'
[0.221s] Level 1:colcon.colcon_core.package_identification:_identify(src/apriltag_ros) by extensions ['ros']
[0.221s] Level 1:colcon.colcon_core.package_identification:_identify(src/apriltag_ros) by extension 'ros'
[0.223s] DEBUG:colcon.colcon_core.package_identification:Package 'src/apriltag_ros' with type 'ros.ament_cmake' and name 'apriltag_ros'
[0.223s] Level 1:colcon.colcon_core.package_identification:_identify(src/auto_nav_pkg) by extensions ['ignore', 'ignore_ament_install']
[0.223s] Level 1:colcon.colcon_core.package_identification:_identify(src/auto_nav_pkg) by extension 'ignore'
[0.224s] Level 1:colcon.colcon_core.package_identification:_identify(src/auto_nav_pkg) by extension 'ignore_ament_install'
[0.224s] Level 1:colcon.colcon_core.package_identification:_identify(src/auto_nav_pkg) by extensions ['colcon_pkg']
[0.224s] Level 1:colcon.colcon_core.package_identification:_identify(src/auto_nav_pkg) by extension 'colcon_pkg'
[0.224s] Level 1:colcon.colcon_core.package_identification:_identify(src/auto_nav_pkg) by extensions ['colcon_meta']
[0.224s] Level 1:colcon.colcon_core.package_identification:_identify(src/auto_nav_pkg) by extension 'colcon_meta'
[0.224s] Level 1:colcon.colcon_core.package_identification:_identify(src/auto_nav_pkg) by extensions ['ros']
[0.224s] Level 1:colcon.colcon_core.package_identification:_identify(src/auto_nav_pkg) by extension 'ros'
[0.225s] DEBUG:colcon.colcon_core.package_identification:Package 'src/auto_nav_pkg' with type 'ros.ament_python' and name 'auto_nav_pkg'
[0.225s] Level 1:colcon.colcon_core.package_identification:_identify(src/livox_ros_driver2) by extensions ['ignore', 'ignore_ament_install']
[0.225s] Level 1:colcon.colcon_core.package_identification:_identify(src/livox_ros_driver2) by extension 'ignore'
[0.225s] Level 1:colcon.colcon_core.package_identification:_identify(src/livox_ros_driver2) by extension 'ignore_ament_install'
[0.225s] Level 1:colcon.colcon_core.package_identification:_identify(src/livox_ros_driver2) by extensions ['colcon_pkg']
[0.225s] Level 1:colcon.colcon_core.package_identification:_identify(src/livox_ros_driver2) by extension 'colcon_pkg'
[0.225s] Level 1:colcon.colcon_core.package_identification:_identify(src/livox_ros_driver2) by extensions ['colcon_meta']
[0.225s] Level 1:colcon.colcon_core.package_identification:_identify(src/livox_ros_driver2) by extension 'colcon_meta'
[0.225s] Level 1:colcon.colcon_core.package_identification:_identify(src/livox_ros_driver2) by extensions ['ros']
[0.225s] Level 1:colcon.colcon_core.package_identification:_identify(src/livox_ros_driver2) by extension 'ros'
[0.241s] DEBUG:colcon.colcon_core.package_identification:Package 'src/livox_ros_driver2' with type 'ros.ament_cmake' and name 'livox_ros_driver2'
[0.241s] Level 1:colcon.colcon_core.package_identification:_identify(src/point_lio_ros2) by extensions ['ignore', 'ignore_ament_install']
[0.241s] Level 1:colcon.colcon_core.package_identification:_identify(src/point_lio_ros2) by extension 'ignore'
[0.241s] Level 1:colcon.colcon_core.package_identification:_identify(src/point_lio_ros2) by extension 'ignore_ament_install'
[0.241s] Level 1:colcon.colcon_core.package_identification:_identify(src/point_lio_ros2) by extensions ['colcon_pkg']
[0.241s] Level 1:colcon.colcon_core.package_identification:_identify(src/point_lio_ros2) by extension 'colcon_pkg'
[0.241s] Level 1:colcon.colcon_core.package_identification:_identify(src/point_lio_ros2) by extensions ['colcon_meta']
[0.241s] Level 1:colcon.colcon_core.package_identification:_identify(src/point_lio_ros2) by extension 'colcon_meta'
[0.241s] Level 1:colcon.colcon_core.package_identification:_identify(src/point_lio_ros2) by extensions ['ros']
[0.241s] Level 1:colcon.colcon_core.package_identification:_identify(src/point_lio_ros2) by extension 'ros'
[0.242s] DEBUG:colcon.colcon_core.package_identification:Package 'src/point_lio_ros2' with type 'ros.ament_cmake' and name 'point_lio'
[0.242s] Level 1:colcon.colcon_core.package_identification:_identify(src/quadruped_step_mapper) by extensions ['ignore', 'ignore_ament_install']
[0.242s] Level 1:colcon.colcon_core.package_identification:_identify(src/quadruped_step_mapper) by extension 'ignore'
[0.242s] Level 1:colcon.colcon_core.package_identification:_identify(src/quadruped_step_mapper) by extension 'ignore_ament_install'
[0.242s] Level 1:colcon.colcon_core.package_identification:_identify(src/quadruped_step_mapper) by extensions ['colcon_pkg']
[0.242s] Level 1:colcon.colcon_core.package_identification:_identify(src/quadruped_step_mapper) by extension 'colcon_pkg'
[0.242s] Level 1:colcon.colcon_core.package_identification:_identify(src/quadruped_step_mapper) by extensions ['colcon_meta']
[0.242s] Level 1:colcon.colcon_core.package_identification:_identify(src/quadruped_step_mapper) by extension 'colcon_meta'
[0.242s] Level 1:colcon.colcon_core.package_identification:_identify(src/quadruped_step_mapper) by extensions ['ros']
[0.242s] Level 1:colcon.colcon_core.package_identification:_identify(src/quadruped_step_mapper) by extension 'ros'
[0.243s] DEBUG:colcon.colcon_core.package_identification:Package 'src/quadruped_step_mapper' with type 'ros.ament_cmake' and name 'quadruped_step_mapper'
[0.243s] Level 1:colcon.colcon_core.package_identification:_identify(src/realsense-ros) by extensions ['ignore', 'ignore_ament_install']
[0.243s] Level 1:colcon.colcon_core.package_identification:_identify(src/realsense-ros) by extension 'ignore'
[0.243s] Level 1:colcon.colcon_core.package_identification:_identify(src/realsense-ros) by extension 'ignore_ament_install'
[0.243s] Level 1:colcon.colcon_core.package_identification:_identify(src/realsense-ros) by extensions ['colcon_pkg']
[0.243s] Level 1:colcon.colcon_core.package_identification:_identify(src/realsense-ros) by extension 'colcon_pkg'
[0.243s] Level 1:colcon.colcon_core.package_identification:_identify(src/realsense-ros) by extensions ['colcon_meta']
[0.243s] Level 1:colcon.colcon_core.package_identification:_identify(src/realsense-ros) by extension 'colcon_meta'
[0.244s] Level 1:colcon.colcon_core.package_identification:_identify(src/realsense-ros) by extensions ['ros']
[0.244s] Level 1:colcon.colcon_core.package_identification:_identify(src/realsense-ros) by extension 'ros'
[0.244s] Level 1:colcon.colcon_core.package_identification:_identify(src/realsense-ros) by extensions ['cmake', 'python']
[0.244s] Level 1:colcon.colcon_core.package_identification:_identify(src/realsense-ros) by extension 'cmake'
[0.244s] Level 1:colcon.colcon_core.package_identification:_identify(src/realsense-ros) by extension 'python'
[0.244s] Level 1:colcon.colcon_core.package_identification:_identify(src/realsense-ros) by extensions ['python_setup_py']
[0.244s] Level 1:colcon.colcon_core.package_identification:_identify(src/realsense-ros) by extension 'python_setup_py'
[0.244s] Level 1:colcon.colcon_core.package_identification:_identify(src/realsense-ros/realsense2_camera) by extensions ['ignore', 'ignore_ament_install']
[0.244s] Level 1:colcon.colcon_core.package_identification:_identify(src/realsense-ros/realsense2_camera) by extension 'ignore'
[0.244s] Level 1:colcon.colcon_core.package_identification:_identify(src/realsense-ros/realsense2_camera) by extension 'ignore_ament_install'
[0.244s] Level 1:colcon.colcon_core.package_identification:_identify(src/realsense-ros/realsense2_camera) by extensions ['colcon_pkg']
[0.244s] Level 1:colcon.colcon_core.package_identification:_identify(src/realsense-ros/realsense2_camera) by extension 'colcon_pkg'
[0.244s] Level 1:colcon.colcon_core.package_identification:_identify(src/realsense-ros/realsense2_camera) by extensions ['colcon_meta']
[0.244s] Level 1:colcon.colcon_core.package_identification:_identify(src/realsense-ros/realsense2_camera) by extension 'colcon_meta'
[0.244s] Level 1:colcon.colcon_core.package_identification:_identify(src/realsense-ros/realsense2_camera) by extensions ['ros']
[0.244s] Level 1:colcon.colcon_core.package_identification:_identify(src/realsense-ros/realsense2_camera) by extension 'ros'
[0.245s] DEBUG:colcon.colcon_core.package_identification:Package 'src/realsense-ros/realsense2_camera' with type 'ros.ament_cmake' and name 'realsense2_camera'
[0.245s] Level 1:colcon.colcon_core.package_identification:_identify(src/realsense-ros/realsense2_camera_msgs) by extensions ['ignore', 'ignore_ament_install']
[0.245s] Level 1:colcon.colcon_core.package_identification:_identify(src/realsense-ros/realsense2_camera_msgs) by extension 'ignore'
[0.245s] Level 1:colcon.colcon_core.package_identification:_identify(src/realsense-ros/realsense2_camera_msgs) by extension 'ignore_ament_install'
[0.245s] Level 1:colcon.colcon_core.package_identification:_identify(src/realsense-ros/realsense2_camera_msgs) by extensions ['colcon_pkg']
[0.246s] Level 1:colcon.colcon_core.package_identification:_identify(src/realsense-ros/realsense2_camera_msgs) by extension 'colcon_pkg'
[0.246s] Level 1:colcon.colcon_core.package_identification:_identify(src/realsense-ros/realsense2_camera_msgs) by extensions ['colcon_meta']
[0.246s] Level 1:colcon.colcon_core.package_identification:_identify(src/realsense-ros/realsense2_camera_msgs) by extension 'colcon_meta'
[0.246s] Level 1:colcon.colcon_core.package_identification:_identify(src/realsense-ros/realsense2_camera_msgs) by extensions ['ros']
[0.246s] Level 1:colcon.colcon_core.package_identification:_identify(src/realsense-ros/realsense2_camera_msgs) by extension 'ros'
[0.246s] DEBUG:colcon.colcon_core.package_identification:Package 'src/realsense-ros/realsense2_camera_msgs' with type 'ros.ament_cmake' and name 'realsense2_camera_msgs'
[0.246s] Level 1:colcon.colcon_core.package_identification:_identify(src/realsense-ros/realsense2_description) by extensions ['ignore', 'ignore_ament_install']
[0.246s] Level 1:colcon.colcon_core.package_identification:_identify(src/realsense-ros/realsense2_description) by extension 'ignore'
[0.246s] Level 1:colcon.colcon_core.package_identification:_identify(src/realsense-ros/realsense2_description) by extension 'ignore_ament_install'
[0.246s] Level 1:colcon.colcon_core.package_identification:_identify(src/realsense-ros/realsense2_description) by extensions ['colcon_pkg']
[0.246s] Level 1:colcon.colcon_core.package_identification:_identify(src/realsense-ros/realsense2_description) by extension 'colcon_pkg'
[0.246s] Level 1:colcon.colcon_core.package_identification:_identify(src/realsense-ros/realsense2_description) by extensions ['colcon_meta']
[0.246s] Level 1:colcon.colcon_core.package_identification:_identify(src/realsense-ros/realsense2_description) by extension 'colcon_meta'
[0.246s] Level 1:colcon.colcon_core.package_identification:_identify(src/realsense-ros/realsense2_description) by extensions ['ros']
[0.246s] Level 1:colcon.colcon_core.package_identification:_identify(src/realsense-ros/realsense2_description) by extension 'ros'
[0.247s] DEBUG:colcon.colcon_core.package_identification:Package 'src/realsense-ros/realsense2_description' with type 'ros.ament_cmake' and name 'realsense2_description'
[0.247s] Level 1:colcon.colcon_core.package_identification:_identify(src/realsense-ros/scripts) by extensions ['ignore', 'ignore_ament_install']
[0.247s] Level 1:colcon.colcon_core.package_identification:_identify(src/realsense-ros/scripts) by extension 'ignore'
[0.247s] Level 1:colcon.colcon_core.package_identification:_identify(src/realsense-ros/scripts) by extension 'ignore_ament_install'
[0.247s] Level 1:colcon.colcon_core.package_identification:_identify(src/realsense-ros/scripts) by extensions ['colcon_pkg']
[0.247s] Level 1:colcon.colcon_core.package_identification:_identify(src/realsense-ros/scripts) by extension 'colcon_pkg'
[0.247s] Level 1:colcon.colcon_core.package_identification:_identify(src/realsense-ros/scripts) by extensions ['colcon_meta']
[0.247s] Level 1:colcon.colcon_core.package_identification:_identify(src/realsense-ros/scripts) by extension 'colcon_meta'
[0.247s] Level 1:colcon.colcon_core.package_identification:_identify(src/realsense-ros/scripts) by extensions ['ros']
[0.247s] Level 1:colcon.colcon_core.package_identification:_identify(src/realsense-ros/scripts) by extension 'ros'
[0.247s] Level 1:colcon.colcon_core.package_identification:_identify(src/realsense-ros/scripts) by extensions ['cmake', 'python']
[0.247s] Level 1:colcon.colcon_core.package_identification:_identify(src/realsense-ros/scripts) by extension 'cmake'
[0.247s] Level 1:colcon.colcon_core.package_identification:_identify(src/realsense-ros/scripts) by extension 'python'
[0.247s] Level 1:colcon.colcon_core.package_identification:_identify(src/realsense-ros/scripts) by extensions ['python_setup_py']
[0.247s] Level 1:colcon.colcon_core.package_identification:_identify(src/realsense-ros/scripts) by extension 'python_setup_py'
[0.247s] Level 1:colcon.colcon_core.package_identification:_identify(systemd) by extensions ['ignore', 'ignore_ament_install']
[0.248s] Level 1:colcon.colcon_core.package_identification:_identify(systemd) by extension 'ignore'
[0.248s] Level 1:colcon.colcon_core.package_identification:_identify(systemd) by extension 'ignore_ament_install'
[0.248s] Level 1:colcon.colcon_core.package_identification:_identify(systemd) by extensions ['colcon_pkg']
[0.248s] Level 1:colcon.colcon_core.package_identification:_identify(systemd) by extension 'colcon_pkg'
[0.248s] Level 1:colcon.colcon_core.package_identification:_identify(systemd) by extensions ['colcon_meta']
[0.248s] Level 1:colcon.colcon_core.package_identification:_identify(systemd) by extension 'colcon_meta'
[0.248s] Level 1:colcon.colcon_core.package_identification:_identify(systemd) by extensions ['ros']
[0.248s] Level 1:colcon.colcon_core.package_identification:_identify(systemd) by extension 'ros'
[0.248s] Level 1:colcon.colcon_core.package_identification:_identify(systemd) by extensions ['cmake', 'python']
[0.248s] Level 1:colcon.colcon_core.package_identification:_identify(systemd) by extension 'cmake'
[0.248s] Level 1:colcon.colcon_core.package_identification:_identify(systemd) by extension 'python'
[0.248s] Level 1:colcon.colcon_core.package_identification:_identify(systemd) by extensions ['python_setup_py']
[0.248s] Level 1:colcon.colcon_core.package_identification:_identify(systemd) by extension 'python_setup_py'
[0.248s] Level 1:colcon.colcon_core.package_discovery:discover_packages(recursive) using defaults
[0.248s] Level 1:colcon.colcon_core.package_discovery:discover_packages(ignore) discover
[0.248s] Level 1:colcon.colcon_core.package_discovery:discover_packages(ignore) using defaults
[0.248s] Level 1:colcon.colcon_core.package_discovery:discover_packages(path) discover
[0.248s] Level 1:colcon.colcon_core.package_discovery:discover_packages(path) using defaults
[0.266s] Level 1:colcon.colcon_core.package_discovery:discover_packages(prefix_path) check parameters
[0.266s] Level 1:colcon.colcon_core.package_discovery:discover_packages(prefix_path) discover
[0.268s] DEBUG:colcon.colcon_installed_package_information.package_discovery:Found 9 installed packages in /home/gouzi/obstacle_race_src/install
[0.269s] DEBUG:colcon.colcon_installed_package_information.package_discovery:Found 318 installed packages in /opt/ros/humble
[0.270s] Level 1:colcon.colcon_core.package_discovery:discover_packages(prefix_path) using defaults
[0.300s] Level 5:colcon.colcon_core.verb:set package 'apriltag_msgs' build argument 'cmake_args' from command line to 'None'
[0.300s] Level 5:colcon.colcon_core.verb:set package 'apriltag_msgs' build argument 'cmake_target' from command line to 'None'
[0.300s] Level 5:colcon.colcon_core.verb:set package 'apriltag_msgs' build argument 'cmake_target_skip_unavailable' from command line to 'False'
[0.300s] Level 5:colcon.colcon_core.verb:set package 'apriltag_msgs' build argument 'cmake_clean_cache' from command line to 'False'
[0.300s] Level 5:colcon.colcon_core.verb:set package 'apriltag_msgs' build argument 'cmake_clean_first' from command line to 'False'
[0.300s] Level 5:colcon.colcon_core.verb:set package 'apriltag_msgs' build argument 'cmake_force_configure' from command line to 'False'
[0.300s] Level 5:colcon.colcon_core.verb:set package 'apriltag_msgs' build argument 'ament_cmake_args' from command line to 'None'
[0.300s] Level 5:colcon.colcon_core.verb:set package 'apriltag_msgs' build argument 'catkin_cmake_args' from command line to 'None'
[0.300s] Level 5:colcon.colcon_core.verb:set package 'apriltag_msgs' build argument 'catkin_skip_building_tests' from command line to 'False'
[0.300s] DEBUG:colcon.colcon_core.verb:Building package 'apriltag_msgs' with the following arguments: {'ament_cmake_args': None, 'build_base': '/home/gouzi/obstacle_race_src/build/apriltag_msgs', 'catkin_cmake_args': None, 'catkin_skip_building_tests': False, 'cmake_args': None, 'cmake_clean_cache': False, 'cmake_clean_first': False, 'cmake_force_configure': False, 'cmake_target': None, 'cmake_target_skip_unavailable': False, 'install_base': '/home/gouzi/obstacle_race_src/install/apriltag_msgs', 'merge_install': False, 'path': '/home/gouzi/obstacle_race_src/src/apriltag_msgs', 'symlink_install': False, 'test_result_base': None}
[0.301s] Level 5:colcon.colcon_core.verb:set package 'livox_ros_driver2' build argument 'cmake_args' from command line to 'None'
[0.301s] Level 5:colcon.colcon_core.verb:set package 'livox_ros_driver2' build argument 'cmake_target' from command line to 'None'
[0.301s] Level 5:colcon.colcon_core.verb:set package 'livox_ros_driver2' build argument 'cmake_target_skip_unavailable' from command line to 'False'
[0.301s] Level 5:colcon.colcon_core.verb:set package 'livox_ros_driver2' build argument 'cmake_clean_cache' from command line to 'False'
[0.301s] Level 5:colcon.colcon_core.verb:set package 'livox_ros_driver2' build argument 'cmake_clean_first' from command line to 'False'
[0.301s] Level 5:colcon.colcon_core.verb:set package 'livox_ros_driver2' build argument 'cmake_force_configure' from command line to 'False'
[0.301s] Level 5:colcon.colcon_core.verb:set package 'livox_ros_driver2' build argument 'ament_cmake_args' from command line to 'None'
[0.301s] Level 5:colcon.colcon_core.verb:set package 'livox_ros_driver2' build argument 'catkin_cmake_args' from command line to 'None'
[0.301s] Level 5:colcon.colcon_core.verb:set package 'livox_ros_driver2' build argument 'catkin_skip_building_tests' from command line to 'False'
[0.301s] DEBUG:colcon.colcon_core.verb:Building package 'livox_ros_driver2' with the following arguments: {'ament_cmake_args': None, 'build_base': '/home/gouzi/obstacle_race_src/build/livox_ros_driver2', 'catkin_cmake_args': None, 'catkin_skip_building_tests': False, 'cmake_args': None, 'cmake_clean_cache': False, 'cmake_clean_first': False, 'cmake_force_configure': False, 'cmake_target': None, 'cmake_target_skip_unavailable': False, 'install_base': '/home/gouzi/obstacle_race_src/install/livox_ros_driver2', 'merge_install': False, 'path': '/home/gouzi/obstacle_race_src/src/livox_ros_driver2', 'symlink_install': False, 'test_result_base': None}
[0.301s] Level 5:colcon.colcon_core.verb:set package 'point_lio' build argument 'cmake_args' from command line to 'None'
[0.301s] Level 5:colcon.colcon_core.verb:set package 'point_lio' build argument 'cmake_target' from command line to 'None'
[0.301s] Level 5:colcon.colcon_core.verb:set package 'point_lio' build argument 'cmake_target_skip_unavailable' from command line to 'False'
[0.301s] Level 5:colcon.colcon_core.verb:set package 'point_lio' build argument 'cmake_clean_cache' from command line to 'False'
[0.301s] Level 5:colcon.colcon_core.verb:set package 'point_lio' build argument 'cmake_clean_first' from command line to 'False'
[0.301s] Level 5:colcon.colcon_core.verb:set package 'point_lio' build argument 'cmake_force_configure' from command line to 'False'
[0.301s] Level 5:colcon.colcon_core.verb:set package 'point_lio' build argument 'ament_cmake_args' from command line to 'None'
[0.301s] Level 5:colcon.colcon_core.verb:set package 'point_lio' build argument 'catkin_cmake_args' from command line to 'None'
[0.301s] Level 5:colcon.colcon_core.verb:set package 'point_lio' build argument 'catkin_skip_building_tests' from command line to 'False'
[0.301s] DEBUG:colcon.colcon_core.verb:Building package 'point_lio' with the following arguments: {'ament_cmake_args': None, 'build_base': '/home/gouzi/obstacle_race_src/build/point_lio', 'catkin_cmake_args': None, 'catkin_skip_building_tests': False, 'cmake_args': None, 'cmake_clean_cache': False, 'cmake_clean_first': False, 'cmake_force_configure': False, 'cmake_target': None, 'cmake_target_skip_unavailable': False, 'install_base': '/home/gouzi/obstacle_race_src/install/point_lio', 'merge_install': False, 'path': '/home/gouzi/obstacle_race_src/src/point_lio_ros2', 'symlink_install': False, 'test_result_base': None}
[0.301s] Level 5:colcon.colcon_core.verb:set package 'quadruped_step_mapper' build argument 'cmake_args' from command line to 'None'
[0.302s] Level 5:colcon.colcon_core.verb:set package 'quadruped_step_mapper' build argument 'cmake_target' from command line to 'None'
[0.302s] Level 5:colcon.colcon_core.verb:set package 'quadruped_step_mapper' build argument 'cmake_target_skip_unavailable' from command line to 'False'
[0.302s] Level 5:colcon.colcon_core.verb:set package 'quadruped_step_mapper' build argument 'cmake_clean_cache' from command line to 'False'
[0.302s] Level 5:colcon.colcon_core.verb:set package 'quadruped_step_mapper' build argument 'cmake_clean_first' from command line to 'False'
[0.302s] Level 5:colcon.colcon_core.verb:set package 'quadruped_step_mapper' build argument 'cmake_force_configure' from command line to 'False'
[0.302s] Level 5:colcon.colcon_core.verb:set package 'quadruped_step_mapper' build argument 'ament_cmake_args' from command line to 'None'
[0.302s] Level 5:colcon.colcon_core.verb:set package 'quadruped_step_mapper' build argument 'catkin_cmake_args' from command line to 'None'
[0.302s] Level 5:colcon.colcon_core.verb:set package 'quadruped_step_mapper' build argument 'catkin_skip_building_tests' from command line to 'False'
[0.302s] DEBUG:colcon.colcon_core.verb:Building package 'quadruped_step_mapper' with the following arguments: {'ament_cmake_args': None, 'build_base': '/home/gouzi/obstacle_race_src/build/quadruped_step_mapper', 'catkin_cmake_args': None, 'catkin_skip_building_tests': False, 'cmake_args': None, 'cmake_clean_cache': False, 'cmake_clean_first': False, 'cmake_force_configure': False, 'cmake_target': None, 'cmake_target_skip_unavailable': False, 'install_base': '/home/gouzi/obstacle_race_src/install/quadruped_step_mapper', 'merge_install': False, 'path': '/home/gouzi/obstacle_race_src/src/quadruped_step_mapper', 'symlink_install': False, 'test_result_base': None}
[0.302s] Level 5:colcon.colcon_core.verb:set package 'realsense2_camera_msgs' build argument 'cmake_args' from command line to 'None'
[0.302s] Level 5:colcon.colcon_core.verb:set package 'realsense2_camera_msgs' build argument 'cmake_target' from command line to 'None'
[0.302s] Level 5:colcon.colcon_core.verb:set package 'realsense2_camera_msgs' build argument 'cmake_target_skip_unavailable' from command line to 'False'
[0.302s] Level 5:colcon.colcon_core.verb:set package 'realsense2_camera_msgs' build argument 'cmake_clean_cache' from command line to 'False'
[0.302s] Level 5:colcon.colcon_core.verb:set package 'realsense2_camera_msgs' build argument 'cmake_clean_first' from command line to 'False'
[0.302s] Level 5:colcon.colcon_core.verb:set package 'realsense2_camera_msgs' build argument 'cmake_force_configure' from command line to 'False'
[0.302s] Level 5:colcon.colcon_core.verb:set package 'realsense2_camera_msgs' build argument 'ament_cmake_args' from command line to 'None'
[0.302s] Level 5:colcon.colcon_core.verb:set package 'realsense2_camera_msgs' build argument 'catkin_cmake_args' from command line to 'None'
[0.302s] Level 5:colcon.colcon_core.verb:set package 'realsense2_camera_msgs' build argument 'catkin_skip_building_tests' from command line to 'False'
[0.302s] DEBUG:colcon.colcon_core.verb:Building package 'realsense2_camera_msgs' with the following arguments: {'ament_cmake_args': None, 'build_base': '/home/gouzi/obstacle_race_src/build/realsense2_camera_msgs', 'catkin_cmake_args': None, 'catkin_skip_building_tests': False, 'cmake_args': None, 'cmake_clean_cache': False, 'cmake_clean_first': False, 'cmake_force_configure': False, 'cmake_target': None, 'cmake_target_skip_unavailable': False, 'install_base': '/home/gouzi/obstacle_race_src/install/realsense2_camera_msgs', 'merge_install': False, 'path': '/home/gouzi/obstacle_race_src/src/realsense-ros/realsense2_camera_msgs', 'symlink_install': False, 'test_result_base': None}
[0.302s] Level 5:colcon.colcon_core.verb:set package 'apriltag_ros' build argument 'cmake_args' from command line to 'None'
[0.302s] Level 5:colcon.colcon_core.verb:set package 'apriltag_ros' build argument 'cmake_target' from command line to 'None'
[0.302s] Level 5:colcon.colcon_core.verb:set package 'apriltag_ros' build argument 'cmake_target_skip_unavailable' from command line to 'False'
[0.302s] Level 5:colcon.colcon_core.verb:set package 'apriltag_ros' build argument 'cmake_clean_cache' from command line to 'False'
[0.302s] Level 5:colcon.colcon_core.verb:set package 'apriltag_ros' build argument 'cmake_clean_first' from command line to 'False'
[0.302s] Level 5:colcon.colcon_core.verb:set package 'apriltag_ros' build argument 'cmake_force_configure' from command line to 'False'
[0.302s] Level 5:colcon.colcon_core.verb:set package 'apriltag_ros' build argument 'ament_cmake_args' from command line to 'None'
[0.302s] Level 5:colcon.colcon_core.verb:set package 'apriltag_ros' build argument 'catkin_cmake_args' from command line to 'None'
[0.302s] Level 5:colcon.colcon_core.verb:set package 'apriltag_ros' build argument 'catkin_skip_building_tests' from command line to 'False'
[0.302s] DEBUG:colcon.colcon_core.verb:Building package 'apriltag_ros' with the following arguments: {'ament_cmake_args': None, 'build_base': '/home/gouzi/obstacle_race_src/build/apriltag_ros', 'catkin_cmake_args': None, 'catkin_skip_building_tests': False, 'cmake_args': None, 'cmake_clean_cache': False, 'cmake_clean_first': False, 'cmake_force_configure': False, 'cmake_target': None, 'cmake_target_skip_unavailable': False, 'install_base': '/home/gouzi/obstacle_race_src/install/apriltag_ros', 'merge_install': False, 'path': '/home/gouzi/obstacle_race_src/src/apriltag_ros', 'symlink_install': False, 'test_result_base': None}
[0.303s] Level 5:colcon.colcon_core.verb:set package 'realsense2_camera' build argument 'cmake_args' from command line to 'None'
[0.303s] Level 5:colcon.colcon_core.verb:set package 'realsense2_camera' build argument 'cmake_target' from command line to 'None'
[0.303s] Level 5:colcon.colcon_core.verb:set package 'realsense2_camera' build argument 'cmake_target_skip_unavailable' from command line to 'False'
[0.303s] Level 5:colcon.colcon_core.verb:set package 'realsense2_camera' build argument 'cmake_clean_cache' from command line to 'False'
[0.303s] Level 5:colcon.colcon_core.verb:set package 'realsense2_camera' build argument 'cmake_clean_first' from command line to 'False'
[0.303s] Level 5:colcon.colcon_core.verb:set package 'realsense2_camera' build argument 'cmake_force_configure' from command line to 'False'
[0.303s] Level 5:colcon.colcon_core.verb:set package 'realsense2_camera' build argument 'ament_cmake_args' from command line to 'None'
[0.303s] Level 5:colcon.colcon_core.verb:set package 'realsense2_camera' build argument 'catkin_cmake_args' from command line to 'None'
[0.303s] Level 5:colcon.colcon_core.verb:set package 'realsense2_camera' build argument 'catkin_skip_building_tests' from command line to 'False'
[0.303s] DEBUG:colcon.colcon_core.verb:Building package 'realsense2_camera' with the following arguments: {'ament_cmake_args': None, 'build_base': '/home/gouzi/obstacle_race_src/build/realsense2_camera', 'catkin_cmake_args': None, 'catkin_skip_building_tests': False, 'cmake_args': None, 'cmake_clean_cache': False, 'cmake_clean_first': False, 'cmake_force_configure': False, 'cmake_target': None, 'cmake_target_skip_unavailable': False, 'install_base': '/home/gouzi/obstacle_race_src/install/realsense2_camera', 'merge_install': False, 'path': '/home/gouzi/obstacle_race_src/src/realsense-ros/realsense2_camera', 'symlink_install': False, 'test_result_base': None}
[0.303s] Level 5:colcon.colcon_core.verb:set package 'realsense2_description' build argument 'cmake_args' from command line to 'None'
[0.303s] Level 5:colcon.colcon_core.verb:set package 'realsense2_description' build argument 'cmake_target' from command line to 'None'
[0.303s] Level 5:colcon.colcon_core.verb:set package 'realsense2_description' build argument 'cmake_target_skip_unavailable' from command line to 'False'
[0.303s] Level 5:colcon.colcon_core.verb:set package 'realsense2_description' build argument 'cmake_clean_cache' from command line to 'False'
[0.303s] Level 5:colcon.colcon_core.verb:set package 'realsense2_description' build argument 'cmake_clean_first' from command line to 'False'
[0.303s] Level 5:colcon.colcon_core.verb:set package 'realsense2_description' build argument 'cmake_force_configure' from command line to 'False'
[0.303s] Level 5:colcon.colcon_core.verb:set package 'realsense2_description' build argument 'ament_cmake_args' from command line to 'None'
[0.303s] Level 5:colcon.colcon_core.verb:set package 'realsense2_description' build argument 'catkin_cmake_args' from command line to 'None'
[0.303s] Level 5:colcon.colcon_core.verb:set package 'realsense2_description' build argument 'catkin_skip_building_tests' from command line to 'False'
[0.303s] DEBUG:colcon.colcon_core.verb:Building package 'realsense2_description' with the following arguments: {'ament_cmake_args': None, 'build_base': '/home/gouzi/obstacle_race_src/build/realsense2_description', 'catkin_cmake_args': None, 'catkin_skip_building_tests': False, 'cmake_args': None, 'cmake_clean_cache': False, 'cmake_clean_first': False, 'cmake_force_configure': False, 'cmake_target': None, 'cmake_target_skip_unavailable': False, 'install_base': '/home/gouzi/obstacle_race_src/install/realsense2_description', 'merge_install': False, 'path': '/home/gouzi/obstacle_race_src/src/realsense-ros/realsense2_description', 'symlink_install': False, 'test_result_base': None}
[0.303s] Level 5:colcon.colcon_core.verb:set package 'auto_nav_pkg' build argument 'cmake_args' from command line to 'None'
[0.303s] Level 5:colcon.colcon_core.verb:set package 'auto_nav_pkg' build argument 'cmake_target' from command line to 'None'
[0.303s] Level 5:colcon.colcon_core.verb:set package 'auto_nav_pkg' build argument 'cmake_target_skip_unavailable' from command line to 'False'
[0.303s] Level 5:colcon.colcon_core.verb:set package 'auto_nav_pkg' build argument 'cmake_clean_cache' from command line to 'False'
[0.304s] Level 5:colcon.colcon_core.verb:set package 'auto_nav_pkg' build argument 'cmake_clean_first' from command line to 'False'
[0.304s] Level 5:colcon.colcon_core.verb:set package 'auto_nav_pkg' build argument 'cmake_force_configure' from command line to 'False'
[0.304s] Level 5:colcon.colcon_core.verb:set package 'auto_nav_pkg' build argument 'ament_cmake_args' from command line to 'None'
[0.304s] Level 5:colcon.colcon_core.verb:set package 'auto_nav_pkg' build argument 'catkin_cmake_args' from command line to 'None'
[0.304s] Level 5:colcon.colcon_core.verb:set package 'auto_nav_pkg' build argument 'catkin_skip_building_tests' from command line to 'False'
[0.304s] DEBUG:colcon.colcon_core.verb:Building package 'auto_nav_pkg' with the following arguments: {'ament_cmake_args': None, 'build_base': '/home/gouzi/obstacle_race_src/build/auto_nav_pkg', 'catkin_cmake_args': None, 'catkin_skip_building_tests': False, 'cmake_args': None, 'cmake_clean_cache': False, 'cmake_clean_first': False, 'cmake_force_configure': False, 'cmake_target': None, 'cmake_target_skip_unavailable': False, 'install_base': '/home/gouzi/obstacle_race_src/install/auto_nav_pkg', 'merge_install': False, 'path': '/home/gouzi/obstacle_race_src/src/auto_nav_pkg', 'symlink_install': False, 'test_result_base': None}
[0.304s] INFO:colcon.colcon_core.executor:Executing jobs using 'parallel' executor
[0.304s] DEBUG:colcon.colcon_parallel_executor.executor.parallel:run_until_complete
[0.305s] INFO:colcon.colcon_ros.task.ament_cmake.build:Building ROS package in '/home/gouzi/obstacle_race_src/src/realsense-ros/realsense2_camera_msgs' with build type 'ament_cmake'
[0.305s] INFO:colcon.colcon_cmake.task.cmake.build:Building CMake package in '/home/gouzi/obstacle_race_src/src/realsense-ros/realsense2_camera_msgs'
[0.306s] INFO:colcon.colcon_core.plugin_system:Skipping extension 'colcon_core.shell.bat': Not used on non-Windows systems
[0.307s] INFO:colcon.colcon_core.shell:Skip shell extension 'powershell' for command environment: Not usable outside of PowerShell
[0.307s] DEBUG:colcon.colcon_core.shell:Skip shell extension 'dsv' for command environment
[0.309s] INFO:colcon.colcon_ros.task.ament_cmake.build:Building ROS package in '/home/gouzi/obstacle_race_src/src/apriltag_msgs' with build type 'ament_cmake'
[0.309s] INFO:colcon.colcon_cmake.task.cmake.build:Building CMake package in '/home/gouzi/obstacle_race_src/src/apriltag_msgs'
[0.310s] INFO:colcon.colcon_core.shell:Skip shell extension 'powershell' for command environment: Not usable outside of PowerShell
[0.310s] DEBUG:colcon.colcon_core.shell:Skip shell extension 'dsv' for command environment
[0.313s] INFO:colcon.colcon_ros.task.ament_cmake.build:Building ROS package in '/home/gouzi/obstacle_race_src/src/livox_ros_driver2' with build type 'ament_cmake'
[0.313s] INFO:colcon.colcon_cmake.task.cmake.build:Building CMake package in '/home/gouzi/obstacle_race_src/src/livox_ros_driver2'
[0.314s] INFO:colcon.colcon_core.shell:Skip shell extension 'powershell' for command environment: Not usable outside of PowerShell
[0.314s] DEBUG:colcon.colcon_core.shell:Skip shell extension 'dsv' for command environment
[0.316s] INFO:colcon.colcon_ros.task.ament_cmake.build:Building ROS package in '/home/gouzi/obstacle_race_src/src/point_lio_ros2' with build type 'ament_cmake'
[0.317s] INFO:colcon.colcon_cmake.task.cmake.build:Building CMake package in '/home/gouzi/obstacle_race_src/src/point_lio_ros2'
[0.317s] INFO:colcon.colcon_core.shell:Skip shell extension 'powershell' for command environment: Not usable outside of PowerShell
[0.317s] DEBUG:colcon.colcon_core.shell:Skip shell extension 'dsv' for command environment
[0.320s] INFO:colcon.colcon_ros.task.ament_cmake.build:Building ROS package in '/home/gouzi/obstacle_race_src/src/quadruped_step_mapper' with build type 'ament_cmake'
[0.320s] INFO:colcon.colcon_cmake.task.cmake.build:Building CMake package in '/home/gouzi/obstacle_race_src/src/quadruped_step_mapper'
[0.320s] INFO:colcon.colcon_core.shell:Skip shell extension 'powershell' for command environment: Not usable outside of PowerShell
[0.320s] DEBUG:colcon.colcon_core.shell:Skip shell extension 'dsv' for command environment
[0.327s] DEBUG:colcon.colcon_core.event_handler.log_command:Invoking command in '/home/gouzi/obstacle_race_src/build/realsense2_camera_msgs': CMAKE_PREFIX_PATH=${CMAKE_PREFIX_PATH}:/home/gouzi/obstacle_race_src/install/auto_nav_pkg:/opt/ros/humble /usr/bin/cmake --build /home/gouzi/obstacle_race_src/build/realsense2_camera_msgs -- -j8 -l8
[0.330s] DEBUG:colcon.colcon_core.event_handler.log_command:Invoking command in '/home/gouzi/obstacle_race_src/build/apriltag_msgs': CMAKE_PREFIX_PATH=${CMAKE_PREFIX_PATH}:/home/gouzi/obstacle_race_src/install/auto_nav_pkg:/opt/ros/humble /usr/bin/cmake --build /home/gouzi/obstacle_race_src/build/apriltag_msgs -- -j8 -l8
[0.332s] DEBUG:colcon.colcon_core.event_handler.log_command:Invoking command in '/home/gouzi/obstacle_race_src/build/livox_ros_driver2': CMAKE_PREFIX_PATH=${CMAKE_PREFIX_PATH}:/home/gouzi/obstacle_race_src/install/auto_nav_pkg:/opt/ros/humble /usr/bin/cmake --build /home/gouzi/obstacle_race_src/build/livox_ros_driver2 -- -j8 -l8
[0.336s] DEBUG:colcon.colcon_core.event_handler.log_command:Invoking command in '/home/gouzi/obstacle_race_src/build/point_lio': CMAKE_PREFIX_PATH=${CMAKE_PREFIX_PATH}:/home/gouzi/obstacle_race_src/install/auto_nav_pkg:/opt/ros/humble /usr/bin/cmake --build /home/gouzi/obstacle_race_src/build/point_lio -- -j8 -l8
[0.345s] DEBUG:colcon.colcon_core.event_handler.log_command:Invoking command in '/home/gouzi/obstacle_race_src/build/quadruped_step_mapper': CMAKE_PREFIX_PATH=${CMAKE_PREFIX_PATH}:/home/gouzi/obstacle_race_src/install/auto_nav_pkg:/opt/ros/humble /usr/bin/cmake --build /home/gouzi/obstacle_race_src/build/quadruped_step_mapper -- -j8 -l8
[0.528s] DEBUG:colcon.colcon_core.event_handler.log_command:Invoked command in '/home/gouzi/obstacle_race_src/build/quadruped_step_mapper' returned '0': CMAKE_PREFIX_PATH=${CMAKE_PREFIX_PATH}:/home/gouzi/obstacle_race_src/install/auto_nav_pkg:/opt/ros/humble /usr/bin/cmake --build /home/gouzi/obstacle_race_src/build/quadruped_step_mapper -- -j8 -l8
[0.545s] DEBUG:colcon.colcon_core.event_handler.log_command:Invoking command in '/home/gouzi/obstacle_race_src/build/quadruped_step_mapper': CMAKE_PREFIX_PATH=${CMAKE_PREFIX_PATH}:/home/gouzi/obstacle_race_src/install/auto_nav_pkg:/opt/ros/humble /usr/bin/cmake --install /home/gouzi/obstacle_race_src/build/quadruped_step_mapper
[0.583s] DEBUG:colcon.colcon_core.event_handler.log_command:Invoked command in '/home/gouzi/obstacle_race_src/build/point_lio' returned '0': CMAKE_PREFIX_PATH=${CMAKE_PREFIX_PATH}:/home/gouzi/obstacle_race_src/install/auto_nav_pkg:/opt/ros/humble /usr/bin/cmake --build /home/gouzi/obstacle_race_src/build/point_lio -- -j8 -l8
[0.595s] DEBUG:colcon.colcon_core.event_handler.log_command:Invoking command in '/home/gouzi/obstacle_race_src/build/point_lio': CMAKE_PREFIX_PATH=${CMAKE_PREFIX_PATH}:/home/gouzi/obstacle_race_src/install/auto_nav_pkg:/opt/ros/humble /usr/bin/cmake --install /home/gouzi/obstacle_race_src/build/point_lio
[0.599s] Level 1:colcon.colcon_core.environment:create_environment_scripts_only(quadruped_step_mapper)
[0.612s] Level 1:colcon.colcon_core.environment:checking '/home/gouzi/obstacle_race_src/install/quadruped_step_mapper' for CMake module files
[0.615s] Level 1:colcon.colcon_core.environment:checking '/home/gouzi/obstacle_race_src/install/quadruped_step_mapper' for CMake config files
[0.621s] DEBUG:colcon.colcon_core.event_handler.log_command:Invoked command in '/home/gouzi/obstacle_race_src/build/quadruped_step_mapper' returned '0': CMAKE_PREFIX_PATH=${CMAKE_PREFIX_PATH}:/home/gouzi/obstacle_race_src/install/auto_nav_pkg:/opt/ros/humble /usr/bin/cmake --install /home/gouzi/obstacle_race_src/build/quadruped_step_mapper
[0.626s] Level 1:colcon.colcon_core.shell:create_environment_hook('quadruped_step_mapper', 'cmake_prefix_path')
[0.627s] INFO:colcon.colcon_core.shell:Creating environment hook '/home/gouzi/obstacle_race_src/install/quadruped_step_mapper/share/quadruped_step_mapper/hook/cmake_prefix_path.ps1'
[0.628s] INFO:colcon.colcon_core.shell:Creating environment descriptor '/home/gouzi/obstacle_race_src/install/quadruped_step_mapper/share/quadruped_step_mapper/hook/cmake_prefix_path.dsv'
[0.628s] INFO:colcon.colcon_core.shell:Creating environment hook '/home/gouzi/obstacle_race_src/install/quadruped_step_mapper/share/quadruped_step_mapper/hook/cmake_prefix_path.sh'
[0.630s] Level 1:colcon.colcon_core.environment:checking '/home/gouzi/obstacle_race_src/install/quadruped_step_mapper/lib'
[0.631s] Level 1:colcon.colcon_core.environment:checking '/home/gouzi/obstacle_race_src/install/quadruped_step_mapper/bin'
[0.631s] Level 1:colcon.colcon_core.environment:checking '/home/gouzi/obstacle_race_src/install/quadruped_step_mapper/lib/pkgconfig/quadruped_step_mapper.pc'
[0.631s] Level 1:colcon.colcon_core.environment:checking '/home/gouzi/obstacle_race_src/install/quadruped_step_mapper/lib/python3.10/site-packages'
[0.632s] Level 1:colcon.colcon_core.environment:checking '/home/gouzi/obstacle_race_src/install/quadruped_step_mapper/bin'
[0.632s] INFO:colcon.colcon_core.shell:Creating package script '/home/gouzi/obstacle_race_src/install/quadruped_step_mapper/share/quadruped_step_mapper/package.ps1'
[0.633s] INFO:colcon.colcon_core.shell:Creating package descriptor '/home/gouzi/obstacle_race_src/install/quadruped_step_mapper/share/quadruped_step_mapper/package.dsv'
[0.634s] INFO:colcon.colcon_core.shell:Creating package script '/home/gouzi/obstacle_race_src/install/quadruped_step_mapper/share/quadruped_step_mapper/package.sh'
[0.635s] INFO:colcon.colcon_core.shell:Creating package script '/home/gouzi/obstacle_race_src/install/quadruped_step_mapper/share/quadruped_step_mapper/package.bash'
[0.636s] INFO:colcon.colcon_core.shell:Creating package script '/home/gouzi/obstacle_race_src/install/quadruped_step_mapper/share/quadruped_step_mapper/package.zsh'
[0.636s] Level 1:colcon.colcon_core.environment:create_file_with_runtime_dependencies(/home/gouzi/obstacle_race_src/install/quadruped_step_mapper/share/colcon-core/packages/quadruped_step_mapper)
[0.637s] Level 1:colcon.colcon_core.environment:create_environment_scripts_only(quadruped_step_mapper)
[0.637s] Level 1:colcon.colcon_core.environment:checking '/home/gouzi/obstacle_race_src/install/quadruped_step_mapper' for CMake module files
[0.638s] Level 1:colcon.colcon_core.environment:checking '/home/gouzi/obstacle_race_src/install/quadruped_step_mapper' for CMake config files
[0.638s] Level 1:colcon.colcon_core.shell:create_environment_hook('quadruped_step_mapper', 'cmake_prefix_path')
[0.639s] INFO:colcon.colcon_core.shell:Creating environment hook '/home/gouzi/obstacle_race_src/install/quadruped_step_mapper/share/quadruped_step_mapper/hook/cmake_prefix_path.ps1'
[0.643s] INFO:colcon.colcon_core.shell:Creating environment descriptor '/home/gouzi/obstacle_race_src/install/quadruped_step_mapper/share/quadruped_step_mapper/hook/cmake_prefix_path.dsv'
[0.643s] INFO:colcon.colcon_core.shell:Creating environment hook '/home/gouzi/obstacle_race_src/install/quadruped_step_mapper/share/quadruped_step_mapper/hook/cmake_prefix_path.sh'
[0.644s] Level 1:colcon.colcon_core.environment:checking '/home/gouzi/obstacle_race_src/install/quadruped_step_mapper/lib'
[0.644s] Level 1:colcon.colcon_core.environment:checking '/home/gouzi/obstacle_race_src/install/quadruped_step_mapper/bin'
[0.644s] Level 1:colcon.colcon_core.environment:checking '/home/gouzi/obstacle_race_src/install/quadruped_step_mapper/lib/pkgconfig/quadruped_step_mapper.pc'
[0.644s] Level 1:colcon.colcon_core.environment:checking '/home/gouzi/obstacle_race_src/install/quadruped_step_mapper/lib/python3.10/site-packages'
[0.645s] Level 1:colcon.colcon_core.environment:checking '/home/gouzi/obstacle_race_src/install/quadruped_step_mapper/bin'
[0.645s] INFO:colcon.colcon_core.shell:Creating package script '/home/gouzi/obstacle_race_src/install/quadruped_step_mapper/share/quadruped_step_mapper/package.ps1'
[0.646s] INFO:colcon.colcon_core.shell:Creating package descriptor '/home/gouzi/obstacle_race_src/install/quadruped_step_mapper/share/quadruped_step_mapper/package.dsv'
[0.647s] INFO:colcon.colcon_core.shell:Creating package script '/home/gouzi/obstacle_race_src/install/quadruped_step_mapper/share/quadruped_step_mapper/package.sh'
[0.650s] INFO:colcon.colcon_core.shell:Creating package script '/home/gouzi/obstacle_race_src/install/quadruped_step_mapper/share/quadruped_step_mapper/package.bash'
[0.650s] INFO:colcon.colcon_core.shell:Creating package script '/home/gouzi/obstacle_race_src/install/quadruped_step_mapper/share/quadruped_step_mapper/package.zsh'
[0.651s] Level 1:colcon.colcon_core.environment:create_file_with_runtime_dependencies(/home/gouzi/obstacle_race_src/install/quadruped_step_mapper/share/colcon-core/packages/quadruped_step_mapper)
[0.656s] Level 1:colcon.colcon_core.environment:create_environment_scripts_only(point_lio)
[0.656s] Level 1:colcon.colcon_core.environment:checking '/home/gouzi/obstacle_race_src/install/point_lio' for CMake module files
[0.657s] Level 1:colcon.colcon_core.environment:checking '/home/gouzi/obstacle_race_src/install/point_lio' for CMake config files
[0.657s] Level 1:colcon.colcon_core.shell:create_environment_hook('point_lio', 'cmake_prefix_path')
[0.657s] INFO:colcon.colcon_core.shell:Creating environment hook '/home/gouzi/obstacle_race_src/install/point_lio/share/point_lio/hook/cmake_prefix_path.ps1'
[0.658s] INFO:colcon.colcon_core.shell:Creating environment descriptor '/home/gouzi/obstacle_race_src/install/point_lio/share/point_lio/hook/cmake_prefix_path.dsv'
[0.659s] DEBUG:colcon.colcon_core.event_handler.log_command:Invoked command in '/home/gouzi/obstacle_race_src/build/point_lio' returned '0': CMAKE_PREFIX_PATH=${CMAKE_PREFIX_PATH}:/home/gouzi/obstacle_race_src/install/auto_nav_pkg:/opt/ros/humble /usr/bin/cmake --install /home/gouzi/obstacle_race_src/build/point_lio
[0.659s] INFO:colcon.colcon_core.shell:Creating environment hook '/home/gouzi/obstacle_race_src/install/point_lio/share/point_lio/hook/cmake_prefix_path.sh'
[0.660s] Level 1:colcon.colcon_core.environment:checking '/home/gouzi/obstacle_race_src/install/point_lio/lib'
[0.660s] Level 1:colcon.colcon_core.environment:checking '/home/gouzi/obstacle_race_src/install/point_lio/bin'
[0.660s] Level 1:colcon.colcon_core.environment:checking '/home/gouzi/obstacle_race_src/install/point_lio/lib/pkgconfig/point_lio.pc'
[0.660s] Level 1:colcon.colcon_core.environment:checking '/home/gouzi/obstacle_race_src/install/point_lio/lib/python3.10/site-packages'
[0.661s] Level 1:colcon.colcon_core.environment:checking '/home/gouzi/obstacle_race_src/install/point_lio/bin'
[0.661s] INFO:colcon.colcon_core.shell:Creating package script '/home/gouzi/obstacle_race_src/install/point_lio/share/point_lio/package.ps1'
[0.662s] INFO:colcon.colcon_core.shell:Creating package descriptor '/home/gouzi/obstacle_race_src/install/point_lio/share/point_lio/package.dsv'
[0.662s] INFO:colcon.colcon_core.shell:Creating package script '/home/gouzi/obstacle_race_src/install/point_lio/share/point_lio/package.sh'
[0.663s] INFO:colcon.colcon_core.shell:Creating package script '/home/gouzi/obstacle_race_src/install/point_lio/share/point_lio/package.bash'
[0.663s] INFO:colcon.colcon_core.shell:Creating package script '/home/gouzi/obstacle_race_src/install/point_lio/share/point_lio/package.zsh'
[0.663s] Level 1:colcon.colcon_core.environment:create_file_with_runtime_dependencies(/home/gouzi/obstacle_race_src/install/point_lio/share/colcon-core/packages/point_lio)
[0.664s] Level 1:colcon.colcon_core.environment:create_environment_scripts_only(point_lio)
[0.665s] Level 1:colcon.colcon_core.environment:checking '/home/gouzi/obstacle_race_src/install/point_lio' for CMake module files
[0.669s] Level 1:colcon.colcon_core.environment:checking '/home/gouzi/obstacle_race_src/install/point_lio' for CMake config files
[0.670s] Level 1:colcon.colcon_core.shell:create_environment_hook('point_lio', 'cmake_prefix_path')
[0.670s] INFO:colcon.colcon_core.shell:Creating environment hook '/home/gouzi/obstacle_race_src/install/point_lio/share/point_lio/hook/cmake_prefix_path.ps1'
[0.671s] INFO:colcon.colcon_core.shell:Creating environment descriptor '/home/gouzi/obstacle_race_src/install/point_lio/share/point_lio/hook/cmake_prefix_path.dsv'
[0.671s] INFO:colcon.colcon_core.shell:Creating environment hook '/home/gouzi/obstacle_race_src/install/point_lio/share/point_lio/hook/cmake_prefix_path.sh'
[0.672s] Level 1:colcon.colcon_core.environment:checking '/home/gouzi/obstacle_race_src/install/point_lio/lib'
[0.672s] Level 1:colcon.colcon_core.environment:checking '/home/gouzi/obstacle_race_src/install/point_lio/bin'
[0.673s] Level 1:colcon.colcon_core.environment:checking '/home/gouzi/obstacle_race_src/install/point_lio/lib/pkgconfig/point_lio.pc'
[0.673s] Level 1:colcon.colcon_core.environment:checking '/home/gouzi/obstacle_race_src/install/point_lio/lib/python3.10/site-packages'
[0.673s] Level 1:colcon.colcon_core.environment:checking '/home/gouzi/obstacle_race_src/install/point_lio/bin'
[0.674s] INFO:colcon.colcon_core.shell:Creating package script '/home/gouzi/obstacle_race_src/install/point_lio/share/point_lio/package.ps1'
[0.675s] INFO:colcon.colcon_core.shell:Creating package descriptor '/home/gouzi/obstacle_race_src/install/point_lio/share/point_lio/package.dsv'
[0.675s] INFO:colcon.colcon_core.shell:Creating package script '/home/gouzi/obstacle_race_src/install/point_lio/share/point_lio/package.sh'
[0.676s] INFO:colcon.colcon_core.shell:Creating package script '/home/gouzi/obstacle_race_src/install/point_lio/share/point_lio/package.bash'
[0.676s] INFO:colcon.colcon_core.shell:Creating package script '/home/gouzi/obstacle_race_src/install/point_lio/share/point_lio/package.zsh'
[0.677s] Level 1:colcon.colcon_core.environment:create_file_with_runtime_dependencies(/home/gouzi/obstacle_race_src/install/point_lio/share/colcon-core/packages/point_lio)
[0.837s] DEBUG:colcon.colcon_core.event_handler.log_command:Invoked command in '/home/gouzi/obstacle_race_src/build/realsense2_camera_msgs' returned '0': CMAKE_PREFIX_PATH=${CMAKE_PREFIX_PATH}:/home/gouzi/obstacle_race_src/install/auto_nav_pkg:/opt/ros/humble /usr/bin/cmake --build /home/gouzi/obstacle_race_src/build/realsense2_camera_msgs -- -j8 -l8
[0.839s] DEBUG:colcon.colcon_core.event_handler.log_command:Invoking command in '/home/gouzi/obstacle_race_src/build/realsense2_camera_msgs': CMAKE_PREFIX_PATH=${CMAKE_PREFIX_PATH}:/home/gouzi/obstacle_race_src/install/auto_nav_pkg:/opt/ros/humble /usr/bin/cmake --install /home/gouzi/obstacle_race_src/build/realsense2_camera_msgs
[0.899s] DEBUG:colcon.colcon_core.event_handler.log_command:Invoked command in '/home/gouzi/obstacle_race_src/build/apriltag_msgs' returned '0': CMAKE_PREFIX_PATH=${CMAKE_PREFIX_PATH}:/home/gouzi/obstacle_race_src/install/auto_nav_pkg:/opt/ros/humble /usr/bin/cmake --build /home/gouzi/obstacle_race_src/build/apriltag_msgs -- -j8 -l8
[0.901s] DEBUG:colcon.colcon_core.event_handler.log_command:Invoking command in '/home/gouzi/obstacle_race_src/build/apriltag_msgs': CMAKE_PREFIX_PATH=${CMAKE_PREFIX_PATH}:/home/gouzi/obstacle_race_src/install/auto_nav_pkg:/opt/ros/humble /usr/bin/cmake --install /home/gouzi/obstacle_race_src/build/apriltag_msgs
[0.909s] Level 1:colcon.colcon_core.environment:create_environment_scripts_only(realsense2_camera_msgs)
[0.909s] Level 1:colcon.colcon_core.environment:checking '/home/gouzi/obstacle_race_src/install/realsense2_camera_msgs' for CMake module files
[0.910s] DEBUG:colcon.colcon_core.event_handler.log_command:Invoked command in '/home/gouzi/obstacle_race_src/build/realsense2_camera_msgs' returned '0': CMAKE_PREFIX_PATH=${CMAKE_PREFIX_PATH}:/home/gouzi/obstacle_race_src/install/auto_nav_pkg:/opt/ros/humble /usr/bin/cmake --install /home/gouzi/obstacle_race_src/build/realsense2_camera_msgs
[0.912s] Level 1:colcon.colcon_core.environment:checking '/home/gouzi/obstacle_race_src/install/realsense2_camera_msgs' for CMake config files
[0.913s] Level 1:colcon.colcon_core.shell:create_environment_hook('realsense2_camera_msgs', 'cmake_prefix_path')
[0.913s] INFO:colcon.colcon_core.shell:Creating environment hook '/home/gouzi/obstacle_race_src/install/realsense2_camera_msgs/share/realsense2_camera_msgs/hook/cmake_prefix_path.ps1'
[0.915s] INFO:colcon.colcon_core.shell:Creating environment descriptor '/home/gouzi/obstacle_race_src/install/realsense2_camera_msgs/share/realsense2_camera_msgs/hook/cmake_prefix_path.dsv'
[0.916s] INFO:colcon.colcon_core.shell:Creating environment hook '/home/gouzi/obstacle_race_src/install/realsense2_camera_msgs/share/realsense2_camera_msgs/hook/cmake_prefix_path.sh'
[0.917s] Level 1:colcon.colcon_core.environment:checking '/home/gouzi/obstacle_race_src/install/realsense2_camera_msgs/lib'
[0.917s] Level 1:colcon.colcon_core.shell:create_environment_hook('realsense2_camera_msgs', 'ld_library_path_lib')
[0.918s] INFO:colcon.colcon_core.shell:Creating environment hook '/home/gouzi/obstacle_race_src/install/realsense2_camera_msgs/share/realsense2_camera_msgs/hook/ld_library_path_lib.ps1'
[0.919s] INFO:colcon.colcon_core.shell:Creating environment descriptor '/home/gouzi/obstacle_race_src/install/realsense2_camera_msgs/share/realsense2_camera_msgs/hook/ld_library_path_lib.dsv'
[0.920s] INFO:colcon.colcon_core.shell:Creating environment hook '/home/gouzi/obstacle_race_src/install/realsense2_camera_msgs/share/realsense2_camera_msgs/hook/ld_library_path_lib.sh'
[0.920s] Level 1:colcon.colcon_core.environment:checking '/home/gouzi/obstacle_race_src/install/realsense2_camera_msgs/bin'
[0.920s] Level 1:colcon.colcon_core.environment:checking '/home/gouzi/obstacle_race_src/install/realsense2_camera_msgs/lib/pkgconfig/realsense2_camera_msgs.pc'
[0.920s] Level 1:colcon.colcon_core.environment:checking '/home/gouzi/obstacle_race_src/install/realsense2_camera_msgs/lib/python3.10/site-packages'
[0.921s] Level 1:colcon.colcon_core.environment:checking '/home/gouzi/obstacle_race_src/install/realsense2_camera_msgs/bin'
[0.921s] INFO:colcon.colcon_core.shell:Creating package script '/home/gouzi/obstacle_race_src/install/realsense2_camera_msgs/share/realsense2_camera_msgs/package.ps1'
[0.922s] INFO:colcon.colcon_core.shell:Creating package descriptor '/home/gouzi/obstacle_race_src/install/realsense2_camera_msgs/share/realsense2_camera_msgs/package.dsv'
[0.923s] INFO:colcon.colcon_core.shell:Creating package script '/home/gouzi/obstacle_race_src/install/realsense2_camera_msgs/share/realsense2_camera_msgs/package.sh'
[0.923s] INFO:colcon.colcon_core.shell:Creating package script '/home/gouzi/obstacle_race_src/install/realsense2_camera_msgs/share/realsense2_camera_msgs/package.bash'
[0.925s] INFO:colcon.colcon_core.shell:Creating package script '/home/gouzi/obstacle_race_src/install/realsense2_camera_msgs/share/realsense2_camera_msgs/package.zsh'
[0.926s] Level 1:colcon.colcon_core.environment:create_file_with_runtime_dependencies(/home/gouzi/obstacle_race_src/install/realsense2_camera_msgs/share/colcon-core/packages/realsense2_camera_msgs)
[0.927s] Level 1:colcon.colcon_core.environment:create_environment_scripts_only(realsense2_camera_msgs)
[0.927s] Level 1:colcon.colcon_core.environment:checking '/home/gouzi/obstacle_race_src/install/realsense2_camera_msgs' for CMake module files
[0.928s] Level 1:colcon.colcon_core.environment:checking '/home/gouzi/obstacle_race_src/install/realsense2_camera_msgs' for CMake config files
[0.928s] Level 1:colcon.colcon_core.shell:create_environment_hook('realsense2_camera_msgs', 'cmake_prefix_path')
[0.928s] INFO:colcon.colcon_core.shell:Creating environment hook '/home/gouzi/obstacle_race_src/install/realsense2_camera_msgs/share/realsense2_camera_msgs/hook/cmake_prefix_path.ps1'
[0.928s] INFO:colcon.colcon_core.shell:Creating environment descriptor '/home/gouzi/obstacle_race_src/install/realsense2_camera_msgs/share/realsense2_camera_msgs/hook/cmake_prefix_path.dsv'
[0.929s] INFO:colcon.colcon_core.shell:Creating environment hook '/home/gouzi/obstacle_race_src/install/realsense2_camera_msgs/share/realsense2_camera_msgs/hook/cmake_prefix_path.sh'
[0.929s] Level 1:colcon.colcon_core.environment:checking '/home/gouzi/obstacle_race_src/install/realsense2_camera_msgs/lib'
[0.929s] Level 1:colcon.colcon_core.shell:create_environment_hook('realsense2_camera_msgs', 'ld_library_path_lib')
[0.929s] INFO:colcon.colcon_core.shell:Creating environment hook '/home/gouzi/obstacle_race_src/install/realsense2_camera_msgs/share/realsense2_camera_msgs/hook/ld_library_path_lib.ps1'
[0.930s] INFO:colcon.colcon_core.shell:Creating environment descriptor '/home/gouzi/obstacle_race_src/install/realsense2_camera_msgs/share/realsense2_camera_msgs/hook/ld_library_path_lib.dsv'
[0.930s] INFO:colcon.colcon_core.shell:Creating environment hook '/home/gouzi/obstacle_race_src/install/realsense2_camera_msgs/share/realsense2_camera_msgs/hook/ld_library_path_lib.sh'
[0.930s] Level 1:colcon.colcon_core.environment:checking '/home/gouzi/obstacle_race_src/install/realsense2_camera_msgs/bin'
[0.930s] Level 1:colcon.colcon_core.environment:checking '/home/gouzi/obstacle_race_src/install/realsense2_camera_msgs/lib/pkgconfig/realsense2_camera_msgs.pc'
[0.930s] Level 1:colcon.colcon_core.environment:checking '/home/gouzi/obstacle_race_src/install/realsense2_camera_msgs/lib/python3.10/site-packages'
[0.931s] Level 1:colcon.colcon_core.environment:checking '/home/gouzi/obstacle_race_src/install/realsense2_camera_msgs/bin'
[0.931s] INFO:colcon.colcon_core.shell:Creating package script '/home/gouzi/obstacle_race_src/install/realsense2_camera_msgs/share/realsense2_camera_msgs/package.ps1'
[0.932s] INFO:colcon.colcon_core.shell:Creating package descriptor '/home/gouzi/obstacle_race_src/install/realsense2_camera_msgs/share/realsense2_camera_msgs/package.dsv'
[0.932s] INFO:colcon.colcon_core.shell:Creating package script '/home/gouzi/obstacle_race_src/install/realsense2_camera_msgs/share/realsense2_camera_msgs/package.sh'
[0.933s] INFO:colcon.colcon_core.shell:Creating package script '/home/gouzi/obstacle_race_src/install/realsense2_camera_msgs/share/realsense2_camera_msgs/package.bash'
[0.934s] INFO:colcon.colcon_core.shell:Creating package script '/home/gouzi/obstacle_race_src/install/realsense2_camera_msgs/share/realsense2_camera_msgs/package.zsh'
[0.934s] Level 1:colcon.colcon_core.environment:create_file_with_runtime_dependencies(/home/gouzi/obstacle_race_src/install/realsense2_camera_msgs/share/colcon-core/packages/realsense2_camera_msgs)
[0.934s] INFO:colcon.colcon_ros.task.ament_cmake.build:Building ROS package in '/home/gouzi/obstacle_race_src/src/realsense-ros/realsense2_camera' with build type 'ament_cmake'
[0.935s] INFO:colcon.colcon_cmake.task.cmake.build:Building CMake package in '/home/gouzi/obstacle_race_src/src/realsense-ros/realsense2_camera'
[0.935s] INFO:colcon.colcon_core.shell:Skip shell extension 'powershell' for command environment: Not usable outside of PowerShell
[0.935s] DEBUG:colcon.colcon_core.shell:Skip shell extension 'dsv' for command environment
[0.940s] INFO:colcon.colcon_ros.task.ament_cmake.build:Building ROS package in '/home/gouzi/obstacle_race_src/src/realsense-ros/realsense2_description' with build type 'ament_cmake'
[0.940s] INFO:colcon.colcon_cmake.task.cmake.build:Building CMake package in '/home/gouzi/obstacle_race_src/src/realsense-ros/realsense2_description'
[0.940s] INFO:colcon.colcon_core.shell:Skip shell extension 'powershell' for command environment: Not usable outside of PowerShell
[0.940s] DEBUG:colcon.colcon_core.shell:Skip shell extension 'dsv' for command environment
[0.944s] DEBUG:colcon.colcon_core.event_handler.log_command:Invoked command in '/home/gouzi/obstacle_race_src/build/livox_ros_driver2' returned '0': CMAKE_PREFIX_PATH=${CMAKE_PREFIX_PATH}:/home/gouzi/obstacle_race_src/install/auto_nav_pkg:/opt/ros/humble /usr/bin/cmake --build /home/gouzi/obstacle_race_src/build/livox_ros_driver2 -- -j8 -l8
[0.946s] DEBUG:colcon.colcon_core.event_handler.log_command:Invoking command in '/home/gouzi/obstacle_race_src/build/livox_ros_driver2': CMAKE_PREFIX_PATH=${CMAKE_PREFIX_PATH}:/home/gouzi/obstacle_race_src/install/auto_nav_pkg:/opt/ros/humble /usr/bin/cmake --install /home/gouzi/obstacle_race_src/build/livox_ros_driver2
[0.952s] DEBUG:colcon.colcon_core.event_handler.log_command:Invoking command in '/home/gouzi/obstacle_race_src/build/realsense2_camera': CMAKE_PREFIX_PATH=/home/gouzi/obstacle_race_src/install/realsense2_camera_msgs:/home/gouzi/obstacle_race_src/install/realsense2_description:/home/gouzi/obstacle_race_src/install/realsense2_camera:/home/gouzi/obstacle_race_src/install/quadruped_step_mapper:/home/gouzi/obstacle_race_src/install/point_lio:/home/gouzi/obstacle_race_src/install/livox_ros_driver2:/home/gouzi/obstacle_race_src/install/apriltag_ros:/home/gouzi/obstacle_race_src/install/apriltag_msgs:/home/gouzi/obstacle_race_src/install/auto_nav_pkg:/opt/ros/humble LD_LIBRARY_PATH=/home/gouzi/obstacle_race_src/install/realsense2_camera_msgs/lib:/home/gouzi/obstacle_race_src/install/realsense2_camera/lib:/home/gouzi/obstacle_race_src/install/livox_ros_driver2/lib:/home/gouzi/obstacle_race_src/install/apriltag_ros/lib:/home/gouzi/obstacle_race_src/install/apriltag_msgs/lib:/opt/ros/humble/opt/rviz_ogre_vendor/lib:/opt/ros/humble/lib/x86_64-linux-gnu:/opt/ros/humble/lib /usr/bin/cmake --build /home/gouzi/obstacle_race_src/build/realsense2_camera -- -j8 -l8
[0.955s] DEBUG:colcon.colcon_core.event_handler.log_command:Invoking command in '/home/gouzi/obstacle_race_src/build/realsense2_description': CMAKE_PREFIX_PATH=/home/gouzi/obstacle_race_src/install/realsense2_camera_msgs:/home/gouzi/obstacle_race_src/install/realsense2_description:/home/gouzi/obstacle_race_src/install/realsense2_camera:/home/gouzi/obstacle_race_src/install/quadruped_step_mapper:/home/gouzi/obstacle_race_src/install/point_lio:/home/gouzi/obstacle_race_src/install/livox_ros_driver2:/home/gouzi/obstacle_race_src/install/apriltag_ros:/home/gouzi/obstacle_race_src/install/apriltag_msgs:/home/gouzi/obstacle_race_src/install/auto_nav_pkg:/opt/ros/humble LD_LIBRARY_PATH=/home/gouzi/obstacle_race_src/install/realsense2_camera_msgs/lib:/home/gouzi/obstacle_race_src/install/realsense2_camera/lib:/home/gouzi/obstacle_race_src/install/livox_ros_driver2/lib:/home/gouzi/obstacle_race_src/install/apriltag_ros/lib:/home/gouzi/obstacle_race_src/install/apriltag_msgs/lib:/opt/ros/humble/opt/rviz_ogre_vendor/lib:/opt/ros/humble/lib/x86_64-linux-gnu:/opt/ros/humble/lib /usr/bin/cmake --build /home/gouzi/obstacle_race_src/build/realsense2_description -- -j8 -l8
[0.979s] Level 1:colcon.colcon_core.environment:create_environment_scripts_only(apriltag_msgs)
[0.979s] Level 1:colcon.colcon_core.environment:checking '/home/gouzi/obstacle_race_src/install/apriltag_msgs' for CMake module files
[0.980s] Level 1:colcon.colcon_core.environment:checking '/home/gouzi/obstacle_race_src/install/apriltag_msgs' for CMake config files
[0.981s] Level 1:colcon.colcon_core.shell:create_environment_hook('apriltag_msgs', 'cmake_prefix_path')
[0.981s] INFO:colcon.colcon_core.shell:Creating environment hook '/home/gouzi/obstacle_race_src/install/apriltag_msgs/share/apriltag_msgs/hook/cmake_prefix_path.ps1'
[0.981s] INFO:colcon.colcon_core.shell:Creating environment descriptor '/home/gouzi/obstacle_race_src/install/apriltag_msgs/share/apriltag_msgs/hook/cmake_prefix_path.dsv'
[0.982s] INFO:colcon.colcon_core.shell:Creating environment hook '/home/gouzi/obstacle_race_src/install/apriltag_msgs/share/apriltag_msgs/hook/cmake_prefix_path.sh'
[0.982s] Level 1:colcon.colcon_core.environment:checking '/home/gouzi/obstacle_race_src/install/apriltag_msgs/lib'
[0.983s] Level 1:colcon.colcon_core.shell:create_environment_hook('apriltag_msgs', 'ld_library_path_lib')
[0.980s] DEBUG:colcon.colcon_core.event_handler.log_command:Invoked command in '/home/gouzi/obstacle_race_src/build/apriltag_msgs' returned '0': CMAKE_PREFIX_PATH=${CMAKE_PREFIX_PATH}:/home/gouzi/obstacle_race_src/install/auto_nav_pkg:/opt/ros/humble /usr/bin/cmake --install /home/gouzi/obstacle_race_src/build/apriltag_msgs
[0.983s] INFO:colcon.colcon_core.shell:Creating environment hook '/home/gouzi/obstacle_race_src/install/apriltag_msgs/share/apriltag_msgs/hook/ld_library_path_lib.ps1'
[0.984s] INFO:colcon.colcon_core.shell:Creating environment descriptor '/home/gouzi/obstacle_race_src/install/apriltag_msgs/share/apriltag_msgs/hook/ld_library_path_lib.dsv'
[0.984s] INFO:colcon.colcon_core.shell:Creating environment hook '/home/gouzi/obstacle_race_src/install/apriltag_msgs/share/apriltag_msgs/hook/ld_library_path_lib.sh'
[0.984s] Level 1:colcon.colcon_core.environment:checking '/home/gouzi/obstacle_race_src/install/apriltag_msgs/bin'
[0.985s] Level 1:colcon.colcon_core.environment:checking '/home/gouzi/obstacle_race_src/install/apriltag_msgs/lib/pkgconfig/apriltag_msgs.pc'
[0.985s] Level 1:colcon.colcon_core.environment:checking '/home/gouzi/obstacle_race_src/install/apriltag_msgs/lib/python3.10/site-packages'
[0.985s] Level 1:colcon.colcon_core.environment:checking '/home/gouzi/obstacle_race_src/install/apriltag_msgs/bin'
[0.986s] INFO:colcon.colcon_core.shell:Creating package script '/home/gouzi/obstacle_race_src/install/apriltag_msgs/share/apriltag_msgs/package.ps1'
[0.986s] INFO:colcon.colcon_core.shell:Creating package descriptor '/home/gouzi/obstacle_race_src/install/apriltag_msgs/share/apriltag_msgs/package.dsv'
[0.987s] INFO:colcon.colcon_core.shell:Creating package script '/home/gouzi/obstacle_race_src/install/apriltag_msgs/share/apriltag_msgs/package.sh'
[0.988s] INFO:colcon.colcon_core.shell:Creating package script '/home/gouzi/obstacle_race_src/install/apriltag_msgs/share/apriltag_msgs/package.bash'
[0.988s] INFO:colcon.colcon_core.shell:Creating package script '/home/gouzi/obstacle_race_src/install/apriltag_msgs/share/apriltag_msgs/package.zsh'
[0.989s] Level 1:colcon.colcon_core.environment:create_file_with_runtime_dependencies(/home/gouzi/obstacle_race_src/install/apriltag_msgs/share/colcon-core/packages/apriltag_msgs)
[0.990s] Level 1:colcon.colcon_core.environment:create_environment_scripts_only(apriltag_msgs)
[0.990s] Level 1:colcon.colcon_core.environment:checking '/home/gouzi/obstacle_race_src/install/apriltag_msgs' for CMake module files
[0.991s] Level 1:colcon.colcon_core.environment:checking '/home/gouzi/obstacle_race_src/install/apriltag_msgs' for CMake config files
[0.991s] Level 1:colcon.colcon_core.shell:create_environment_hook('apriltag_msgs', 'cmake_prefix_path')
[0.992s] INFO:colcon.colcon_core.shell:Creating environment hook '/home/gouzi/obstacle_race_src/install/apriltag_msgs/share/apriltag_msgs/hook/cmake_prefix_path.ps1'
[0.992s] INFO:colcon.colcon_core.shell:Creating environment descriptor '/home/gouzi/obstacle_race_src/install/apriltag_msgs/share/apriltag_msgs/hook/cmake_prefix_path.dsv'
[0.993s] INFO:colcon.colcon_core.shell:Creating environment hook '/home/gouzi/obstacle_race_src/install/apriltag_msgs/share/apriltag_msgs/hook/cmake_prefix_path.sh'
[0.993s] Level 1:colcon.colcon_core.environment:checking '/home/gouzi/obstacle_race_src/install/apriltag_msgs/lib'
[0.994s] Level 1:colcon.colcon_core.shell:create_environment_hook('apriltag_msgs', 'ld_library_path_lib')
[0.994s] INFO:colcon.colcon_core.shell:Creating environment hook '/home/gouzi/obstacle_race_src/install/apriltag_msgs/share/apriltag_msgs/hook/ld_library_path_lib.ps1'
[0.994s] INFO:colcon.colcon_core.shell:Creating environment descriptor '/home/gouzi/obstacle_race_src/install/apriltag_msgs/share/apriltag_msgs/hook/ld_library_path_lib.dsv'
[0.995s] INFO:colcon.colcon_core.shell:Creating environment hook '/home/gouzi/obstacle_race_src/install/apriltag_msgs/share/apriltag_msgs/hook/ld_library_path_lib.sh'
[0.995s] Level 1:colcon.colcon_core.environment:checking '/home/gouzi/obstacle_race_src/install/apriltag_msgs/bin'
[0.995s] Level 1:colcon.colcon_core.environment:checking '/home/gouzi/obstacle_race_src/install/apriltag_msgs/lib/pkgconfig/apriltag_msgs.pc'
[0.996s] Level 1:colcon.colcon_core.environment:checking '/home/gouzi/obstacle_race_src/install/apriltag_msgs/lib/python3.10/site-packages'
[0.996s] Level 1:colcon.colcon_core.environment:checking '/home/gouzi/obstacle_race_src/install/apriltag_msgs/bin'
[0.996s] INFO:colcon.colcon_core.shell:Creating package script '/home/gouzi/obstacle_race_src/install/apriltag_msgs/share/apriltag_msgs/package.ps1'
[0.997s] INFO:colcon.colcon_core.shell:Creating package descriptor '/home/gouzi/obstacle_race_src/install/apriltag_msgs/share/apriltag_msgs/package.dsv'
[0.998s] INFO:colcon.colcon_core.shell:Creating package script '/home/gouzi/obstacle_race_src/install/apriltag_msgs/share/apriltag_msgs/package.sh'
[0.998s] INFO:colcon.colcon_core.shell:Creating package script '/home/gouzi/obstacle_race_src/install/apriltag_msgs/share/apriltag_msgs/package.bash'
[0.998s] INFO:colcon.colcon_core.shell:Creating package script '/home/gouzi/obstacle_race_src/install/apriltag_msgs/share/apriltag_msgs/package.zsh'
[0.999s] Level 1:colcon.colcon_core.environment:create_file_with_runtime_dependencies(/home/gouzi/obstacle_race_src/install/apriltag_msgs/share/colcon-core/packages/apriltag_msgs)
[0.999s] INFO:colcon.colcon_ros.task.ament_cmake.build:Building ROS package in '/home/gouzi/obstacle_race_src/src/apriltag_ros' with build type 'ament_cmake'
[0.999s] INFO:colcon.colcon_cmake.task.cmake.build:Building CMake package in '/home/gouzi/obstacle_race_src/src/apriltag_ros'
[1.000s] INFO:colcon.colcon_core.shell:Skip shell extension 'powershell' for command environment: Not usable outside of PowerShell
[1.000s] DEBUG:colcon.colcon_core.shell:Skip shell extension 'dsv' for command environment
[1.006s] DEBUG:colcon.colcon_core.event_handler.log_command:Invoked command in '/home/gouzi/obstacle_race_src/build/realsense2_description' returned '0': CMAKE_PREFIX_PATH=/home/gouzi/obstacle_race_src/install/realsense2_camera_msgs:/home/gouzi/obstacle_race_src/install/realsense2_description:/home/gouzi/obstacle_race_src/install/realsense2_camera:/home/gouzi/obstacle_race_src/install/quadruped_step_mapper:/home/gouzi/obstacle_race_src/install/point_lio:/home/gouzi/obstacle_race_src/install/livox_ros_driver2:/home/gouzi/obstacle_race_src/install/apriltag_ros:/home/gouzi/obstacle_race_src/install/apriltag_msgs:/home/gouzi/obstacle_race_src/install/auto_nav_pkg:/opt/ros/humble LD_LIBRARY_PATH=/home/gouzi/obstacle_race_src/install/realsense2_camera_msgs/lib:/home/gouzi/obstacle_race_src/install/realsense2_camera/lib:/home/gouzi/obstacle_race_src/install/livox_ros_driver2/lib:/home/gouzi/obstacle_race_src/install/apriltag_ros/lib:/home/gouzi/obstacle_race_src/install/apriltag_msgs/lib:/opt/ros/humble/opt/rviz_ogre_vendor/lib:/opt/ros/humble/lib/x86_64-linux-gnu:/opt/ros/humble/lib /usr/bin/cmake --build /home/gouzi/obstacle_race_src/build/realsense2_description -- -j8 -l8
[1.008s] DEBUG:colcon.colcon_core.event_handler.log_command:Invoking command in '/home/gouzi/obstacle_race_src/build/realsense2_description': CMAKE_PREFIX_PATH=/home/gouzi/obstacle_race_src/install/realsense2_camera_msgs:/home/gouzi/obstacle_race_src/install/realsense2_description:/home/gouzi/obstacle_race_src/install/realsense2_camera:/home/gouzi/obstacle_race_src/install/quadruped_step_mapper:/home/gouzi/obstacle_race_src/install/point_lio:/home/gouzi/obstacle_race_src/install/livox_ros_driver2:/home/gouzi/obstacle_race_src/install/apriltag_ros:/home/gouzi/obstacle_race_src/install/apriltag_msgs:/home/gouzi/obstacle_race_src/install/auto_nav_pkg:/opt/ros/humble LD_LIBRARY_PATH=/home/gouzi/obstacle_race_src/install/realsense2_camera_msgs/lib:/home/gouzi/obstacle_race_src/install/realsense2_camera/lib:/home/gouzi/obstacle_race_src/install/livox_ros_driver2/lib:/home/gouzi/obstacle_race_src/install/apriltag_ros/lib:/home/gouzi/obstacle_race_src/install/apriltag_msgs/lib:/opt/ros/humble/opt/rviz_ogre_vendor/lib:/opt/ros/humble/lib/x86_64-linux-gnu:/opt/ros/humble/lib /usr/bin/cmake --install /home/gouzi/obstacle_race_src/build/realsense2_description
[1.023s] Level 1:colcon.colcon_core.environment:create_environment_scripts_only(realsense2_description)
[1.023s] Level 1:colcon.colcon_core.environment:checking '/home/gouzi/obstacle_race_src/install/realsense2_description' for CMake module files
[1.027s] Level 1:colcon.colcon_core.environment:checking '/home/gouzi/obstacle_race_src/install/realsense2_description' for CMake config files
[1.027s] DEBUG:colcon.colcon_core.event_handler.log_command:Invoking command in '/home/gouzi/obstacle_race_src/build/apriltag_ros': CMAKE_PREFIX_PATH=/home/gouzi/obstacle_race_src/install/apriltag_msgs:/home/gouzi/obstacle_race_src/install/realsense2_description:/home/gouzi/obstacle_race_src/install/realsense2_camera:/home/gouzi/obstacle_race_src/install/realsense2_camera_msgs:/home/gouzi/obstacle_race_src/install/quadruped_step_mapper:/home/gouzi/obstacle_race_src/install/point_lio:/home/gouzi/obstacle_race_src/install/livox_ros_driver2:/home/gouzi/obstacle_race_src/install/apriltag_ros:/home/gouzi/obstacle_race_src/install/auto_nav_pkg:/opt/ros/humble LD_LIBRARY_PATH=/home/gouzi/obstacle_race_src/install/apriltag_msgs/lib:/home/gouzi/obstacle_race_src/install/realsense2_camera/lib:/home/gouzi/obstacle_race_src/install/realsense2_camera_msgs/lib:/home/gouzi/obstacle_race_src/install/livox_ros_driver2/lib:/home/gouzi/obstacle_race_src/install/apriltag_ros/lib:/opt/ros/humble/opt/rviz_ogre_vendor/lib:/opt/ros/humble/lib/x86_64-linux-gnu:/opt/ros/humble/lib /usr/bin/cmake --build /home/gouzi/obstacle_race_src/build/apriltag_ros -- -j8 -l8
[1.028s] DEBUG:colcon.colcon_core.event_handler.log_command:Invoked command in '/home/gouzi/obstacle_race_src/build/realsense2_description' returned '0': CMAKE_PREFIX_PATH=/home/gouzi/obstacle_race_src/install/realsense2_camera_msgs:/home/gouzi/obstacle_race_src/install/realsense2_description:/home/gouzi/obstacle_race_src/install/realsense2_camera:/home/gouzi/obstacle_race_src/install/quadruped_step_mapper:/home/gouzi/obstacle_race_src/install/point_lio:/home/gouzi/obstacle_race_src/install/livox_ros_driver2:/home/gouzi/obstacle_race_src/install/apriltag_ros:/home/gouzi/obstacle_race_src/install/apriltag_msgs:/home/gouzi/obstacle_race_src/install/auto_nav_pkg:/opt/ros/humble LD_LIBRARY_PATH=/home/gouzi/obstacle_race_src/install/realsense2_camera_msgs/lib:/home/gouzi/obstacle_race_src/install/realsense2_camera/lib:/home/gouzi/obstacle_race_src/install/livox_ros_driver2/lib:/home/gouzi/obstacle_race_src/install/apriltag_ros/lib:/home/gouzi/obstacle_race_src/install/apriltag_msgs/lib:/opt/ros/humble/opt/rviz_ogre_vendor/lib:/opt/ros/humble/lib/x86_64-linux-gnu:/opt/ros/humble/lib /usr/bin/cmake --install /home/gouzi/obstacle_race_src/build/realsense2_description
[1.028s] Level 1:colcon.colcon_core.shell:create_environment_hook('realsense2_description', 'cmake_prefix_path')
[1.028s] INFO:colcon.colcon_core.shell:Creating environment hook '/home/gouzi/obstacle_race_src/install/realsense2_description/share/realsense2_description/hook/cmake_prefix_path.ps1'
[1.029s] INFO:colcon.colcon_core.shell:Creating environment descriptor '/home/gouzi/obstacle_race_src/install/realsense2_description/share/realsense2_description/hook/cmake_prefix_path.dsv'
[1.029s] INFO:colcon.colcon_core.shell:Creating environment hook '/home/gouzi/obstacle_race_src/install/realsense2_description/share/realsense2_description/hook/cmake_prefix_path.sh'
[1.029s] Level 1:colcon.colcon_core.environment:checking '/home/gouzi/obstacle_race_src/install/realsense2_description/bin'
[1.029s] Level 1:colcon.colcon_core.environment:checking '/home/gouzi/obstacle_race_src/install/realsense2_description/lib/pkgconfig/realsense2_description.pc'
[1.030s] Level 1:colcon.colcon_core.environment:checking '/home/gouzi/obstacle_race_src/install/realsense2_description/lib/python3.10/site-packages'
[1.030s] Level 1:colcon.colcon_core.environment:checking '/home/gouzi/obstacle_race_src/install/realsense2_description/bin'
[1.030s] INFO:colcon.colcon_core.shell:Creating package script '/home/gouzi/obstacle_race_src/install/realsense2_description/share/realsense2_description/package.ps1'
[1.031s] INFO:colcon.colcon_core.shell:Creating package descriptor '/home/gouzi/obstacle_race_src/install/realsense2_description/share/realsense2_description/package.dsv'
[1.031s] INFO:colcon.colcon_core.shell:Creating package script '/home/gouzi/obstacle_race_src/install/realsense2_description/share/realsense2_description/package.sh'
[1.032s] INFO:colcon.colcon_core.shell:Creating package script '/home/gouzi/obstacle_race_src/install/realsense2_description/share/realsense2_description/package.bash'
[1.033s] INFO:colcon.colcon_core.shell:Creating package script '/home/gouzi/obstacle_race_src/install/realsense2_description/share/realsense2_description/package.zsh'
[1.033s] Level 1:colcon.colcon_core.environment:create_file_with_runtime_dependencies(/home/gouzi/obstacle_race_src/install/realsense2_description/share/colcon-core/packages/realsense2_description)
[1.034s] Level 1:colcon.colcon_core.environment:create_environment_scripts_only(realsense2_description)
[1.034s] Level 1:colcon.colcon_core.environment:checking '/home/gouzi/obstacle_race_src/install/realsense2_description' for CMake module files
[1.035s] Level 1:colcon.colcon_core.environment:checking '/home/gouzi/obstacle_race_src/install/realsense2_description' for CMake config files
[1.035s] Level 1:colcon.colcon_core.shell:create_environment_hook('realsense2_description', 'cmake_prefix_path')
[1.035s] INFO:colcon.colcon_core.shell:Creating environment hook '/home/gouzi/obstacle_race_src/install/realsense2_description/share/realsense2_description/hook/cmake_prefix_path.ps1'
[1.036s] INFO:colcon.colcon_core.shell:Creating environment descriptor '/home/gouzi/obstacle_race_src/install/realsense2_description/share/realsense2_description/hook/cmake_prefix_path.dsv'
[1.036s] INFO:colcon.colcon_core.shell:Creating environment hook '/home/gouzi/obstacle_race_src/install/realsense2_description/share/realsense2_description/hook/cmake_prefix_path.sh'
[1.037s] Level 1:colcon.colcon_core.environment:checking '/home/gouzi/obstacle_race_src/install/realsense2_description/bin'
[1.037s] Level 1:colcon.colcon_core.environment:checking '/home/gouzi/obstacle_race_src/install/realsense2_description/lib/pkgconfig/realsense2_description.pc'
[1.037s] Level 1:colcon.colcon_core.environment:checking '/home/gouzi/obstacle_race_src/install/realsense2_description/lib/python3.10/site-packages'
[1.037s] Level 1:colcon.colcon_core.environment:checking '/home/gouzi/obstacle_race_src/install/realsense2_description/bin'
[1.038s] INFO:colcon.colcon_core.shell:Creating package script '/home/gouzi/obstacle_race_src/install/realsense2_description/share/realsense2_description/package.ps1'
[1.038s] INFO:colcon.colcon_core.shell:Creating package descriptor '/home/gouzi/obstacle_race_src/install/realsense2_description/share/realsense2_description/package.dsv'
[1.039s] INFO:colcon.colcon_core.shell:Creating package script '/home/gouzi/obstacle_race_src/install/realsense2_description/share/realsense2_description/package.sh'
[1.040s] INFO:colcon.colcon_core.shell:Creating package script '/home/gouzi/obstacle_race_src/install/realsense2_description/share/realsense2_description/package.bash'
[1.040s] INFO:colcon.colcon_core.shell:Creating package script '/home/gouzi/obstacle_race_src/install/realsense2_description/share/realsense2_description/package.zsh'
[1.041s] Level 1:colcon.colcon_core.environment:create_file_with_runtime_dependencies(/home/gouzi/obstacle_race_src/install/realsense2_description/share/colcon-core/packages/realsense2_description)
[1.041s] Level 1:colcon.colcon_core.environment:create_environment_scripts_only(livox_ros_driver2)
[1.042s] DEBUG:colcon.colcon_core.event_handler.log_command:Invoked command in '/home/gouzi/obstacle_race_src/build/livox_ros_driver2' returned '0': CMAKE_PREFIX_PATH=${CMAKE_PREFIX_PATH}:/home/gouzi/obstacle_race_src/install/auto_nav_pkg:/opt/ros/humble /usr/bin/cmake --install /home/gouzi/obstacle_race_src/build/livox_ros_driver2
[1.042s] Level 1:colcon.colcon_core.environment:checking '/home/gouzi/obstacle_race_src/install/livox_ros_driver2' for CMake module files
[1.042s] Level 1:colcon.colcon_core.environment:checking '/home/gouzi/obstacle_race_src/install/livox_ros_driver2' for CMake config files
[1.043s] Level 1:colcon.colcon_core.shell:create_environment_hook('livox_ros_driver2', 'cmake_prefix_path')
[1.043s] INFO:colcon.colcon_core.shell:Creating environment hook '/home/gouzi/obstacle_race_src/install/livox_ros_driver2/share/livox_ros_driver2/hook/cmake_prefix_path.ps1'
[1.043s] INFO:colcon.colcon_core.shell:Creating environment descriptor '/home/gouzi/obstacle_race_src/install/livox_ros_driver2/share/livox_ros_driver2/hook/cmake_prefix_path.dsv'
[1.044s] INFO:colcon.colcon_core.shell:Creating environment hook '/home/gouzi/obstacle_race_src/install/livox_ros_driver2/share/livox_ros_driver2/hook/cmake_prefix_path.sh'
[1.045s] Level 1:colcon.colcon_core.environment:checking '/home/gouzi/obstacle_race_src/install/livox_ros_driver2/lib'
[1.045s] Level 1:colcon.colcon_core.shell:create_environment_hook('livox_ros_driver2', 'ld_library_path_lib')
[1.045s] INFO:colcon.colcon_core.shell:Creating environment hook '/home/gouzi/obstacle_race_src/install/livox_ros_driver2/share/livox_ros_driver2/hook/ld_library_path_lib.ps1'
[1.045s] INFO:colcon.colcon_core.shell:Creating environment descriptor '/home/gouzi/obstacle_race_src/install/livox_ros_driver2/share/livox_ros_driver2/hook/ld_library_path_lib.dsv'
[1.045s] INFO:colcon.colcon_core.shell:Creating environment hook '/home/gouzi/obstacle_race_src/install/livox_ros_driver2/share/livox_ros_driver2/hook/ld_library_path_lib.sh'
[1.046s] Level 1:colcon.colcon_core.environment:checking '/home/gouzi/obstacle_race_src/install/livox_ros_driver2/bin'
[1.046s] Level 1:colcon.colcon_core.environment:checking '/home/gouzi/obstacle_race_src/install/livox_ros_driver2/lib/pkgconfig/livox_ros_driver2.pc'
[1.046s] Level 1:colcon.colcon_core.environment:checking '/home/gouzi/obstacle_race_src/install/livox_ros_driver2/lib/python3.10/site-packages'
[1.046s] Level 1:colcon.colcon_core.environment:checking '/home/gouzi/obstacle_race_src/install/livox_ros_driver2/bin'
[1.047s] INFO:colcon.colcon_core.shell:Creating package script '/home/gouzi/obstacle_race_src/install/livox_ros_driver2/share/livox_ros_driver2/package.ps1'
[1.047s] INFO:colcon.colcon_core.shell:Creating package descriptor '/home/gouzi/obstacle_race_src/install/livox_ros_driver2/share/livox_ros_driver2/package.dsv'
[1.048s] INFO:colcon.colcon_core.shell:Creating package script '/home/gouzi/obstacle_race_src/install/livox_ros_driver2/share/livox_ros_driver2/package.sh'
[1.048s] INFO:colcon.colcon_core.shell:Creating package script '/home/gouzi/obstacle_race_src/install/livox_ros_driver2/share/livox_ros_driver2/package.bash'
[1.049s] INFO:colcon.colcon_core.shell:Creating package script '/home/gouzi/obstacle_race_src/install/livox_ros_driver2/share/livox_ros_driver2/package.zsh'
[1.049s] Level 1:colcon.colcon_core.environment:create_file_with_runtime_dependencies(/home/gouzi/obstacle_race_src/install/livox_ros_driver2/share/colcon-core/packages/livox_ros_driver2)
[1.050s] Level 1:colcon.colcon_core.environment:create_environment_scripts_only(livox_ros_driver2)
[1.050s] Level 1:colcon.colcon_core.environment:checking '/home/gouzi/obstacle_race_src/install/livox_ros_driver2' for CMake module files
[1.050s] Level 1:colcon.colcon_core.environment:checking '/home/gouzi/obstacle_race_src/install/livox_ros_driver2' for CMake config files
[1.051s] Level 1:colcon.colcon_core.shell:create_environment_hook('livox_ros_driver2', 'cmake_prefix_path')
[1.051s] INFO:colcon.colcon_core.shell:Creating environment hook '/home/gouzi/obstacle_race_src/install/livox_ros_driver2/share/livox_ros_driver2/hook/cmake_prefix_path.ps1'
[1.051s] INFO:colcon.colcon_core.shell:Creating environment descriptor '/home/gouzi/obstacle_race_src/install/livox_ros_driver2/share/livox_ros_driver2/hook/cmake_prefix_path.dsv'
[1.051s] INFO:colcon.colcon_core.shell:Creating environment hook '/home/gouzi/obstacle_race_src/install/livox_ros_driver2/share/livox_ros_driver2/hook/cmake_prefix_path.sh'
[1.052s] Level 1:colcon.colcon_core.environment:checking '/home/gouzi/obstacle_race_src/install/livox_ros_driver2/lib'
[1.052s] Level 1:colcon.colcon_core.shell:create_environment_hook('livox_ros_driver2', 'ld_library_path_lib')
[1.052s] INFO:colcon.colcon_core.shell:Creating environment hook '/home/gouzi/obstacle_race_src/install/livox_ros_driver2/share/livox_ros_driver2/hook/ld_library_path_lib.ps1'
[1.052s] INFO:colcon.colcon_core.shell:Creating environment descriptor '/home/gouzi/obstacle_race_src/install/livox_ros_driver2/share/livox_ros_driver2/hook/ld_library_path_lib.dsv'
[1.053s] INFO:colcon.colcon_core.shell:Creating environment hook '/home/gouzi/obstacle_race_src/install/livox_ros_driver2/share/livox_ros_driver2/hook/ld_library_path_lib.sh'
[1.053s] Level 1:colcon.colcon_core.environment:checking '/home/gouzi/obstacle_race_src/install/livox_ros_driver2/bin'
[1.053s] Level 1:colcon.colcon_core.environment:checking '/home/gouzi/obstacle_race_src/install/livox_ros_driver2/lib/pkgconfig/livox_ros_driver2.pc'
[1.053s] Level 1:colcon.colcon_core.environment:checking '/home/gouzi/obstacle_race_src/install/livox_ros_driver2/lib/python3.10/site-packages'
[1.053s] Level 1:colcon.colcon_core.environment:checking '/home/gouzi/obstacle_race_src/install/livox_ros_driver2/bin'
[1.054s] INFO:colcon.colcon_core.shell:Creating package script '/home/gouzi/obstacle_race_src/install/livox_ros_driver2/share/livox_ros_driver2/package.ps1'
[1.054s] INFO:colcon.colcon_core.shell:Creating package descriptor '/home/gouzi/obstacle_race_src/install/livox_ros_driver2/share/livox_ros_driver2/package.dsv'
[1.054s] INFO:colcon.colcon_core.shell:Creating package script '/home/gouzi/obstacle_race_src/install/livox_ros_driver2/share/livox_ros_driver2/package.sh'
[1.055s] INFO:colcon.colcon_core.shell:Creating package script '/home/gouzi/obstacle_race_src/install/livox_ros_driver2/share/livox_ros_driver2/package.bash'
[1.055s] INFO:colcon.colcon_core.shell:Creating package script '/home/gouzi/obstacle_race_src/install/livox_ros_driver2/share/livox_ros_driver2/package.zsh'
[1.055s] Level 1:colcon.colcon_core.environment:create_file_with_runtime_dependencies(/home/gouzi/obstacle_race_src/install/livox_ros_driver2/share/colcon-core/packages/livox_ros_driver2)
[1.057s] DEBUG:colcon.colcon_core.event_handler.log_command:Invoked command in '/home/gouzi/obstacle_race_src/build/realsense2_camera' returned '0': CMAKE_PREFIX_PATH=/home/gouzi/obstacle_race_src/install/realsense2_camera_msgs:/home/gouzi/obstacle_race_src/install/realsense2_description:/home/gouzi/obstacle_race_src/install/realsense2_camera:/home/gouzi/obstacle_race_src/install/quadruped_step_mapper:/home/gouzi/obstacle_race_src/install/point_lio:/home/gouzi/obstacle_race_src/install/livox_ros_driver2:/home/gouzi/obstacle_race_src/install/apriltag_ros:/home/gouzi/obstacle_race_src/install/apriltag_msgs:/home/gouzi/obstacle_race_src/install/auto_nav_pkg:/opt/ros/humble LD_LIBRARY_PATH=/home/gouzi/obstacle_race_src/install/realsense2_camera_msgs/lib:/home/gouzi/obstacle_race_src/install/realsense2_camera/lib:/home/gouzi/obstacle_race_src/install/livox_ros_driver2/lib:/home/gouzi/obstacle_race_src/install/apriltag_ros/lib:/home/gouzi/obstacle_race_src/install/apriltag_msgs/lib:/opt/ros/humble/opt/rviz_ogre_vendor/lib:/opt/ros/humble/lib/x86_64-linux-gnu:/opt/ros/humble/lib /usr/bin/cmake --build /home/gouzi/obstacle_race_src/build/realsense2_camera -- -j8 -l8
[1.058s] DEBUG:colcon.colcon_core.event_handler.log_command:Invoking command in '/home/gouzi/obstacle_race_src/build/realsense2_camera': CMAKE_PREFIX_PATH=/home/gouzi/obstacle_race_src/install/realsense2_camera_msgs:/home/gouzi/obstacle_race_src/install/realsense2_description:/home/gouzi/obstacle_race_src/install/realsense2_camera:/home/gouzi/obstacle_race_src/install/quadruped_step_mapper:/home/gouzi/obstacle_race_src/install/point_lio:/home/gouzi/obstacle_race_src/install/livox_ros_driver2:/home/gouzi/obstacle_race_src/install/apriltag_ros:/home/gouzi/obstacle_race_src/install/apriltag_msgs:/home/gouzi/obstacle_race_src/install/auto_nav_pkg:/opt/ros/humble LD_LIBRARY_PATH=/home/gouzi/obstacle_race_src/install/realsense2_camera_msgs/lib:/home/gouzi/obstacle_race_src/install/realsense2_camera/lib:/home/gouzi/obstacle_race_src/install/livox_ros_driver2/lib:/home/gouzi/obstacle_race_src/install/apriltag_ros/lib:/home/gouzi/obstacle_race_src/install/apriltag_msgs/lib:/opt/ros/humble/opt/rviz_ogre_vendor/lib:/opt/ros/humble/lib/x86_64-linux-gnu:/opt/ros/humble/lib /usr/bin/cmake --install /home/gouzi/obstacle_race_src/build/realsense2_camera
[1.068s] Level 1:colcon.colcon_core.environment:create_environment_scripts_only(realsense2_camera)
[1.069s] Level 1:colcon.colcon_core.environment:checking '/home/gouzi/obstacle_race_src/install/realsense2_camera' for CMake module files
[1.070s] DEBUG:colcon.colcon_core.event_handler.log_command:Invoked command in '/home/gouzi/obstacle_race_src/build/realsense2_camera' returned '0': CMAKE_PREFIX_PATH=/home/gouzi/obstacle_race_src/install/realsense2_camera_msgs:/home/gouzi/obstacle_race_src/install/realsense2_description:/home/gouzi/obstacle_race_src/install/realsense2_camera:/home/gouzi/obstacle_race_src/install/quadruped_step_mapper:/home/gouzi/obstacle_race_src/install/point_lio:/home/gouzi/obstacle_race_src/install/livox_ros_driver2:/home/gouzi/obstacle_race_src/install/apriltag_ros:/home/gouzi/obstacle_race_src/install/apriltag_msgs:/home/gouzi/obstacle_race_src/install/auto_nav_pkg:/opt/ros/humble LD_LIBRARY_PATH=/home/gouzi/obstacle_race_src/install/realsense2_camera_msgs/lib:/home/gouzi/obstacle_race_src/install/realsense2_camera/lib:/home/gouzi/obstacle_race_src/install/livox_ros_driver2/lib:/home/gouzi/obstacle_race_src/install/apriltag_ros/lib:/home/gouzi/obstacle_race_src/install/apriltag_msgs/lib:/opt/ros/humble/opt/rviz_ogre_vendor/lib:/opt/ros/humble/lib/x86_64-linux-gnu:/opt/ros/humble/lib /usr/bin/cmake --install /home/gouzi/obstacle_race_src/build/realsense2_camera
[1.070s] Level 1:colcon.colcon_core.environment:checking '/home/gouzi/obstacle_race_src/install/realsense2_camera' for CMake config files
[1.070s] Level 1:colcon.colcon_core.shell:create_environment_hook('realsense2_camera', 'cmake_prefix_path')
[1.071s] INFO:colcon.colcon_core.shell:Creating environment hook '/home/gouzi/obstacle_race_src/install/realsense2_camera/share/realsense2_camera/hook/cmake_prefix_path.ps1'
[1.071s] INFO:colcon.colcon_core.shell:Creating environment descriptor '/home/gouzi/obstacle_race_src/install/realsense2_camera/share/realsense2_camera/hook/cmake_prefix_path.dsv'
[1.072s] INFO:colcon.colcon_core.shell:Creating environment hook '/home/gouzi/obstacle_race_src/install/realsense2_camera/share/realsense2_camera/hook/cmake_prefix_path.sh'
[1.072s] Level 1:colcon.colcon_core.environment:checking '/home/gouzi/obstacle_race_src/install/realsense2_camera/lib'
[1.072s] Level 1:colcon.colcon_core.shell:create_environment_hook('realsense2_camera', 'ld_library_path_lib')
[1.073s] INFO:colcon.colcon_core.shell:Creating environment hook '/home/gouzi/obstacle_race_src/install/realsense2_camera/share/realsense2_camera/hook/ld_library_path_lib.ps1'
[1.073s] INFO:colcon.colcon_core.shell:Creating environment descriptor '/home/gouzi/obstacle_race_src/install/realsense2_camera/share/realsense2_camera/hook/ld_library_path_lib.dsv'
[1.073s] INFO:colcon.colcon_core.shell:Creating environment hook '/home/gouzi/obstacle_race_src/install/realsense2_camera/share/realsense2_camera/hook/ld_library_path_lib.sh'
[1.074s] Level 1:colcon.colcon_core.environment:checking '/home/gouzi/obstacle_race_src/install/realsense2_camera/bin'
[1.074s] Level 1:colcon.colcon_core.environment:checking '/home/gouzi/obstacle_race_src/install/realsense2_camera/lib/pkgconfig/realsense2_camera.pc'
[1.074s] Level 1:colcon.colcon_core.environment:checking '/home/gouzi/obstacle_race_src/install/realsense2_camera/lib/python3.10/site-packages'
[1.074s] Level 1:colcon.colcon_core.environment:checking '/home/gouzi/obstacle_race_src/install/realsense2_camera/bin'
[1.075s] INFO:colcon.colcon_core.shell:Creating package script '/home/gouzi/obstacle_race_src/install/realsense2_camera/share/realsense2_camera/package.ps1'
[1.075s] INFO:colcon.colcon_core.shell:Creating package descriptor '/home/gouzi/obstacle_race_src/install/realsense2_camera/share/realsense2_camera/package.dsv'
[1.076s] INFO:colcon.colcon_core.shell:Creating package script '/home/gouzi/obstacle_race_src/install/realsense2_camera/share/realsense2_camera/package.sh'
[1.077s] INFO:colcon.colcon_core.shell:Creating package script '/home/gouzi/obstacle_race_src/install/realsense2_camera/share/realsense2_camera/package.bash'
[1.077s] INFO:colcon.colcon_core.shell:Creating package script '/home/gouzi/obstacle_race_src/install/realsense2_camera/share/realsense2_camera/package.zsh'
[1.077s] Level 1:colcon.colcon_core.environment:create_file_with_runtime_dependencies(/home/gouzi/obstacle_race_src/install/realsense2_camera/share/colcon-core/packages/realsense2_camera)
[1.078s] Level 1:colcon.colcon_core.environment:create_environment_scripts_only(realsense2_camera)
[1.078s] Level 1:colcon.colcon_core.environment:checking '/home/gouzi/obstacle_race_src/install/realsense2_camera' for CMake module files
[1.079s] Level 1:colcon.colcon_core.environment:checking '/home/gouzi/obstacle_race_src/install/realsense2_camera' for CMake config files
[1.079s] Level 1:colcon.colcon_core.shell:create_environment_hook('realsense2_camera', 'cmake_prefix_path')
[1.079s] INFO:colcon.colcon_core.shell:Creating environment hook '/home/gouzi/obstacle_race_src/install/realsense2_camera/share/realsense2_camera/hook/cmake_prefix_path.ps1'
[1.080s] INFO:colcon.colcon_core.shell:Creating environment descriptor '/home/gouzi/obstacle_race_src/install/realsense2_camera/share/realsense2_camera/hook/cmake_prefix_path.dsv'
[1.080s] INFO:colcon.colcon_core.shell:Creating environment hook '/home/gouzi/obstacle_race_src/install/realsense2_camera/share/realsense2_camera/hook/cmake_prefix_path.sh'
[1.081s] Level 1:colcon.colcon_core.environment:checking '/home/gouzi/obstacle_race_src/install/realsense2_camera/lib'
[1.081s] Level 1:colcon.colcon_core.shell:create_environment_hook('realsense2_camera', 'ld_library_path_lib')
[1.081s] INFO:colcon.colcon_core.shell:Creating environment hook '/home/gouzi/obstacle_race_src/install/realsense2_camera/share/realsense2_camera/hook/ld_library_path_lib.ps1'
[1.082s] INFO:colcon.colcon_core.shell:Creating environment descriptor '/home/gouzi/obstacle_race_src/install/realsense2_camera/share/realsense2_camera/hook/ld_library_path_lib.dsv'
[1.082s] INFO:colcon.colcon_core.shell:Creating environment hook '/home/gouzi/obstacle_race_src/install/realsense2_camera/share/realsense2_camera/hook/ld_library_path_lib.sh'
[1.082s] Level 1:colcon.colcon_core.environment:checking '/home/gouzi/obstacle_race_src/install/realsense2_camera/bin'
[1.082s] Level 1:colcon.colcon_core.environment:checking '/home/gouzi/obstacle_race_src/install/realsense2_camera/lib/pkgconfig/realsense2_camera.pc'
[1.082s] Level 1:colcon.colcon_core.environment:checking '/home/gouzi/obstacle_race_src/install/realsense2_camera/lib/python3.10/site-packages'
[1.083s] Level 1:colcon.colcon_core.environment:checking '/home/gouzi/obstacle_race_src/install/realsense2_camera/bin'
[1.083s] INFO:colcon.colcon_core.shell:Creating package script '/home/gouzi/obstacle_race_src/install/realsense2_camera/share/realsense2_camera/package.ps1'
[1.084s] INFO:colcon.colcon_core.shell:Creating package descriptor '/home/gouzi/obstacle_race_src/install/realsense2_camera/share/realsense2_camera/package.dsv'
[1.084s] INFO:colcon.colcon_core.shell:Creating package script '/home/gouzi/obstacle_race_src/install/realsense2_camera/share/realsense2_camera/package.sh'
[1.085s] INFO:colcon.colcon_core.shell:Creating package script '/home/gouzi/obstacle_race_src/install/realsense2_camera/share/realsense2_camera/package.bash'
[1.085s] INFO:colcon.colcon_core.shell:Creating package script '/home/gouzi/obstacle_race_src/install/realsense2_camera/share/realsense2_camera/package.zsh'
[1.085s] Level 1:colcon.colcon_core.environment:create_file_with_runtime_dependencies(/home/gouzi/obstacle_race_src/install/realsense2_camera/share/colcon-core/packages/realsense2_camera)
[1.132s] DEBUG:colcon.colcon_core.event_handler.log_command:Invoked command in '/home/gouzi/obstacle_race_src/build/apriltag_ros' returned '0': CMAKE_PREFIX_PATH=/home/gouzi/obstacle_race_src/install/apriltag_msgs:/home/gouzi/obstacle_race_src/install/realsense2_description:/home/gouzi/obstacle_race_src/install/realsense2_camera:/home/gouzi/obstacle_race_src/install/realsense2_camera_msgs:/home/gouzi/obstacle_race_src/install/quadruped_step_mapper:/home/gouzi/obstacle_race_src/install/point_lio:/home/gouzi/obstacle_race_src/install/livox_ros_driver2:/home/gouzi/obstacle_race_src/install/apriltag_ros:/home/gouzi/obstacle_race_src/install/auto_nav_pkg:/opt/ros/humble LD_LIBRARY_PATH=/home/gouzi/obstacle_race_src/install/apriltag_msgs/lib:/home/gouzi/obstacle_race_src/install/realsense2_camera/lib:/home/gouzi/obstacle_race_src/install/realsense2_camera_msgs/lib:/home/gouzi/obstacle_race_src/install/livox_ros_driver2/lib:/home/gouzi/obstacle_race_src/install/apriltag_ros/lib:/opt/ros/humble/opt/rviz_ogre_vendor/lib:/opt/ros/humble/lib/x86_64-linux-gnu:/opt/ros/humble/lib /usr/bin/cmake --build /home/gouzi/obstacle_race_src/build/apriltag_ros -- -j8 -l8
[1.134s] DEBUG:colcon.colcon_core.event_handler.log_command:Invoking command in '/home/gouzi/obstacle_race_src/build/apriltag_ros': CMAKE_PREFIX_PATH=/home/gouzi/obstacle_race_src/install/apriltag_msgs:/home/gouzi/obstacle_race_src/install/realsense2_description:/home/gouzi/obstacle_race_src/install/realsense2_camera:/home/gouzi/obstacle_race_src/install/realsense2_camera_msgs:/home/gouzi/obstacle_race_src/install/quadruped_step_mapper:/home/gouzi/obstacle_race_src/install/point_lio:/home/gouzi/obstacle_race_src/install/livox_ros_driver2:/home/gouzi/obstacle_race_src/install/apriltag_ros:/home/gouzi/obstacle_race_src/install/auto_nav_pkg:/opt/ros/humble LD_LIBRARY_PATH=/home/gouzi/obstacle_race_src/install/apriltag_msgs/lib:/home/gouzi/obstacle_race_src/install/realsense2_camera/lib:/home/gouzi/obstacle_race_src/install/realsense2_camera_msgs/lib:/home/gouzi/obstacle_race_src/install/livox_ros_driver2/lib:/home/gouzi/obstacle_race_src/install/apriltag_ros/lib:/opt/ros/humble/opt/rviz_ogre_vendor/lib:/opt/ros/humble/lib/x86_64-linux-gnu:/opt/ros/humble/lib /usr/bin/cmake --install /home/gouzi/obstacle_race_src/build/apriltag_ros
[1.155s] Level 1:colcon.colcon_core.environment:create_environment_scripts_only(apriltag_ros)
[1.156s] Level 1:colcon.colcon_core.environment:checking '/home/gouzi/obstacle_race_src/install/apriltag_ros' for CMake module files
[1.156s] DEBUG:colcon.colcon_core.event_handler.log_command:Invoked command in '/home/gouzi/obstacle_race_src/build/apriltag_ros' returned '0': CMAKE_PREFIX_PATH=/home/gouzi/obstacle_race_src/install/apriltag_msgs:/home/gouzi/obstacle_race_src/install/realsense2_description:/home/gouzi/obstacle_race_src/install/realsense2_camera:/home/gouzi/obstacle_race_src/install/realsense2_camera_msgs:/home/gouzi/obstacle_race_src/install/quadruped_step_mapper:/home/gouzi/obstacle_race_src/install/point_lio:/home/gouzi/obstacle_race_src/install/livox_ros_driver2:/home/gouzi/obstacle_race_src/install/apriltag_ros:/home/gouzi/obstacle_race_src/install/auto_nav_pkg:/opt/ros/humble LD_LIBRARY_PATH=/home/gouzi/obstacle_race_src/install/apriltag_msgs/lib:/home/gouzi/obstacle_race_src/install/realsense2_camera/lib:/home/gouzi/obstacle_race_src/install/realsense2_camera_msgs/lib:/home/gouzi/obstacle_race_src/install/livox_ros_driver2/lib:/home/gouzi/obstacle_race_src/install/apriltag_ros/lib:/opt/ros/humble/opt/rviz_ogre_vendor/lib:/opt/ros/humble/lib/x86_64-linux-gnu:/opt/ros/humble/lib /usr/bin/cmake --install /home/gouzi/obstacle_race_src/build/apriltag_ros
[1.156s] Level 1:colcon.colcon_core.environment:checking '/home/gouzi/obstacle_race_src/install/apriltag_ros' for CMake config files
[1.156s] Level 1:colcon.colcon_core.shell:create_environment_hook('apriltag_ros', 'cmake_prefix_path')
[1.157s] INFO:colcon.colcon_core.shell:Creating environment hook '/home/gouzi/obstacle_race_src/install/apriltag_ros/share/apriltag_ros/hook/cmake_prefix_path.ps1'
[1.157s] INFO:colcon.colcon_core.shell:Creating environment descriptor '/home/gouzi/obstacle_race_src/install/apriltag_ros/share/apriltag_ros/hook/cmake_prefix_path.dsv'
[1.157s] INFO:colcon.colcon_core.shell:Creating environment hook '/home/gouzi/obstacle_race_src/install/apriltag_ros/share/apriltag_ros/hook/cmake_prefix_path.sh'
[1.158s] Level 1:colcon.colcon_core.environment:checking '/home/gouzi/obstacle_race_src/install/apriltag_ros/lib'
[1.158s] Level 1:colcon.colcon_core.shell:create_environment_hook('apriltag_ros', 'ld_library_path_lib')
[1.158s] INFO:colcon.colcon_core.shell:Creating environment hook '/home/gouzi/obstacle_race_src/install/apriltag_ros/share/apriltag_ros/hook/ld_library_path_lib.ps1'
[1.158s] INFO:colcon.colcon_core.shell:Creating environment descriptor '/home/gouzi/obstacle_race_src/install/apriltag_ros/share/apriltag_ros/hook/ld_library_path_lib.dsv'
[1.158s] INFO:colcon.colcon_core.shell:Creating environment hook '/home/gouzi/obstacle_race_src/install/apriltag_ros/share/apriltag_ros/hook/ld_library_path_lib.sh'
[1.159s] Level 1:colcon.colcon_core.environment:checking '/home/gouzi/obstacle_race_src/install/apriltag_ros/bin'
[1.159s] Level 1:colcon.colcon_core.environment:checking '/home/gouzi/obstacle_race_src/install/apriltag_ros/lib/pkgconfig/apriltag_ros.pc'
[1.159s] Level 1:colcon.colcon_core.environment:checking '/home/gouzi/obstacle_race_src/install/apriltag_ros/lib/python3.10/site-packages'
[1.159s] Level 1:colcon.colcon_core.environment:checking '/home/gouzi/obstacle_race_src/install/apriltag_ros/bin'
[1.159s] INFO:colcon.colcon_core.shell:Creating package script '/home/gouzi/obstacle_race_src/install/apriltag_ros/share/apriltag_ros/package.ps1'
[1.160s] INFO:colcon.colcon_core.shell:Creating package descriptor '/home/gouzi/obstacle_race_src/install/apriltag_ros/share/apriltag_ros/package.dsv'
[1.160s] INFO:colcon.colcon_core.shell:Creating package script '/home/gouzi/obstacle_race_src/install/apriltag_ros/share/apriltag_ros/package.sh'
[1.160s] INFO:colcon.colcon_core.shell:Creating package script '/home/gouzi/obstacle_race_src/install/apriltag_ros/share/apriltag_ros/package.bash'
[1.161s] INFO:colcon.colcon_core.shell:Creating package script '/home/gouzi/obstacle_race_src/install/apriltag_ros/share/apriltag_ros/package.zsh'
[1.161s] Level 1:colcon.colcon_core.environment:create_file_with_runtime_dependencies(/home/gouzi/obstacle_race_src/install/apriltag_ros/share/colcon-core/packages/apriltag_ros)
[1.161s] Level 1:colcon.colcon_core.environment:create_environment_scripts_only(apriltag_ros)
[1.162s] Level 1:colcon.colcon_core.environment:checking '/home/gouzi/obstacle_race_src/install/apriltag_ros' for CMake module files
[1.162s] Level 1:colcon.colcon_core.environment:checking '/home/gouzi/obstacle_race_src/install/apriltag_ros' for CMake config files
[1.162s] Level 1:colcon.colcon_core.shell:create_environment_hook('apriltag_ros', 'cmake_prefix_path')
[1.162s] INFO:colcon.colcon_core.shell:Creating environment hook '/home/gouzi/obstacle_race_src/install/apriltag_ros/share/apriltag_ros/hook/cmake_prefix_path.ps1'
[1.163s] INFO:colcon.colcon_core.shell:Creating environment descriptor '/home/gouzi/obstacle_race_src/install/apriltag_ros/share/apriltag_ros/hook/cmake_prefix_path.dsv'
[1.163s] INFO:colcon.colcon_core.shell:Creating environment hook '/home/gouzi/obstacle_race_src/install/apriltag_ros/share/apriltag_ros/hook/cmake_prefix_path.sh'
[1.163s] Level 1:colcon.colcon_core.environment:checking '/home/gouzi/obstacle_race_src/install/apriltag_ros/lib'
[1.163s] Level 1:colcon.colcon_core.shell:create_environment_hook('apriltag_ros', 'ld_library_path_lib')
[1.164s] INFO:colcon.colcon_core.shell:Creating environment hook '/home/gouzi/obstacle_race_src/install/apriltag_ros/share/apriltag_ros/hook/ld_library_path_lib.ps1'
[1.164s] INFO:colcon.colcon_core.shell:Creating environment descriptor '/home/gouzi/obstacle_race_src/install/apriltag_ros/share/apriltag_ros/hook/ld_library_path_lib.dsv'
[1.165s] INFO:colcon.colcon_core.shell:Creating environment hook '/home/gouzi/obstacle_race_src/install/apriltag_ros/share/apriltag_ros/hook/ld_library_path_lib.sh'
[1.166s] Level 1:colcon.colcon_core.environment:checking '/home/gouzi/obstacle_race_src/install/apriltag_ros/bin'
[1.166s] Level 1:colcon.colcon_core.environment:checking '/home/gouzi/obstacle_race_src/install/apriltag_ros/lib/pkgconfig/apriltag_ros.pc'
[1.166s] Level 1:colcon.colcon_core.environment:checking '/home/gouzi/obstacle_race_src/install/apriltag_ros/lib/python3.10/site-packages'
[1.167s] Level 1:colcon.colcon_core.environment:checking '/home/gouzi/obstacle_race_src/install/apriltag_ros/bin'
[1.167s] INFO:colcon.colcon_core.shell:Creating package script '/home/gouzi/obstacle_race_src/install/apriltag_ros/share/apriltag_ros/package.ps1'
[1.168s] INFO:colcon.colcon_core.shell:Creating package descriptor '/home/gouzi/obstacle_race_src/install/apriltag_ros/share/apriltag_ros/package.dsv'
[1.168s] INFO:colcon.colcon_core.shell:Creating package script '/home/gouzi/obstacle_race_src/install/apriltag_ros/share/apriltag_ros/package.sh'
[1.168s] INFO:colcon.colcon_core.shell:Creating package script '/home/gouzi/obstacle_race_src/install/apriltag_ros/share/apriltag_ros/package.bash'
[1.169s] INFO:colcon.colcon_core.shell:Creating package script '/home/gouzi/obstacle_race_src/install/apriltag_ros/share/apriltag_ros/package.zsh'
[1.169s] Level 1:colcon.colcon_core.environment:create_file_with_runtime_dependencies(/home/gouzi/obstacle_race_src/install/apriltag_ros/share/colcon-core/packages/apriltag_ros)
[1.169s] INFO:colcon.colcon_ros.task.ament_python.build:Building ROS package in '/home/gouzi/obstacle_race_src/src/auto_nav_pkg' with build type 'ament_python'
[1.169s] Level 1:colcon.colcon_core.shell:create_environment_hook('auto_nav_pkg', 'ament_prefix_path')
[1.170s] INFO:colcon.colcon_core.shell:Creating environment hook '/home/gouzi/obstacle_race_src/install/auto_nav_pkg/share/auto_nav_pkg/hook/ament_prefix_path.ps1'
[1.170s] INFO:colcon.colcon_core.shell:Creating environment descriptor '/home/gouzi/obstacle_race_src/install/auto_nav_pkg/share/auto_nav_pkg/hook/ament_prefix_path.dsv'
[1.171s] INFO:colcon.colcon_core.shell:Creating environment hook '/home/gouzi/obstacle_race_src/install/auto_nav_pkg/share/auto_nav_pkg/hook/ament_prefix_path.sh'
[1.172s] INFO:colcon.colcon_core.shell:Skip shell extension 'powershell' for command environment: Not usable outside of PowerShell
[1.172s] DEBUG:colcon.colcon_core.shell:Skip shell extension 'dsv' for command environment
[1.390s] INFO:colcon.colcon_core.task.python.build:Building Python package in '/home/gouzi/obstacle_race_src/src/auto_nav_pkg'
[1.390s] INFO:colcon.colcon_core.shell:Skip shell extension 'powershell' for command environment: Not usable outside of PowerShell
[1.390s] DEBUG:colcon.colcon_core.shell:Skip shell extension 'dsv' for command environment
[1.664s] DEBUG:colcon.colcon_core.event_handler.log_command:Invoking command in '/home/gouzi/obstacle_race_src/src/auto_nav_pkg': CMAKE_PREFIX_PATH=/home/gouzi/obstacle_race_src/install/realsense2_camera:/home/gouzi/obstacle_race_src/install/apriltag_ros:/home/gouzi/obstacle_race_src/install/realsense2_camera_msgs:/home/gouzi/obstacle_race_src/install/apriltag_msgs:/home/gouzi/obstacle_race_src/install/realsense2_description:/home/gouzi/obstacle_race_src/install/quadruped_step_mapper:/home/gouzi/obstacle_race_src/install/point_lio:/home/gouzi/obstacle_race_src/install/livox_ros_driver2 LD_LIBRARY_PATH=/home/gouzi/obstacle_race_src/install/realsense2_camera/lib:/home/gouzi/obstacle_race_src/install/apriltag_ros/lib:/home/gouzi/obstacle_race_src/install/realsense2_camera_msgs/lib:/home/gouzi/obstacle_race_src/install/apriltag_msgs/lib:/home/gouzi/obstacle_race_src/install/livox_ros_driver2/lib:/opt/ros/humble/opt/rviz_ogre_vendor/lib:/opt/ros/humble/lib/x86_64-linux-gnu:/opt/ros/humble/lib PYTHONPATH=/home/gouzi/obstacle_race_src/build/auto_nav_pkg/prefix_override:/usr/lib/python3/dist-packages/colcon_core/task/python/colcon_distutils_commands:/home/gouzi/obstacle_race_src/install/auto_nav_pkg/lib/python3.10/site-packages:${PYTHONPATH} /usr/bin/python3 -W ignore:setup.py install is deprecated -W ignore:easy_install command is deprecated setup.py egg_info --egg-base ../../build/auto_nav_pkg build --build-base /home/gouzi/obstacle_race_src/build/auto_nav_pkg/build install --record /home/gouzi/obstacle_race_src/build/auto_nav_pkg/install.log --single-version-externally-managed install_data
[1.907s] Level 1:colcon.colcon_core.environment:checking '/home/gouzi/obstacle_race_src/install/auto_nav_pkg' for CMake module files
[1.908s] DEBUG:colcon.colcon_core.event_handler.log_command:Invoked command in '/home/gouzi/obstacle_race_src/src/auto_nav_pkg' returned '0': CMAKE_PREFIX_PATH=/home/gouzi/obstacle_race_src/install/realsense2_camera:/home/gouzi/obstacle_race_src/install/apriltag_ros:/home/gouzi/obstacle_race_src/install/realsense2_camera_msgs:/home/gouzi/obstacle_race_src/install/apriltag_msgs:/home/gouzi/obstacle_race_src/install/realsense2_description:/home/gouzi/obstacle_race_src/install/quadruped_step_mapper:/home/gouzi/obstacle_race_src/install/point_lio:/home/gouzi/obstacle_race_src/install/livox_ros_driver2 LD_LIBRARY_PATH=/home/gouzi/obstacle_race_src/install/realsense2_camera/lib:/home/gouzi/obstacle_race_src/install/apriltag_ros/lib:/home/gouzi/obstacle_race_src/install/realsense2_camera_msgs/lib:/home/gouzi/obstacle_race_src/install/apriltag_msgs/lib:/home/gouzi/obstacle_race_src/install/livox_ros_driver2/lib:/opt/ros/humble/opt/rviz_ogre_vendor/lib:/opt/ros/humble/lib/x86_64-linux-gnu:/opt/ros/humble/lib PYTHONPATH=/home/gouzi/obstacle_race_src/build/auto_nav_pkg/prefix_override:/usr/lib/python3/dist-packages/colcon_core/task/python/colcon_distutils_commands:/home/gouzi/obstacle_race_src/install/auto_nav_pkg/lib/python3.10/site-packages:${PYTHONPATH} /usr/bin/python3 -W ignore:setup.py install is deprecated -W ignore:easy_install command is deprecated setup.py egg_info --egg-base ../../build/auto_nav_pkg build --build-base /home/gouzi/obstacle_race_src/build/auto_nav_pkg/build install --record /home/gouzi/obstacle_race_src/build/auto_nav_pkg/install.log --single-version-externally-managed install_data
[1.908s] Level 1:colcon.colcon_core.environment:checking '/home/gouzi/obstacle_race_src/install/auto_nav_pkg' for CMake config files
[1.908s] Level 1:colcon.colcon_core.environment:checking '/home/gouzi/obstacle_race_src/install/auto_nav_pkg/lib'
[1.908s] Level 1:colcon.colcon_core.environment:checking '/home/gouzi/obstacle_race_src/install/auto_nav_pkg/bin'
[1.909s] Level 1:colcon.colcon_core.environment:checking '/home/gouzi/obstacle_race_src/install/auto_nav_pkg/lib/pkgconfig/auto_nav_pkg.pc'
[1.909s] Level 1:colcon.colcon_core.environment:checking '/home/gouzi/obstacle_race_src/install/auto_nav_pkg/lib/python3.10/site-packages'
[1.909s] Level 1:colcon.colcon_core.shell:create_environment_hook('auto_nav_pkg', 'pythonpath')
[1.909s] INFO:colcon.colcon_core.shell:Creating environment hook '/home/gouzi/obstacle_race_src/install/auto_nav_pkg/share/auto_nav_pkg/hook/pythonpath.ps1'
[1.909s] INFO:colcon.colcon_core.shell:Creating environment descriptor '/home/gouzi/obstacle_race_src/install/auto_nav_pkg/share/auto_nav_pkg/hook/pythonpath.dsv'
[1.910s] INFO:colcon.colcon_core.shell:Creating environment hook '/home/gouzi/obstacle_race_src/install/auto_nav_pkg/share/auto_nav_pkg/hook/pythonpath.sh'
[1.910s] Level 1:colcon.colcon_core.environment:checking '/home/gouzi/obstacle_race_src/install/auto_nav_pkg/bin'
[1.910s] Level 1:colcon.colcon_core.environment:create_environment_scripts_only(auto_nav_pkg)
[1.911s] INFO:colcon.colcon_core.shell:Creating package script '/home/gouzi/obstacle_race_src/install/auto_nav_pkg/share/auto_nav_pkg/package.ps1'
[1.911s] INFO:colcon.colcon_core.shell:Creating package descriptor '/home/gouzi/obstacle_race_src/install/auto_nav_pkg/share/auto_nav_pkg/package.dsv'
[1.912s] INFO:colcon.colcon_core.shell:Creating package script '/home/gouzi/obstacle_race_src/install/auto_nav_pkg/share/auto_nav_pkg/package.sh'
[1.912s] INFO:colcon.colcon_core.shell:Creating package script '/home/gouzi/obstacle_race_src/install/auto_nav_pkg/share/auto_nav_pkg/package.bash'
[1.912s] INFO:colcon.colcon_core.shell:Creating package script '/home/gouzi/obstacle_race_src/install/auto_nav_pkg/share/auto_nav_pkg/package.zsh'
[1.913s] Level 1:colcon.colcon_core.environment:create_file_with_runtime_dependencies(/home/gouzi/obstacle_race_src/install/auto_nav_pkg/share/colcon-core/packages/auto_nav_pkg)
[1.913s] DEBUG:colcon.colcon_parallel_executor.executor.parallel:closing loop
[1.913s] DEBUG:colcon.colcon_parallel_executor.executor.parallel:loop closed
[1.913s] DEBUG:colcon.colcon_parallel_executor.executor.parallel:run_until_complete finished with '0'
[1.913s] DEBUG:colcon.colcon_core.event_reactor:joining thread
[1.917s] INFO:colcon.colcon_core.plugin_system:Skipping extension 'colcon_notification.desktop_notification.terminal_notifier': Not used on non-Darwin systems
[1.917s] INFO:colcon.colcon_core.plugin_system:Skipping extension 'colcon_notification.desktop_notification.win32': Not used on non-Windows systems
[1.917s] INFO:colcon.colcon_notification.desktop_notification:Sending desktop notification using 'notify2'
[1.929s] DEBUG:colcon.colcon_core.event_reactor:joined thread
[1.929s] INFO:colcon.colcon_core.shell:Creating prefix script '/home/gouzi/obstacle_race_src/install/local_setup.ps1'
[1.930s] INFO:colcon.colcon_core.shell:Creating prefix util module '/home/gouzi/obstacle_race_src/install/_local_setup_util_ps1.py'
[1.931s] INFO:colcon.colcon_core.shell:Creating prefix chain script '/home/gouzi/obstacle_race_src/install/setup.ps1'
[1.932s] INFO:colcon.colcon_core.shell:Creating prefix script '/home/gouzi/obstacle_race_src/install/local_setup.sh'
[1.933s] INFO:colcon.colcon_core.shell:Creating prefix util module '/home/gouzi/obstacle_race_src/install/_local_setup_util_sh.py'
[1.933s] INFO:colcon.colcon_core.shell:Creating prefix chain script '/home/gouzi/obstacle_race_src/install/setup.sh'
[1.934s] INFO:colcon.colcon_core.shell:Creating prefix script '/home/gouzi/obstacle_race_src/install/local_setup.bash'
[1.934s] INFO:colcon.colcon_core.shell:Creating prefix chain script '/home/gouzi/obstacle_race_src/install/setup.bash'
[1.935s] INFO:colcon.colcon_core.shell:Creating prefix script '/home/gouzi/obstacle_race_src/install/local_setup.zsh'
[1.935s] INFO:colcon.colcon_core.shell:Creating prefix chain script '/home/gouzi/obstacle_race_src/install/setup.zsh'
