[0.083s] DEBUG:colcon:Command line arguments: ['/usr/bin/colcon', 'build']
[0.083s] DEBUG:colcon:Parsed command line arguments: Namespace(log_base=None, log_level=None, verb_name='build', build_base='build', install_base='install', merge_install=False, symlink_install=False, test_result_base=None, continue_on_error=False, executor='parallel', parallel_workers=8, event_handlers=None, ignore_user_meta=False, metas=['./colcon.meta'], base_paths=['.'], packages_ignore=None, packages_ignore_regex=None, paths=None, packages_up_to=None, packages_up_to_regex=None, packages_above=None, packages_above_and_dependencies=None, packages_above_depth=None, packages_select_by_dep=None, packages_skip_by_dep=None, packages_skip_up_to=None, packages_select_build_failed=False, packages_skip_build_finished=False, packages_select_test_failures=False, packages_skip_test_passed=False, packages_select=None, packages_skip=None, packages_select_regex=None, packages_skip_regex=None, packages_start=None, packages_end=None, allow_overriding=[], cmake_args=None, cmake_target=None, cmake_target_skip_unavailable=False, cmake_clean_cache=False, cmake_clean_first=False, cmake_force_configure=False, ament_cmake_args=None, catkin_cmake_args=None, catkin_skip_building_tests=False, verb_parser=<colcon_defaults.argument_parser.defaults.DefaultArgumentsDecorator object at 0x6fff32820b80>, verb_extension=<colcon_core.verb.build.BuildVerb object at 0x6fff328205e0>, main=<bound method BuildVerb.main of <colcon_core.verb.build.BuildVerb object at 0x6fff328205e0>>)
[0.222s] Level 1:colcon.colcon_core.package_discovery:discover_packages(colcon_meta) check parameters
[0.223s] Level 1:colcon.colcon_core.package_discovery:discover_packages(recursive) check parameters
[0.223s] Level 1:colcon.colcon_core.package_discovery:discover_packages(ignore) check parameters
[0.223s] Level 1:colcon.colcon_core.package_discovery:discover_packages(path) check parameters
[0.223s] Level 1:colcon.colcon_core.package_discovery:discover_packages(colcon_meta) discover
[0.223s] Level 1:colcon.colcon_core.package_discovery:discover_packages(recursive) discover
[0.223s] INFO:colcon.colcon_core.package_discovery:Crawling recursively for packages in '/home/gouzi/obstacle_race_src'
[0.223s] Level 1:colcon.colcon_core.package_identification:_identify(.) by extensions ['ignore', 'ignore_ament_install']
[0.223s] Level 1:colcon.colcon_core.package_identification:_identify(.) by extension 'ignore'
[0.223s] Level 1:colcon.colcon_core.package_identification:_identify(.) by extension 'ignore_ament_install'
[0.223s] Level 1:colcon.colcon_core.package_identification:_identify(.) by extensions ['colcon_pkg']
[0.223s] Level 1:colcon.colcon_core.package_identification:_identify(.) by extension 'colcon_pkg'
[0.223s] Level 1:colcon.colcon_core.package_identification:_identify(.) by extensions ['colcon_meta']
[0.223s] Level 1:colcon.colcon_core.package_identification:_identify(.) by extension 'colcon_meta'
[0.223s] Level 1:colcon.colcon_core.package_identification:_identify(.) by extensions ['ros']
[0.223s] Level 1:colcon.colcon_core.package_identification:_identify(.) by extension 'ros'
[0.232s] Level 1:colcon.colcon_core.package_identification:_identify(.) by extensions ['cmake', 'python']
[0.232s] Level 1:colcon.colcon_core.package_identification:_identify(.) by extension 'cmake'
[0.232s] Level 1:colcon.colcon_core.package_identification:_identify(.) by extension 'python'
[0.232s] Level 1:colcon.colcon_core.package_identification:_identify(.) by extensions ['python_setup_py']
[0.232s] Level 1:colcon.colcon_core.package_identification:_identify(.) by extension 'python_setup_py'
[0.232s] Level 1:colcon.colcon_core.package_identification:_identify(bags) by extensions ['ignore', 'ignore_ament_install']
[0.232s] Level 1:colcon.colcon_core.package_identification:_identify(bags) by extension 'ignore'
[0.232s] Level 1:colcon.colcon_core.package_identification:_identify(bags) by extension 'ignore_ament_install'
[0.232s] Level 1:colcon.colcon_core.package_identification:_identify(bags) by extensions ['colcon_pkg']
[0.233s] Level 1:colcon.colcon_core.package_identification:_identify(bags) by extension 'colcon_pkg'
[0.233s] Level 1:colcon.colcon_core.package_identification:_identify(bags) by extensions ['colcon_meta']
[0.233s] Level 1:colcon.colcon_core.package_identification:_identify(bags) by extension 'colcon_meta'
[0.233s] Level 1:colcon.colcon_core.package_identification:_identify(bags) by extensions ['ros']
[0.233s] Level 1:colcon.colcon_core.package_identification:_identify(bags) by extension 'ros'
[0.233s] Level 1:colcon.colcon_core.package_identification:_identify(bags) by extensions ['cmake', 'python']
[0.233s] Level 1:colcon.colcon_core.package_identification:_identify(bags) by extension 'cmake'
[0.233s] Level 1:colcon.colcon_core.package_identification:_identify(bags) by extension 'python'
[0.233s] Level 1:colcon.colcon_core.package_identification:_identify(bags) by extensions ['python_setup_py']
[0.233s] Level 1:colcon.colcon_core.package_identification:_identify(bags) by extension 'python_setup_py'
[0.233s] Level 1:colcon.colcon_core.package_identification:_identify(bags/rosbag2_2026_06_30-14_10_16) by extensions ['ignore', 'ignore_ament_install']
[0.233s] Level 1:colcon.colcon_core.package_identification:_identify(bags/rosbag2_2026_06_30-14_10_16) by extension 'ignore'
[0.233s] Level 1:colcon.colcon_core.package_identification:_identify(bags/rosbag2_2026_06_30-14_10_16) by extension 'ignore_ament_install'
[0.233s] Level 1:colcon.colcon_core.package_identification:_identify(bags/rosbag2_2026_06_30-14_10_16) by extensions ['colcon_pkg']
[0.233s] Level 1:colcon.colcon_core.package_identification:_identify(bags/rosbag2_2026_06_30-14_10_16) by extension 'colcon_pkg'
[0.233s] Level 1:colcon.colcon_core.package_identification:_identify(bags/rosbag2_2026_06_30-14_10_16) by extensions ['colcon_meta']
[0.233s] Level 1:colcon.colcon_core.package_identification:_identify(bags/rosbag2_2026_06_30-14_10_16) by extension 'colcon_meta'
[0.233s] Level 1:colcon.colcon_core.package_identification:_identify(bags/rosbag2_2026_06_30-14_10_16) by extensions ['ros']
[0.233s] Level 1:colcon.colcon_core.package_identification:_identify(bags/rosbag2_2026_06_30-14_10_16) by extension 'ros'
[0.233s] Level 1:colcon.colcon_core.package_identification:_identify(bags/rosbag2_2026_06_30-14_10_16) by extensions ['cmake', 'python']
[0.233s] Level 1:colcon.colcon_core.package_identification:_identify(bags/rosbag2_2026_06_30-14_10_16) by extension 'cmake'
[0.233s] Level 1:colcon.colcon_core.package_identification:_identify(bags/rosbag2_2026_06_30-14_10_16) by extension 'python'
[0.233s] Level 1:colcon.colcon_core.package_identification:_identify(bags/rosbag2_2026_06_30-14_10_16) by extensions ['python_setup_py']
[0.233s] Level 1:colcon.colcon_core.package_identification:_identify(bags/rosbag2_2026_06_30-14_10_16) by extension 'python_setup_py'
[0.233s] Level 1:colcon.colcon_core.package_identification:_identify(bags/upstairs_threshold_debug) by extensions ['ignore', 'ignore_ament_install']
[0.233s] Level 1:colcon.colcon_core.package_identification:_identify(bags/upstairs_threshold_debug) by extension 'ignore'
[0.233s] Level 1:colcon.colcon_core.package_identification:_identify(bags/upstairs_threshold_debug) by extension 'ignore_ament_install'
[0.233s] Level 1:colcon.colcon_core.package_identification:_identify(bags/upstairs_threshold_debug) by extensions ['colcon_pkg']
[0.233s] Level 1:colcon.colcon_core.package_identification:_identify(bags/upstairs_threshold_debug) by extension 'colcon_pkg'
[0.233s] Level 1:colcon.colcon_core.package_identification:_identify(bags/upstairs_threshold_debug) by extensions ['colcon_meta']
[0.234s] Level 1:colcon.colcon_core.package_identification:_identify(bags/upstairs_threshold_debug) by extension 'colcon_meta'
[0.234s] Level 1:colcon.colcon_core.package_identification:_identify(bags/upstairs_threshold_debug) by extensions ['ros']
[0.234s] Level 1:colcon.colcon_core.package_identification:_identify(bags/upstairs_threshold_debug) by extension 'ros'
[0.234s] Level 1:colcon.colcon_core.package_identification:_identify(bags/upstairs_threshold_debug) by extensions ['cmake', 'python']
[0.234s] Level 1:colcon.colcon_core.package_identification:_identify(bags/upstairs_threshold_debug) by extension 'cmake'
[0.234s] Level 1:colcon.colcon_core.package_identification:_identify(bags/upstairs_threshold_debug) by extension 'python'
[0.234s] Level 1:colcon.colcon_core.package_identification:_identify(bags/upstairs_threshold_debug) by extensions ['python_setup_py']
[0.234s] Level 1:colcon.colcon_core.package_identification:_identify(bags/upstairs_threshold_debug) by extension 'python_setup_py'
[0.234s] Level 1:colcon.colcon_core.package_identification:_identify(build) by extensions ['ignore', 'ignore_ament_install']
[0.234s] Level 1:colcon.colcon_core.package_identification:_identify(build) by extension 'ignore'
[0.234s] Level 1:colcon.colcon_core.package_identification:_identify(build) ignored
[0.234s] Level 1:colcon.colcon_core.package_identification:_identify(install) by extensions ['ignore', 'ignore_ament_install']
[0.234s] Level 1:colcon.colcon_core.package_identification:_identify(install) by extension 'ignore'
[0.234s] Level 1:colcon.colcon_core.package_identification:_identify(install) ignored
[0.234s] Level 1:colcon.colcon_core.package_identification:_identify(log) by extensions ['ignore', 'ignore_ament_install']
[0.234s] Level 1:colcon.colcon_core.package_identification:_identify(log) by extension 'ignore'
[0.234s] Level 1:colcon.colcon_core.package_identification:_identify(log) ignored
[0.234s] Level 1:colcon.colcon_core.package_identification:_identify(scripts) by extensions ['ignore', 'ignore_ament_install']
[0.234s] Level 1:colcon.colcon_core.package_identification:_identify(scripts) by extension 'ignore'
[0.234s] Level 1:colcon.colcon_core.package_identification:_identify(scripts) by extension 'ignore_ament_install'
[0.235s] Level 1:colcon.colcon_core.package_identification:_identify(scripts) by extensions ['colcon_pkg']
[0.235s] Level 1:colcon.colcon_core.package_identification:_identify(scripts) by extension 'colcon_pkg'
[0.235s] Level 1:colcon.colcon_core.package_identification:_identify(scripts) by extensions ['colcon_meta']
[0.235s] Level 1:colcon.colcon_core.package_identification:_identify(scripts) by extension 'colcon_meta'
[0.235s] Level 1:colcon.colcon_core.package_identification:_identify(scripts) by extensions ['ros']
[0.235s] Level 1:colcon.colcon_core.package_identification:_identify(scripts) by extension 'ros'
[0.235s] Level 1:colcon.colcon_core.package_identification:_identify(scripts) by extensions ['cmake', 'python']
[0.235s] Level 1:colcon.colcon_core.package_identification:_identify(scripts) by extension 'cmake'
[0.235s] Level 1:colcon.colcon_core.package_identification:_identify(scripts) by extension 'python'
[0.235s] Level 1:colcon.colcon_core.package_identification:_identify(scripts) by extensions ['python_setup_py']
[0.235s] Level 1:colcon.colcon_core.package_identification:_identify(scripts) by extension 'python_setup_py'
[0.235s] Level 1:colcon.colcon_core.package_identification:_identify(src) by extensions ['ignore', 'ignore_ament_install']
[0.235s] Level 1:colcon.colcon_core.package_identification:_identify(src) by extension 'ignore'
[0.235s] Level 1:colcon.colcon_core.package_identification:_identify(src) by extension 'ignore_ament_install'
[0.235s] Level 1:colcon.colcon_core.package_identification:_identify(src) by extensions ['colcon_pkg']
[0.235s] Level 1:colcon.colcon_core.package_identification:_identify(src) by extension 'colcon_pkg'
[0.235s] Level 1:colcon.colcon_core.package_identification:_identify(src) by extensions ['colcon_meta']
[0.235s] Level 1:colcon.colcon_core.package_identification:_identify(src) by extension 'colcon_meta'
[0.235s] Level 1:colcon.colcon_core.package_identification:_identify(src) by extensions ['ros']
[0.235s] Level 1:colcon.colcon_core.package_identification:_identify(src) by extension 'ros'
[0.235s] Level 1:colcon.colcon_core.package_identification:_identify(src) by extensions ['cmake', 'python']
[0.235s] Level 1:colcon.colcon_core.package_identification:_identify(src) by extension 'cmake'
[0.235s] Level 1:colcon.colcon_core.package_identification:_identify(src) by extension 'python'
[0.235s] Level 1:colcon.colcon_core.package_identification:_identify(src) by extensions ['python_setup_py']
[0.235s] Level 1:colcon.colcon_core.package_identification:_identify(src) by extension 'python_setup_py'
[0.235s] Level 1:colcon.colcon_core.package_identification:_identify(src/apriltag_msgs) by extensions ['ignore', 'ignore_ament_install']
[0.235s] Level 1:colcon.colcon_core.package_identification:_identify(src/apriltag_msgs) by extension 'ignore'
[0.235s] Level 1:colcon.colcon_core.package_identification:_identify(src/apriltag_msgs) by extension 'ignore_ament_install'
[0.235s] Level 1:colcon.colcon_core.package_identification:_identify(src/apriltag_msgs) by extensions ['colcon_pkg']
[0.235s] Level 1:colcon.colcon_core.package_identification:_identify(src/apriltag_msgs) by extension 'colcon_pkg'
[0.235s] Level 1:colcon.colcon_core.package_identification:_identify(src/apriltag_msgs) by extensions ['colcon_meta']
[0.235s] Level 1:colcon.colcon_core.package_identification:_identify(src/apriltag_msgs) by extension 'colcon_meta'
[0.236s] Level 1:colcon.colcon_core.package_identification:_identify(src/apriltag_msgs) by extensions ['ros']
[0.236s] Level 1:colcon.colcon_core.package_identification:_identify(src/apriltag_msgs) by extension 'ros'
[0.237s] DEBUG:colcon.colcon_core.package_identification:Package 'src/apriltag_msgs' with type 'ros.ament_cmake' and name 'apriltag_msgs'
[0.238s] Level 1:colcon.colcon_core.package_identification:_identify(src/apriltag_ros) by extensions ['ignore', 'ignore_ament_install']
[0.238s] Level 1:colcon.colcon_core.package_identification:_identify(src/apriltag_ros) by extension 'ignore'
[0.238s] Level 1:colcon.colcon_core.package_identification:_identify(src/apriltag_ros) by extension 'ignore_ament_install'
[0.238s] Level 1:colcon.colcon_core.package_identification:_identify(src/apriltag_ros) by extensions ['colcon_pkg']
[0.238s] Level 1:colcon.colcon_core.package_identification:_identify(src/apriltag_ros) by extension 'colcon_pkg'
[0.238s] Level 1:colcon.colcon_core.package_identification:_identify(src/apriltag_ros) by extensions ['colcon_meta']
[0.238s] Level 1:colcon.colcon_core.package_identification:_identify(src/apriltag_ros) by extension 'colcon_meta'
[0.238s] Level 1:colcon.colcon_core.package_identification:_identify(src/apriltag_ros) by extensions ['ros']
[0.238s] Level 1:colcon.colcon_core.package_identification:_identify(src/apriltag_ros) by extension 'ros'
[0.240s] DEBUG:colcon.colcon_core.package_identification:Package 'src/apriltag_ros' with type 'ros.ament_cmake' and name 'apriltag_ros'
[0.240s] Level 1:colcon.colcon_core.package_identification:_identify(src/auto_nav_pkg) by extensions ['ignore', 'ignore_ament_install']
[0.240s] Level 1:colcon.colcon_core.package_identification:_identify(src/auto_nav_pkg) by extension 'ignore'
[0.240s] Level 1:colcon.colcon_core.package_identification:_identify(src/auto_nav_pkg) by extension 'ignore_ament_install'
[0.240s] Level 1:colcon.colcon_core.package_identification:_identify(src/auto_nav_pkg) by extensions ['colcon_pkg']
[0.240s] Level 1:colcon.colcon_core.package_identification:_identify(src/auto_nav_pkg) by extension 'colcon_pkg'
[0.240s] Level 1:colcon.colcon_core.package_identification:_identify(src/auto_nav_pkg) by extensions ['colcon_meta']
[0.240s] Level 1:colcon.colcon_core.package_identification:_identify(src/auto_nav_pkg) by extension 'colcon_meta'
[0.241s] Level 1:colcon.colcon_core.package_identification:_identify(src/auto_nav_pkg) by extensions ['ros']
[0.241s] Level 1:colcon.colcon_core.package_identification:_identify(src/auto_nav_pkg) by extension 'ros'
[0.242s] DEBUG:colcon.colcon_core.package_identification:Package 'src/auto_nav_pkg' with type 'ros.ament_python' and name 'auto_nav_pkg'
[0.242s] Level 1:colcon.colcon_core.package_identification:_identify(src/livox_ros_driver2) by extensions ['ignore', 'ignore_ament_install']
[0.242s] Level 1:colcon.colcon_core.package_identification:_identify(src/livox_ros_driver2) by extension 'ignore'
[0.242s] Level 1:colcon.colcon_core.package_identification:_identify(src/livox_ros_driver2) by extension 'ignore_ament_install'
[0.242s] Level 1:colcon.colcon_core.package_identification:_identify(src/livox_ros_driver2) by extensions ['colcon_pkg']
[0.242s] Level 1:colcon.colcon_core.package_identification:_identify(src/livox_ros_driver2) by extension 'colcon_pkg'
[0.242s] Level 1:colcon.colcon_core.package_identification:_identify(src/livox_ros_driver2) by extensions ['colcon_meta']
[0.242s] Level 1:colcon.colcon_core.package_identification:_identify(src/livox_ros_driver2) by extension 'colcon_meta'
[0.242s] Level 1:colcon.colcon_core.package_identification:_identify(src/livox_ros_driver2) by extensions ['ros']
[0.242s] Level 1:colcon.colcon_core.package_identification:_identify(src/livox_ros_driver2) by extension 'ros'
[0.258s] DEBUG:colcon.colcon_core.package_identification:Package 'src/livox_ros_driver2' with type 'ros.ament_cmake' and name 'livox_ros_driver2'
[0.259s] Level 1:colcon.colcon_core.package_identification:_identify(src/point_lio_ros2) by extensions ['ignore', 'ignore_ament_install']
[0.259s] Level 1:colcon.colcon_core.package_identification:_identify(src/point_lio_ros2) by extension 'ignore'
[0.259s] Level 1:colcon.colcon_core.package_identification:_identify(src/point_lio_ros2) by extension 'ignore_ament_install'
[0.259s] Level 1:colcon.colcon_core.package_identification:_identify(src/point_lio_ros2) by extensions ['colcon_pkg']
[0.259s] Level 1:colcon.colcon_core.package_identification:_identify(src/point_lio_ros2) by extension 'colcon_pkg'
[0.259s] Level 1:colcon.colcon_core.package_identification:_identify(src/point_lio_ros2) by extensions ['colcon_meta']
[0.259s] Level 1:colcon.colcon_core.package_identification:_identify(src/point_lio_ros2) by extension 'colcon_meta'
[0.259s] Level 1:colcon.colcon_core.package_identification:_identify(src/point_lio_ros2) by extensions ['ros']
[0.259s] Level 1:colcon.colcon_core.package_identification:_identify(src/point_lio_ros2) by extension 'ros'
[0.260s] DEBUG:colcon.colcon_core.package_identification:Package 'src/point_lio_ros2' with type 'ros.ament_cmake' and name 'point_lio'
[0.260s] Level 1:colcon.colcon_core.package_identification:_identify(src/quadruped_step_mapper) by extensions ['ignore', 'ignore_ament_install']
[0.260s] Level 1:colcon.colcon_core.package_identification:_identify(src/quadruped_step_mapper) by extension 'ignore'
[0.260s] Level 1:colcon.colcon_core.package_identification:_identify(src/quadruped_step_mapper) by extension 'ignore_ament_install'
[0.260s] Level 1:colcon.colcon_core.package_identification:_identify(src/quadruped_step_mapper) by extensions ['colcon_pkg']
[0.260s] Level 1:colcon.colcon_core.package_identification:_identify(src/quadruped_step_mapper) by extension 'colcon_pkg'
[0.260s] Level 1:colcon.colcon_core.package_identification:_identify(src/quadruped_step_mapper) by extensions ['colcon_meta']
[0.260s] Level 1:colcon.colcon_core.package_identification:_identify(src/quadruped_step_mapper) by extension 'colcon_meta'
[0.261s] Level 1:colcon.colcon_core.package_identification:_identify(src/quadruped_step_mapper) by extensions ['ros']
[0.261s] Level 1:colcon.colcon_core.package_identification:_identify(src/quadruped_step_mapper) by extension 'ros'
[0.261s] DEBUG:colcon.colcon_core.package_identification:Package 'src/quadruped_step_mapper' with type 'ros.ament_cmake' and name 'quadruped_step_mapper'
[0.261s] Level 1:colcon.colcon_core.package_identification:_identify(src/realsense-ros) by extensions ['ignore', 'ignore_ament_install']
[0.261s] Level 1:colcon.colcon_core.package_identification:_identify(src/realsense-ros) by extension 'ignore'
[0.261s] Level 1:colcon.colcon_core.package_identification:_identify(src/realsense-ros) by extension 'ignore_ament_install'
[0.262s] Level 1:colcon.colcon_core.package_identification:_identify(src/realsense-ros) by extensions ['colcon_pkg']
[0.262s] Level 1:colcon.colcon_core.package_identification:_identify(src/realsense-ros) by extension 'colcon_pkg'
[0.262s] Level 1:colcon.colcon_core.package_identification:_identify(src/realsense-ros) by extensions ['colcon_meta']
[0.262s] Level 1:colcon.colcon_core.package_identification:_identify(src/realsense-ros) by extension 'colcon_meta'
[0.262s] Level 1:colcon.colcon_core.package_identification:_identify(src/realsense-ros) by extensions ['ros']
[0.262s] Level 1:colcon.colcon_core.package_identification:_identify(src/realsense-ros) by extension 'ros'
[0.262s] Level 1:colcon.colcon_core.package_identification:_identify(src/realsense-ros) by extensions ['cmake', 'python']
[0.262s] Level 1:colcon.colcon_core.package_identification:_identify(src/realsense-ros) by extension 'cmake'
[0.262s] Level 1:colcon.colcon_core.package_identification:_identify(src/realsense-ros) by extension 'python'
[0.262s] Level 1:colcon.colcon_core.package_identification:_identify(src/realsense-ros) by extensions ['python_setup_py']
[0.262s] Level 1:colcon.colcon_core.package_identification:_identify(src/realsense-ros) by extension 'python_setup_py'
[0.262s] Level 1:colcon.colcon_core.package_identification:_identify(src/realsense-ros/realsense2_camera) by extensions ['ignore', 'ignore_ament_install']
[0.262s] Level 1:colcon.colcon_core.package_identification:_identify(src/realsense-ros/realsense2_camera) by extension 'ignore'
[0.262s] Level 1:colcon.colcon_core.package_identification:_identify(src/realsense-ros/realsense2_camera) by extension 'ignore_ament_install'
[0.262s] Level 1:colcon.colcon_core.package_identification:_identify(src/realsense-ros/realsense2_camera) by extensions ['colcon_pkg']
[0.262s] Level 1:colcon.colcon_core.package_identification:_identify(src/realsense-ros/realsense2_camera) by extension 'colcon_pkg'
[0.262s] Level 1:colcon.colcon_core.package_identification:_identify(src/realsense-ros/realsense2_camera) by extensions ['colcon_meta']
[0.262s] Level 1:colcon.colcon_core.package_identification:_identify(src/realsense-ros/realsense2_camera) by extension 'colcon_meta'
[0.262s] Level 1:colcon.colcon_core.package_identification:_identify(src/realsense-ros/realsense2_camera) by extensions ['ros']
[0.262s] Level 1:colcon.colcon_core.package_identification:_identify(src/realsense-ros/realsense2_camera) by extension 'ros'
[0.263s] DEBUG:colcon.colcon_core.package_identification:Package 'src/realsense-ros/realsense2_camera' with type 'ros.ament_cmake' and name 'realsense2_camera'
[0.263s] Level 1:colcon.colcon_core.package_identification:_identify(src/realsense-ros/realsense2_camera_msgs) by extensions ['ignore', 'ignore_ament_install']
[0.263s] Level 1:colcon.colcon_core.package_identification:_identify(src/realsense-ros/realsense2_camera_msgs) by extension 'ignore'
[0.264s] Level 1:colcon.colcon_core.package_identification:_identify(src/realsense-ros/realsense2_camera_msgs) by extension 'ignore_ament_install'
[0.264s] Level 1:colcon.colcon_core.package_identification:_identify(src/realsense-ros/realsense2_camera_msgs) by extensions ['colcon_pkg']
[0.264s] Level 1:colcon.colcon_core.package_identification:_identify(src/realsense-ros/realsense2_camera_msgs) by extension 'colcon_pkg'
[0.264s] Level 1:colcon.colcon_core.package_identification:_identify(src/realsense-ros/realsense2_camera_msgs) by extensions ['colcon_meta']
[0.264s] Level 1:colcon.colcon_core.package_identification:_identify(src/realsense-ros/realsense2_camera_msgs) by extension 'colcon_meta'
[0.264s] Level 1:colcon.colcon_core.package_identification:_identify(src/realsense-ros/realsense2_camera_msgs) by extensions ['ros']
[0.264s] Level 1:colcon.colcon_core.package_identification:_identify(src/realsense-ros/realsense2_camera_msgs) by extension 'ros'
[0.264s] DEBUG:colcon.colcon_core.package_identification:Package 'src/realsense-ros/realsense2_camera_msgs' with type 'ros.ament_cmake' and name 'realsense2_camera_msgs'
[0.264s] Level 1:colcon.colcon_core.package_identification:_identify(src/realsense-ros/realsense2_description) by extensions ['ignore', 'ignore_ament_install']
[0.264s] Level 1:colcon.colcon_core.package_identification:_identify(src/realsense-ros/realsense2_description) by extension 'ignore'
[0.264s] Level 1:colcon.colcon_core.package_identification:_identify(src/realsense-ros/realsense2_description) by extension 'ignore_ament_install'
[0.264s] Level 1:colcon.colcon_core.package_identification:_identify(src/realsense-ros/realsense2_description) by extensions ['colcon_pkg']
[0.264s] Level 1:colcon.colcon_core.package_identification:_identify(src/realsense-ros/realsense2_description) by extension 'colcon_pkg'
[0.264s] Level 1:colcon.colcon_core.package_identification:_identify(src/realsense-ros/realsense2_description) by extensions ['colcon_meta']
[0.264s] Level 1:colcon.colcon_core.package_identification:_identify(src/realsense-ros/realsense2_description) by extension 'colcon_meta'
[0.264s] Level 1:colcon.colcon_core.package_identification:_identify(src/realsense-ros/realsense2_description) by extensions ['ros']
[0.264s] Level 1:colcon.colcon_core.package_identification:_identify(src/realsense-ros/realsense2_description) by extension 'ros'
[0.265s] DEBUG:colcon.colcon_core.package_identification:Package 'src/realsense-ros/realsense2_description' with type 'ros.ament_cmake' and name 'realsense2_description'
[0.265s] Level 1:colcon.colcon_core.package_identification:_identify(src/realsense-ros/scripts) by extensions ['ignore', 'ignore_ament_install']
[0.265s] Level 1:colcon.colcon_core.package_identification:_identify(src/realsense-ros/scripts) by extension 'ignore'
[0.265s] Level 1:colcon.colcon_core.package_identification:_identify(src/realsense-ros/scripts) by extension 'ignore_ament_install'
[0.265s] Level 1:colcon.colcon_core.package_identification:_identify(src/realsense-ros/scripts) by extensions ['colcon_pkg']
[0.265s] Level 1:colcon.colcon_core.package_identification:_identify(src/realsense-ros/scripts) by extension 'colcon_pkg'
[0.265s] Level 1:colcon.colcon_core.package_identification:_identify(src/realsense-ros/scripts) by extensions ['colcon_meta']
[0.265s] Level 1:colcon.colcon_core.package_identification:_identify(src/realsense-ros/scripts) by extension 'colcon_meta'
[0.265s] Level 1:colcon.colcon_core.package_identification:_identify(src/realsense-ros/scripts) by extensions ['ros']
[0.265s] Level 1:colcon.colcon_core.package_identification:_identify(src/realsense-ros/scripts) by extension 'ros'
[0.265s] Level 1:colcon.colcon_core.package_identification:_identify(src/realsense-ros/scripts) by extensions ['cmake', 'python']
[0.265s] Level 1:colcon.colcon_core.package_identification:_identify(src/realsense-ros/scripts) by extension 'cmake'
[0.266s] Level 1:colcon.colcon_core.package_identification:_identify(src/realsense-ros/scripts) by extension 'python'
[0.266s] Level 1:colcon.colcon_core.package_identification:_identify(src/realsense-ros/scripts) by extensions ['python_setup_py']
[0.266s] Level 1:colcon.colcon_core.package_identification:_identify(src/realsense-ros/scripts) by extension 'python_setup_py'
[0.266s] Level 1:colcon.colcon_core.package_identification:_identify(systemd) by extensions ['ignore', 'ignore_ament_install']
[0.266s] Level 1:colcon.colcon_core.package_identification:_identify(systemd) by extension 'ignore'
[0.266s] Level 1:colcon.colcon_core.package_identification:_identify(systemd) by extension 'ignore_ament_install'
[0.266s] Level 1:colcon.colcon_core.package_identification:_identify(systemd) by extensions ['colcon_pkg']
[0.266s] Level 1:colcon.colcon_core.package_identification:_identify(systemd) by extension 'colcon_pkg'
[0.266s] Level 1:colcon.colcon_core.package_identification:_identify(systemd) by extensions ['colcon_meta']
[0.266s] Level 1:colcon.colcon_core.package_identification:_identify(systemd) by extension 'colcon_meta'
[0.266s] Level 1:colcon.colcon_core.package_identification:_identify(systemd) by extensions ['ros']
[0.266s] Level 1:colcon.colcon_core.package_identification:_identify(systemd) by extension 'ros'
[0.266s] Level 1:colcon.colcon_core.package_identification:_identify(systemd) by extensions ['cmake', 'python']
[0.266s] Level 1:colcon.colcon_core.package_identification:_identify(systemd) by extension 'cmake'
[0.266s] Level 1:colcon.colcon_core.package_identification:_identify(systemd) by extension 'python'
[0.266s] Level 1:colcon.colcon_core.package_identification:_identify(systemd) by extensions ['python_setup_py']
[0.266s] Level 1:colcon.colcon_core.package_identification:_identify(systemd) by extension 'python_setup_py'
[0.266s] Level 1:colcon.colcon_core.package_discovery:discover_packages(recursive) using defaults
[0.266s] Level 1:colcon.colcon_core.package_discovery:discover_packages(ignore) discover
[0.266s] Level 1:colcon.colcon_core.package_discovery:discover_packages(ignore) using defaults
[0.266s] Level 1:colcon.colcon_core.package_discovery:discover_packages(path) discover
[0.266s] Level 1:colcon.colcon_core.package_discovery:discover_packages(path) using defaults
[0.284s] Level 1:colcon.colcon_core.package_discovery:discover_packages(prefix_path) check parameters
[0.284s] Level 1:colcon.colcon_core.package_discovery:discover_packages(prefix_path) discover
[0.286s] DEBUG:colcon.colcon_installed_package_information.package_discovery:Found 9 installed packages in /home/gouzi/obstacle_race_src/install
[0.287s] DEBUG:colcon.colcon_installed_package_information.package_discovery:Found 318 installed packages in /opt/ros/humble
[0.288s] Level 1:colcon.colcon_core.package_discovery:discover_packages(prefix_path) using defaults
[0.319s] Level 5:colcon.colcon_core.verb:set package 'apriltag_msgs' build argument 'cmake_args' from command line to 'None'
[0.319s] Level 5:colcon.colcon_core.verb:set package 'apriltag_msgs' build argument 'cmake_target' from command line to 'None'
[0.319s] Level 5:colcon.colcon_core.verb:set package 'apriltag_msgs' build argument 'cmake_target_skip_unavailable' from command line to 'False'
[0.319s] Level 5:colcon.colcon_core.verb:set package 'apriltag_msgs' build argument 'cmake_clean_cache' from command line to 'False'
[0.319s] Level 5:colcon.colcon_core.verb:set package 'apriltag_msgs' build argument 'cmake_clean_first' from command line to 'False'
[0.319s] Level 5:colcon.colcon_core.verb:set package 'apriltag_msgs' build argument 'cmake_force_configure' from command line to 'False'
[0.319s] Level 5:colcon.colcon_core.verb:set package 'apriltag_msgs' build argument 'ament_cmake_args' from command line to 'None'
[0.319s] Level 5:colcon.colcon_core.verb:set package 'apriltag_msgs' build argument 'catkin_cmake_args' from command line to 'None'
[0.319s] Level 5:colcon.colcon_core.verb:set package 'apriltag_msgs' build argument 'catkin_skip_building_tests' from command line to 'False'
[0.319s] DEBUG:colcon.colcon_core.verb:Building package 'apriltag_msgs' with the following arguments: {'ament_cmake_args': None, 'build_base': '/home/gouzi/obstacle_race_src/build/apriltag_msgs', 'catkin_cmake_args': None, 'catkin_skip_building_tests': False, 'cmake_args': None, 'cmake_clean_cache': False, 'cmake_clean_first': False, 'cmake_force_configure': False, 'cmake_target': None, 'cmake_target_skip_unavailable': False, 'install_base': '/home/gouzi/obstacle_race_src/install/apriltag_msgs', 'merge_install': False, 'path': '/home/gouzi/obstacle_race_src/src/apriltag_msgs', 'symlink_install': False, 'test_result_base': None}
[0.320s] Level 5:colcon.colcon_core.verb:set package 'livox_ros_driver2' build argument 'cmake_args' from command line to 'None'
[0.320s] Level 5:colcon.colcon_core.verb:set package 'livox_ros_driver2' build argument 'cmake_target' from command line to 'None'
[0.320s] Level 5:colcon.colcon_core.verb:set package 'livox_ros_driver2' build argument 'cmake_target_skip_unavailable' from command line to 'False'
[0.320s] Level 5:colcon.colcon_core.verb:set package 'livox_ros_driver2' build argument 'cmake_clean_cache' from command line to 'False'
[0.320s] Level 5:colcon.colcon_core.verb:set package 'livox_ros_driver2' build argument 'cmake_clean_first' from command line to 'False'
[0.320s] Level 5:colcon.colcon_core.verb:set package 'livox_ros_driver2' build argument 'cmake_force_configure' from command line to 'False'
[0.320s] Level 5:colcon.colcon_core.verb:set package 'livox_ros_driver2' build argument 'ament_cmake_args' from command line to 'None'
[0.320s] Level 5:colcon.colcon_core.verb:set package 'livox_ros_driver2' build argument 'catkin_cmake_args' from command line to 'None'
[0.320s] Level 5:colcon.colcon_core.verb:set package 'livox_ros_driver2' build argument 'catkin_skip_building_tests' from command line to 'False'
[0.320s] DEBUG:colcon.colcon_core.verb:Building package 'livox_ros_driver2' with the following arguments: {'ament_cmake_args': None, 'build_base': '/home/gouzi/obstacle_race_src/build/livox_ros_driver2', 'catkin_cmake_args': None, 'catkin_skip_building_tests': False, 'cmake_args': None, 'cmake_clean_cache': False, 'cmake_clean_first': False, 'cmake_force_configure': False, 'cmake_target': None, 'cmake_target_skip_unavailable': False, 'install_base': '/home/gouzi/obstacle_race_src/install/livox_ros_driver2', 'merge_install': False, 'path': '/home/gouzi/obstacle_race_src/src/livox_ros_driver2', 'symlink_install': False, 'test_result_base': None}
[0.320s] Level 5:colcon.colcon_core.verb:set package 'point_lio' build argument 'cmake_args' from command line to 'None'
[0.320s] Level 5:colcon.colcon_core.verb:set package 'point_lio' build argument 'cmake_target' from command line to 'None'
[0.320s] Level 5:colcon.colcon_core.verb:set package 'point_lio' build argument 'cmake_target_skip_unavailable' from command line to 'False'
[0.320s] Level 5:colcon.colcon_core.verb:set package 'point_lio' build argument 'cmake_clean_cache' from command line to 'False'
[0.320s] Level 5:colcon.colcon_core.verb:set package 'point_lio' build argument 'cmake_clean_first' from command line to 'False'
[0.320s] Level 5:colcon.colcon_core.verb:set package 'point_lio' build argument 'cmake_force_configure' from command line to 'False'
[0.320s] Level 5:colcon.colcon_core.verb:set package 'point_lio' build argument 'ament_cmake_args' from command line to 'None'
[0.320s] Level 5:colcon.colcon_core.verb:set package 'point_lio' build argument 'catkin_cmake_args' from command line to 'None'
[0.320s] Level 5:colcon.colcon_core.verb:set package 'point_lio' build argument 'catkin_skip_building_tests' from command line to 'False'
[0.320s] DEBUG:colcon.colcon_core.verb:Building package 'point_lio' with the following arguments: {'ament_cmake_args': None, 'build_base': '/home/gouzi/obstacle_race_src/build/point_lio', 'catkin_cmake_args': None, 'catkin_skip_building_tests': False, 'cmake_args': None, 'cmake_clean_cache': False, 'cmake_clean_first': False, 'cmake_force_configure': False, 'cmake_target': None, 'cmake_target_skip_unavailable': False, 'install_base': '/home/gouzi/obstacle_race_src/install/point_lio', 'merge_install': False, 'path': '/home/gouzi/obstacle_race_src/src/point_lio_ros2', 'symlink_install': False, 'test_result_base': None}
[0.320s] Level 5:colcon.colcon_core.verb:set package 'quadruped_step_mapper' build argument 'cmake_args' from command line to 'None'
[0.321s] Level 5:colcon.colcon_core.verb:set package 'quadruped_step_mapper' build argument 'cmake_target' from command line to 'None'
[0.321s] Level 5:colcon.colcon_core.verb:set package 'quadruped_step_mapper' build argument 'cmake_target_skip_unavailable' from command line to 'False'
[0.321s] Level 5:colcon.colcon_core.verb:set package 'quadruped_step_mapper' build argument 'cmake_clean_cache' from command line to 'False'
[0.321s] Level 5:colcon.colcon_core.verb:set package 'quadruped_step_mapper' build argument 'cmake_clean_first' from command line to 'False'
[0.321s] Level 5:colcon.colcon_core.verb:set package 'quadruped_step_mapper' build argument 'cmake_force_configure' from command line to 'False'
[0.321s] Level 5:colcon.colcon_core.verb:set package 'quadruped_step_mapper' build argument 'ament_cmake_args' from command line to 'None'
[0.321s] Level 5:colcon.colcon_core.verb:set package 'quadruped_step_mapper' build argument 'catkin_cmake_args' from command line to 'None'
[0.321s] Level 5:colcon.colcon_core.verb:set package 'quadruped_step_mapper' build argument 'catkin_skip_building_tests' from command line to 'False'
[0.321s] DEBUG:colcon.colcon_core.verb:Building package 'quadruped_step_mapper' with the following arguments: {'ament_cmake_args': None, 'build_base': '/home/gouzi/obstacle_race_src/build/quadruped_step_mapper', 'catkin_cmake_args': None, 'catkin_skip_building_tests': False, 'cmake_args': None, 'cmake_clean_cache': False, 'cmake_clean_first': False, 'cmake_force_configure': False, 'cmake_target': None, 'cmake_target_skip_unavailable': False, 'install_base': '/home/gouzi/obstacle_race_src/install/quadruped_step_mapper', 'merge_install': False, 'path': '/home/gouzi/obstacle_race_src/src/quadruped_step_mapper', 'symlink_install': False, 'test_result_base': None}
[0.321s] Level 5:colcon.colcon_core.verb:set package 'realsense2_camera_msgs' build argument 'cmake_args' from command line to 'None'
[0.321s] Level 5:colcon.colcon_core.verb:set package 'realsense2_camera_msgs' build argument 'cmake_target' from command line to 'None'
[0.321s] Level 5:colcon.colcon_core.verb:set package 'realsense2_camera_msgs' build argument 'cmake_target_skip_unavailable' from command line to 'False'
[0.321s] Level 5:colcon.colcon_core.verb:set package 'realsense2_camera_msgs' build argument 'cmake_clean_cache' from command line to 'False'
[0.321s] Level 5:colcon.colcon_core.verb:set package 'realsense2_camera_msgs' build argument 'cmake_clean_first' from command line to 'False'
[0.321s] Level 5:colcon.colcon_core.verb:set package 'realsense2_camera_msgs' build argument 'cmake_force_configure' from command line to 'False'
[0.321s] Level 5:colcon.colcon_core.verb:set package 'realsense2_camera_msgs' build argument 'ament_cmake_args' from command line to 'None'
[0.321s] Level 5:colcon.colcon_core.verb:set package 'realsense2_camera_msgs' build argument 'catkin_cmake_args' from command line to 'None'
[0.321s] Level 5:colcon.colcon_core.verb:set package 'realsense2_camera_msgs' build argument 'catkin_skip_building_tests' from command line to 'False'
[0.321s] DEBUG:colcon.colcon_core.verb:Building package 'realsense2_camera_msgs' with the following arguments: {'ament_cmake_args': None, 'build_base': '/home/gouzi/obstacle_race_src/build/realsense2_camera_msgs', 'catkin_cmake_args': None, 'catkin_skip_building_tests': False, 'cmake_args': None, 'cmake_clean_cache': False, 'cmake_clean_first': False, 'cmake_force_configure': False, 'cmake_target': None, 'cmake_target_skip_unavailable': False, 'install_base': '/home/gouzi/obstacle_race_src/install/realsense2_camera_msgs', 'merge_install': False, 'path': '/home/gouzi/obstacle_race_src/src/realsense-ros/realsense2_camera_msgs', 'symlink_install': False, 'test_result_base': None}
[0.321s] Level 5:colcon.colcon_core.verb:set package 'apriltag_ros' build argument 'cmake_args' from command line to 'None'
[0.321s] Level 5:colcon.colcon_core.verb:set package 'apriltag_ros' build argument 'cmake_target' from command line to 'None'
[0.321s] Level 5:colcon.colcon_core.verb:set package 'apriltag_ros' build argument 'cmake_target_skip_unavailable' from command line to 'False'
[0.321s] Level 5:colcon.colcon_core.verb:set package 'apriltag_ros' build argument 'cmake_clean_cache' from command line to 'False'
[0.321s] Level 5:colcon.colcon_core.verb:set package 'apriltag_ros' build argument 'cmake_clean_first' from command line to 'False'
[0.321s] Level 5:colcon.colcon_core.verb:set package 'apriltag_ros' build argument 'cmake_force_configure' from command line to 'False'
[0.321s] Level 5:colcon.colcon_core.verb:set package 'apriltag_ros' build argument 'ament_cmake_args' from command line to 'None'
[0.321s] Level 5:colcon.colcon_core.verb:set package 'apriltag_ros' build argument 'catkin_cmake_args' from command line to 'None'
[0.321s] Level 5:colcon.colcon_core.verb:set package 'apriltag_ros' build argument 'catkin_skip_building_tests' from command line to 'False'
[0.321s] DEBUG:colcon.colcon_core.verb:Building package 'apriltag_ros' with the following arguments: {'ament_cmake_args': None, 'build_base': '/home/gouzi/obstacle_race_src/build/apriltag_ros', 'catkin_cmake_args': None, 'catkin_skip_building_tests': False, 'cmake_args': None, 'cmake_clean_cache': False, 'cmake_clean_first': False, 'cmake_force_configure': False, 'cmake_target': None, 'cmake_target_skip_unavailable': False, 'install_base': '/home/gouzi/obstacle_race_src/install/apriltag_ros', 'merge_install': False, 'path': '/home/gouzi/obstacle_race_src/src/apriltag_ros', 'symlink_install': False, 'test_result_base': None}
[0.322s] Level 5:colcon.colcon_core.verb:set package 'realsense2_camera' build argument 'cmake_args' from command line to 'None'
[0.322s] Level 5:colcon.colcon_core.verb:set package 'realsense2_camera' build argument 'cmake_target' from command line to 'None'
[0.322s] Level 5:colcon.colcon_core.verb:set package 'realsense2_camera' build argument 'cmake_target_skip_unavailable' from command line to 'False'
[0.322s] Level 5:colcon.colcon_core.verb:set package 'realsense2_camera' build argument 'cmake_clean_cache' from command line to 'False'
[0.322s] Level 5:colcon.colcon_core.verb:set package 'realsense2_camera' build argument 'cmake_clean_first' from command line to 'False'
[0.322s] Level 5:colcon.colcon_core.verb:set package 'realsense2_camera' build argument 'cmake_force_configure' from command line to 'False'
[0.322s] Level 5:colcon.colcon_core.verb:set package 'realsense2_camera' build argument 'ament_cmake_args' from command line to 'None'
[0.322s] Level 5:colcon.colcon_core.verb:set package 'realsense2_camera' build argument 'catkin_cmake_args' from command line to 'None'
[0.322s] Level 5:colcon.colcon_core.verb:set package 'realsense2_camera' build argument 'catkin_skip_building_tests' from command line to 'False'
[0.322s] DEBUG:colcon.colcon_core.verb:Building package 'realsense2_camera' with the following arguments: {'ament_cmake_args': None, 'build_base': '/home/gouzi/obstacle_race_src/build/realsense2_camera', 'catkin_cmake_args': None, 'catkin_skip_building_tests': False, 'cmake_args': None, 'cmake_clean_cache': False, 'cmake_clean_first': False, 'cmake_force_configure': False, 'cmake_target': None, 'cmake_target_skip_unavailable': False, 'install_base': '/home/gouzi/obstacle_race_src/install/realsense2_camera', 'merge_install': False, 'path': '/home/gouzi/obstacle_race_src/src/realsense-ros/realsense2_camera', 'symlink_install': False, 'test_result_base': None}
[0.322s] Level 5:colcon.colcon_core.verb:set package 'realsense2_description' build argument 'cmake_args' from command line to 'None'
[0.322s] Level 5:colcon.colcon_core.verb:set package 'realsense2_description' build argument 'cmake_target' from command line to 'None'
[0.322s] Level 5:colcon.colcon_core.verb:set package 'realsense2_description' build argument 'cmake_target_skip_unavailable' from command line to 'False'
[0.322s] Level 5:colcon.colcon_core.verb:set package 'realsense2_description' build argument 'cmake_clean_cache' from command line to 'False'
[0.322s] Level 5:colcon.colcon_core.verb:set package 'realsense2_description' build argument 'cmake_clean_first' from command line to 'False'
[0.322s] Level 5:colcon.colcon_core.verb:set package 'realsense2_description' build argument 'cmake_force_configure' from command line to 'False'
[0.322s] Level 5:colcon.colcon_core.verb:set package 'realsense2_description' build argument 'ament_cmake_args' from command line to 'None'
[0.322s] Level 5:colcon.colcon_core.verb:set package 'realsense2_description' build argument 'catkin_cmake_args' from command line to 'None'
[0.322s] Level 5:colcon.colcon_core.verb:set package 'realsense2_description' build argument 'catkin_skip_building_tests' from command line to 'False'
[0.322s] DEBUG:colcon.colcon_core.verb:Building package 'realsense2_description' with the following arguments: {'ament_cmake_args': None, 'build_base': '/home/gouzi/obstacle_race_src/build/realsense2_description', 'catkin_cmake_args': None, 'catkin_skip_building_tests': False, 'cmake_args': None, 'cmake_clean_cache': False, 'cmake_clean_first': False, 'cmake_force_configure': False, 'cmake_target': None, 'cmake_target_skip_unavailable': False, 'install_base': '/home/gouzi/obstacle_race_src/install/realsense2_description', 'merge_install': False, 'path': '/home/gouzi/obstacle_race_src/src/realsense-ros/realsense2_description', 'symlink_install': False, 'test_result_base': None}
[0.323s] Level 5:colcon.colcon_core.verb:set package 'auto_nav_pkg' build argument 'cmake_args' from command line to 'None'
[0.323s] Level 5:colcon.colcon_core.verb:set package 'auto_nav_pkg' build argument 'cmake_target' from command line to 'None'
[0.323s] Level 5:colcon.colcon_core.verb:set package 'auto_nav_pkg' build argument 'cmake_target_skip_unavailable' from command line to 'False'
[0.323s] Level 5:colcon.colcon_core.verb:set package 'auto_nav_pkg' build argument 'cmake_clean_cache' from command line to 'False'
[0.323s] Level 5:colcon.colcon_core.verb:set package 'auto_nav_pkg' build argument 'cmake_clean_first' from command line to 'False'
[0.323s] Level 5:colcon.colcon_core.verb:set package 'auto_nav_pkg' build argument 'cmake_force_configure' from command line to 'False'
[0.323s] Level 5:colcon.colcon_core.verb:set package 'auto_nav_pkg' build argument 'ament_cmake_args' from command line to 'None'
[0.323s] Level 5:colcon.colcon_core.verb:set package 'auto_nav_pkg' build argument 'catkin_cmake_args' from command line to 'None'
[0.323s] Level 5:colcon.colcon_core.verb:set package 'auto_nav_pkg' build argument 'catkin_skip_building_tests' from command line to 'False'
[0.323s] DEBUG:colcon.colcon_core.verb:Building package 'auto_nav_pkg' with the following arguments: {'ament_cmake_args': None, 'build_base': '/home/gouzi/obstacle_race_src/build/auto_nav_pkg', 'catkin_cmake_args': None, 'catkin_skip_building_tests': False, 'cmake_args': None, 'cmake_clean_cache': False, 'cmake_clean_first': False, 'cmake_force_configure': False, 'cmake_target': None, 'cmake_target_skip_unavailable': False, 'install_base': '/home/gouzi/obstacle_race_src/install/auto_nav_pkg', 'merge_install': False, 'path': '/home/gouzi/obstacle_race_src/src/auto_nav_pkg', 'symlink_install': False, 'test_result_base': None}
[0.323s] INFO:colcon.colcon_core.executor:Executing jobs using 'parallel' executor
[0.324s] DEBUG:colcon.colcon_parallel_executor.executor.parallel:run_until_complete
[0.324s] INFO:colcon.colcon_ros.task.ament_cmake.build:Building ROS package in '/home/gouzi/obstacle_race_src/src/realsense-ros/realsense2_camera_msgs' with build type 'ament_cmake'
[0.324s] INFO:colcon.colcon_cmake.task.cmake.build:Building CMake package in '/home/gouzi/obstacle_race_src/src/realsense-ros/realsense2_camera_msgs'
[0.326s] INFO:colcon.colcon_core.plugin_system:Skipping extension 'colcon_core.shell.bat': Not used on non-Windows systems
[0.326s] INFO:colcon.colcon_core.shell:Skip shell extension 'powershell' for command environment: Not usable outside of PowerShell
[0.326s] DEBUG:colcon.colcon_core.shell:Skip shell extension 'dsv' for command environment
[0.328s] INFO:colcon.colcon_ros.task.ament_cmake.build:Building ROS package in '/home/gouzi/obstacle_race_src/src/apriltag_msgs' with build type 'ament_cmake'
[0.329s] INFO:colcon.colcon_cmake.task.cmake.build:Building CMake package in '/home/gouzi/obstacle_race_src/src/apriltag_msgs'
[0.329s] INFO:colcon.colcon_core.shell:Skip shell extension 'powershell' for command environment: Not usable outside of PowerShell
[0.329s] DEBUG:colcon.colcon_core.shell:Skip shell extension 'dsv' for command environment
[0.331s] INFO:colcon.colcon_ros.task.ament_cmake.build:Building ROS package in '/home/gouzi/obstacle_race_src/src/livox_ros_driver2' with build type 'ament_cmake'
[0.332s] INFO:colcon.colcon_cmake.task.cmake.build:Building CMake package in '/home/gouzi/obstacle_race_src/src/livox_ros_driver2'
[0.332s] INFO:colcon.colcon_core.shell:Skip shell extension 'powershell' for command environment: Not usable outside of PowerShell
[0.332s] DEBUG:colcon.colcon_core.shell:Skip shell extension 'dsv' for command environment
[0.334s] INFO:colcon.colcon_ros.task.ament_cmake.build:Building ROS package in '/home/gouzi/obstacle_race_src/src/point_lio_ros2' with build type 'ament_cmake'
[0.335s] INFO:colcon.colcon_cmake.task.cmake.build:Building CMake package in '/home/gouzi/obstacle_race_src/src/point_lio_ros2'
[0.335s] INFO:colcon.colcon_core.shell:Skip shell extension 'powershell' for command environment: Not usable outside of PowerShell
[0.335s] DEBUG:colcon.colcon_core.shell:Skip shell extension 'dsv' for command environment
[0.339s] INFO:colcon.colcon_ros.task.ament_cmake.build:Building ROS package in '/home/gouzi/obstacle_race_src/src/quadruped_step_mapper' with build type 'ament_cmake'
[0.339s] INFO:colcon.colcon_cmake.task.cmake.build:Building CMake package in '/home/gouzi/obstacle_race_src/src/quadruped_step_mapper'
[0.339s] INFO:colcon.colcon_core.shell:Skip shell extension 'powershell' for command environment: Not usable outside of PowerShell
[0.339s] DEBUG:colcon.colcon_core.shell:Skip shell extension 'dsv' for command environment
[0.346s] DEBUG:colcon.colcon_core.event_handler.log_command:Invoking command in '/home/gouzi/obstacle_race_src/build/realsense2_camera_msgs': CMAKE_PREFIX_PATH=${CMAKE_PREFIX_PATH}:/home/gouzi/obstacle_race_src/install/auto_nav_pkg:/opt/ros/humble /usr/bin/cmake --build /home/gouzi/obstacle_race_src/build/realsense2_camera_msgs -- -j8 -l8
[0.349s] DEBUG:colcon.colcon_core.event_handler.log_command:Invoking command in '/home/gouzi/obstacle_race_src/build/apriltag_msgs': CMAKE_PREFIX_PATH=${CMAKE_PREFIX_PATH}:/home/gouzi/obstacle_race_src/install/auto_nav_pkg:/opt/ros/humble /usr/bin/cmake --build /home/gouzi/obstacle_race_src/build/apriltag_msgs -- -j8 -l8
[0.351s] DEBUG:colcon.colcon_core.event_handler.log_command:Invoking command in '/home/gouzi/obstacle_race_src/build/livox_ros_driver2': CMAKE_PREFIX_PATH=${CMAKE_PREFIX_PATH}:/home/gouzi/obstacle_race_src/install/auto_nav_pkg:/opt/ros/humble /usr/bin/cmake --build /home/gouzi/obstacle_race_src/build/livox_ros_driver2 -- -j8 -l8
[0.358s] DEBUG:colcon.colcon_core.event_handler.log_command:Invoking command in '/home/gouzi/obstacle_race_src/build/point_lio': CMAKE_PREFIX_PATH=${CMAKE_PREFIX_PATH}:/home/gouzi/obstacle_race_src/install/auto_nav_pkg:/opt/ros/humble /usr/bin/cmake --build /home/gouzi/obstacle_race_src/build/point_lio -- -j8 -l8
[0.365s] DEBUG:colcon.colcon_core.event_handler.log_command:Invoking command in '/home/gouzi/obstacle_race_src/build/quadruped_step_mapper': CMAKE_PREFIX_PATH=${CMAKE_PREFIX_PATH}:/home/gouzi/obstacle_race_src/install/auto_nav_pkg:/opt/ros/humble /usr/bin/cmake --build /home/gouzi/obstacle_race_src/build/quadruped_step_mapper -- -j8 -l8
[0.452s] DEBUG:colcon.colcon_core.event_handler.log_command:Invoked command in '/home/gouzi/obstacle_race_src/build/point_lio' returned '0': CMAKE_PREFIX_PATH=${CMAKE_PREFIX_PATH}:/home/gouzi/obstacle_race_src/install/auto_nav_pkg:/opt/ros/humble /usr/bin/cmake --build /home/gouzi/obstacle_race_src/build/point_lio -- -j8 -l8
[0.467s] DEBUG:colcon.colcon_core.event_handler.log_command:Invoking command in '/home/gouzi/obstacle_race_src/build/point_lio': CMAKE_PREFIX_PATH=${CMAKE_PREFIX_PATH}:/home/gouzi/obstacle_race_src/install/auto_nav_pkg:/opt/ros/humble /usr/bin/cmake --install /home/gouzi/obstacle_race_src/build/point_lio
[0.469s] DEBUG:colcon.colcon_core.event_handler.log_command:Invoked command in '/home/gouzi/obstacle_race_src/build/quadruped_step_mapper' returned '0': CMAKE_PREFIX_PATH=${CMAKE_PREFIX_PATH}:/home/gouzi/obstacle_race_src/install/auto_nav_pkg:/opt/ros/humble /usr/bin/cmake --build /home/gouzi/obstacle_race_src/build/quadruped_step_mapper -- -j8 -l8
[0.473s] DEBUG:colcon.colcon_core.event_handler.log_command:Invoking command in '/home/gouzi/obstacle_race_src/build/quadruped_step_mapper': CMAKE_PREFIX_PATH=${CMAKE_PREFIX_PATH}:/home/gouzi/obstacle_race_src/install/auto_nav_pkg:/opt/ros/humble /usr/bin/cmake --install /home/gouzi/obstacle_race_src/build/quadruped_step_mapper
[0.484s] Level 1:colcon.colcon_core.environment:create_environment_scripts_only(point_lio)
[0.486s] DEBUG:colcon.colcon_core.event_handler.log_command:Invoked command in '/home/gouzi/obstacle_race_src/build/point_lio' returned '0': CMAKE_PREFIX_PATH=${CMAKE_PREFIX_PATH}:/home/gouzi/obstacle_race_src/install/auto_nav_pkg:/opt/ros/humble /usr/bin/cmake --install /home/gouzi/obstacle_race_src/build/point_lio
[0.491s] Level 1:colcon.colcon_core.environment:checking '/home/gouzi/obstacle_race_src/install/point_lio' for CMake module files
[0.492s] Level 1:colcon.colcon_core.environment:checking '/home/gouzi/obstacle_race_src/install/point_lio' for CMake config files
[0.492s] Level 1:colcon.colcon_core.shell:create_environment_hook('point_lio', 'cmake_prefix_path')
[0.493s] INFO:colcon.colcon_core.shell:Creating environment hook '/home/gouzi/obstacle_race_src/install/point_lio/share/point_lio/hook/cmake_prefix_path.ps1'
[0.493s] INFO:colcon.colcon_core.shell:Creating environment descriptor '/home/gouzi/obstacle_race_src/install/point_lio/share/point_lio/hook/cmake_prefix_path.dsv'
[0.494s] INFO:colcon.colcon_core.shell:Creating environment hook '/home/gouzi/obstacle_race_src/install/point_lio/share/point_lio/hook/cmake_prefix_path.sh'
[0.494s] Level 1:colcon.colcon_core.environment:checking '/home/gouzi/obstacle_race_src/install/point_lio/lib'
[0.494s] Level 1:colcon.colcon_core.environment:checking '/home/gouzi/obstacle_race_src/install/point_lio/bin'
[0.495s] Level 1:colcon.colcon_core.environment:checking '/home/gouzi/obstacle_race_src/install/point_lio/lib/pkgconfig/point_lio.pc'
[0.495s] Level 1:colcon.colcon_core.environment:checking '/home/gouzi/obstacle_race_src/install/point_lio/lib/python3.10/site-packages'
[0.495s] Level 1:colcon.colcon_core.environment:checking '/home/gouzi/obstacle_race_src/install/point_lio/bin'
[0.495s] INFO:colcon.colcon_core.shell:Creating package script '/home/gouzi/obstacle_race_src/install/point_lio/share/point_lio/package.ps1'
[0.496s] INFO:colcon.colcon_core.shell:Creating package descriptor '/home/gouzi/obstacle_race_src/install/point_lio/share/point_lio/package.dsv'
[0.497s] INFO:colcon.colcon_core.shell:Creating package script '/home/gouzi/obstacle_race_src/install/point_lio/share/point_lio/package.sh'
[0.498s] INFO:colcon.colcon_core.shell:Creating package script '/home/gouzi/obstacle_race_src/install/point_lio/share/point_lio/package.bash'
[0.499s] INFO:colcon.colcon_core.shell:Creating package script '/home/gouzi/obstacle_race_src/install/point_lio/share/point_lio/package.zsh'
[0.500s] Level 1:colcon.colcon_core.environment:create_file_with_runtime_dependencies(/home/gouzi/obstacle_race_src/install/point_lio/share/colcon-core/packages/point_lio)
[0.500s] Level 1:colcon.colcon_core.environment:create_environment_scripts_only(point_lio)
[0.501s] Level 1:colcon.colcon_core.environment:checking '/home/gouzi/obstacle_race_src/install/point_lio' for CMake module files
[0.501s] Level 1:colcon.colcon_core.environment:checking '/home/gouzi/obstacle_race_src/install/point_lio' for CMake config files
[0.502s] Level 1:colcon.colcon_core.shell:create_environment_hook('point_lio', 'cmake_prefix_path')
[0.502s] INFO:colcon.colcon_core.shell:Creating environment hook '/home/gouzi/obstacle_race_src/install/point_lio/share/point_lio/hook/cmake_prefix_path.ps1'
[0.502s] INFO:colcon.colcon_core.shell:Creating environment descriptor '/home/gouzi/obstacle_race_src/install/point_lio/share/point_lio/hook/cmake_prefix_path.dsv'
[0.503s] INFO:colcon.colcon_core.shell:Creating environment hook '/home/gouzi/obstacle_race_src/install/point_lio/share/point_lio/hook/cmake_prefix_path.sh'
[0.503s] Level 1:colcon.colcon_core.environment:checking '/home/gouzi/obstacle_race_src/install/point_lio/lib'
[0.503s] Level 1:colcon.colcon_core.environment:checking '/home/gouzi/obstacle_race_src/install/point_lio/bin'
[0.504s] Level 1:colcon.colcon_core.environment:checking '/home/gouzi/obstacle_race_src/install/point_lio/lib/pkgconfig/point_lio.pc'
[0.504s] Level 1:colcon.colcon_core.environment:checking '/home/gouzi/obstacle_race_src/install/point_lio/lib/python3.10/site-packages'
[0.504s] Level 1:colcon.colcon_core.environment:checking '/home/gouzi/obstacle_race_src/install/point_lio/bin'
[0.504s] INFO:colcon.colcon_core.shell:Creating package script '/home/gouzi/obstacle_race_src/install/point_lio/share/point_lio/package.ps1'
[0.505s] INFO:colcon.colcon_core.shell:Creating package descriptor '/home/gouzi/obstacle_race_src/install/point_lio/share/point_lio/package.dsv'
[0.506s] INFO:colcon.colcon_core.shell:Creating package script '/home/gouzi/obstacle_race_src/install/point_lio/share/point_lio/package.sh'
[0.507s] INFO:colcon.colcon_core.shell:Creating package script '/home/gouzi/obstacle_race_src/install/point_lio/share/point_lio/package.bash'
[0.507s] INFO:colcon.colcon_core.shell:Creating package script '/home/gouzi/obstacle_race_src/install/point_lio/share/point_lio/package.zsh'
[0.508s] Level 1:colcon.colcon_core.environment:create_file_with_runtime_dependencies(/home/gouzi/obstacle_race_src/install/point_lio/share/colcon-core/packages/point_lio)
[0.511s] Level 1:colcon.colcon_core.environment:create_environment_scripts_only(quadruped_step_mapper)
[0.511s] Level 1:colcon.colcon_core.environment:checking '/home/gouzi/obstacle_race_src/install/quadruped_step_mapper' for CMake module files
[0.512s] DEBUG:colcon.colcon_core.event_handler.log_command:Invoked command in '/home/gouzi/obstacle_race_src/build/quadruped_step_mapper' returned '0': CMAKE_PREFIX_PATH=${CMAKE_PREFIX_PATH}:/home/gouzi/obstacle_race_src/install/auto_nav_pkg:/opt/ros/humble /usr/bin/cmake --install /home/gouzi/obstacle_race_src/build/quadruped_step_mapper
[0.512s] Level 1:colcon.colcon_core.environment:checking '/home/gouzi/obstacle_race_src/install/quadruped_step_mapper' for CMake config files
[0.512s] Level 1:colcon.colcon_core.shell:create_environment_hook('quadruped_step_mapper', 'cmake_prefix_path')
[0.513s] INFO:colcon.colcon_core.shell:Creating environment hook '/home/gouzi/obstacle_race_src/install/quadruped_step_mapper/share/quadruped_step_mapper/hook/cmake_prefix_path.ps1'
[0.513s] INFO:colcon.colcon_core.shell:Creating environment descriptor '/home/gouzi/obstacle_race_src/install/quadruped_step_mapper/share/quadruped_step_mapper/hook/cmake_prefix_path.dsv'
[0.514s] INFO:colcon.colcon_core.shell:Creating environment hook '/home/gouzi/obstacle_race_src/install/quadruped_step_mapper/share/quadruped_step_mapper/hook/cmake_prefix_path.sh'
[0.514s] Level 1:colcon.colcon_core.environment:checking '/home/gouzi/obstacle_race_src/install/quadruped_step_mapper/lib'
[0.514s] Level 1:colcon.colcon_core.environment:checking '/home/gouzi/obstacle_race_src/install/quadruped_step_mapper/bin'
[0.514s] Level 1:colcon.colcon_core.environment:checking '/home/gouzi/obstacle_race_src/install/quadruped_step_mapper/lib/pkgconfig/quadruped_step_mapper.pc'
[0.514s] Level 1:colcon.colcon_core.environment:checking '/home/gouzi/obstacle_race_src/install/quadruped_step_mapper/lib/python3.10/site-packages'
[0.515s] Level 1:colcon.colcon_core.environment:checking '/home/gouzi/obstacle_race_src/install/quadruped_step_mapper/bin'
[0.515s] INFO:colcon.colcon_core.shell:Creating package script '/home/gouzi/obstacle_race_src/install/quadruped_step_mapper/share/quadruped_step_mapper/package.ps1'
[0.516s] INFO:colcon.colcon_core.shell:Creating package descriptor '/home/gouzi/obstacle_race_src/install/quadruped_step_mapper/share/quadruped_step_mapper/package.dsv'
[0.516s] INFO:colcon.colcon_core.shell:Creating package script '/home/gouzi/obstacle_race_src/install/quadruped_step_mapper/share/quadruped_step_mapper/package.sh'
[0.516s] INFO:colcon.colcon_core.shell:Creating package script '/home/gouzi/obstacle_race_src/install/quadruped_step_mapper/share/quadruped_step_mapper/package.bash'
[0.517s] INFO:colcon.colcon_core.shell:Creating package script '/home/gouzi/obstacle_race_src/install/quadruped_step_mapper/share/quadruped_step_mapper/package.zsh'
[0.517s] Level 1:colcon.colcon_core.environment:create_file_with_runtime_dependencies(/home/gouzi/obstacle_race_src/install/quadruped_step_mapper/share/colcon-core/packages/quadruped_step_mapper)
[0.517s] Level 1:colcon.colcon_core.environment:create_environment_scripts_only(quadruped_step_mapper)
[0.517s] Level 1:colcon.colcon_core.environment:checking '/home/gouzi/obstacle_race_src/install/quadruped_step_mapper' for CMake module files
[0.518s] Level 1:colcon.colcon_core.environment:checking '/home/gouzi/obstacle_race_src/install/quadruped_step_mapper' for CMake config files
[0.518s] Level 1:colcon.colcon_core.shell:create_environment_hook('quadruped_step_mapper', 'cmake_prefix_path')
[0.518s] INFO:colcon.colcon_core.shell:Creating environment hook '/home/gouzi/obstacle_race_src/install/quadruped_step_mapper/share/quadruped_step_mapper/hook/cmake_prefix_path.ps1'
[0.519s] INFO:colcon.colcon_core.shell:Creating environment descriptor '/home/gouzi/obstacle_race_src/install/quadruped_step_mapper/share/quadruped_step_mapper/hook/cmake_prefix_path.dsv'
[0.519s] INFO:colcon.colcon_core.shell:Creating environment hook '/home/gouzi/obstacle_race_src/install/quadruped_step_mapper/share/quadruped_step_mapper/hook/cmake_prefix_path.sh'
[0.519s] Level 1:colcon.colcon_core.environment:checking '/home/gouzi/obstacle_race_src/install/quadruped_step_mapper/lib'
[0.520s] Level 1:colcon.colcon_core.environment:checking '/home/gouzi/obstacle_race_src/install/quadruped_step_mapper/bin'
[0.520s] Level 1:colcon.colcon_core.environment:checking '/home/gouzi/obstacle_race_src/install/quadruped_step_mapper/lib/pkgconfig/quadruped_step_mapper.pc'
[0.520s] Level 1:colcon.colcon_core.environment:checking '/home/gouzi/obstacle_race_src/install/quadruped_step_mapper/lib/python3.10/site-packages'
[0.520s] Level 1:colcon.colcon_core.environment:checking '/home/gouzi/obstacle_race_src/install/quadruped_step_mapper/bin'
[0.521s] INFO:colcon.colcon_core.shell:Creating package script '/home/gouzi/obstacle_race_src/install/quadruped_step_mapper/share/quadruped_step_mapper/package.ps1'
[0.521s] INFO:colcon.colcon_core.shell:Creating package descriptor '/home/gouzi/obstacle_race_src/install/quadruped_step_mapper/share/quadruped_step_mapper/package.dsv'
[0.522s] INFO:colcon.colcon_core.shell:Creating package script '/home/gouzi/obstacle_race_src/install/quadruped_step_mapper/share/quadruped_step_mapper/package.sh'
[0.522s] INFO:colcon.colcon_core.shell:Creating package script '/home/gouzi/obstacle_race_src/install/quadruped_step_mapper/share/quadruped_step_mapper/package.bash'
[0.522s] INFO:colcon.colcon_core.shell:Creating package script '/home/gouzi/obstacle_race_src/install/quadruped_step_mapper/share/quadruped_step_mapper/package.zsh'
[0.523s] Level 1:colcon.colcon_core.environment:create_file_with_runtime_dependencies(/home/gouzi/obstacle_race_src/install/quadruped_step_mapper/share/colcon-core/packages/quadruped_step_mapper)
[0.974s] DEBUG:colcon.colcon_core.event_handler.log_command:Invoked command in '/home/gouzi/obstacle_race_src/build/apriltag_msgs' returned '0': CMAKE_PREFIX_PATH=${CMAKE_PREFIX_PATH}:/home/gouzi/obstacle_race_src/install/auto_nav_pkg:/opt/ros/humble /usr/bin/cmake --build /home/gouzi/obstacle_race_src/build/apriltag_msgs -- -j8 -l8
[0.976s] DEBUG:colcon.colcon_core.event_handler.log_command:Invoking command in '/home/gouzi/obstacle_race_src/build/apriltag_msgs': CMAKE_PREFIX_PATH=${CMAKE_PREFIX_PATH}:/home/gouzi/obstacle_race_src/install/auto_nav_pkg:/opt/ros/humble /usr/bin/cmake --install /home/gouzi/obstacle_race_src/build/apriltag_msgs
[0.977s] DEBUG:colcon.colcon_core.event_handler.log_command:Invoked command in '/home/gouzi/obstacle_race_src/build/realsense2_camera_msgs' returned '0': CMAKE_PREFIX_PATH=${CMAKE_PREFIX_PATH}:/home/gouzi/obstacle_race_src/install/auto_nav_pkg:/opt/ros/humble /usr/bin/cmake --build /home/gouzi/obstacle_race_src/build/realsense2_camera_msgs -- -j8 -l8
[0.979s] DEBUG:colcon.colcon_core.event_handler.log_command:Invoking command in '/home/gouzi/obstacle_race_src/build/realsense2_camera_msgs': CMAKE_PREFIX_PATH=${CMAKE_PREFIX_PATH}:/home/gouzi/obstacle_race_src/install/auto_nav_pkg:/opt/ros/humble /usr/bin/cmake --install /home/gouzi/obstacle_race_src/build/realsense2_camera_msgs
[1.035s] Level 1:colcon.colcon_core.environment:create_environment_scripts_only(realsense2_camera_msgs)
[1.036s] Level 1:colcon.colcon_core.environment:checking '/home/gouzi/obstacle_race_src/install/realsense2_camera_msgs' for CMake module files
[1.036s] DEBUG:colcon.colcon_core.event_handler.log_command:Invoked command in '/home/gouzi/obstacle_race_src/build/realsense2_camera_msgs' returned '0': CMAKE_PREFIX_PATH=${CMAKE_PREFIX_PATH}:/home/gouzi/obstacle_race_src/install/auto_nav_pkg:/opt/ros/humble /usr/bin/cmake --install /home/gouzi/obstacle_race_src/build/realsense2_camera_msgs
[1.037s] Level 1:colcon.colcon_core.environment:checking '/home/gouzi/obstacle_race_src/install/realsense2_camera_msgs' for CMake config files
[1.037s] Level 1:colcon.colcon_core.shell:create_environment_hook('realsense2_camera_msgs', 'cmake_prefix_path')
[1.038s] INFO:colcon.colcon_core.shell:Creating environment hook '/home/gouzi/obstacle_race_src/install/realsense2_camera_msgs/share/realsense2_camera_msgs/hook/cmake_prefix_path.ps1'
[1.038s] INFO:colcon.colcon_core.shell:Creating environment descriptor '/home/gouzi/obstacle_race_src/install/realsense2_camera_msgs/share/realsense2_camera_msgs/hook/cmake_prefix_path.dsv'
[1.039s] INFO:colcon.colcon_core.shell:Creating environment hook '/home/gouzi/obstacle_race_src/install/realsense2_camera_msgs/share/realsense2_camera_msgs/hook/cmake_prefix_path.sh'
[1.039s] Level 1:colcon.colcon_core.environment:checking '/home/gouzi/obstacle_race_src/install/realsense2_camera_msgs/lib'
[1.039s] Level 1:colcon.colcon_core.shell:create_environment_hook('realsense2_camera_msgs', 'ld_library_path_lib')
[1.040s] INFO:colcon.colcon_core.shell:Creating environment hook '/home/gouzi/obstacle_race_src/install/realsense2_camera_msgs/share/realsense2_camera_msgs/hook/ld_library_path_lib.ps1'
[1.040s] INFO:colcon.colcon_core.shell:Creating environment descriptor '/home/gouzi/obstacle_race_src/install/realsense2_camera_msgs/share/realsense2_camera_msgs/hook/ld_library_path_lib.dsv'
[1.040s] INFO:colcon.colcon_core.shell:Creating environment hook '/home/gouzi/obstacle_race_src/install/realsense2_camera_msgs/share/realsense2_camera_msgs/hook/ld_library_path_lib.sh'
[1.041s] Level 1:colcon.colcon_core.environment:checking '/home/gouzi/obstacle_race_src/install/realsense2_camera_msgs/bin'
[1.041s] Level 1:colcon.colcon_core.environment:checking '/home/gouzi/obstacle_race_src/install/realsense2_camera_msgs/lib/pkgconfig/realsense2_camera_msgs.pc'
[1.041s] Level 1:colcon.colcon_core.environment:checking '/home/gouzi/obstacle_race_src/install/realsense2_camera_msgs/lib/python3.10/site-packages'
[1.042s] Level 1:colcon.colcon_core.environment:checking '/home/gouzi/obstacle_race_src/install/realsense2_camera_msgs/bin'
[1.042s] INFO:colcon.colcon_core.shell:Creating package script '/home/gouzi/obstacle_race_src/install/realsense2_camera_msgs/share/realsense2_camera_msgs/package.ps1'
[1.043s] INFO:colcon.colcon_core.shell:Creating package descriptor '/home/gouzi/obstacle_race_src/install/realsense2_camera_msgs/share/realsense2_camera_msgs/package.dsv'
[1.044s] INFO:colcon.colcon_core.shell:Creating package script '/home/gouzi/obstacle_race_src/install/realsense2_camera_msgs/share/realsense2_camera_msgs/package.sh'
[1.044s] INFO:colcon.colcon_core.shell:Creating package script '/home/gouzi/obstacle_race_src/install/realsense2_camera_msgs/share/realsense2_camera_msgs/package.bash'
[1.045s] INFO:colcon.colcon_core.shell:Creating package script '/home/gouzi/obstacle_race_src/install/realsense2_camera_msgs/share/realsense2_camera_msgs/package.zsh'
[1.045s] Level 1:colcon.colcon_core.environment:create_file_with_runtime_dependencies(/home/gouzi/obstacle_race_src/install/realsense2_camera_msgs/share/colcon-core/packages/realsense2_camera_msgs)
[1.047s] Level 1:colcon.colcon_core.environment:create_environment_scripts_only(realsense2_camera_msgs)
[1.047s] Level 1:colcon.colcon_core.environment:checking '/home/gouzi/obstacle_race_src/install/realsense2_camera_msgs' for CMake module files
[1.048s] Level 1:colcon.colcon_core.environment:checking '/home/gouzi/obstacle_race_src/install/realsense2_camera_msgs' for CMake config files
[1.048s] Level 1:colcon.colcon_core.shell:create_environment_hook('realsense2_camera_msgs', 'cmake_prefix_path')
[1.048s] INFO:colcon.colcon_core.shell:Creating environment hook '/home/gouzi/obstacle_race_src/install/realsense2_camera_msgs/share/realsense2_camera_msgs/hook/cmake_prefix_path.ps1'
[1.049s] INFO:colcon.colcon_core.shell:Creating environment descriptor '/home/gouzi/obstacle_race_src/install/realsense2_camera_msgs/share/realsense2_camera_msgs/hook/cmake_prefix_path.dsv'
[1.049s] INFO:colcon.colcon_core.shell:Creating environment hook '/home/gouzi/obstacle_race_src/install/realsense2_camera_msgs/share/realsense2_camera_msgs/hook/cmake_prefix_path.sh'
[1.049s] Level 1:colcon.colcon_core.environment:checking '/home/gouzi/obstacle_race_src/install/realsense2_camera_msgs/lib'
[1.049s] Level 1:colcon.colcon_core.shell:create_environment_hook('realsense2_camera_msgs', 'ld_library_path_lib')
[1.049s] INFO:colcon.colcon_core.shell:Creating environment hook '/home/gouzi/obstacle_race_src/install/realsense2_camera_msgs/share/realsense2_camera_msgs/hook/ld_library_path_lib.ps1'
[1.050s] INFO:colcon.colcon_core.shell:Creating environment descriptor '/home/gouzi/obstacle_race_src/install/realsense2_camera_msgs/share/realsense2_camera_msgs/hook/ld_library_path_lib.dsv'
[1.050s] INFO:colcon.colcon_core.shell:Creating environment hook '/home/gouzi/obstacle_race_src/install/realsense2_camera_msgs/share/realsense2_camera_msgs/hook/ld_library_path_lib.sh'
[1.050s] Level 1:colcon.colcon_core.environment:checking '/home/gouzi/obstacle_race_src/install/realsense2_camera_msgs/bin'
[1.050s] Level 1:colcon.colcon_core.environment:checking '/home/gouzi/obstacle_race_src/install/realsense2_camera_msgs/lib/pkgconfig/realsense2_camera_msgs.pc'
[1.050s] Level 1:colcon.colcon_core.environment:checking '/home/gouzi/obstacle_race_src/install/realsense2_camera_msgs/lib/python3.10/site-packages'
[1.051s] Level 1:colcon.colcon_core.environment:checking '/home/gouzi/obstacle_race_src/install/realsense2_camera_msgs/bin'
[1.051s] INFO:colcon.colcon_core.shell:Creating package script '/home/gouzi/obstacle_race_src/install/realsense2_camera_msgs/share/realsense2_camera_msgs/package.ps1'
[1.051s] INFO:colcon.colcon_core.shell:Creating package descriptor '/home/gouzi/obstacle_race_src/install/realsense2_camera_msgs/share/realsense2_camera_msgs/package.dsv'
[1.052s] INFO:colcon.colcon_core.shell:Creating package script '/home/gouzi/obstacle_race_src/install/realsense2_camera_msgs/share/realsense2_camera_msgs/package.sh'
[1.052s] INFO:colcon.colcon_core.shell:Creating package script '/home/gouzi/obstacle_race_src/install/realsense2_camera_msgs/share/realsense2_camera_msgs/package.bash'
[1.052s] INFO:colcon.colcon_core.shell:Creating package script '/home/gouzi/obstacle_race_src/install/realsense2_camera_msgs/share/realsense2_camera_msgs/package.zsh'
[1.053s] Level 1:colcon.colcon_core.environment:create_file_with_runtime_dependencies(/home/gouzi/obstacle_race_src/install/realsense2_camera_msgs/share/colcon-core/packages/realsense2_camera_msgs)
[1.053s] INFO:colcon.colcon_ros.task.ament_cmake.build:Building ROS package in '/home/gouzi/obstacle_race_src/src/realsense-ros/realsense2_camera' with build type 'ament_cmake'
[1.053s] INFO:colcon.colcon_cmake.task.cmake.build:Building CMake package in '/home/gouzi/obstacle_race_src/src/realsense-ros/realsense2_camera'
[1.053s] INFO:colcon.colcon_core.shell:Skip shell extension 'powershell' for command environment: Not usable outside of PowerShell
[1.053s] DEBUG:colcon.colcon_core.shell:Skip shell extension 'dsv' for command environment
[1.058s] INFO:colcon.colcon_ros.task.ament_cmake.build:Building ROS package in '/home/gouzi/obstacle_race_src/src/realsense-ros/realsense2_description' with build type 'ament_cmake'
[1.058s] INFO:colcon.colcon_cmake.task.cmake.build:Building CMake package in '/home/gouzi/obstacle_race_src/src/realsense-ros/realsense2_description'
[1.059s] INFO:colcon.colcon_core.shell:Skip shell extension 'powershell' for command environment: Not usable outside of PowerShell
[1.059s] DEBUG:colcon.colcon_core.shell:Skip shell extension 'dsv' for command environment
[1.062s] Level 1:colcon.colcon_core.environment:create_environment_scripts_only(apriltag_msgs)
[1.062s] Level 1:colcon.colcon_core.environment:checking '/home/gouzi/obstacle_race_src/install/apriltag_msgs' for CMake module files
[1.063s] DEBUG:colcon.colcon_core.event_handler.log_command:Invoked command in '/home/gouzi/obstacle_race_src/build/apriltag_msgs' returned '0': CMAKE_PREFIX_PATH=${CMAKE_PREFIX_PATH}:/home/gouzi/obstacle_race_src/install/auto_nav_pkg:/opt/ros/humble /usr/bin/cmake --install /home/gouzi/obstacle_race_src/build/apriltag_msgs
[1.063s] Level 1:colcon.colcon_core.environment:checking '/home/gouzi/obstacle_race_src/install/apriltag_msgs' for CMake config files
[1.063s] Level 1:colcon.colcon_core.shell:create_environment_hook('apriltag_msgs', 'cmake_prefix_path')
[1.064s] INFO:colcon.colcon_core.shell:Creating environment hook '/home/gouzi/obstacle_race_src/install/apriltag_msgs/share/apriltag_msgs/hook/cmake_prefix_path.ps1'
[1.064s] INFO:colcon.colcon_core.shell:Creating environment descriptor '/home/gouzi/obstacle_race_src/install/apriltag_msgs/share/apriltag_msgs/hook/cmake_prefix_path.dsv'
[1.064s] INFO:colcon.colcon_core.shell:Creating environment hook '/home/gouzi/obstacle_race_src/install/apriltag_msgs/share/apriltag_msgs/hook/cmake_prefix_path.sh'
[1.065s] Level 1:colcon.colcon_core.environment:checking '/home/gouzi/obstacle_race_src/install/apriltag_msgs/lib'
[1.065s] Level 1:colcon.colcon_core.shell:create_environment_hook('apriltag_msgs', 'ld_library_path_lib')
[1.065s] INFO:colcon.colcon_core.shell:Creating environment hook '/home/gouzi/obstacle_race_src/install/apriltag_msgs/share/apriltag_msgs/hook/ld_library_path_lib.ps1'
[1.065s] INFO:colcon.colcon_core.shell:Creating environment descriptor '/home/gouzi/obstacle_race_src/install/apriltag_msgs/share/apriltag_msgs/hook/ld_library_path_lib.dsv'
[1.065s] INFO:colcon.colcon_core.shell:Creating environment hook '/home/gouzi/obstacle_race_src/install/apriltag_msgs/share/apriltag_msgs/hook/ld_library_path_lib.sh'
[1.066s] Level 1:colcon.colcon_core.environment:checking '/home/gouzi/obstacle_race_src/install/apriltag_msgs/bin'
[1.066s] Level 1:colcon.colcon_core.environment:checking '/home/gouzi/obstacle_race_src/install/apriltag_msgs/lib/pkgconfig/apriltag_msgs.pc'
[1.066s] Level 1:colcon.colcon_core.environment:checking '/home/gouzi/obstacle_race_src/install/apriltag_msgs/lib/python3.10/site-packages'
[1.066s] Level 1:colcon.colcon_core.environment:checking '/home/gouzi/obstacle_race_src/install/apriltag_msgs/bin'
[1.067s] INFO:colcon.colcon_core.shell:Creating package script '/home/gouzi/obstacle_race_src/install/apriltag_msgs/share/apriltag_msgs/package.ps1'
[1.067s] INFO:colcon.colcon_core.shell:Creating package descriptor '/home/gouzi/obstacle_race_src/install/apriltag_msgs/share/apriltag_msgs/package.dsv'
[1.068s] INFO:colcon.colcon_core.shell:Creating package script '/home/gouzi/obstacle_race_src/install/apriltag_msgs/share/apriltag_msgs/package.sh'
[1.068s] INFO:colcon.colcon_core.shell:Creating package script '/home/gouzi/obstacle_race_src/install/apriltag_msgs/share/apriltag_msgs/package.bash'
[1.068s] INFO:colcon.colcon_core.shell:Creating package script '/home/gouzi/obstacle_race_src/install/apriltag_msgs/share/apriltag_msgs/package.zsh'
[1.068s] Level 1:colcon.colcon_core.environment:create_file_with_runtime_dependencies(/home/gouzi/obstacle_race_src/install/apriltag_msgs/share/colcon-core/packages/apriltag_msgs)
[1.069s] Level 1:colcon.colcon_core.environment:create_environment_scripts_only(apriltag_msgs)
[1.069s] Level 1:colcon.colcon_core.environment:checking '/home/gouzi/obstacle_race_src/install/apriltag_msgs' for CMake module files
[1.069s] Level 1:colcon.colcon_core.environment:checking '/home/gouzi/obstacle_race_src/install/apriltag_msgs' for CMake config files
[1.070s] Level 1:colcon.colcon_core.shell:create_environment_hook('apriltag_msgs', 'cmake_prefix_path')
[1.070s] INFO:colcon.colcon_core.shell:Creating environment hook '/home/gouzi/obstacle_race_src/install/apriltag_msgs/share/apriltag_msgs/hook/cmake_prefix_path.ps1'
[1.070s] INFO:colcon.colcon_core.shell:Creating environment descriptor '/home/gouzi/obstacle_race_src/install/apriltag_msgs/share/apriltag_msgs/hook/cmake_prefix_path.dsv'
[1.071s] INFO:colcon.colcon_core.shell:Creating environment hook '/home/gouzi/obstacle_race_src/install/apriltag_msgs/share/apriltag_msgs/hook/cmake_prefix_path.sh'
[1.071s] Level 1:colcon.colcon_core.environment:checking '/home/gouzi/obstacle_race_src/install/apriltag_msgs/lib'
[1.071s] Level 1:colcon.colcon_core.shell:create_environment_hook('apriltag_msgs', 'ld_library_path_lib')
[1.072s] INFO:colcon.colcon_core.shell:Creating environment hook '/home/gouzi/obstacle_race_src/install/apriltag_msgs/share/apriltag_msgs/hook/ld_library_path_lib.ps1'
[1.073s] INFO:colcon.colcon_core.shell:Creating environment descriptor '/home/gouzi/obstacle_race_src/install/apriltag_msgs/share/apriltag_msgs/hook/ld_library_path_lib.dsv'
[1.073s] INFO:colcon.colcon_core.shell:Creating environment hook '/home/gouzi/obstacle_race_src/install/apriltag_msgs/share/apriltag_msgs/hook/ld_library_path_lib.sh'
[1.074s] Level 1:colcon.colcon_core.environment:checking '/home/gouzi/obstacle_race_src/install/apriltag_msgs/bin'
[1.074s] Level 1:colcon.colcon_core.environment:checking '/home/gouzi/obstacle_race_src/install/apriltag_msgs/lib/pkgconfig/apriltag_msgs.pc'
[1.074s] Level 1:colcon.colcon_core.environment:checking '/home/gouzi/obstacle_race_src/install/apriltag_msgs/lib/python3.10/site-packages'
[1.074s] Level 1:colcon.colcon_core.environment:checking '/home/gouzi/obstacle_race_src/install/apriltag_msgs/bin'
[1.075s] INFO:colcon.colcon_core.shell:Creating package script '/home/gouzi/obstacle_race_src/install/apriltag_msgs/share/apriltag_msgs/package.ps1'
[1.076s] INFO:colcon.colcon_core.shell:Creating package descriptor '/home/gouzi/obstacle_race_src/install/apriltag_msgs/share/apriltag_msgs/package.dsv'
[1.076s] INFO:colcon.colcon_core.shell:Creating package script '/home/gouzi/obstacle_race_src/install/apriltag_msgs/share/apriltag_msgs/package.sh'
[1.076s] INFO:colcon.colcon_core.shell:Creating package script '/home/gouzi/obstacle_race_src/install/apriltag_msgs/share/apriltag_msgs/package.bash'
[1.077s] INFO:colcon.colcon_core.shell:Creating package script '/home/gouzi/obstacle_race_src/install/apriltag_msgs/share/apriltag_msgs/package.zsh'
[1.077s] Level 1:colcon.colcon_core.environment:create_file_with_runtime_dependencies(/home/gouzi/obstacle_race_src/install/apriltag_msgs/share/colcon-core/packages/apriltag_msgs)
[1.078s] INFO:colcon.colcon_ros.task.ament_cmake.build:Building ROS package in '/home/gouzi/obstacle_race_src/src/apriltag_ros' with build type 'ament_cmake'
[1.078s] INFO:colcon.colcon_cmake.task.cmake.build:Building CMake package in '/home/gouzi/obstacle_race_src/src/apriltag_ros'
[1.078s] INFO:colcon.colcon_core.shell:Skip shell extension 'powershell' for command environment: Not usable outside of PowerShell
[1.078s] DEBUG:colcon.colcon_core.shell:Skip shell extension 'dsv' for command environment
[1.082s] DEBUG:colcon.colcon_core.event_handler.log_command:Invoked command in '/home/gouzi/obstacle_race_src/build/livox_ros_driver2' returned '0': CMAKE_PREFIX_PATH=${CMAKE_PREFIX_PATH}:/home/gouzi/obstacle_race_src/install/auto_nav_pkg:/opt/ros/humble /usr/bin/cmake --build /home/gouzi/obstacle_race_src/build/livox_ros_driver2 -- -j8 -l8
[1.084s] DEBUG:colcon.colcon_core.event_handler.log_command:Invoking command in '/home/gouzi/obstacle_race_src/build/livox_ros_driver2': CMAKE_PREFIX_PATH=${CMAKE_PREFIX_PATH}:/home/gouzi/obstacle_race_src/install/auto_nav_pkg:/opt/ros/humble /usr/bin/cmake --install /home/gouzi/obstacle_race_src/build/livox_ros_driver2
[1.088s] DEBUG:colcon.colcon_core.event_handler.log_command:Invoking command in '/home/gouzi/obstacle_race_src/build/realsense2_camera': CMAKE_PREFIX_PATH=/home/gouzi/obstacle_race_src/install/realsense2_camera_msgs:/home/gouzi/obstacle_race_src/install/realsense2_description:/home/gouzi/obstacle_race_src/install/realsense2_camera:/home/gouzi/obstacle_race_src/install/quadruped_step_mapper:/home/gouzi/obstacle_race_src/install/point_lio:/home/gouzi/obstacle_race_src/install/livox_ros_driver2:/home/gouzi/obstacle_race_src/install/apriltag_ros:/home/gouzi/obstacle_race_src/install/apriltag_msgs:/home/gouzi/obstacle_race_src/install/auto_nav_pkg:/opt/ros/humble LD_LIBRARY_PATH=/home/gouzi/obstacle_race_src/install/realsense2_camera_msgs/lib:/home/gouzi/obstacle_race_src/install/realsense2_camera/lib:/home/gouzi/obstacle_race_src/install/livox_ros_driver2/lib:/home/gouzi/obstacle_race_src/install/apriltag_ros/lib:/home/gouzi/obstacle_race_src/install/apriltag_msgs/lib:/opt/ros/humble/opt/rviz_ogre_vendor/lib:/opt/ros/humble/lib/x86_64-linux-gnu:/opt/ros/humble/lib /usr/bin/cmake --build /home/gouzi/obstacle_race_src/build/realsense2_camera -- -j8 -l8
[1.091s] DEBUG:colcon.colcon_core.event_handler.log_command:Invoking command in '/home/gouzi/obstacle_race_src/build/realsense2_description': CMAKE_PREFIX_PATH=/home/gouzi/obstacle_race_src/install/realsense2_camera_msgs:/home/gouzi/obstacle_race_src/install/realsense2_description:/home/gouzi/obstacle_race_src/install/realsense2_camera:/home/gouzi/obstacle_race_src/install/quadruped_step_mapper:/home/gouzi/obstacle_race_src/install/point_lio:/home/gouzi/obstacle_race_src/install/livox_ros_driver2:/home/gouzi/obstacle_race_src/install/apriltag_ros:/home/gouzi/obstacle_race_src/install/apriltag_msgs:/home/gouzi/obstacle_race_src/install/auto_nav_pkg:/opt/ros/humble LD_LIBRARY_PATH=/home/gouzi/obstacle_race_src/install/realsense2_camera_msgs/lib:/home/gouzi/obstacle_race_src/install/realsense2_camera/lib:/home/gouzi/obstacle_race_src/install/livox_ros_driver2/lib:/home/gouzi/obstacle_race_src/install/apriltag_ros/lib:/home/gouzi/obstacle_race_src/install/apriltag_msgs/lib:/opt/ros/humble/opt/rviz_ogre_vendor/lib:/opt/ros/humble/lib/x86_64-linux-gnu:/opt/ros/humble/lib /usr/bin/cmake --build /home/gouzi/obstacle_race_src/build/realsense2_description -- -j8 -l8
[1.107s] DEBUG:colcon.colcon_core.event_handler.log_command:Invoking command in '/home/gouzi/obstacle_race_src/build/apriltag_ros': CMAKE_PREFIX_PATH=/home/gouzi/obstacle_race_src/install/apriltag_msgs:/home/gouzi/obstacle_race_src/install/realsense2_description:/home/gouzi/obstacle_race_src/install/realsense2_camera:/home/gouzi/obstacle_race_src/install/realsense2_camera_msgs:/home/gouzi/obstacle_race_src/install/quadruped_step_mapper:/home/gouzi/obstacle_race_src/install/point_lio:/home/gouzi/obstacle_race_src/install/livox_ros_driver2:/home/gouzi/obstacle_race_src/install/apriltag_ros:/home/gouzi/obstacle_race_src/install/auto_nav_pkg:/opt/ros/humble LD_LIBRARY_PATH=/home/gouzi/obstacle_race_src/install/apriltag_msgs/lib:/home/gouzi/obstacle_race_src/install/realsense2_camera/lib:/home/gouzi/obstacle_race_src/install/realsense2_camera_msgs/lib:/home/gouzi/obstacle_race_src/install/livox_ros_driver2/lib:/home/gouzi/obstacle_race_src/install/apriltag_ros/lib:/opt/ros/humble/opt/rviz_ogre_vendor/lib:/opt/ros/humble/lib/x86_64-linux-gnu:/opt/ros/humble/lib /usr/bin/cmake --build /home/gouzi/obstacle_race_src/build/apriltag_ros -- -j8 -l8
[1.130s] DEBUG:colcon.colcon_core.event_handler.log_command:Invoked command in '/home/gouzi/obstacle_race_src/build/realsense2_description' returned '0': CMAKE_PREFIX_PATH=/home/gouzi/obstacle_race_src/install/realsense2_camera_msgs:/home/gouzi/obstacle_race_src/install/realsense2_description:/home/gouzi/obstacle_race_src/install/realsense2_camera:/home/gouzi/obstacle_race_src/install/quadruped_step_mapper:/home/gouzi/obstacle_race_src/install/point_lio:/home/gouzi/obstacle_race_src/install/livox_ros_driver2:/home/gouzi/obstacle_race_src/install/apriltag_ros:/home/gouzi/obstacle_race_src/install/apriltag_msgs:/home/gouzi/obstacle_race_src/install/auto_nav_pkg:/opt/ros/humble LD_LIBRARY_PATH=/home/gouzi/obstacle_race_src/install/realsense2_camera_msgs/lib:/home/gouzi/obstacle_race_src/install/realsense2_camera/lib:/home/gouzi/obstacle_race_src/install/livox_ros_driver2/lib:/home/gouzi/obstacle_race_src/install/apriltag_ros/lib:/home/gouzi/obstacle_race_src/install/apriltag_msgs/lib:/opt/ros/humble/opt/rviz_ogre_vendor/lib:/opt/ros/humble/lib/x86_64-linux-gnu:/opt/ros/humble/lib /usr/bin/cmake --build /home/gouzi/obstacle_race_src/build/realsense2_description -- -j8 -l8
[1.133s] DEBUG:colcon.colcon_core.event_handler.log_command:Invoking command in '/home/gouzi/obstacle_race_src/build/realsense2_description': CMAKE_PREFIX_PATH=/home/gouzi/obstacle_race_src/install/realsense2_camera_msgs:/home/gouzi/obstacle_race_src/install/realsense2_description:/home/gouzi/obstacle_race_src/install/realsense2_camera:/home/gouzi/obstacle_race_src/install/quadruped_step_mapper:/home/gouzi/obstacle_race_src/install/point_lio:/home/gouzi/obstacle_race_src/install/livox_ros_driver2:/home/gouzi/obstacle_race_src/install/apriltag_ros:/home/gouzi/obstacle_race_src/install/apriltag_msgs:/home/gouzi/obstacle_race_src/install/auto_nav_pkg:/opt/ros/humble LD_LIBRARY_PATH=/home/gouzi/obstacle_race_src/install/realsense2_camera_msgs/lib:/home/gouzi/obstacle_race_src/install/realsense2_camera/lib:/home/gouzi/obstacle_race_src/install/livox_ros_driver2/lib:/home/gouzi/obstacle_race_src/install/apriltag_ros/lib:/home/gouzi/obstacle_race_src/install/apriltag_msgs/lib:/opt/ros/humble/opt/rviz_ogre_vendor/lib:/opt/ros/humble/lib/x86_64-linux-gnu:/opt/ros/humble/lib /usr/bin/cmake --install /home/gouzi/obstacle_race_src/build/realsense2_description
[1.145s] Level 1:colcon.colcon_core.environment:create_environment_scripts_only(realsense2_description)
[1.145s] Level 1:colcon.colcon_core.environment:checking '/home/gouzi/obstacle_race_src/install/realsense2_description' for CMake module files
[1.149s] Level 1:colcon.colcon_core.environment:checking '/home/gouzi/obstacle_race_src/install/realsense2_description' for CMake config files
[1.150s] DEBUG:colcon.colcon_core.event_handler.log_command:Invoked command in '/home/gouzi/obstacle_race_src/build/realsense2_description' returned '0': CMAKE_PREFIX_PATH=/home/gouzi/obstacle_race_src/install/realsense2_camera_msgs:/home/gouzi/obstacle_race_src/install/realsense2_description:/home/gouzi/obstacle_race_src/install/realsense2_camera:/home/gouzi/obstacle_race_src/install/quadruped_step_mapper:/home/gouzi/obstacle_race_src/install/point_lio:/home/gouzi/obstacle_race_src/install/livox_ros_driver2:/home/gouzi/obstacle_race_src/install/apriltag_ros:/home/gouzi/obstacle_race_src/install/apriltag_msgs:/home/gouzi/obstacle_race_src/install/auto_nav_pkg:/opt/ros/humble LD_LIBRARY_PATH=/home/gouzi/obstacle_race_src/install/realsense2_camera_msgs/lib:/home/gouzi/obstacle_race_src/install/realsense2_camera/lib:/home/gouzi/obstacle_race_src/install/livox_ros_driver2/lib:/home/gouzi/obstacle_race_src/install/apriltag_ros/lib:/home/gouzi/obstacle_race_src/install/apriltag_msgs/lib:/opt/ros/humble/opt/rviz_ogre_vendor/lib:/opt/ros/humble/lib/x86_64-linux-gnu:/opt/ros/humble/lib /usr/bin/cmake --install /home/gouzi/obstacle_race_src/build/realsense2_description
[1.152s] Level 1:colcon.colcon_core.shell:create_environment_hook('realsense2_description', 'cmake_prefix_path')
[1.153s] INFO:colcon.colcon_core.shell:Creating environment hook '/home/gouzi/obstacle_race_src/install/realsense2_description/share/realsense2_description/hook/cmake_prefix_path.ps1'
[1.155s] INFO:colcon.colcon_core.shell:Creating environment descriptor '/home/gouzi/obstacle_race_src/install/realsense2_description/share/realsense2_description/hook/cmake_prefix_path.dsv'
[1.155s] INFO:colcon.colcon_core.shell:Creating environment hook '/home/gouzi/obstacle_race_src/install/realsense2_description/share/realsense2_description/hook/cmake_prefix_path.sh'
[1.156s] Level 1:colcon.colcon_core.environment:checking '/home/gouzi/obstacle_race_src/install/realsense2_description/bin'
[1.156s] Level 1:colcon.colcon_core.environment:checking '/home/gouzi/obstacle_race_src/install/realsense2_description/lib/pkgconfig/realsense2_description.pc'
[1.156s] Level 1:colcon.colcon_core.environment:checking '/home/gouzi/obstacle_race_src/install/realsense2_description/lib/python3.10/site-packages'
[1.157s] Level 1:colcon.colcon_core.environment:checking '/home/gouzi/obstacle_race_src/install/realsense2_description/bin'
[1.157s] INFO:colcon.colcon_core.shell:Creating package script '/home/gouzi/obstacle_race_src/install/realsense2_description/share/realsense2_description/package.ps1'
[1.157s] INFO:colcon.colcon_core.shell:Creating package descriptor '/home/gouzi/obstacle_race_src/install/realsense2_description/share/realsense2_description/package.dsv'
[1.158s] INFO:colcon.colcon_core.shell:Creating package script '/home/gouzi/obstacle_race_src/install/realsense2_description/share/realsense2_description/package.sh'
[1.159s] INFO:colcon.colcon_core.shell:Creating package script '/home/gouzi/obstacle_race_src/install/realsense2_description/share/realsense2_description/package.bash'
[1.159s] INFO:colcon.colcon_core.shell:Creating package script '/home/gouzi/obstacle_race_src/install/realsense2_description/share/realsense2_description/package.zsh'
[1.159s] Level 1:colcon.colcon_core.environment:create_file_with_runtime_dependencies(/home/gouzi/obstacle_race_src/install/realsense2_description/share/colcon-core/packages/realsense2_description)
[1.160s] Level 1:colcon.colcon_core.environment:create_environment_scripts_only(realsense2_description)
[1.160s] Level 1:colcon.colcon_core.environment:checking '/home/gouzi/obstacle_race_src/install/realsense2_description' for CMake module files
[1.160s] Level 1:colcon.colcon_core.environment:checking '/home/gouzi/obstacle_race_src/install/realsense2_description' for CMake config files
[1.160s] Level 1:colcon.colcon_core.shell:create_environment_hook('realsense2_description', 'cmake_prefix_path')
[1.160s] INFO:colcon.colcon_core.shell:Creating environment hook '/home/gouzi/obstacle_race_src/install/realsense2_description/share/realsense2_description/hook/cmake_prefix_path.ps1'
[1.161s] INFO:colcon.colcon_core.shell:Creating environment descriptor '/home/gouzi/obstacle_race_src/install/realsense2_description/share/realsense2_description/hook/cmake_prefix_path.dsv'
[1.161s] INFO:colcon.colcon_core.shell:Creating environment hook '/home/gouzi/obstacle_race_src/install/realsense2_description/share/realsense2_description/hook/cmake_prefix_path.sh'
[1.161s] Level 1:colcon.colcon_core.environment:checking '/home/gouzi/obstacle_race_src/install/realsense2_description/bin'
[1.161s] Level 1:colcon.colcon_core.environment:checking '/home/gouzi/obstacle_race_src/install/realsense2_description/lib/pkgconfig/realsense2_description.pc'
[1.161s] Level 1:colcon.colcon_core.environment:checking '/home/gouzi/obstacle_race_src/install/realsense2_description/lib/python3.10/site-packages'
[1.162s] Level 1:colcon.colcon_core.environment:checking '/home/gouzi/obstacle_race_src/install/realsense2_description/bin'
[1.162s] INFO:colcon.colcon_core.shell:Creating package script '/home/gouzi/obstacle_race_src/install/realsense2_description/share/realsense2_description/package.ps1'
[1.163s] INFO:colcon.colcon_core.shell:Creating package descriptor '/home/gouzi/obstacle_race_src/install/realsense2_description/share/realsense2_description/package.dsv'
[1.163s] INFO:colcon.colcon_core.shell:Creating package script '/home/gouzi/obstacle_race_src/install/realsense2_description/share/realsense2_description/package.sh'
[1.163s] INFO:colcon.colcon_core.shell:Creating package script '/home/gouzi/obstacle_race_src/install/realsense2_description/share/realsense2_description/package.bash'
[1.164s] INFO:colcon.colcon_core.shell:Creating package script '/home/gouzi/obstacle_race_src/install/realsense2_description/share/realsense2_description/package.zsh'
[1.164s] Level 1:colcon.colcon_core.environment:create_file_with_runtime_dependencies(/home/gouzi/obstacle_race_src/install/realsense2_description/share/colcon-core/packages/realsense2_description)
[1.165s] Level 1:colcon.colcon_core.environment:create_environment_scripts_only(livox_ros_driver2)
[1.165s] Level 1:colcon.colcon_core.environment:checking '/home/gouzi/obstacle_race_src/install/livox_ros_driver2' for CMake module files
[1.165s] DEBUG:colcon.colcon_core.event_handler.log_command:Invoked command in '/home/gouzi/obstacle_race_src/build/livox_ros_driver2' returned '0': CMAKE_PREFIX_PATH=${CMAKE_PREFIX_PATH}:/home/gouzi/obstacle_race_src/install/auto_nav_pkg:/opt/ros/humble /usr/bin/cmake --install /home/gouzi/obstacle_race_src/build/livox_ros_driver2
[1.166s] Level 1:colcon.colcon_core.environment:checking '/home/gouzi/obstacle_race_src/install/livox_ros_driver2' for CMake config files
[1.166s] Level 1:colcon.colcon_core.shell:create_environment_hook('livox_ros_driver2', 'cmake_prefix_path')
[1.166s] INFO:colcon.colcon_core.shell:Creating environment hook '/home/gouzi/obstacle_race_src/install/livox_ros_driver2/share/livox_ros_driver2/hook/cmake_prefix_path.ps1'
[1.167s] INFO:colcon.colcon_core.shell:Creating environment descriptor '/home/gouzi/obstacle_race_src/install/livox_ros_driver2/share/livox_ros_driver2/hook/cmake_prefix_path.dsv'
[1.167s] INFO:colcon.colcon_core.shell:Creating environment hook '/home/gouzi/obstacle_race_src/install/livox_ros_driver2/share/livox_ros_driver2/hook/cmake_prefix_path.sh'
[1.168s] Level 1:colcon.colcon_core.environment:checking '/home/gouzi/obstacle_race_src/install/livox_ros_driver2/lib'
[1.168s] Level 1:colcon.colcon_core.shell:create_environment_hook('livox_ros_driver2', 'ld_library_path_lib')
[1.168s] INFO:colcon.colcon_core.shell:Creating environment hook '/home/gouzi/obstacle_race_src/install/livox_ros_driver2/share/livox_ros_driver2/hook/ld_library_path_lib.ps1'
[1.168s] INFO:colcon.colcon_core.shell:Creating environment descriptor '/home/gouzi/obstacle_race_src/install/livox_ros_driver2/share/livox_ros_driver2/hook/ld_library_path_lib.dsv'
[1.169s] INFO:colcon.colcon_core.shell:Creating environment hook '/home/gouzi/obstacle_race_src/install/livox_ros_driver2/share/livox_ros_driver2/hook/ld_library_path_lib.sh'
[1.170s] Level 1:colcon.colcon_core.environment:checking '/home/gouzi/obstacle_race_src/install/livox_ros_driver2/bin'
[1.170s] Level 1:colcon.colcon_core.environment:checking '/home/gouzi/obstacle_race_src/install/livox_ros_driver2/lib/pkgconfig/livox_ros_driver2.pc'
[1.170s] Level 1:colcon.colcon_core.environment:checking '/home/gouzi/obstacle_race_src/install/livox_ros_driver2/lib/python3.10/site-packages'
[1.171s] Level 1:colcon.colcon_core.environment:checking '/home/gouzi/obstacle_race_src/install/livox_ros_driver2/bin'
[1.172s] INFO:colcon.colcon_core.shell:Creating package script '/home/gouzi/obstacle_race_src/install/livox_ros_driver2/share/livox_ros_driver2/package.ps1'
[1.173s] INFO:colcon.colcon_core.shell:Creating package descriptor '/home/gouzi/obstacle_race_src/install/livox_ros_driver2/share/livox_ros_driver2/package.dsv'
[1.173s] INFO:colcon.colcon_core.shell:Creating package script '/home/gouzi/obstacle_race_src/install/livox_ros_driver2/share/livox_ros_driver2/package.sh'
[1.174s] INFO:colcon.colcon_core.shell:Creating package script '/home/gouzi/obstacle_race_src/install/livox_ros_driver2/share/livox_ros_driver2/package.bash'
[1.174s] INFO:colcon.colcon_core.shell:Creating package script '/home/gouzi/obstacle_race_src/install/livox_ros_driver2/share/livox_ros_driver2/package.zsh'
[1.175s] Level 1:colcon.colcon_core.environment:create_file_with_runtime_dependencies(/home/gouzi/obstacle_race_src/install/livox_ros_driver2/share/colcon-core/packages/livox_ros_driver2)
[1.175s] Level 1:colcon.colcon_core.environment:create_environment_scripts_only(livox_ros_driver2)
[1.176s] Level 1:colcon.colcon_core.environment:checking '/home/gouzi/obstacle_race_src/install/livox_ros_driver2' for CMake module files
[1.176s] Level 1:colcon.colcon_core.environment:checking '/home/gouzi/obstacle_race_src/install/livox_ros_driver2' for CMake config files
[1.177s] Level 1:colcon.colcon_core.shell:create_environment_hook('livox_ros_driver2', 'cmake_prefix_path')
[1.177s] INFO:colcon.colcon_core.shell:Creating environment hook '/home/gouzi/obstacle_race_src/install/livox_ros_driver2/share/livox_ros_driver2/hook/cmake_prefix_path.ps1'
[1.178s] INFO:colcon.colcon_core.shell:Creating environment descriptor '/home/gouzi/obstacle_race_src/install/livox_ros_driver2/share/livox_ros_driver2/hook/cmake_prefix_path.dsv'
[1.178s] INFO:colcon.colcon_core.shell:Creating environment hook '/home/gouzi/obstacle_race_src/install/livox_ros_driver2/share/livox_ros_driver2/hook/cmake_prefix_path.sh'
[1.179s] Level 1:colcon.colcon_core.environment:checking '/home/gouzi/obstacle_race_src/install/livox_ros_driver2/lib'
[1.179s] Level 1:colcon.colcon_core.shell:create_environment_hook('livox_ros_driver2', 'ld_library_path_lib')
[1.179s] INFO:colcon.colcon_core.shell:Creating environment hook '/home/gouzi/obstacle_race_src/install/livox_ros_driver2/share/livox_ros_driver2/hook/ld_library_path_lib.ps1'
[1.180s] INFO:colcon.colcon_core.shell:Creating environment descriptor '/home/gouzi/obstacle_race_src/install/livox_ros_driver2/share/livox_ros_driver2/hook/ld_library_path_lib.dsv'
[1.180s] INFO:colcon.colcon_core.shell:Creating environment hook '/home/gouzi/obstacle_race_src/install/livox_ros_driver2/share/livox_ros_driver2/hook/ld_library_path_lib.sh'
[1.181s] Level 1:colcon.colcon_core.environment:checking '/home/gouzi/obstacle_race_src/install/livox_ros_driver2/bin'
[1.181s] Level 1:colcon.colcon_core.environment:checking '/home/gouzi/obstacle_race_src/install/livox_ros_driver2/lib/pkgconfig/livox_ros_driver2.pc'
[1.181s] Level 1:colcon.colcon_core.environment:checking '/home/gouzi/obstacle_race_src/install/livox_ros_driver2/lib/python3.10/site-packages'
[1.182s] Level 1:colcon.colcon_core.environment:checking '/home/gouzi/obstacle_race_src/install/livox_ros_driver2/bin'
[1.182s] INFO:colcon.colcon_core.shell:Creating package script '/home/gouzi/obstacle_race_src/install/livox_ros_driver2/share/livox_ros_driver2/package.ps1'
[1.183s] INFO:colcon.colcon_core.shell:Creating package descriptor '/home/gouzi/obstacle_race_src/install/livox_ros_driver2/share/livox_ros_driver2/package.dsv'
[1.184s] INFO:colcon.colcon_core.shell:Creating package script '/home/gouzi/obstacle_race_src/install/livox_ros_driver2/share/livox_ros_driver2/package.sh'
[1.184s] INFO:colcon.colcon_core.shell:Creating package script '/home/gouzi/obstacle_race_src/install/livox_ros_driver2/share/livox_ros_driver2/package.bash'
[1.185s] INFO:colcon.colcon_core.shell:Creating package script '/home/gouzi/obstacle_race_src/install/livox_ros_driver2/share/livox_ros_driver2/package.zsh'
[1.185s] Level 1:colcon.colcon_core.environment:create_file_with_runtime_dependencies(/home/gouzi/obstacle_race_src/install/livox_ros_driver2/share/colcon-core/packages/livox_ros_driver2)
[1.212s] DEBUG:colcon.colcon_core.event_handler.log_command:Invoked command in '/home/gouzi/obstacle_race_src/build/realsense2_camera' returned '0': CMAKE_PREFIX_PATH=/home/gouzi/obstacle_race_src/install/realsense2_camera_msgs:/home/gouzi/obstacle_race_src/install/realsense2_description:/home/gouzi/obstacle_race_src/install/realsense2_camera:/home/gouzi/obstacle_race_src/install/quadruped_step_mapper:/home/gouzi/obstacle_race_src/install/point_lio:/home/gouzi/obstacle_race_src/install/livox_ros_driver2:/home/gouzi/obstacle_race_src/install/apriltag_ros:/home/gouzi/obstacle_race_src/install/apriltag_msgs:/home/gouzi/obstacle_race_src/install/auto_nav_pkg:/opt/ros/humble LD_LIBRARY_PATH=/home/gouzi/obstacle_race_src/install/realsense2_camera_msgs/lib:/home/gouzi/obstacle_race_src/install/realsense2_camera/lib:/home/gouzi/obstacle_race_src/install/livox_ros_driver2/lib:/home/gouzi/obstacle_race_src/install/apriltag_ros/lib:/home/gouzi/obstacle_race_src/install/apriltag_msgs/lib:/opt/ros/humble/opt/rviz_ogre_vendor/lib:/opt/ros/humble/lib/x86_64-linux-gnu:/opt/ros/humble/lib /usr/bin/cmake --build /home/gouzi/obstacle_race_src/build/realsense2_camera -- -j8 -l8
[1.214s] DEBUG:colcon.colcon_core.event_handler.log_command:Invoking command in '/home/gouzi/obstacle_race_src/build/realsense2_camera': CMAKE_PREFIX_PATH=/home/gouzi/obstacle_race_src/install/realsense2_camera_msgs:/home/gouzi/obstacle_race_src/install/realsense2_description:/home/gouzi/obstacle_race_src/install/realsense2_camera:/home/gouzi/obstacle_race_src/install/quadruped_step_mapper:/home/gouzi/obstacle_race_src/install/point_lio:/home/gouzi/obstacle_race_src/install/livox_ros_driver2:/home/gouzi/obstacle_race_src/install/apriltag_ros:/home/gouzi/obstacle_race_src/install/apriltag_msgs:/home/gouzi/obstacle_race_src/install/auto_nav_pkg:/opt/ros/humble LD_LIBRARY_PATH=/home/gouzi/obstacle_race_src/install/realsense2_camera_msgs/lib:/home/gouzi/obstacle_race_src/install/realsense2_camera/lib:/home/gouzi/obstacle_race_src/install/livox_ros_driver2/lib:/home/gouzi/obstacle_race_src/install/apriltag_ros/lib:/home/gouzi/obstacle_race_src/install/apriltag_msgs/lib:/opt/ros/humble/opt/rviz_ogre_vendor/lib:/opt/ros/humble/lib/x86_64-linux-gnu:/opt/ros/humble/lib /usr/bin/cmake --install /home/gouzi/obstacle_race_src/build/realsense2_camera
[1.224s] Level 1:colcon.colcon_core.environment:create_environment_scripts_only(realsense2_camera)
[1.224s] Level 1:colcon.colcon_core.environment:checking '/home/gouzi/obstacle_race_src/install/realsense2_camera' for CMake module files
[1.225s] DEBUG:colcon.colcon_core.event_handler.log_command:Invoked command in '/home/gouzi/obstacle_race_src/build/realsense2_camera' returned '0': CMAKE_PREFIX_PATH=/home/gouzi/obstacle_race_src/install/realsense2_camera_msgs:/home/gouzi/obstacle_race_src/install/realsense2_description:/home/gouzi/obstacle_race_src/install/realsense2_camera:/home/gouzi/obstacle_race_src/install/quadruped_step_mapper:/home/gouzi/obstacle_race_src/install/point_lio:/home/gouzi/obstacle_race_src/install/livox_ros_driver2:/home/gouzi/obstacle_race_src/install/apriltag_ros:/home/gouzi/obstacle_race_src/install/apriltag_msgs:/home/gouzi/obstacle_race_src/install/auto_nav_pkg:/opt/ros/humble LD_LIBRARY_PATH=/home/gouzi/obstacle_race_src/install/realsense2_camera_msgs/lib:/home/gouzi/obstacle_race_src/install/realsense2_camera/lib:/home/gouzi/obstacle_race_src/install/livox_ros_driver2/lib:/home/gouzi/obstacle_race_src/install/apriltag_ros/lib:/home/gouzi/obstacle_race_src/install/apriltag_msgs/lib:/opt/ros/humble/opt/rviz_ogre_vendor/lib:/opt/ros/humble/lib/x86_64-linux-gnu:/opt/ros/humble/lib /usr/bin/cmake --install /home/gouzi/obstacle_race_src/build/realsense2_camera
[1.225s] Level 1:colcon.colcon_core.environment:checking '/home/gouzi/obstacle_race_src/install/realsense2_camera' for CMake config files
[1.225s] Level 1:colcon.colcon_core.shell:create_environment_hook('realsense2_camera', 'cmake_prefix_path')
[1.226s] INFO:colcon.colcon_core.shell:Creating environment hook '/home/gouzi/obstacle_race_src/install/realsense2_camera/share/realsense2_camera/hook/cmake_prefix_path.ps1'
[1.226s] INFO:colcon.colcon_core.shell:Creating environment descriptor '/home/gouzi/obstacle_race_src/install/realsense2_camera/share/realsense2_camera/hook/cmake_prefix_path.dsv'
[1.227s] INFO:colcon.colcon_core.shell:Creating environment hook '/home/gouzi/obstacle_race_src/install/realsense2_camera/share/realsense2_camera/hook/cmake_prefix_path.sh'
[1.229s] Level 1:colcon.colcon_core.environment:checking '/home/gouzi/obstacle_race_src/install/realsense2_camera/lib'
[1.229s] Level 1:colcon.colcon_core.shell:create_environment_hook('realsense2_camera', 'ld_library_path_lib')
[1.230s] INFO:colcon.colcon_core.shell:Creating environment hook '/home/gouzi/obstacle_race_src/install/realsense2_camera/share/realsense2_camera/hook/ld_library_path_lib.ps1'
[1.230s] INFO:colcon.colcon_core.shell:Creating environment descriptor '/home/gouzi/obstacle_race_src/install/realsense2_camera/share/realsense2_camera/hook/ld_library_path_lib.dsv'
[1.231s] INFO:colcon.colcon_core.shell:Creating environment hook '/home/gouzi/obstacle_race_src/install/realsense2_camera/share/realsense2_camera/hook/ld_library_path_lib.sh'
[1.231s] Level 1:colcon.colcon_core.environment:checking '/home/gouzi/obstacle_race_src/install/realsense2_camera/bin'
[1.231s] Level 1:colcon.colcon_core.environment:checking '/home/gouzi/obstacle_race_src/install/realsense2_camera/lib/pkgconfig/realsense2_camera.pc'
[1.232s] Level 1:colcon.colcon_core.environment:checking '/home/gouzi/obstacle_race_src/install/realsense2_camera/lib/python3.10/site-packages'
[1.232s] Level 1:colcon.colcon_core.environment:checking '/home/gouzi/obstacle_race_src/install/realsense2_camera/bin'
[1.233s] INFO:colcon.colcon_core.shell:Creating package script '/home/gouzi/obstacle_race_src/install/realsense2_camera/share/realsense2_camera/package.ps1'
[1.233s] INFO:colcon.colcon_core.shell:Creating package descriptor '/home/gouzi/obstacle_race_src/install/realsense2_camera/share/realsense2_camera/package.dsv'
[1.234s] INFO:colcon.colcon_core.shell:Creating package script '/home/gouzi/obstacle_race_src/install/realsense2_camera/share/realsense2_camera/package.sh'
[1.234s] INFO:colcon.colcon_core.shell:Creating package script '/home/gouzi/obstacle_race_src/install/realsense2_camera/share/realsense2_camera/package.bash'
[1.235s] INFO:colcon.colcon_core.shell:Creating package script '/home/gouzi/obstacle_race_src/install/realsense2_camera/share/realsense2_camera/package.zsh'
[1.235s] Level 1:colcon.colcon_core.environment:create_file_with_runtime_dependencies(/home/gouzi/obstacle_race_src/install/realsense2_camera/share/colcon-core/packages/realsense2_camera)
[1.236s] Level 1:colcon.colcon_core.environment:create_environment_scripts_only(realsense2_camera)
[1.236s] Level 1:colcon.colcon_core.environment:checking '/home/gouzi/obstacle_race_src/install/realsense2_camera' for CMake module files
[1.237s] Level 1:colcon.colcon_core.environment:checking '/home/gouzi/obstacle_race_src/install/realsense2_camera' for CMake config files
[1.237s] Level 1:colcon.colcon_core.shell:create_environment_hook('realsense2_camera', 'cmake_prefix_path')
[1.237s] INFO:colcon.colcon_core.shell:Creating environment hook '/home/gouzi/obstacle_race_src/install/realsense2_camera/share/realsense2_camera/hook/cmake_prefix_path.ps1'
[1.238s] INFO:colcon.colcon_core.shell:Creating environment descriptor '/home/gouzi/obstacle_race_src/install/realsense2_camera/share/realsense2_camera/hook/cmake_prefix_path.dsv'
[1.238s] INFO:colcon.colcon_core.shell:Creating environment hook '/home/gouzi/obstacle_race_src/install/realsense2_camera/share/realsense2_camera/hook/cmake_prefix_path.sh'
[1.238s] Level 1:colcon.colcon_core.environment:checking '/home/gouzi/obstacle_race_src/install/realsense2_camera/lib'
[1.239s] Level 1:colcon.colcon_core.shell:create_environment_hook('realsense2_camera', 'ld_library_path_lib')
[1.239s] INFO:colcon.colcon_core.shell:Creating environment hook '/home/gouzi/obstacle_race_src/install/realsense2_camera/share/realsense2_camera/hook/ld_library_path_lib.ps1'
[1.239s] INFO:colcon.colcon_core.shell:Creating environment descriptor '/home/gouzi/obstacle_race_src/install/realsense2_camera/share/realsense2_camera/hook/ld_library_path_lib.dsv'
[1.240s] INFO:colcon.colcon_core.shell:Creating environment hook '/home/gouzi/obstacle_race_src/install/realsense2_camera/share/realsense2_camera/hook/ld_library_path_lib.sh'
[1.240s] Level 1:colcon.colcon_core.environment:checking '/home/gouzi/obstacle_race_src/install/realsense2_camera/bin'
[1.240s] Level 1:colcon.colcon_core.environment:checking '/home/gouzi/obstacle_race_src/install/realsense2_camera/lib/pkgconfig/realsense2_camera.pc'
[1.240s] Level 1:colcon.colcon_core.environment:checking '/home/gouzi/obstacle_race_src/install/realsense2_camera/lib/python3.10/site-packages'
[1.241s] Level 1:colcon.colcon_core.environment:checking '/home/gouzi/obstacle_race_src/install/realsense2_camera/bin'
[1.241s] INFO:colcon.colcon_core.shell:Creating package script '/home/gouzi/obstacle_race_src/install/realsense2_camera/share/realsense2_camera/package.ps1'
[1.242s] INFO:colcon.colcon_core.shell:Creating package descriptor '/home/gouzi/obstacle_race_src/install/realsense2_camera/share/realsense2_camera/package.dsv'
[1.242s] INFO:colcon.colcon_core.shell:Creating package script '/home/gouzi/obstacle_race_src/install/realsense2_camera/share/realsense2_camera/package.sh'
[1.243s] INFO:colcon.colcon_core.shell:Creating package script '/home/gouzi/obstacle_race_src/install/realsense2_camera/share/realsense2_camera/package.bash'
[1.243s] INFO:colcon.colcon_core.shell:Creating package script '/home/gouzi/obstacle_race_src/install/realsense2_camera/share/realsense2_camera/package.zsh'
[1.243s] Level 1:colcon.colcon_core.environment:create_file_with_runtime_dependencies(/home/gouzi/obstacle_race_src/install/realsense2_camera/share/colcon-core/packages/realsense2_camera)
[1.268s] DEBUG:colcon.colcon_core.event_handler.log_command:Invoked command in '/home/gouzi/obstacle_race_src/build/apriltag_ros' returned '0': CMAKE_PREFIX_PATH=/home/gouzi/obstacle_race_src/install/apriltag_msgs:/home/gouzi/obstacle_race_src/install/realsense2_description:/home/gouzi/obstacle_race_src/install/realsense2_camera:/home/gouzi/obstacle_race_src/install/realsense2_camera_msgs:/home/gouzi/obstacle_race_src/install/quadruped_step_mapper:/home/gouzi/obstacle_race_src/install/point_lio:/home/gouzi/obstacle_race_src/install/livox_ros_driver2:/home/gouzi/obstacle_race_src/install/apriltag_ros:/home/gouzi/obstacle_race_src/install/auto_nav_pkg:/opt/ros/humble LD_LIBRARY_PATH=/home/gouzi/obstacle_race_src/install/apriltag_msgs/lib:/home/gouzi/obstacle_race_src/install/realsense2_camera/lib:/home/gouzi/obstacle_race_src/install/realsense2_camera_msgs/lib:/home/gouzi/obstacle_race_src/install/livox_ros_driver2/lib:/home/gouzi/obstacle_race_src/install/apriltag_ros/lib:/opt/ros/humble/opt/rviz_ogre_vendor/lib:/opt/ros/humble/lib/x86_64-linux-gnu:/opt/ros/humble/lib /usr/bin/cmake --build /home/gouzi/obstacle_race_src/build/apriltag_ros -- -j8 -l8
[1.269s] DEBUG:colcon.colcon_core.event_handler.log_command:Invoking command in '/home/gouzi/obstacle_race_src/build/apriltag_ros': CMAKE_PREFIX_PATH=/home/gouzi/obstacle_race_src/install/apriltag_msgs:/home/gouzi/obstacle_race_src/install/realsense2_description:/home/gouzi/obstacle_race_src/install/realsense2_camera:/home/gouzi/obstacle_race_src/install/realsense2_camera_msgs:/home/gouzi/obstacle_race_src/install/quadruped_step_mapper:/home/gouzi/obstacle_race_src/install/point_lio:/home/gouzi/obstacle_race_src/install/livox_ros_driver2:/home/gouzi/obstacle_race_src/install/apriltag_ros:/home/gouzi/obstacle_race_src/install/auto_nav_pkg:/opt/ros/humble LD_LIBRARY_PATH=/home/gouzi/obstacle_race_src/install/apriltag_msgs/lib:/home/gouzi/obstacle_race_src/install/realsense2_camera/lib:/home/gouzi/obstacle_race_src/install/realsense2_camera_msgs/lib:/home/gouzi/obstacle_race_src/install/livox_ros_driver2/lib:/home/gouzi/obstacle_race_src/install/apriltag_ros/lib:/opt/ros/humble/opt/rviz_ogre_vendor/lib:/opt/ros/humble/lib/x86_64-linux-gnu:/opt/ros/humble/lib /usr/bin/cmake --install /home/gouzi/obstacle_race_src/build/apriltag_ros
[1.288s] Level 1:colcon.colcon_core.environment:create_environment_scripts_only(apriltag_ros)
[1.288s] Level 1:colcon.colcon_core.environment:checking '/home/gouzi/obstacle_race_src/install/apriltag_ros' for CMake module files
[1.289s] DEBUG:colcon.colcon_core.event_handler.log_command:Invoked command in '/home/gouzi/obstacle_race_src/build/apriltag_ros' returned '0': CMAKE_PREFIX_PATH=/home/gouzi/obstacle_race_src/install/apriltag_msgs:/home/gouzi/obstacle_race_src/install/realsense2_description:/home/gouzi/obstacle_race_src/install/realsense2_camera:/home/gouzi/obstacle_race_src/install/realsense2_camera_msgs:/home/gouzi/obstacle_race_src/install/quadruped_step_mapper:/home/gouzi/obstacle_race_src/install/point_lio:/home/gouzi/obstacle_race_src/install/livox_ros_driver2:/home/gouzi/obstacle_race_src/install/apriltag_ros:/home/gouzi/obstacle_race_src/install/auto_nav_pkg:/opt/ros/humble LD_LIBRARY_PATH=/home/gouzi/obstacle_race_src/install/apriltag_msgs/lib:/home/gouzi/obstacle_race_src/install/realsense2_camera/lib:/home/gouzi/obstacle_race_src/install/realsense2_camera_msgs/lib:/home/gouzi/obstacle_race_src/install/livox_ros_driver2/lib:/home/gouzi/obstacle_race_src/install/apriltag_ros/lib:/opt/ros/humble/opt/rviz_ogre_vendor/lib:/opt/ros/humble/lib/x86_64-linux-gnu:/opt/ros/humble/lib /usr/bin/cmake --install /home/gouzi/obstacle_race_src/build/apriltag_ros
[1.289s] Level 1:colcon.colcon_core.environment:checking '/home/gouzi/obstacle_race_src/install/apriltag_ros' for CMake config files
[1.289s] Level 1:colcon.colcon_core.shell:create_environment_hook('apriltag_ros', 'cmake_prefix_path')
[1.290s] INFO:colcon.colcon_core.shell:Creating environment hook '/home/gouzi/obstacle_race_src/install/apriltag_ros/share/apriltag_ros/hook/cmake_prefix_path.ps1'
[1.290s] INFO:colcon.colcon_core.shell:Creating environment descriptor '/home/gouzi/obstacle_race_src/install/apriltag_ros/share/apriltag_ros/hook/cmake_prefix_path.dsv'
[1.291s] INFO:colcon.colcon_core.shell:Creating environment hook '/home/gouzi/obstacle_race_src/install/apriltag_ros/share/apriltag_ros/hook/cmake_prefix_path.sh'
[1.291s] Level 1:colcon.colcon_core.environment:checking '/home/gouzi/obstacle_race_src/install/apriltag_ros/lib'
[1.291s] Level 1:colcon.colcon_core.shell:create_environment_hook('apriltag_ros', 'ld_library_path_lib')
[1.291s] INFO:colcon.colcon_core.shell:Creating environment hook '/home/gouzi/obstacle_race_src/install/apriltag_ros/share/apriltag_ros/hook/ld_library_path_lib.ps1'
[1.292s] INFO:colcon.colcon_core.shell:Creating environment descriptor '/home/gouzi/obstacle_race_src/install/apriltag_ros/share/apriltag_ros/hook/ld_library_path_lib.dsv'
[1.292s] INFO:colcon.colcon_core.shell:Creating environment hook '/home/gouzi/obstacle_race_src/install/apriltag_ros/share/apriltag_ros/hook/ld_library_path_lib.sh'
[1.293s] Level 1:colcon.colcon_core.environment:checking '/home/gouzi/obstacle_race_src/install/apriltag_ros/bin'
[1.293s] Level 1:colcon.colcon_core.environment:checking '/home/gouzi/obstacle_race_src/install/apriltag_ros/lib/pkgconfig/apriltag_ros.pc'
[1.294s] Level 1:colcon.colcon_core.environment:checking '/home/gouzi/obstacle_race_src/install/apriltag_ros/lib/python3.10/site-packages'
[1.294s] Level 1:colcon.colcon_core.environment:checking '/home/gouzi/obstacle_race_src/install/apriltag_ros/bin'
[1.294s] INFO:colcon.colcon_core.shell:Creating package script '/home/gouzi/obstacle_race_src/install/apriltag_ros/share/apriltag_ros/package.ps1'
[1.294s] INFO:colcon.colcon_core.shell:Creating package descriptor '/home/gouzi/obstacle_race_src/install/apriltag_ros/share/apriltag_ros/package.dsv'
[1.295s] INFO:colcon.colcon_core.shell:Creating package script '/home/gouzi/obstacle_race_src/install/apriltag_ros/share/apriltag_ros/package.sh'
[1.295s] INFO:colcon.colcon_core.shell:Creating package script '/home/gouzi/obstacle_race_src/install/apriltag_ros/share/apriltag_ros/package.bash'
[1.295s] INFO:colcon.colcon_core.shell:Creating package script '/home/gouzi/obstacle_race_src/install/apriltag_ros/share/apriltag_ros/package.zsh'
[1.296s] Level 1:colcon.colcon_core.environment:create_file_with_runtime_dependencies(/home/gouzi/obstacle_race_src/install/apriltag_ros/share/colcon-core/packages/apriltag_ros)
[1.296s] Level 1:colcon.colcon_core.environment:create_environment_scripts_only(apriltag_ros)
[1.296s] Level 1:colcon.colcon_core.environment:checking '/home/gouzi/obstacle_race_src/install/apriltag_ros' for CMake module files
[1.296s] Level 1:colcon.colcon_core.environment:checking '/home/gouzi/obstacle_race_src/install/apriltag_ros' for CMake config files
[1.297s] Level 1:colcon.colcon_core.shell:create_environment_hook('apriltag_ros', 'cmake_prefix_path')
[1.297s] INFO:colcon.colcon_core.shell:Creating environment hook '/home/gouzi/obstacle_race_src/install/apriltag_ros/share/apriltag_ros/hook/cmake_prefix_path.ps1'
[1.297s] INFO:colcon.colcon_core.shell:Creating environment descriptor '/home/gouzi/obstacle_race_src/install/apriltag_ros/share/apriltag_ros/hook/cmake_prefix_path.dsv'
[1.297s] INFO:colcon.colcon_core.shell:Creating environment hook '/home/gouzi/obstacle_race_src/install/apriltag_ros/share/apriltag_ros/hook/cmake_prefix_path.sh'
[1.298s] Level 1:colcon.colcon_core.environment:checking '/home/gouzi/obstacle_race_src/install/apriltag_ros/lib'
[1.298s] Level 1:colcon.colcon_core.shell:create_environment_hook('apriltag_ros', 'ld_library_path_lib')
[1.298s] INFO:colcon.colcon_core.shell:Creating environment hook '/home/gouzi/obstacle_race_src/install/apriltag_ros/share/apriltag_ros/hook/ld_library_path_lib.ps1'
[1.298s] INFO:colcon.colcon_core.shell:Creating environment descriptor '/home/gouzi/obstacle_race_src/install/apriltag_ros/share/apriltag_ros/hook/ld_library_path_lib.dsv'
[1.298s] INFO:colcon.colcon_core.shell:Creating environment hook '/home/gouzi/obstacle_race_src/install/apriltag_ros/share/apriltag_ros/hook/ld_library_path_lib.sh'
[1.299s] Level 1:colcon.colcon_core.environment:checking '/home/gouzi/obstacle_race_src/install/apriltag_ros/bin'
[1.299s] Level 1:colcon.colcon_core.environment:checking '/home/gouzi/obstacle_race_src/install/apriltag_ros/lib/pkgconfig/apriltag_ros.pc'
[1.299s] Level 1:colcon.colcon_core.environment:checking '/home/gouzi/obstacle_race_src/install/apriltag_ros/lib/python3.10/site-packages'
[1.299s] Level 1:colcon.colcon_core.environment:checking '/home/gouzi/obstacle_race_src/install/apriltag_ros/bin'
[1.299s] INFO:colcon.colcon_core.shell:Creating package script '/home/gouzi/obstacle_race_src/install/apriltag_ros/share/apriltag_ros/package.ps1'
[1.300s] INFO:colcon.colcon_core.shell:Creating package descriptor '/home/gouzi/obstacle_race_src/install/apriltag_ros/share/apriltag_ros/package.dsv'
[1.300s] INFO:colcon.colcon_core.shell:Creating package script '/home/gouzi/obstacle_race_src/install/apriltag_ros/share/apriltag_ros/package.sh'
[1.300s] INFO:colcon.colcon_core.shell:Creating package script '/home/gouzi/obstacle_race_src/install/apriltag_ros/share/apriltag_ros/package.bash'
[1.301s] INFO:colcon.colcon_core.shell:Creating package script '/home/gouzi/obstacle_race_src/install/apriltag_ros/share/apriltag_ros/package.zsh'
[1.301s] Level 1:colcon.colcon_core.environment:create_file_with_runtime_dependencies(/home/gouzi/obstacle_race_src/install/apriltag_ros/share/colcon-core/packages/apriltag_ros)
[1.301s] INFO:colcon.colcon_ros.task.ament_python.build:Building ROS package in '/home/gouzi/obstacle_race_src/src/auto_nav_pkg' with build type 'ament_python'
[1.301s] Level 1:colcon.colcon_core.shell:create_environment_hook('auto_nav_pkg', 'ament_prefix_path')
[1.301s] INFO:colcon.colcon_core.shell:Creating environment hook '/home/gouzi/obstacle_race_src/install/auto_nav_pkg/share/auto_nav_pkg/hook/ament_prefix_path.ps1'
[1.302s] INFO:colcon.colcon_core.shell:Creating environment descriptor '/home/gouzi/obstacle_race_src/install/auto_nav_pkg/share/auto_nav_pkg/hook/ament_prefix_path.dsv'
[1.302s] INFO:colcon.colcon_core.shell:Creating environment hook '/home/gouzi/obstacle_race_src/install/auto_nav_pkg/share/auto_nav_pkg/hook/ament_prefix_path.sh'
[1.303s] INFO:colcon.colcon_core.shell:Skip shell extension 'powershell' for command environment: Not usable outside of PowerShell
[1.303s] DEBUG:colcon.colcon_core.shell:Skip shell extension 'dsv' for command environment
[1.551s] INFO:colcon.colcon_core.task.python.build:Building Python package in '/home/gouzi/obstacle_race_src/src/auto_nav_pkg'
[1.551s] INFO:colcon.colcon_core.shell:Skip shell extension 'powershell' for command environment: Not usable outside of PowerShell
[1.551s] DEBUG:colcon.colcon_core.shell:Skip shell extension 'dsv' for command environment
[1.838s] DEBUG:colcon.colcon_core.event_handler.log_command:Invoking command in '/home/gouzi/obstacle_race_src/src/auto_nav_pkg': CMAKE_PREFIX_PATH=/home/gouzi/obstacle_race_src/install/realsense2_camera:/home/gouzi/obstacle_race_src/install/apriltag_ros:/home/gouzi/obstacle_race_src/install/realsense2_camera_msgs:/home/gouzi/obstacle_race_src/install/apriltag_msgs:/home/gouzi/obstacle_race_src/install/realsense2_description:/home/gouzi/obstacle_race_src/install/quadruped_step_mapper:/home/gouzi/obstacle_race_src/install/point_lio:/home/gouzi/obstacle_race_src/install/livox_ros_driver2 LD_LIBRARY_PATH=/home/gouzi/obstacle_race_src/install/realsense2_camera/lib:/home/gouzi/obstacle_race_src/install/apriltag_ros/lib:/home/gouzi/obstacle_race_src/install/realsense2_camera_msgs/lib:/home/gouzi/obstacle_race_src/install/apriltag_msgs/lib:/home/gouzi/obstacle_race_src/install/livox_ros_driver2/lib:/opt/ros/humble/opt/rviz_ogre_vendor/lib:/opt/ros/humble/lib/x86_64-linux-gnu:/opt/ros/humble/lib PYTHONPATH=/home/gouzi/obstacle_race_src/build/auto_nav_pkg/prefix_override:/usr/lib/python3/dist-packages/colcon_core/task/python/colcon_distutils_commands:/home/gouzi/obstacle_race_src/install/auto_nav_pkg/lib/python3.10/site-packages:${PYTHONPATH} /usr/bin/python3 -W ignore:setup.py install is deprecated -W ignore:easy_install command is deprecated setup.py egg_info --egg-base ../../build/auto_nav_pkg build --build-base /home/gouzi/obstacle_race_src/build/auto_nav_pkg/build install --record /home/gouzi/obstacle_race_src/build/auto_nav_pkg/install.log --single-version-externally-managed install_data
[2.089s] Level 1:colcon.colcon_core.environment:checking '/home/gouzi/obstacle_race_src/install/auto_nav_pkg' for CMake module files
[2.090s] DEBUG:colcon.colcon_core.event_handler.log_command:Invoked command in '/home/gouzi/obstacle_race_src/src/auto_nav_pkg' returned '0': CMAKE_PREFIX_PATH=/home/gouzi/obstacle_race_src/install/realsense2_camera:/home/gouzi/obstacle_race_src/install/apriltag_ros:/home/gouzi/obstacle_race_src/install/realsense2_camera_msgs:/home/gouzi/obstacle_race_src/install/apriltag_msgs:/home/gouzi/obstacle_race_src/install/realsense2_description:/home/gouzi/obstacle_race_src/install/quadruped_step_mapper:/home/gouzi/obstacle_race_src/install/point_lio:/home/gouzi/obstacle_race_src/install/livox_ros_driver2 LD_LIBRARY_PATH=/home/gouzi/obstacle_race_src/install/realsense2_camera/lib:/home/gouzi/obstacle_race_src/install/apriltag_ros/lib:/home/gouzi/obstacle_race_src/install/realsense2_camera_msgs/lib:/home/gouzi/obstacle_race_src/install/apriltag_msgs/lib:/home/gouzi/obstacle_race_src/install/livox_ros_driver2/lib:/opt/ros/humble/opt/rviz_ogre_vendor/lib:/opt/ros/humble/lib/x86_64-linux-gnu:/opt/ros/humble/lib PYTHONPATH=/home/gouzi/obstacle_race_src/build/auto_nav_pkg/prefix_override:/usr/lib/python3/dist-packages/colcon_core/task/python/colcon_distutils_commands:/home/gouzi/obstacle_race_src/install/auto_nav_pkg/lib/python3.10/site-packages:${PYTHONPATH} /usr/bin/python3 -W ignore:setup.py install is deprecated -W ignore:easy_install command is deprecated setup.py egg_info --egg-base ../../build/auto_nav_pkg build --build-base /home/gouzi/obstacle_race_src/build/auto_nav_pkg/build install --record /home/gouzi/obstacle_race_src/build/auto_nav_pkg/install.log --single-version-externally-managed install_data
[2.091s] Level 1:colcon.colcon_core.environment:checking '/home/gouzi/obstacle_race_src/install/auto_nav_pkg' for CMake config files
[2.091s] Level 1:colcon.colcon_core.environment:checking '/home/gouzi/obstacle_race_src/install/auto_nav_pkg/lib'
[2.091s] Level 1:colcon.colcon_core.environment:checking '/home/gouzi/obstacle_race_src/install/auto_nav_pkg/bin'
[2.091s] Level 1:colcon.colcon_core.environment:checking '/home/gouzi/obstacle_race_src/install/auto_nav_pkg/lib/pkgconfig/auto_nav_pkg.pc'
[2.091s] Level 1:colcon.colcon_core.environment:checking '/home/gouzi/obstacle_race_src/install/auto_nav_pkg/lib/python3.10/site-packages'
[2.091s] Level 1:colcon.colcon_core.shell:create_environment_hook('auto_nav_pkg', 'pythonpath')
[2.092s] INFO:colcon.colcon_core.shell:Creating environment hook '/home/gouzi/obstacle_race_src/install/auto_nav_pkg/share/auto_nav_pkg/hook/pythonpath.ps1'
[2.092s] INFO:colcon.colcon_core.shell:Creating environment descriptor '/home/gouzi/obstacle_race_src/install/auto_nav_pkg/share/auto_nav_pkg/hook/pythonpath.dsv'
[2.092s] INFO:colcon.colcon_core.shell:Creating environment hook '/home/gouzi/obstacle_race_src/install/auto_nav_pkg/share/auto_nav_pkg/hook/pythonpath.sh'
[2.093s] Level 1:colcon.colcon_core.environment:checking '/home/gouzi/obstacle_race_src/install/auto_nav_pkg/bin'
[2.093s] Level 1:colcon.colcon_core.environment:create_environment_scripts_only(auto_nav_pkg)
[2.093s] INFO:colcon.colcon_core.shell:Creating package script '/home/gouzi/obstacle_race_src/install/auto_nav_pkg/share/auto_nav_pkg/package.ps1'
[2.093s] INFO:colcon.colcon_core.shell:Creating package descriptor '/home/gouzi/obstacle_race_src/install/auto_nav_pkg/share/auto_nav_pkg/package.dsv'
[2.094s] INFO:colcon.colcon_core.shell:Creating package script '/home/gouzi/obstacle_race_src/install/auto_nav_pkg/share/auto_nav_pkg/package.sh'
[2.094s] INFO:colcon.colcon_core.shell:Creating package script '/home/gouzi/obstacle_race_src/install/auto_nav_pkg/share/auto_nav_pkg/package.bash'
[2.094s] INFO:colcon.colcon_core.shell:Creating package script '/home/gouzi/obstacle_race_src/install/auto_nav_pkg/share/auto_nav_pkg/package.zsh'
[2.095s] Level 1:colcon.colcon_core.environment:create_file_with_runtime_dependencies(/home/gouzi/obstacle_race_src/install/auto_nav_pkg/share/colcon-core/packages/auto_nav_pkg)
[2.095s] DEBUG:colcon.colcon_parallel_executor.executor.parallel:closing loop
[2.095s] DEBUG:colcon.colcon_parallel_executor.executor.parallel:loop closed
[2.095s] DEBUG:colcon.colcon_parallel_executor.executor.parallel:run_until_complete finished with '0'
[2.095s] DEBUG:colcon.colcon_core.event_reactor:joining thread
[2.100s] INFO:colcon.colcon_core.plugin_system:Skipping extension 'colcon_notification.desktop_notification.terminal_notifier': Not used on non-Darwin systems
[2.100s] INFO:colcon.colcon_core.plugin_system:Skipping extension 'colcon_notification.desktop_notification.win32': Not used on non-Windows systems
[2.100s] INFO:colcon.colcon_notification.desktop_notification:Sending desktop notification using 'notify2'
[2.111s] DEBUG:colcon.colcon_core.event_reactor:joined thread
[2.111s] INFO:colcon.colcon_core.shell:Creating prefix script '/home/gouzi/obstacle_race_src/install/local_setup.ps1'
[2.112s] INFO:colcon.colcon_core.shell:Creating prefix util module '/home/gouzi/obstacle_race_src/install/_local_setup_util_ps1.py'
[2.114s] INFO:colcon.colcon_core.shell:Creating prefix chain script '/home/gouzi/obstacle_race_src/install/setup.ps1'
[2.115s] INFO:colcon.colcon_core.shell:Creating prefix script '/home/gouzi/obstacle_race_src/install/local_setup.sh'
[2.115s] INFO:colcon.colcon_core.shell:Creating prefix util module '/home/gouzi/obstacle_race_src/install/_local_setup_util_sh.py'
[2.115s] INFO:colcon.colcon_core.shell:Creating prefix chain script '/home/gouzi/obstacle_race_src/install/setup.sh'
[2.117s] INFO:colcon.colcon_core.shell:Creating prefix script '/home/gouzi/obstacle_race_src/install/local_setup.bash'
[2.117s] INFO:colcon.colcon_core.shell:Creating prefix chain script '/home/gouzi/obstacle_race_src/install/setup.bash'
[2.118s] INFO:colcon.colcon_core.shell:Creating prefix script '/home/gouzi/obstacle_race_src/install/local_setup.zsh'
[2.119s] INFO:colcon.colcon_core.shell:Creating prefix chain script '/home/gouzi/obstacle_race_src/install/setup.zsh'
