[0.083s] DEBUG:colcon:Command line arguments: ['/usr/bin/colcon', 'build']
[0.083s] DEBUG:colcon:Parsed command line arguments: Namespace(log_base=None, log_level=None, verb_name='build', build_base='build', install_base='install', merge_install=False, symlink_install=False, test_result_base=None, continue_on_error=False, executor='parallel', parallel_workers=8, event_handlers=None, ignore_user_meta=False, metas=['./colcon.meta'], base_paths=['.'], packages_ignore=None, packages_ignore_regex=None, paths=None, packages_up_to=None, packages_up_to_regex=None, packages_above=None, packages_above_and_dependencies=None, packages_above_depth=None, packages_select_by_dep=None, packages_skip_by_dep=None, packages_skip_up_to=None, packages_select_build_failed=False, packages_skip_build_finished=False, packages_select_test_failures=False, packages_skip_test_passed=False, packages_select=None, packages_skip=None, packages_select_regex=None, packages_skip_regex=None, packages_start=None, packages_end=None, allow_overriding=[], cmake_args=None, cmake_target=None, cmake_target_skip_unavailable=False, cmake_clean_cache=False, cmake_clean_first=False, cmake_force_configure=False, ament_cmake_args=None, catkin_cmake_args=None, catkin_skip_building_tests=False, verb_parser=<colcon_defaults.argument_parser.defaults.DefaultArgumentsDecorator object at 0x7c8532ef3910>, verb_extension=<colcon_core.verb.build.BuildVerb object at 0x7c8532ef2860>, main=<bound method BuildVerb.main of <colcon_core.verb.build.BuildVerb object at 0x7c8532ef2860>>)
[0.204s] Level 1:colcon.colcon_core.package_discovery:discover_packages(colcon_meta) check parameters
[0.204s] Level 1:colcon.colcon_core.package_discovery:discover_packages(recursive) check parameters
[0.204s] Level 1:colcon.colcon_core.package_discovery:discover_packages(ignore) check parameters
[0.204s] Level 1:colcon.colcon_core.package_discovery:discover_packages(path) check parameters
[0.204s] Level 1:colcon.colcon_core.package_discovery:discover_packages(colcon_meta) discover
[0.204s] Level 1:colcon.colcon_core.package_discovery:discover_packages(recursive) discover
[0.204s] INFO:colcon.colcon_core.package_discovery:Crawling recursively for packages in '/home/gouzi/obstacle_race_src'
[0.204s] Level 1:colcon.colcon_core.package_identification:_identify(.) by extensions ['ignore', 'ignore_ament_install']
[0.204s] Level 1:colcon.colcon_core.package_identification:_identify(.) by extension 'ignore'
[0.204s] Level 1:colcon.colcon_core.package_identification:_identify(.) by extension 'ignore_ament_install'
[0.204s] Level 1:colcon.colcon_core.package_identification:_identify(.) by extensions ['colcon_pkg']
[0.204s] Level 1:colcon.colcon_core.package_identification:_identify(.) by extension 'colcon_pkg'
[0.204s] Level 1:colcon.colcon_core.package_identification:_identify(.) by extensions ['colcon_meta']
[0.204s] Level 1:colcon.colcon_core.package_identification:_identify(.) by extension 'colcon_meta'
[0.204s] Level 1:colcon.colcon_core.package_identification:_identify(.) by extensions ['ros']
[0.204s] Level 1:colcon.colcon_core.package_identification:_identify(.) by extension 'ros'
[0.213s] Level 1:colcon.colcon_core.package_identification:_identify(.) by extensions ['cmake', 'python']
[0.213s] Level 1:colcon.colcon_core.package_identification:_identify(.) by extension 'cmake'
[0.213s] Level 1:colcon.colcon_core.package_identification:_identify(.) by extension 'python'
[0.213s] Level 1:colcon.colcon_core.package_identification:_identify(.) by extensions ['python_setup_py']
[0.213s] Level 1:colcon.colcon_core.package_identification:_identify(.) by extension 'python_setup_py'
[0.214s] Level 1:colcon.colcon_core.package_identification:_identify(bags) by extensions ['ignore', 'ignore_ament_install']
[0.214s] Level 1:colcon.colcon_core.package_identification:_identify(bags) by extension 'ignore'
[0.214s] Level 1:colcon.colcon_core.package_identification:_identify(bags) by extension 'ignore_ament_install'
[0.214s] Level 1:colcon.colcon_core.package_identification:_identify(bags) by extensions ['colcon_pkg']
[0.214s] Level 1:colcon.colcon_core.package_identification:_identify(bags) by extension 'colcon_pkg'
[0.214s] Level 1:colcon.colcon_core.package_identification:_identify(bags) by extensions ['colcon_meta']
[0.214s] Level 1:colcon.colcon_core.package_identification:_identify(bags) by extension 'colcon_meta'
[0.214s] Level 1:colcon.colcon_core.package_identification:_identify(bags) by extensions ['ros']
[0.214s] Level 1:colcon.colcon_core.package_identification:_identify(bags) by extension 'ros'
[0.214s] Level 1:colcon.colcon_core.package_identification:_identify(bags) by extensions ['cmake', 'python']
[0.214s] Level 1:colcon.colcon_core.package_identification:_identify(bags) by extension 'cmake'
[0.214s] Level 1:colcon.colcon_core.package_identification:_identify(bags) by extension 'python'
[0.214s] Level 1:colcon.colcon_core.package_identification:_identify(bags) by extensions ['python_setup_py']
[0.214s] Level 1:colcon.colcon_core.package_identification:_identify(bags) by extension 'python_setup_py'
[0.214s] Level 1:colcon.colcon_core.package_identification:_identify(bags/rosbag2_2026_06_30-14_10_16) by extensions ['ignore', 'ignore_ament_install']
[0.214s] Level 1:colcon.colcon_core.package_identification:_identify(bags/rosbag2_2026_06_30-14_10_16) by extension 'ignore'
[0.214s] Level 1:colcon.colcon_core.package_identification:_identify(bags/rosbag2_2026_06_30-14_10_16) by extension 'ignore_ament_install'
[0.214s] Level 1:colcon.colcon_core.package_identification:_identify(bags/rosbag2_2026_06_30-14_10_16) by extensions ['colcon_pkg']
[0.214s] Level 1:colcon.colcon_core.package_identification:_identify(bags/rosbag2_2026_06_30-14_10_16) by extension 'colcon_pkg'
[0.214s] Level 1:colcon.colcon_core.package_identification:_identify(bags/rosbag2_2026_06_30-14_10_16) by extensions ['colcon_meta']
[0.214s] Level 1:colcon.colcon_core.package_identification:_identify(bags/rosbag2_2026_06_30-14_10_16) by extension 'colcon_meta'
[0.214s] Level 1:colcon.colcon_core.package_identification:_identify(bags/rosbag2_2026_06_30-14_10_16) by extensions ['ros']
[0.214s] Level 1:colcon.colcon_core.package_identification:_identify(bags/rosbag2_2026_06_30-14_10_16) by extension 'ros'
[0.214s] Level 1:colcon.colcon_core.package_identification:_identify(bags/rosbag2_2026_06_30-14_10_16) by extensions ['cmake', 'python']
[0.214s] Level 1:colcon.colcon_core.package_identification:_identify(bags/rosbag2_2026_06_30-14_10_16) by extension 'cmake'
[0.214s] Level 1:colcon.colcon_core.package_identification:_identify(bags/rosbag2_2026_06_30-14_10_16) by extension 'python'
[0.214s] Level 1:colcon.colcon_core.package_identification:_identify(bags/rosbag2_2026_06_30-14_10_16) by extensions ['python_setup_py']
[0.214s] Level 1:colcon.colcon_core.package_identification:_identify(bags/rosbag2_2026_06_30-14_10_16) by extension 'python_setup_py'
[0.215s] Level 1:colcon.colcon_core.package_identification:_identify(bags/upstairs_threshold_debug) by extensions ['ignore', 'ignore_ament_install']
[0.215s] Level 1:colcon.colcon_core.package_identification:_identify(bags/upstairs_threshold_debug) by extension 'ignore'
[0.215s] Level 1:colcon.colcon_core.package_identification:_identify(bags/upstairs_threshold_debug) by extension 'ignore_ament_install'
[0.215s] Level 1:colcon.colcon_core.package_identification:_identify(bags/upstairs_threshold_debug) by extensions ['colcon_pkg']
[0.215s] Level 1:colcon.colcon_core.package_identification:_identify(bags/upstairs_threshold_debug) by extension 'colcon_pkg'
[0.215s] Level 1:colcon.colcon_core.package_identification:_identify(bags/upstairs_threshold_debug) by extensions ['colcon_meta']
[0.215s] Level 1:colcon.colcon_core.package_identification:_identify(bags/upstairs_threshold_debug) by extension 'colcon_meta'
[0.215s] Level 1:colcon.colcon_core.package_identification:_identify(bags/upstairs_threshold_debug) by extensions ['ros']
[0.215s] Level 1:colcon.colcon_core.package_identification:_identify(bags/upstairs_threshold_debug) by extension 'ros'
[0.215s] Level 1:colcon.colcon_core.package_identification:_identify(bags/upstairs_threshold_debug) by extensions ['cmake', 'python']
[0.215s] Level 1:colcon.colcon_core.package_identification:_identify(bags/upstairs_threshold_debug) by extension 'cmake'
[0.215s] Level 1:colcon.colcon_core.package_identification:_identify(bags/upstairs_threshold_debug) by extension 'python'
[0.215s] Level 1:colcon.colcon_core.package_identification:_identify(bags/upstairs_threshold_debug) by extensions ['python_setup_py']
[0.215s] Level 1:colcon.colcon_core.package_identification:_identify(bags/upstairs_threshold_debug) by extension 'python_setup_py'
[0.215s] Level 1:colcon.colcon_core.package_identification:_identify(build) by extensions ['ignore', 'ignore_ament_install']
[0.215s] Level 1:colcon.colcon_core.package_identification:_identify(build) by extension 'ignore'
[0.215s] Level 1:colcon.colcon_core.package_identification:_identify(build) ignored
[0.215s] Level 1:colcon.colcon_core.package_identification:_identify(install) by extensions ['ignore', 'ignore_ament_install']
[0.215s] Level 1:colcon.colcon_core.package_identification:_identify(install) by extension 'ignore'
[0.215s] Level 1:colcon.colcon_core.package_identification:_identify(install) ignored
[0.215s] Level 1:colcon.colcon_core.package_identification:_identify(log) by extensions ['ignore', 'ignore_ament_install']
[0.215s] Level 1:colcon.colcon_core.package_identification:_identify(log) by extension 'ignore'
[0.215s] Level 1:colcon.colcon_core.package_identification:_identify(log) ignored
[0.215s] Level 1:colcon.colcon_core.package_identification:_identify(scripts) by extensions ['ignore', 'ignore_ament_install']
[0.216s] Level 1:colcon.colcon_core.package_identification:_identify(scripts) by extension 'ignore'
[0.216s] Level 1:colcon.colcon_core.package_identification:_identify(scripts) by extension 'ignore_ament_install'
[0.216s] Level 1:colcon.colcon_core.package_identification:_identify(scripts) by extensions ['colcon_pkg']
[0.216s] Level 1:colcon.colcon_core.package_identification:_identify(scripts) by extension 'colcon_pkg'
[0.216s] Level 1:colcon.colcon_core.package_identification:_identify(scripts) by extensions ['colcon_meta']
[0.216s] Level 1:colcon.colcon_core.package_identification:_identify(scripts) by extension 'colcon_meta'
[0.216s] Level 1:colcon.colcon_core.package_identification:_identify(scripts) by extensions ['ros']
[0.216s] Level 1:colcon.colcon_core.package_identification:_identify(scripts) by extension 'ros'
[0.216s] Level 1:colcon.colcon_core.package_identification:_identify(scripts) by extensions ['cmake', 'python']
[0.216s] Level 1:colcon.colcon_core.package_identification:_identify(scripts) by extension 'cmake'
[0.216s] Level 1:colcon.colcon_core.package_identification:_identify(scripts) by extension 'python'
[0.216s] Level 1:colcon.colcon_core.package_identification:_identify(scripts) by extensions ['python_setup_py']
[0.216s] Level 1:colcon.colcon_core.package_identification:_identify(scripts) by extension 'python_setup_py'
[0.216s] Level 1:colcon.colcon_core.package_identification:_identify(src) by extensions ['ignore', 'ignore_ament_install']
[0.216s] Level 1:colcon.colcon_core.package_identification:_identify(src) by extension 'ignore'
[0.216s] Level 1:colcon.colcon_core.package_identification:_identify(src) by extension 'ignore_ament_install'
[0.216s] Level 1:colcon.colcon_core.package_identification:_identify(src) by extensions ['colcon_pkg']
[0.216s] Level 1:colcon.colcon_core.package_identification:_identify(src) by extension 'colcon_pkg'
[0.216s] Level 1:colcon.colcon_core.package_identification:_identify(src) by extensions ['colcon_meta']
[0.216s] Level 1:colcon.colcon_core.package_identification:_identify(src) by extension 'colcon_meta'
[0.216s] Level 1:colcon.colcon_core.package_identification:_identify(src) by extensions ['ros']
[0.216s] Level 1:colcon.colcon_core.package_identification:_identify(src) by extension 'ros'
[0.216s] Level 1:colcon.colcon_core.package_identification:_identify(src) by extensions ['cmake', 'python']
[0.216s] Level 1:colcon.colcon_core.package_identification:_identify(src) by extension 'cmake'
[0.216s] Level 1:colcon.colcon_core.package_identification:_identify(src) by extension 'python'
[0.216s] Level 1:colcon.colcon_core.package_identification:_identify(src) by extensions ['python_setup_py']
[0.216s] Level 1:colcon.colcon_core.package_identification:_identify(src) by extension 'python_setup_py'
[0.216s] Level 1:colcon.colcon_core.package_identification:_identify(src/apriltag_msgs) by extensions ['ignore', 'ignore_ament_install']
[0.216s] Level 1:colcon.colcon_core.package_identification:_identify(src/apriltag_msgs) by extension 'ignore'
[0.216s] Level 1:colcon.colcon_core.package_identification:_identify(src/apriltag_msgs) by extension 'ignore_ament_install'
[0.216s] Level 1:colcon.colcon_core.package_identification:_identify(src/apriltag_msgs) by extensions ['colcon_pkg']
[0.217s] Level 1:colcon.colcon_core.package_identification:_identify(src/apriltag_msgs) by extension 'colcon_pkg'
[0.217s] Level 1:colcon.colcon_core.package_identification:_identify(src/apriltag_msgs) by extensions ['colcon_meta']
[0.217s] Level 1:colcon.colcon_core.package_identification:_identify(src/apriltag_msgs) by extension 'colcon_meta'
[0.217s] Level 1:colcon.colcon_core.package_identification:_identify(src/apriltag_msgs) by extensions ['ros']
[0.217s] Level 1:colcon.colcon_core.package_identification:_identify(src/apriltag_msgs) by extension 'ros'
[0.219s] DEBUG:colcon.colcon_core.package_identification:Package 'src/apriltag_msgs' with type 'ros.ament_cmake' and name 'apriltag_msgs'
[0.219s] Level 1:colcon.colcon_core.package_identification:_identify(src/apriltag_ros) by extensions ['ignore', 'ignore_ament_install']
[0.219s] Level 1:colcon.colcon_core.package_identification:_identify(src/apriltag_ros) by extension 'ignore'
[0.219s] Level 1:colcon.colcon_core.package_identification:_identify(src/apriltag_ros) by extension 'ignore_ament_install'
[0.219s] Level 1:colcon.colcon_core.package_identification:_identify(src/apriltag_ros) by extensions ['colcon_pkg']
[0.219s] Level 1:colcon.colcon_core.package_identification:_identify(src/apriltag_ros) by extension 'colcon_pkg'
[0.219s] Level 1:colcon.colcon_core.package_identification:_identify(src/apriltag_ros) by extensions ['colcon_meta']
[0.219s] Level 1:colcon.colcon_core.package_identification:_identify(src/apriltag_ros) by extension 'colcon_meta'
[0.219s] Level 1:colcon.colcon_core.package_identification:_identify(src/apriltag_ros) by extensions ['ros']
[0.219s] Level 1:colcon.colcon_core.package_identification:_identify(src/apriltag_ros) by extension 'ros'
[0.221s] DEBUG:colcon.colcon_core.package_identification:Package 'src/apriltag_ros' with type 'ros.ament_cmake' and name 'apriltag_ros'
[0.221s] Level 1:colcon.colcon_core.package_identification:_identify(src/auto_nav_pkg) by extensions ['ignore', 'ignore_ament_install']
[0.221s] Level 1:colcon.colcon_core.package_identification:_identify(src/auto_nav_pkg) by extension 'ignore'
[0.221s] Level 1:colcon.colcon_core.package_identification:_identify(src/auto_nav_pkg) by extension 'ignore_ament_install'
[0.221s] Level 1:colcon.colcon_core.package_identification:_identify(src/auto_nav_pkg) by extensions ['colcon_pkg']
[0.222s] Level 1:colcon.colcon_core.package_identification:_identify(src/auto_nav_pkg) by extension 'colcon_pkg'
[0.222s] Level 1:colcon.colcon_core.package_identification:_identify(src/auto_nav_pkg) by extensions ['colcon_meta']
[0.222s] Level 1:colcon.colcon_core.package_identification:_identify(src/auto_nav_pkg) by extension 'colcon_meta'
[0.222s] Level 1:colcon.colcon_core.package_identification:_identify(src/auto_nav_pkg) by extensions ['ros']
[0.222s] Level 1:colcon.colcon_core.package_identification:_identify(src/auto_nav_pkg) by extension 'ros'
[0.223s] DEBUG:colcon.colcon_core.package_identification:Package 'src/auto_nav_pkg' with type 'ros.ament_python' and name 'auto_nav_pkg'
[0.223s] Level 1:colcon.colcon_core.package_identification:_identify(src/livox_ros_driver2) by extensions ['ignore', 'ignore_ament_install']
[0.223s] Level 1:colcon.colcon_core.package_identification:_identify(src/livox_ros_driver2) by extension 'ignore'
[0.223s] Level 1:colcon.colcon_core.package_identification:_identify(src/livox_ros_driver2) by extension 'ignore_ament_install'
[0.223s] Level 1:colcon.colcon_core.package_identification:_identify(src/livox_ros_driver2) by extensions ['colcon_pkg']
[0.223s] Level 1:colcon.colcon_core.package_identification:_identify(src/livox_ros_driver2) by extension 'colcon_pkg'
[0.223s] Level 1:colcon.colcon_core.package_identification:_identify(src/livox_ros_driver2) by extensions ['colcon_meta']
[0.223s] Level 1:colcon.colcon_core.package_identification:_identify(src/livox_ros_driver2) by extension 'colcon_meta'
[0.223s] Level 1:colcon.colcon_core.package_identification:_identify(src/livox_ros_driver2) by extensions ['ros']
[0.223s] Level 1:colcon.colcon_core.package_identification:_identify(src/livox_ros_driver2) by extension 'ros'
[0.239s] DEBUG:colcon.colcon_core.package_identification:Package 'src/livox_ros_driver2' with type 'ros.ament_cmake' and name 'livox_ros_driver2'
[0.239s] Level 1:colcon.colcon_core.package_identification:_identify(src/point_lio_ros2) by extensions ['ignore', 'ignore_ament_install']
[0.239s] Level 1:colcon.colcon_core.package_identification:_identify(src/point_lio_ros2) by extension 'ignore'
[0.239s] Level 1:colcon.colcon_core.package_identification:_identify(src/point_lio_ros2) by extension 'ignore_ament_install'
[0.239s] Level 1:colcon.colcon_core.package_identification:_identify(src/point_lio_ros2) by extensions ['colcon_pkg']
[0.239s] Level 1:colcon.colcon_core.package_identification:_identify(src/point_lio_ros2) by extension 'colcon_pkg'
[0.239s] Level 1:colcon.colcon_core.package_identification:_identify(src/point_lio_ros2) by extensions ['colcon_meta']
[0.239s] Level 1:colcon.colcon_core.package_identification:_identify(src/point_lio_ros2) by extension 'colcon_meta'
[0.239s] Level 1:colcon.colcon_core.package_identification:_identify(src/point_lio_ros2) by extensions ['ros']
[0.239s] Level 1:colcon.colcon_core.package_identification:_identify(src/point_lio_ros2) by extension 'ros'
[0.240s] DEBUG:colcon.colcon_core.package_identification:Package 'src/point_lio_ros2' with type 'ros.ament_cmake' and name 'point_lio'
[0.240s] Level 1:colcon.colcon_core.package_identification:_identify(src/quadruped_step_mapper) by extensions ['ignore', 'ignore_ament_install']
[0.240s] Level 1:colcon.colcon_core.package_identification:_identify(src/quadruped_step_mapper) by extension 'ignore'
[0.240s] Level 1:colcon.colcon_core.package_identification:_identify(src/quadruped_step_mapper) by extension 'ignore_ament_install'
[0.240s] Level 1:colcon.colcon_core.package_identification:_identify(src/quadruped_step_mapper) by extensions ['colcon_pkg']
[0.240s] Level 1:colcon.colcon_core.package_identification:_identify(src/quadruped_step_mapper) by extension 'colcon_pkg'
[0.240s] Level 1:colcon.colcon_core.package_identification:_identify(src/quadruped_step_mapper) by extensions ['colcon_meta']
[0.240s] Level 1:colcon.colcon_core.package_identification:_identify(src/quadruped_step_mapper) by extension 'colcon_meta'
[0.240s] Level 1:colcon.colcon_core.package_identification:_identify(src/quadruped_step_mapper) by extensions ['ros']
[0.240s] Level 1:colcon.colcon_core.package_identification:_identify(src/quadruped_step_mapper) by extension 'ros'
[0.241s] DEBUG:colcon.colcon_core.package_identification:Package 'src/quadruped_step_mapper' with type 'ros.ament_cmake' and name 'quadruped_step_mapper'
[0.241s] Level 1:colcon.colcon_core.package_identification:_identify(src/realsense-ros) by extensions ['ignore', 'ignore_ament_install']
[0.241s] Level 1:colcon.colcon_core.package_identification:_identify(src/realsense-ros) by extension 'ignore'
[0.241s] Level 1:colcon.colcon_core.package_identification:_identify(src/realsense-ros) by extension 'ignore_ament_install'
[0.241s] Level 1:colcon.colcon_core.package_identification:_identify(src/realsense-ros) by extensions ['colcon_pkg']
[0.241s] Level 1:colcon.colcon_core.package_identification:_identify(src/realsense-ros) by extension 'colcon_pkg'
[0.241s] Level 1:colcon.colcon_core.package_identification:_identify(src/realsense-ros) by extensions ['colcon_meta']
[0.241s] Level 1:colcon.colcon_core.package_identification:_identify(src/realsense-ros) by extension 'colcon_meta'
[0.241s] Level 1:colcon.colcon_core.package_identification:_identify(src/realsense-ros) by extensions ['ros']
[0.242s] Level 1:colcon.colcon_core.package_identification:_identify(src/realsense-ros) by extension 'ros'
[0.242s] Level 1:colcon.colcon_core.package_identification:_identify(src/realsense-ros) by extensions ['cmake', 'python']
[0.242s] Level 1:colcon.colcon_core.package_identification:_identify(src/realsense-ros) by extension 'cmake'
[0.242s] Level 1:colcon.colcon_core.package_identification:_identify(src/realsense-ros) by extension 'python'
[0.242s] Level 1:colcon.colcon_core.package_identification:_identify(src/realsense-ros) by extensions ['python_setup_py']
[0.242s] Level 1:colcon.colcon_core.package_identification:_identify(src/realsense-ros) by extension 'python_setup_py'
[0.242s] Level 1:colcon.colcon_core.package_identification:_identify(src/realsense-ros/realsense2_camera) by extensions ['ignore', 'ignore_ament_install']
[0.242s] Level 1:colcon.colcon_core.package_identification:_identify(src/realsense-ros/realsense2_camera) by extension 'ignore'
[0.242s] Level 1:colcon.colcon_core.package_identification:_identify(src/realsense-ros/realsense2_camera) by extension 'ignore_ament_install'
[0.242s] Level 1:colcon.colcon_core.package_identification:_identify(src/realsense-ros/realsense2_camera) by extensions ['colcon_pkg']
[0.242s] Level 1:colcon.colcon_core.package_identification:_identify(src/realsense-ros/realsense2_camera) by extension 'colcon_pkg'
[0.242s] Level 1:colcon.colcon_core.package_identification:_identify(src/realsense-ros/realsense2_camera) by extensions ['colcon_meta']
[0.242s] Level 1:colcon.colcon_core.package_identification:_identify(src/realsense-ros/realsense2_camera) by extension 'colcon_meta'
[0.242s] Level 1:colcon.colcon_core.package_identification:_identify(src/realsense-ros/realsense2_camera) by extensions ['ros']
[0.242s] Level 1:colcon.colcon_core.package_identification:_identify(src/realsense-ros/realsense2_camera) by extension 'ros'
[0.243s] DEBUG:colcon.colcon_core.package_identification:Package 'src/realsense-ros/realsense2_camera' with type 'ros.ament_cmake' and name 'realsense2_camera'
[0.243s] Level 1:colcon.colcon_core.package_identification:_identify(src/realsense-ros/realsense2_camera_msgs) by extensions ['ignore', 'ignore_ament_install']
[0.243s] Level 1:colcon.colcon_core.package_identification:_identify(src/realsense-ros/realsense2_camera_msgs) by extension 'ignore'
[0.243s] Level 1:colcon.colcon_core.package_identification:_identify(src/realsense-ros/realsense2_camera_msgs) by extension 'ignore_ament_install'
[0.243s] Level 1:colcon.colcon_core.package_identification:_identify(src/realsense-ros/realsense2_camera_msgs) by extensions ['colcon_pkg']
[0.243s] Level 1:colcon.colcon_core.package_identification:_identify(src/realsense-ros/realsense2_camera_msgs) by extension 'colcon_pkg'
[0.243s] Level 1:colcon.colcon_core.package_identification:_identify(src/realsense-ros/realsense2_camera_msgs) by extensions ['colcon_meta']
[0.243s] Level 1:colcon.colcon_core.package_identification:_identify(src/realsense-ros/realsense2_camera_msgs) by extension 'colcon_meta'
[0.243s] Level 1:colcon.colcon_core.package_identification:_identify(src/realsense-ros/realsense2_camera_msgs) by extensions ['ros']
[0.244s] Level 1:colcon.colcon_core.package_identification:_identify(src/realsense-ros/realsense2_camera_msgs) by extension 'ros'
[0.244s] DEBUG:colcon.colcon_core.package_identification:Package 'src/realsense-ros/realsense2_camera_msgs' with type 'ros.ament_cmake' and name 'realsense2_camera_msgs'
[0.244s] Level 1:colcon.colcon_core.package_identification:_identify(src/realsense-ros/realsense2_description) by extensions ['ignore', 'ignore_ament_install']
[0.244s] Level 1:colcon.colcon_core.package_identification:_identify(src/realsense-ros/realsense2_description) by extension 'ignore'
[0.244s] Level 1:colcon.colcon_core.package_identification:_identify(src/realsense-ros/realsense2_description) by extension 'ignore_ament_install'
[0.244s] Level 1:colcon.colcon_core.package_identification:_identify(src/realsense-ros/realsense2_description) by extensions ['colcon_pkg']
[0.244s] Level 1:colcon.colcon_core.package_identification:_identify(src/realsense-ros/realsense2_description) by extension 'colcon_pkg'
[0.244s] Level 1:colcon.colcon_core.package_identification:_identify(src/realsense-ros/realsense2_description) by extensions ['colcon_meta']
[0.244s] Level 1:colcon.colcon_core.package_identification:_identify(src/realsense-ros/realsense2_description) by extension 'colcon_meta'
[0.244s] Level 1:colcon.colcon_core.package_identification:_identify(src/realsense-ros/realsense2_description) by extensions ['ros']
[0.244s] Level 1:colcon.colcon_core.package_identification:_identify(src/realsense-ros/realsense2_description) by extension 'ros'
[0.245s] DEBUG:colcon.colcon_core.package_identification:Package 'src/realsense-ros/realsense2_description' with type 'ros.ament_cmake' and name 'realsense2_description'
[0.245s] Level 1:colcon.colcon_core.package_identification:_identify(src/realsense-ros/scripts) by extensions ['ignore', 'ignore_ament_install']
[0.245s] Level 1:colcon.colcon_core.package_identification:_identify(src/realsense-ros/scripts) by extension 'ignore'
[0.245s] Level 1:colcon.colcon_core.package_identification:_identify(src/realsense-ros/scripts) by extension 'ignore_ament_install'
[0.245s] Level 1:colcon.colcon_core.package_identification:_identify(src/realsense-ros/scripts) by extensions ['colcon_pkg']
[0.245s] Level 1:colcon.colcon_core.package_identification:_identify(src/realsense-ros/scripts) by extension 'colcon_pkg'
[0.245s] Level 1:colcon.colcon_core.package_identification:_identify(src/realsense-ros/scripts) by extensions ['colcon_meta']
[0.245s] Level 1:colcon.colcon_core.package_identification:_identify(src/realsense-ros/scripts) by extension 'colcon_meta'
[0.245s] Level 1:colcon.colcon_core.package_identification:_identify(src/realsense-ros/scripts) by extensions ['ros']
[0.245s] Level 1:colcon.colcon_core.package_identification:_identify(src/realsense-ros/scripts) by extension 'ros'
[0.245s] Level 1:colcon.colcon_core.package_identification:_identify(src/realsense-ros/scripts) by extensions ['cmake', 'python']
[0.245s] Level 1:colcon.colcon_core.package_identification:_identify(src/realsense-ros/scripts) by extension 'cmake'
[0.245s] Level 1:colcon.colcon_core.package_identification:_identify(src/realsense-ros/scripts) by extension 'python'
[0.245s] Level 1:colcon.colcon_core.package_identification:_identify(src/realsense-ros/scripts) by extensions ['python_setup_py']
[0.245s] Level 1:colcon.colcon_core.package_identification:_identify(src/realsense-ros/scripts) by extension 'python_setup_py'
[0.245s] Level 1:colcon.colcon_core.package_identification:_identify(systemd) by extensions ['ignore', 'ignore_ament_install']
[0.245s] Level 1:colcon.colcon_core.package_identification:_identify(systemd) by extension 'ignore'
[0.245s] Level 1:colcon.colcon_core.package_identification:_identify(systemd) by extension 'ignore_ament_install'
[0.245s] Level 1:colcon.colcon_core.package_identification:_identify(systemd) by extensions ['colcon_pkg']
[0.246s] Level 1:colcon.colcon_core.package_identification:_identify(systemd) by extension 'colcon_pkg'
[0.246s] Level 1:colcon.colcon_core.package_identification:_identify(systemd) by extensions ['colcon_meta']
[0.246s] Level 1:colcon.colcon_core.package_identification:_identify(systemd) by extension 'colcon_meta'
[0.246s] Level 1:colcon.colcon_core.package_identification:_identify(systemd) by extensions ['ros']
[0.246s] Level 1:colcon.colcon_core.package_identification:_identify(systemd) by extension 'ros'
[0.246s] Level 1:colcon.colcon_core.package_identification:_identify(systemd) by extensions ['cmake', 'python']
[0.246s] Level 1:colcon.colcon_core.package_identification:_identify(systemd) by extension 'cmake'
[0.246s] Level 1:colcon.colcon_core.package_identification:_identify(systemd) by extension 'python'
[0.246s] Level 1:colcon.colcon_core.package_identification:_identify(systemd) by extensions ['python_setup_py']
[0.246s] Level 1:colcon.colcon_core.package_identification:_identify(systemd) by extension 'python_setup_py'
[0.246s] Level 1:colcon.colcon_core.package_discovery:discover_packages(recursive) using defaults
[0.246s] Level 1:colcon.colcon_core.package_discovery:discover_packages(ignore) discover
[0.246s] Level 1:colcon.colcon_core.package_discovery:discover_packages(ignore) using defaults
[0.246s] Level 1:colcon.colcon_core.package_discovery:discover_packages(path) discover
[0.246s] Level 1:colcon.colcon_core.package_discovery:discover_packages(path) using defaults
[0.263s] Level 1:colcon.colcon_core.package_discovery:discover_packages(prefix_path) check parameters
[0.263s] Level 1:colcon.colcon_core.package_discovery:discover_packages(prefix_path) discover
[0.265s] DEBUG:colcon.colcon_installed_package_information.package_discovery:Found 318 installed packages in /opt/ros/humble
[0.267s] Level 1:colcon.colcon_core.package_discovery:discover_packages(prefix_path) using defaults
[0.296s] Level 5:colcon.colcon_core.verb:set package 'apriltag_msgs' build argument 'cmake_args' from command line to 'None'
[0.296s] Level 5:colcon.colcon_core.verb:set package 'apriltag_msgs' build argument 'cmake_target' from command line to 'None'
[0.296s] Level 5:colcon.colcon_core.verb:set package 'apriltag_msgs' build argument 'cmake_target_skip_unavailable' from command line to 'False'
[0.296s] Level 5:colcon.colcon_core.verb:set package 'apriltag_msgs' build argument 'cmake_clean_cache' from command line to 'False'
[0.296s] Level 5:colcon.colcon_core.verb:set package 'apriltag_msgs' build argument 'cmake_clean_first' from command line to 'False'
[0.296s] Level 5:colcon.colcon_core.verb:set package 'apriltag_msgs' build argument 'cmake_force_configure' from command line to 'False'
[0.296s] Level 5:colcon.colcon_core.verb:set package 'apriltag_msgs' build argument 'ament_cmake_args' from command line to 'None'
[0.296s] Level 5:colcon.colcon_core.verb:set package 'apriltag_msgs' build argument 'catkin_cmake_args' from command line to 'None'
[0.296s] Level 5:colcon.colcon_core.verb:set package 'apriltag_msgs' build argument 'catkin_skip_building_tests' from command line to 'False'
[0.296s] DEBUG:colcon.colcon_core.verb:Building package 'apriltag_msgs' with the following arguments: {'ament_cmake_args': None, 'build_base': '/home/gouzi/obstacle_race_src/build/apriltag_msgs', 'catkin_cmake_args': None, 'catkin_skip_building_tests': False, 'cmake_args': None, 'cmake_clean_cache': False, 'cmake_clean_first': False, 'cmake_force_configure': False, 'cmake_target': None, 'cmake_target_skip_unavailable': False, 'install_base': '/home/gouzi/obstacle_race_src/install/apriltag_msgs', 'merge_install': False, 'path': '/home/gouzi/obstacle_race_src/src/apriltag_msgs', 'symlink_install': False, 'test_result_base': None}
[0.296s] Level 5:colcon.colcon_core.verb:set package 'livox_ros_driver2' build argument 'cmake_args' from command line to 'None'
[0.296s] Level 5:colcon.colcon_core.verb:set package 'livox_ros_driver2' build argument 'cmake_target' from command line to 'None'
[0.297s] Level 5:colcon.colcon_core.verb:set package 'livox_ros_driver2' build argument 'cmake_target_skip_unavailable' from command line to 'False'
[0.297s] Level 5:colcon.colcon_core.verb:set package 'livox_ros_driver2' build argument 'cmake_clean_cache' from command line to 'False'
[0.297s] Level 5:colcon.colcon_core.verb:set package 'livox_ros_driver2' build argument 'cmake_clean_first' from command line to 'False'
[0.297s] Level 5:colcon.colcon_core.verb:set package 'livox_ros_driver2' build argument 'cmake_force_configure' from command line to 'False'
[0.297s] Level 5:colcon.colcon_core.verb:set package 'livox_ros_driver2' build argument 'ament_cmake_args' from command line to 'None'
[0.297s] Level 5:colcon.colcon_core.verb:set package 'livox_ros_driver2' build argument 'catkin_cmake_args' from command line to 'None'
[0.297s] Level 5:colcon.colcon_core.verb:set package 'livox_ros_driver2' build argument 'catkin_skip_building_tests' from command line to 'False'
[0.297s] DEBUG:colcon.colcon_core.verb:Building package 'livox_ros_driver2' with the following arguments: {'ament_cmake_args': None, 'build_base': '/home/gouzi/obstacle_race_src/build/livox_ros_driver2', 'catkin_cmake_args': None, 'catkin_skip_building_tests': False, 'cmake_args': None, 'cmake_clean_cache': False, 'cmake_clean_first': False, 'cmake_force_configure': False, 'cmake_target': None, 'cmake_target_skip_unavailable': False, 'install_base': '/home/gouzi/obstacle_race_src/install/livox_ros_driver2', 'merge_install': False, 'path': '/home/gouzi/obstacle_race_src/src/livox_ros_driver2', 'symlink_install': False, 'test_result_base': None}
[0.297s] Level 5:colcon.colcon_core.verb:set package 'point_lio' build argument 'cmake_args' from command line to 'None'
[0.297s] Level 5:colcon.colcon_core.verb:set package 'point_lio' build argument 'cmake_target' from command line to 'None'
[0.297s] Level 5:colcon.colcon_core.verb:set package 'point_lio' build argument 'cmake_target_skip_unavailable' from command line to 'False'
[0.297s] Level 5:colcon.colcon_core.verb:set package 'point_lio' build argument 'cmake_clean_cache' from command line to 'False'
[0.297s] Level 5:colcon.colcon_core.verb:set package 'point_lio' build argument 'cmake_clean_first' from command line to 'False'
[0.297s] Level 5:colcon.colcon_core.verb:set package 'point_lio' build argument 'cmake_force_configure' from command line to 'False'
[0.297s] Level 5:colcon.colcon_core.verb:set package 'point_lio' build argument 'ament_cmake_args' from command line to 'None'
[0.297s] Level 5:colcon.colcon_core.verb:set package 'point_lio' build argument 'catkin_cmake_args' from command line to 'None'
[0.297s] Level 5:colcon.colcon_core.verb:set package 'point_lio' build argument 'catkin_skip_building_tests' from command line to 'False'
[0.297s] DEBUG:colcon.colcon_core.verb:Building package 'point_lio' with the following arguments: {'ament_cmake_args': None, 'build_base': '/home/gouzi/obstacle_race_src/build/point_lio', 'catkin_cmake_args': None, 'catkin_skip_building_tests': False, 'cmake_args': None, 'cmake_clean_cache': False, 'cmake_clean_first': False, 'cmake_force_configure': False, 'cmake_target': None, 'cmake_target_skip_unavailable': False, 'install_base': '/home/gouzi/obstacle_race_src/install/point_lio', 'merge_install': False, 'path': '/home/gouzi/obstacle_race_src/src/point_lio_ros2', 'symlink_install': False, 'test_result_base': None}
[0.297s] Level 5:colcon.colcon_core.verb:set package 'quadruped_step_mapper' build argument 'cmake_args' from command line to 'None'
[0.297s] Level 5:colcon.colcon_core.verb:set package 'quadruped_step_mapper' build argument 'cmake_target' from command line to 'None'
[0.297s] Level 5:colcon.colcon_core.verb:set package 'quadruped_step_mapper' build argument 'cmake_target_skip_unavailable' from command line to 'False'
[0.297s] Level 5:colcon.colcon_core.verb:set package 'quadruped_step_mapper' build argument 'cmake_clean_cache' from command line to 'False'
[0.297s] Level 5:colcon.colcon_core.verb:set package 'quadruped_step_mapper' build argument 'cmake_clean_first' from command line to 'False'
[0.297s] Level 5:colcon.colcon_core.verb:set package 'quadruped_step_mapper' build argument 'cmake_force_configure' from command line to 'False'
[0.297s] Level 5:colcon.colcon_core.verb:set package 'quadruped_step_mapper' build argument 'ament_cmake_args' from command line to 'None'
[0.297s] Level 5:colcon.colcon_core.verb:set package 'quadruped_step_mapper' build argument 'catkin_cmake_args' from command line to 'None'
[0.297s] Level 5:colcon.colcon_core.verb:set package 'quadruped_step_mapper' build argument 'catkin_skip_building_tests' from command line to 'False'
[0.297s] DEBUG:colcon.colcon_core.verb:Building package 'quadruped_step_mapper' with the following arguments: {'ament_cmake_args': None, 'build_base': '/home/gouzi/obstacle_race_src/build/quadruped_step_mapper', 'catkin_cmake_args': None, 'catkin_skip_building_tests': False, 'cmake_args': None, 'cmake_clean_cache': False, 'cmake_clean_first': False, 'cmake_force_configure': False, 'cmake_target': None, 'cmake_target_skip_unavailable': False, 'install_base': '/home/gouzi/obstacle_race_src/install/quadruped_step_mapper', 'merge_install': False, 'path': '/home/gouzi/obstacle_race_src/src/quadruped_step_mapper', 'symlink_install': False, 'test_result_base': None}
[0.298s] Level 5:colcon.colcon_core.verb:set package 'realsense2_camera_msgs' build argument 'cmake_args' from command line to 'None'
[0.298s] Level 5:colcon.colcon_core.verb:set package 'realsense2_camera_msgs' build argument 'cmake_target' from command line to 'None'
[0.298s] Level 5:colcon.colcon_core.verb:set package 'realsense2_camera_msgs' build argument 'cmake_target_skip_unavailable' from command line to 'False'
[0.298s] Level 5:colcon.colcon_core.verb:set package 'realsense2_camera_msgs' build argument 'cmake_clean_cache' from command line to 'False'
[0.298s] Level 5:colcon.colcon_core.verb:set package 'realsense2_camera_msgs' build argument 'cmake_clean_first' from command line to 'False'
[0.298s] Level 5:colcon.colcon_core.verb:set package 'realsense2_camera_msgs' build argument 'cmake_force_configure' from command line to 'False'
[0.298s] Level 5:colcon.colcon_core.verb:set package 'realsense2_camera_msgs' build argument 'ament_cmake_args' from command line to 'None'
[0.298s] Level 5:colcon.colcon_core.verb:set package 'realsense2_camera_msgs' build argument 'catkin_cmake_args' from command line to 'None'
[0.298s] Level 5:colcon.colcon_core.verb:set package 'realsense2_camera_msgs' build argument 'catkin_skip_building_tests' from command line to 'False'
[0.298s] DEBUG:colcon.colcon_core.verb:Building package 'realsense2_camera_msgs' with the following arguments: {'ament_cmake_args': None, 'build_base': '/home/gouzi/obstacle_race_src/build/realsense2_camera_msgs', 'catkin_cmake_args': None, 'catkin_skip_building_tests': False, 'cmake_args': None, 'cmake_clean_cache': False, 'cmake_clean_first': False, 'cmake_force_configure': False, 'cmake_target': None, 'cmake_target_skip_unavailable': False, 'install_base': '/home/gouzi/obstacle_race_src/install/realsense2_camera_msgs', 'merge_install': False, 'path': '/home/gouzi/obstacle_race_src/src/realsense-ros/realsense2_camera_msgs', 'symlink_install': False, 'test_result_base': None}
[0.298s] Level 5:colcon.colcon_core.verb:set package 'apriltag_ros' build argument 'cmake_args' from command line to 'None'
[0.298s] Level 5:colcon.colcon_core.verb:set package 'apriltag_ros' build argument 'cmake_target' from command line to 'None'
[0.298s] Level 5:colcon.colcon_core.verb:set package 'apriltag_ros' build argument 'cmake_target_skip_unavailable' from command line to 'False'
[0.298s] Level 5:colcon.colcon_core.verb:set package 'apriltag_ros' build argument 'cmake_clean_cache' from command line to 'False'
[0.298s] Level 5:colcon.colcon_core.verb:set package 'apriltag_ros' build argument 'cmake_clean_first' from command line to 'False'
[0.298s] Level 5:colcon.colcon_core.verb:set package 'apriltag_ros' build argument 'cmake_force_configure' from command line to 'False'
[0.298s] Level 5:colcon.colcon_core.verb:set package 'apriltag_ros' build argument 'ament_cmake_args' from command line to 'None'
[0.298s] Level 5:colcon.colcon_core.verb:set package 'apriltag_ros' build argument 'catkin_cmake_args' from command line to 'None'
[0.298s] Level 5:colcon.colcon_core.verb:set package 'apriltag_ros' build argument 'catkin_skip_building_tests' from command line to 'False'
[0.298s] DEBUG:colcon.colcon_core.verb:Building package 'apriltag_ros' with the following arguments: {'ament_cmake_args': None, 'build_base': '/home/gouzi/obstacle_race_src/build/apriltag_ros', 'catkin_cmake_args': None, 'catkin_skip_building_tests': False, 'cmake_args': None, 'cmake_clean_cache': False, 'cmake_clean_first': False, 'cmake_force_configure': False, 'cmake_target': None, 'cmake_target_skip_unavailable': False, 'install_base': '/home/gouzi/obstacle_race_src/install/apriltag_ros', 'merge_install': False, 'path': '/home/gouzi/obstacle_race_src/src/apriltag_ros', 'symlink_install': False, 'test_result_base': None}
[0.298s] Level 5:colcon.colcon_core.verb:set package 'realsense2_camera' build argument 'cmake_args' from command line to 'None'
[0.298s] Level 5:colcon.colcon_core.verb:set package 'realsense2_camera' build argument 'cmake_target' from command line to 'None'
[0.298s] Level 5:colcon.colcon_core.verb:set package 'realsense2_camera' build argument 'cmake_target_skip_unavailable' from command line to 'False'
[0.298s] Level 5:colcon.colcon_core.verb:set package 'realsense2_camera' build argument 'cmake_clean_cache' from command line to 'False'
[0.299s] Level 5:colcon.colcon_core.verb:set package 'realsense2_camera' build argument 'cmake_clean_first' from command line to 'False'
[0.299s] Level 5:colcon.colcon_core.verb:set package 'realsense2_camera' build argument 'cmake_force_configure' from command line to 'False'
[0.299s] Level 5:colcon.colcon_core.verb:set package 'realsense2_camera' build argument 'ament_cmake_args' from command line to 'None'
[0.299s] Level 5:colcon.colcon_core.verb:set package 'realsense2_camera' build argument 'catkin_cmake_args' from command line to 'None'
[0.299s] Level 5:colcon.colcon_core.verb:set package 'realsense2_camera' build argument 'catkin_skip_building_tests' from command line to 'False'
[0.299s] DEBUG:colcon.colcon_core.verb:Building package 'realsense2_camera' with the following arguments: {'ament_cmake_args': None, 'build_base': '/home/gouzi/obstacle_race_src/build/realsense2_camera', 'catkin_cmake_args': None, 'catkin_skip_building_tests': False, 'cmake_args': None, 'cmake_clean_cache': False, 'cmake_clean_first': False, 'cmake_force_configure': False, 'cmake_target': None, 'cmake_target_skip_unavailable': False, 'install_base': '/home/gouzi/obstacle_race_src/install/realsense2_camera', 'merge_install': False, 'path': '/home/gouzi/obstacle_race_src/src/realsense-ros/realsense2_camera', 'symlink_install': False, 'test_result_base': None}
[0.299s] Level 5:colcon.colcon_core.verb:set package 'realsense2_description' build argument 'cmake_args' from command line to 'None'
[0.299s] Level 5:colcon.colcon_core.verb:set package 'realsense2_description' build argument 'cmake_target' from command line to 'None'
[0.299s] Level 5:colcon.colcon_core.verb:set package 'realsense2_description' build argument 'cmake_target_skip_unavailable' from command line to 'False'
[0.299s] Level 5:colcon.colcon_core.verb:set package 'realsense2_description' build argument 'cmake_clean_cache' from command line to 'False'
[0.299s] Level 5:colcon.colcon_core.verb:set package 'realsense2_description' build argument 'cmake_clean_first' from command line to 'False'
[0.299s] Level 5:colcon.colcon_core.verb:set package 'realsense2_description' build argument 'cmake_force_configure' from command line to 'False'
[0.299s] Level 5:colcon.colcon_core.verb:set package 'realsense2_description' build argument 'ament_cmake_args' from command line to 'None'
[0.299s] Level 5:colcon.colcon_core.verb:set package 'realsense2_description' build argument 'catkin_cmake_args' from command line to 'None'
[0.299s] Level 5:colcon.colcon_core.verb:set package 'realsense2_description' build argument 'catkin_skip_building_tests' from command line to 'False'
[0.299s] DEBUG:colcon.colcon_core.verb:Building package 'realsense2_description' with the following arguments: {'ament_cmake_args': None, 'build_base': '/home/gouzi/obstacle_race_src/build/realsense2_description', 'catkin_cmake_args': None, 'catkin_skip_building_tests': False, 'cmake_args': None, 'cmake_clean_cache': False, 'cmake_clean_first': False, 'cmake_force_configure': False, 'cmake_target': None, 'cmake_target_skip_unavailable': False, 'install_base': '/home/gouzi/obstacle_race_src/install/realsense2_description', 'merge_install': False, 'path': '/home/gouzi/obstacle_race_src/src/realsense-ros/realsense2_description', 'symlink_install': False, 'test_result_base': None}
[0.299s] Level 5:colcon.colcon_core.verb:set package 'auto_nav_pkg' build argument 'cmake_args' from command line to 'None'
[0.299s] Level 5:colcon.colcon_core.verb:set package 'auto_nav_pkg' build argument 'cmake_target' from command line to 'None'
[0.299s] Level 5:colcon.colcon_core.verb:set package 'auto_nav_pkg' build argument 'cmake_target_skip_unavailable' from command line to 'False'
[0.299s] Level 5:colcon.colcon_core.verb:set package 'auto_nav_pkg' build argument 'cmake_clean_cache' from command line to 'False'
[0.299s] Level 5:colcon.colcon_core.verb:set package 'auto_nav_pkg' build argument 'cmake_clean_first' from command line to 'False'
[0.299s] Level 5:colcon.colcon_core.verb:set package 'auto_nav_pkg' build argument 'cmake_force_configure' from command line to 'False'
[0.299s] Level 5:colcon.colcon_core.verb:set package 'auto_nav_pkg' build argument 'ament_cmake_args' from command line to 'None'
[0.299s] Level 5:colcon.colcon_core.verb:set package 'auto_nav_pkg' build argument 'catkin_cmake_args' from command line to 'None'
[0.299s] Level 5:colcon.colcon_core.verb:set package 'auto_nav_pkg' build argument 'catkin_skip_building_tests' from command line to 'False'
[0.299s] DEBUG:colcon.colcon_core.verb:Building package 'auto_nav_pkg' with the following arguments: {'ament_cmake_args': None, 'build_base': '/home/gouzi/obstacle_race_src/build/auto_nav_pkg', 'catkin_cmake_args': None, 'catkin_skip_building_tests': False, 'cmake_args': None, 'cmake_clean_cache': False, 'cmake_clean_first': False, 'cmake_force_configure': False, 'cmake_target': None, 'cmake_target_skip_unavailable': False, 'install_base': '/home/gouzi/obstacle_race_src/install/auto_nav_pkg', 'merge_install': False, 'path': '/home/gouzi/obstacle_race_src/src/auto_nav_pkg', 'symlink_install': False, 'test_result_base': None}
[0.299s] INFO:colcon.colcon_core.executor:Executing jobs using 'parallel' executor
[0.300s] DEBUG:colcon.colcon_parallel_executor.executor.parallel:run_until_complete
[0.301s] INFO:colcon.colcon_ros.task.ament_cmake.build:Building ROS package in '/home/gouzi/obstacle_race_src/src/realsense-ros/realsense2_camera_msgs' with build type 'ament_cmake'
[0.301s] INFO:colcon.colcon_cmake.task.cmake.build:Building CMake package in '/home/gouzi/obstacle_race_src/src/realsense-ros/realsense2_camera_msgs'
[0.304s] INFO:colcon.colcon_core.plugin_system:Skipping extension 'colcon_core.shell.bat': Not used on non-Windows systems
[0.304s] INFO:colcon.colcon_core.shell:Skip shell extension 'powershell' for command environment: Not usable outside of PowerShell
[0.304s] DEBUG:colcon.colcon_core.shell:Skip shell extension 'dsv' for command environment
[0.307s] INFO:colcon.colcon_ros.task.ament_cmake.build:Building ROS package in '/home/gouzi/obstacle_race_src/src/apriltag_msgs' with build type 'ament_cmake'
[0.307s] INFO:colcon.colcon_cmake.task.cmake.build:Building CMake package in '/home/gouzi/obstacle_race_src/src/apriltag_msgs'
[0.307s] INFO:colcon.colcon_core.shell:Skip shell extension 'powershell' for command environment: Not usable outside of PowerShell
[0.307s] DEBUG:colcon.colcon_core.shell:Skip shell extension 'dsv' for command environment
[0.309s] INFO:colcon.colcon_ros.task.ament_cmake.build:Building ROS package in '/home/gouzi/obstacle_race_src/src/livox_ros_driver2' with build type 'ament_cmake'
[0.309s] INFO:colcon.colcon_cmake.task.cmake.build:Building CMake package in '/home/gouzi/obstacle_race_src/src/livox_ros_driver2'
[0.309s] INFO:colcon.colcon_core.shell:Skip shell extension 'powershell' for command environment: Not usable outside of PowerShell
[0.309s] DEBUG:colcon.colcon_core.shell:Skip shell extension 'dsv' for command environment
[0.312s] INFO:colcon.colcon_ros.task.ament_cmake.build:Building ROS package in '/home/gouzi/obstacle_race_src/src/point_lio_ros2' with build type 'ament_cmake'
[0.312s] INFO:colcon.colcon_cmake.task.cmake.build:Building CMake package in '/home/gouzi/obstacle_race_src/src/point_lio_ros2'
[0.312s] INFO:colcon.colcon_core.shell:Skip shell extension 'powershell' for command environment: Not usable outside of PowerShell
[0.312s] DEBUG:colcon.colcon_core.shell:Skip shell extension 'dsv' for command environment
[0.315s] INFO:colcon.colcon_ros.task.ament_cmake.build:Building ROS package in '/home/gouzi/obstacle_race_src/src/quadruped_step_mapper' with build type 'ament_cmake'
[0.315s] INFO:colcon.colcon_cmake.task.cmake.build:Building CMake package in '/home/gouzi/obstacle_race_src/src/quadruped_step_mapper'
[0.316s] INFO:colcon.colcon_core.shell:Skip shell extension 'powershell' for command environment: Not usable outside of PowerShell
[0.316s] DEBUG:colcon.colcon_core.shell:Skip shell extension 'dsv' for command environment
[0.321s] DEBUG:colcon.colcon_core.event_handler.log_command:Invoking command in '/home/gouzi/obstacle_race_src/build/realsense2_camera_msgs': CMAKE_PREFIX_PATH=/opt/ros/humble /usr/bin/cmake --build /home/gouzi/obstacle_race_src/build/realsense2_camera_msgs -- -j8 -l8
[0.325s] DEBUG:colcon.colcon_core.event_handler.log_command:Invoking command in '/home/gouzi/obstacle_race_src/build/apriltag_msgs': CMAKE_PREFIX_PATH=/opt/ros/humble /usr/bin/cmake --build /home/gouzi/obstacle_race_src/build/apriltag_msgs -- -j8 -l8
[0.330s] DEBUG:colcon.colcon_core.event_handler.log_command:Invoking command in '/home/gouzi/obstacle_race_src/build/livox_ros_driver2': CMAKE_PREFIX_PATH=/opt/ros/humble /usr/bin/cmake --build /home/gouzi/obstacle_race_src/build/livox_ros_driver2 -- -j8 -l8
[0.339s] DEBUG:colcon.colcon_core.event_handler.log_command:Invoking command in '/home/gouzi/obstacle_race_src/build/point_lio': CMAKE_PREFIX_PATH=/opt/ros/humble /usr/bin/cmake --build /home/gouzi/obstacle_race_src/build/point_lio -- -j8 -l8
[0.342s] DEBUG:colcon.colcon_core.event_handler.log_command:Invoking command in '/home/gouzi/obstacle_race_src/build/quadruped_step_mapper': CMAKE_PREFIX_PATH=/opt/ros/humble /usr/bin/cmake --build /home/gouzi/obstacle_race_src/build/quadruped_step_mapper -- -j8 -l8
[0.510s] DEBUG:colcon.colcon_core.event_handler.log_command:Invoked command in '/home/gouzi/obstacle_race_src/build/quadruped_step_mapper' returned '0': CMAKE_PREFIX_PATH=/opt/ros/humble /usr/bin/cmake --build /home/gouzi/obstacle_race_src/build/quadruped_step_mapper -- -j8 -l8
[0.525s] DEBUG:colcon.colcon_core.event_handler.log_command:Invoking command in '/home/gouzi/obstacle_race_src/build/quadruped_step_mapper': CMAKE_PREFIX_PATH=/opt/ros/humble /usr/bin/cmake --install /home/gouzi/obstacle_race_src/build/quadruped_step_mapper
[0.548s] Level 1:colcon.colcon_core.environment:create_environment_scripts_only(quadruped_step_mapper)
[0.548s] DEBUG:colcon.colcon_core.event_handler.log_command:Invoked command in '/home/gouzi/obstacle_race_src/build/quadruped_step_mapper' returned '0': CMAKE_PREFIX_PATH=/opt/ros/humble /usr/bin/cmake --install /home/gouzi/obstacle_race_src/build/quadruped_step_mapper
[0.551s] Level 1:colcon.colcon_core.environment:checking '/home/gouzi/obstacle_race_src/install/quadruped_step_mapper' for CMake module files
[0.552s] Level 1:colcon.colcon_core.environment:checking '/home/gouzi/obstacle_race_src/install/quadruped_step_mapper' for CMake config files
[0.552s] Level 1:colcon.colcon_core.shell:create_environment_hook('quadruped_step_mapper', 'cmake_prefix_path')
[0.552s] INFO:colcon.colcon_core.shell:Creating environment hook '/home/gouzi/obstacle_race_src/install/quadruped_step_mapper/share/quadruped_step_mapper/hook/cmake_prefix_path.ps1'
[0.553s] INFO:colcon.colcon_core.shell:Creating environment descriptor '/home/gouzi/obstacle_race_src/install/quadruped_step_mapper/share/quadruped_step_mapper/hook/cmake_prefix_path.dsv'
[0.554s] INFO:colcon.colcon_core.shell:Creating environment hook '/home/gouzi/obstacle_race_src/install/quadruped_step_mapper/share/quadruped_step_mapper/hook/cmake_prefix_path.sh'
[0.556s] Level 1:colcon.colcon_core.environment:checking '/home/gouzi/obstacle_race_src/install/quadruped_step_mapper/lib'
[0.557s] Level 1:colcon.colcon_core.environment:checking '/home/gouzi/obstacle_race_src/install/quadruped_step_mapper/bin'
[0.557s] Level 1:colcon.colcon_core.environment:checking '/home/gouzi/obstacle_race_src/install/quadruped_step_mapper/lib/pkgconfig/quadruped_step_mapper.pc'
[0.557s] Level 1:colcon.colcon_core.environment:checking '/home/gouzi/obstacle_race_src/install/quadruped_step_mapper/lib/python3.10/site-packages'
[0.558s] Level 1:colcon.colcon_core.environment:checking '/home/gouzi/obstacle_race_src/install/quadruped_step_mapper/bin'
[0.558s] INFO:colcon.colcon_core.shell:Creating package script '/home/gouzi/obstacle_race_src/install/quadruped_step_mapper/share/quadruped_step_mapper/package.ps1'
[0.561s] INFO:colcon.colcon_core.shell:Creating package descriptor '/home/gouzi/obstacle_race_src/install/quadruped_step_mapper/share/quadruped_step_mapper/package.dsv'
[0.562s] INFO:colcon.colcon_core.shell:Creating package script '/home/gouzi/obstacle_race_src/install/quadruped_step_mapper/share/quadruped_step_mapper/package.sh'
[0.563s] INFO:colcon.colcon_core.shell:Creating package script '/home/gouzi/obstacle_race_src/install/quadruped_step_mapper/share/quadruped_step_mapper/package.bash'
[0.565s] INFO:colcon.colcon_core.shell:Creating package script '/home/gouzi/obstacle_race_src/install/quadruped_step_mapper/share/quadruped_step_mapper/package.zsh'
[0.566s] Level 1:colcon.colcon_core.environment:create_file_with_runtime_dependencies(/home/gouzi/obstacle_race_src/install/quadruped_step_mapper/share/colcon-core/packages/quadruped_step_mapper)
[0.567s] Level 1:colcon.colcon_core.environment:create_environment_scripts_only(quadruped_step_mapper)
[0.567s] Level 1:colcon.colcon_core.environment:checking '/home/gouzi/obstacle_race_src/install/quadruped_step_mapper' for CMake module files
[0.568s] Level 1:colcon.colcon_core.environment:checking '/home/gouzi/obstacle_race_src/install/quadruped_step_mapper' for CMake config files
[0.568s] Level 1:colcon.colcon_core.shell:create_environment_hook('quadruped_step_mapper', 'cmake_prefix_path')
[0.568s] INFO:colcon.colcon_core.shell:Creating environment hook '/home/gouzi/obstacle_race_src/install/quadruped_step_mapper/share/quadruped_step_mapper/hook/cmake_prefix_path.ps1'
[0.569s] INFO:colcon.colcon_core.shell:Creating environment descriptor '/home/gouzi/obstacle_race_src/install/quadruped_step_mapper/share/quadruped_step_mapper/hook/cmake_prefix_path.dsv'
[0.569s] INFO:colcon.colcon_core.shell:Creating environment hook '/home/gouzi/obstacle_race_src/install/quadruped_step_mapper/share/quadruped_step_mapper/hook/cmake_prefix_path.sh'
[0.570s] Level 1:colcon.colcon_core.environment:checking '/home/gouzi/obstacle_race_src/install/quadruped_step_mapper/lib'
[0.570s] Level 1:colcon.colcon_core.environment:checking '/home/gouzi/obstacle_race_src/install/quadruped_step_mapper/bin'
[0.570s] Level 1:colcon.colcon_core.environment:checking '/home/gouzi/obstacle_race_src/install/quadruped_step_mapper/lib/pkgconfig/quadruped_step_mapper.pc'
[0.570s] Level 1:colcon.colcon_core.environment:checking '/home/gouzi/obstacle_race_src/install/quadruped_step_mapper/lib/python3.10/site-packages'
[0.571s] Level 1:colcon.colcon_core.environment:checking '/home/gouzi/obstacle_race_src/install/quadruped_step_mapper/bin'
[0.571s] INFO:colcon.colcon_core.shell:Creating package script '/home/gouzi/obstacle_race_src/install/quadruped_step_mapper/share/quadruped_step_mapper/package.ps1'
[0.572s] INFO:colcon.colcon_core.shell:Creating package descriptor '/home/gouzi/obstacle_race_src/install/quadruped_step_mapper/share/quadruped_step_mapper/package.dsv'
[0.572s] INFO:colcon.colcon_core.shell:Creating package script '/home/gouzi/obstacle_race_src/install/quadruped_step_mapper/share/quadruped_step_mapper/package.sh'
[0.573s] INFO:colcon.colcon_core.shell:Creating package script '/home/gouzi/obstacle_race_src/install/quadruped_step_mapper/share/quadruped_step_mapper/package.bash'
[0.574s] INFO:colcon.colcon_core.shell:Creating package script '/home/gouzi/obstacle_race_src/install/quadruped_step_mapper/share/quadruped_step_mapper/package.zsh'
[0.574s] Level 1:colcon.colcon_core.environment:create_file_with_runtime_dependencies(/home/gouzi/obstacle_race_src/install/quadruped_step_mapper/share/colcon-core/packages/quadruped_step_mapper)
[0.594s] DEBUG:colcon.colcon_core.event_handler.log_command:Invoked command in '/home/gouzi/obstacle_race_src/build/point_lio' returned '0': CMAKE_PREFIX_PATH=/opt/ros/humble /usr/bin/cmake --build /home/gouzi/obstacle_race_src/build/point_lio -- -j8 -l8
[0.600s] DEBUG:colcon.colcon_core.event_handler.log_command:Invoking command in '/home/gouzi/obstacle_race_src/build/point_lio': CMAKE_PREFIX_PATH=/opt/ros/humble /usr/bin/cmake --install /home/gouzi/obstacle_race_src/build/point_lio
[0.625s] Level 1:colcon.colcon_core.environment:create_environment_scripts_only(point_lio)
[0.626s] Level 1:colcon.colcon_core.environment:checking '/home/gouzi/obstacle_race_src/install/point_lio' for CMake module files
[0.627s] DEBUG:colcon.colcon_core.event_handler.log_command:Invoked command in '/home/gouzi/obstacle_race_src/build/point_lio' returned '0': CMAKE_PREFIX_PATH=/opt/ros/humble /usr/bin/cmake --install /home/gouzi/obstacle_race_src/build/point_lio
[0.630s] Level 1:colcon.colcon_core.environment:checking '/home/gouzi/obstacle_race_src/install/point_lio' for CMake config files
[0.631s] Level 1:colcon.colcon_core.shell:create_environment_hook('point_lio', 'cmake_prefix_path')
[0.631s] INFO:colcon.colcon_core.shell:Creating environment hook '/home/gouzi/obstacle_race_src/install/point_lio/share/point_lio/hook/cmake_prefix_path.ps1'
[0.632s] INFO:colcon.colcon_core.shell:Creating environment descriptor '/home/gouzi/obstacle_race_src/install/point_lio/share/point_lio/hook/cmake_prefix_path.dsv'
[0.634s] INFO:colcon.colcon_core.shell:Creating environment hook '/home/gouzi/obstacle_race_src/install/point_lio/share/point_lio/hook/cmake_prefix_path.sh'
[0.636s] Level 1:colcon.colcon_core.environment:checking '/home/gouzi/obstacle_race_src/install/point_lio/lib'
[0.637s] Level 1:colcon.colcon_core.environment:checking '/home/gouzi/obstacle_race_src/install/point_lio/bin'
[0.637s] Level 1:colcon.colcon_core.environment:checking '/home/gouzi/obstacle_race_src/install/point_lio/lib/pkgconfig/point_lio.pc'
[0.637s] Level 1:colcon.colcon_core.environment:checking '/home/gouzi/obstacle_race_src/install/point_lio/lib/python3.10/site-packages'
[0.641s] Level 1:colcon.colcon_core.environment:checking '/home/gouzi/obstacle_race_src/install/point_lio/bin'
[0.642s] INFO:colcon.colcon_core.shell:Creating package script '/home/gouzi/obstacle_race_src/install/point_lio/share/point_lio/package.ps1'
[0.643s] INFO:colcon.colcon_core.shell:Creating package descriptor '/home/gouzi/obstacle_race_src/install/point_lio/share/point_lio/package.dsv'
[0.643s] INFO:colcon.colcon_core.shell:Creating package script '/home/gouzi/obstacle_race_src/install/point_lio/share/point_lio/package.sh'
[0.647s] INFO:colcon.colcon_core.shell:Creating package script '/home/gouzi/obstacle_race_src/install/point_lio/share/point_lio/package.bash'
[0.647s] INFO:colcon.colcon_core.shell:Creating package script '/home/gouzi/obstacle_race_src/install/point_lio/share/point_lio/package.zsh'
[0.648s] Level 1:colcon.colcon_core.environment:create_file_with_runtime_dependencies(/home/gouzi/obstacle_race_src/install/point_lio/share/colcon-core/packages/point_lio)
[0.649s] Level 1:colcon.colcon_core.environment:create_environment_scripts_only(point_lio)
[0.649s] Level 1:colcon.colcon_core.environment:checking '/home/gouzi/obstacle_race_src/install/point_lio' for CMake module files
[0.649s] Level 1:colcon.colcon_core.environment:checking '/home/gouzi/obstacle_race_src/install/point_lio' for CMake config files
[0.650s] Level 1:colcon.colcon_core.shell:create_environment_hook('point_lio', 'cmake_prefix_path')
[0.650s] INFO:colcon.colcon_core.shell:Creating environment hook '/home/gouzi/obstacle_race_src/install/point_lio/share/point_lio/hook/cmake_prefix_path.ps1'
[0.651s] INFO:colcon.colcon_core.shell:Creating environment descriptor '/home/gouzi/obstacle_race_src/install/point_lio/share/point_lio/hook/cmake_prefix_path.dsv'
[0.651s] INFO:colcon.colcon_core.shell:Creating environment hook '/home/gouzi/obstacle_race_src/install/point_lio/share/point_lio/hook/cmake_prefix_path.sh'
[0.658s] Level 1:colcon.colcon_core.environment:checking '/home/gouzi/obstacle_race_src/install/point_lio/lib'
[0.658s] Level 1:colcon.colcon_core.environment:checking '/home/gouzi/obstacle_race_src/install/point_lio/bin'
[0.658s] Level 1:colcon.colcon_core.environment:checking '/home/gouzi/obstacle_race_src/install/point_lio/lib/pkgconfig/point_lio.pc'
[0.659s] Level 1:colcon.colcon_core.environment:checking '/home/gouzi/obstacle_race_src/install/point_lio/lib/python3.10/site-packages'
[0.659s] Level 1:colcon.colcon_core.environment:checking '/home/gouzi/obstacle_race_src/install/point_lio/bin'
[0.659s] INFO:colcon.colcon_core.shell:Creating package script '/home/gouzi/obstacle_race_src/install/point_lio/share/point_lio/package.ps1'
[0.661s] INFO:colcon.colcon_core.shell:Creating package descriptor '/home/gouzi/obstacle_race_src/install/point_lio/share/point_lio/package.dsv'
[0.662s] INFO:colcon.colcon_core.shell:Creating package script '/home/gouzi/obstacle_race_src/install/point_lio/share/point_lio/package.sh'
[0.663s] INFO:colcon.colcon_core.shell:Creating package script '/home/gouzi/obstacle_race_src/install/point_lio/share/point_lio/package.bash'
[0.664s] INFO:colcon.colcon_core.shell:Creating package script '/home/gouzi/obstacle_race_src/install/point_lio/share/point_lio/package.zsh'
[0.666s] Level 1:colcon.colcon_core.environment:create_file_with_runtime_dependencies(/home/gouzi/obstacle_race_src/install/point_lio/share/colcon-core/packages/point_lio)
[0.882s] DEBUG:colcon.colcon_core.event_handler.log_command:Invoked command in '/home/gouzi/obstacle_race_src/build/apriltag_msgs' returned '0': CMAKE_PREFIX_PATH=/opt/ros/humble /usr/bin/cmake --build /home/gouzi/obstacle_race_src/build/apriltag_msgs -- -j8 -l8
[0.884s] DEBUG:colcon.colcon_core.event_handler.log_command:Invoking command in '/home/gouzi/obstacle_race_src/build/apriltag_msgs': CMAKE_PREFIX_PATH=/opt/ros/humble /usr/bin/cmake --install /home/gouzi/obstacle_race_src/build/apriltag_msgs
[0.885s] DEBUG:colcon.colcon_core.event_handler.log_command:Invoked command in '/home/gouzi/obstacle_race_src/build/livox_ros_driver2' returned '0': CMAKE_PREFIX_PATH=/opt/ros/humble /usr/bin/cmake --build /home/gouzi/obstacle_race_src/build/livox_ros_driver2 -- -j8 -l8
[0.890s] DEBUG:colcon.colcon_core.event_handler.log_command:Invoking command in '/home/gouzi/obstacle_race_src/build/livox_ros_driver2': CMAKE_PREFIX_PATH=/opt/ros/humble /usr/bin/cmake --install /home/gouzi/obstacle_race_src/build/livox_ros_driver2
[0.893s] DEBUG:colcon.colcon_core.event_handler.log_command:Invoked command in '/home/gouzi/obstacle_race_src/build/realsense2_camera_msgs' returned '0': CMAKE_PREFIX_PATH=/opt/ros/humble /usr/bin/cmake --build /home/gouzi/obstacle_race_src/build/realsense2_camera_msgs -- -j8 -l8
[0.896s] DEBUG:colcon.colcon_core.event_handler.log_command:Invoking command in '/home/gouzi/obstacle_race_src/build/realsense2_camera_msgs': CMAKE_PREFIX_PATH=/opt/ros/humble /usr/bin/cmake --install /home/gouzi/obstacle_race_src/build/realsense2_camera_msgs
[0.944s] Level 1:colcon.colcon_core.environment:create_environment_scripts_only(livox_ros_driver2)
[0.944s] Level 1:colcon.colcon_core.environment:checking '/home/gouzi/obstacle_race_src/install/livox_ros_driver2' for CMake module files
[0.945s] DEBUG:colcon.colcon_core.event_handler.log_command:Invoked command in '/home/gouzi/obstacle_race_src/build/livox_ros_driver2' returned '0': CMAKE_PREFIX_PATH=/opt/ros/humble /usr/bin/cmake --install /home/gouzi/obstacle_race_src/build/livox_ros_driver2
[0.945s] Level 1:colcon.colcon_core.environment:checking '/home/gouzi/obstacle_race_src/install/livox_ros_driver2' for CMake config files
[0.946s] Level 1:colcon.colcon_core.shell:create_environment_hook('livox_ros_driver2', 'cmake_prefix_path')
[0.946s] INFO:colcon.colcon_core.shell:Creating environment hook '/home/gouzi/obstacle_race_src/install/livox_ros_driver2/share/livox_ros_driver2/hook/cmake_prefix_path.ps1'
[0.947s] INFO:colcon.colcon_core.shell:Creating environment descriptor '/home/gouzi/obstacle_race_src/install/livox_ros_driver2/share/livox_ros_driver2/hook/cmake_prefix_path.dsv'
[0.947s] INFO:colcon.colcon_core.shell:Creating environment hook '/home/gouzi/obstacle_race_src/install/livox_ros_driver2/share/livox_ros_driver2/hook/cmake_prefix_path.sh'
[0.948s] Level 1:colcon.colcon_core.environment:checking '/home/gouzi/obstacle_race_src/install/livox_ros_driver2/lib'
[0.948s] Level 1:colcon.colcon_core.shell:create_environment_hook('livox_ros_driver2', 'ld_library_path_lib')
[0.949s] INFO:colcon.colcon_core.shell:Creating environment hook '/home/gouzi/obstacle_race_src/install/livox_ros_driver2/share/livox_ros_driver2/hook/ld_library_path_lib.ps1'
[0.949s] INFO:colcon.colcon_core.shell:Creating environment descriptor '/home/gouzi/obstacle_race_src/install/livox_ros_driver2/share/livox_ros_driver2/hook/ld_library_path_lib.dsv'
[0.950s] INFO:colcon.colcon_core.shell:Creating environment hook '/home/gouzi/obstacle_race_src/install/livox_ros_driver2/share/livox_ros_driver2/hook/ld_library_path_lib.sh'
[0.951s] Level 1:colcon.colcon_core.environment:checking '/home/gouzi/obstacle_race_src/install/livox_ros_driver2/bin'
[0.951s] Level 1:colcon.colcon_core.environment:checking '/home/gouzi/obstacle_race_src/install/livox_ros_driver2/lib/pkgconfig/livox_ros_driver2.pc'
[0.951s] Level 1:colcon.colcon_core.environment:checking '/home/gouzi/obstacle_race_src/install/livox_ros_driver2/lib/python3.10/site-packages'
[0.951s] Level 1:colcon.colcon_core.environment:checking '/home/gouzi/obstacle_race_src/install/livox_ros_driver2/bin'
[0.952s] INFO:colcon.colcon_core.shell:Creating package script '/home/gouzi/obstacle_race_src/install/livox_ros_driver2/share/livox_ros_driver2/package.ps1'
[0.953s] INFO:colcon.colcon_core.shell:Creating package descriptor '/home/gouzi/obstacle_race_src/install/livox_ros_driver2/share/livox_ros_driver2/package.dsv'
[0.954s] INFO:colcon.colcon_core.shell:Creating package script '/home/gouzi/obstacle_race_src/install/livox_ros_driver2/share/livox_ros_driver2/package.sh'
[0.955s] INFO:colcon.colcon_core.shell:Creating package script '/home/gouzi/obstacle_race_src/install/livox_ros_driver2/share/livox_ros_driver2/package.bash'
[0.955s] INFO:colcon.colcon_core.shell:Creating package script '/home/gouzi/obstacle_race_src/install/livox_ros_driver2/share/livox_ros_driver2/package.zsh'
[0.957s] Level 1:colcon.colcon_core.environment:create_file_with_runtime_dependencies(/home/gouzi/obstacle_race_src/install/livox_ros_driver2/share/colcon-core/packages/livox_ros_driver2)
[0.960s] Level 1:colcon.colcon_core.environment:create_environment_scripts_only(livox_ros_driver2)
[0.960s] Level 1:colcon.colcon_core.environment:checking '/home/gouzi/obstacle_race_src/install/livox_ros_driver2' for CMake module files
[0.961s] Level 1:colcon.colcon_core.environment:checking '/home/gouzi/obstacle_race_src/install/livox_ros_driver2' for CMake config files
[0.961s] Level 1:colcon.colcon_core.shell:create_environment_hook('livox_ros_driver2', 'cmake_prefix_path')
[0.961s] INFO:colcon.colcon_core.shell:Creating environment hook '/home/gouzi/obstacle_race_src/install/livox_ros_driver2/share/livox_ros_driver2/hook/cmake_prefix_path.ps1'
[0.961s] INFO:colcon.colcon_core.shell:Creating environment descriptor '/home/gouzi/obstacle_race_src/install/livox_ros_driver2/share/livox_ros_driver2/hook/cmake_prefix_path.dsv'
[0.962s] INFO:colcon.colcon_core.shell:Creating environment hook '/home/gouzi/obstacle_race_src/install/livox_ros_driver2/share/livox_ros_driver2/hook/cmake_prefix_path.sh'
[0.962s] Level 1:colcon.colcon_core.environment:checking '/home/gouzi/obstacle_race_src/install/livox_ros_driver2/lib'
[0.962s] Level 1:colcon.colcon_core.shell:create_environment_hook('livox_ros_driver2', 'ld_library_path_lib')
[0.962s] INFO:colcon.colcon_core.shell:Creating environment hook '/home/gouzi/obstacle_race_src/install/livox_ros_driver2/share/livox_ros_driver2/hook/ld_library_path_lib.ps1'
[0.963s] INFO:colcon.colcon_core.shell:Creating environment descriptor '/home/gouzi/obstacle_race_src/install/livox_ros_driver2/share/livox_ros_driver2/hook/ld_library_path_lib.dsv'
[0.963s] INFO:colcon.colcon_core.shell:Creating environment hook '/home/gouzi/obstacle_race_src/install/livox_ros_driver2/share/livox_ros_driver2/hook/ld_library_path_lib.sh'
[0.963s] Level 1:colcon.colcon_core.environment:checking '/home/gouzi/obstacle_race_src/install/livox_ros_driver2/bin'
[0.963s] Level 1:colcon.colcon_core.environment:checking '/home/gouzi/obstacle_race_src/install/livox_ros_driver2/lib/pkgconfig/livox_ros_driver2.pc'
[0.963s] Level 1:colcon.colcon_core.environment:checking '/home/gouzi/obstacle_race_src/install/livox_ros_driver2/lib/python3.10/site-packages'
[0.964s] Level 1:colcon.colcon_core.environment:checking '/home/gouzi/obstacle_race_src/install/livox_ros_driver2/bin'
[0.964s] INFO:colcon.colcon_core.shell:Creating package script '/home/gouzi/obstacle_race_src/install/livox_ros_driver2/share/livox_ros_driver2/package.ps1'
[0.964s] INFO:colcon.colcon_core.shell:Creating package descriptor '/home/gouzi/obstacle_race_src/install/livox_ros_driver2/share/livox_ros_driver2/package.dsv'
[0.964s] INFO:colcon.colcon_core.shell:Creating package script '/home/gouzi/obstacle_race_src/install/livox_ros_driver2/share/livox_ros_driver2/package.sh'
[0.965s] INFO:colcon.colcon_core.shell:Creating package script '/home/gouzi/obstacle_race_src/install/livox_ros_driver2/share/livox_ros_driver2/package.bash'
[0.965s] INFO:colcon.colcon_core.shell:Creating package script '/home/gouzi/obstacle_race_src/install/livox_ros_driver2/share/livox_ros_driver2/package.zsh'
[0.965s] Level 1:colcon.colcon_core.environment:create_file_with_runtime_dependencies(/home/gouzi/obstacle_race_src/install/livox_ros_driver2/share/colcon-core/packages/livox_ros_driver2)
[0.966s] Level 1:colcon.colcon_core.environment:create_environment_scripts_only(apriltag_msgs)
[0.966s] Level 1:colcon.colcon_core.environment:checking '/home/gouzi/obstacle_race_src/install/apriltag_msgs' for CMake module files
[0.967s] DEBUG:colcon.colcon_core.event_handler.log_command:Invoked command in '/home/gouzi/obstacle_race_src/build/apriltag_msgs' returned '0': CMAKE_PREFIX_PATH=/opt/ros/humble /usr/bin/cmake --install /home/gouzi/obstacle_race_src/build/apriltag_msgs
[0.967s] Level 1:colcon.colcon_core.environment:checking '/home/gouzi/obstacle_race_src/install/apriltag_msgs' for CMake config files
[0.967s] Level 1:colcon.colcon_core.shell:create_environment_hook('apriltag_msgs', 'cmake_prefix_path')
[0.968s] INFO:colcon.colcon_core.shell:Creating environment hook '/home/gouzi/obstacle_race_src/install/apriltag_msgs/share/apriltag_msgs/hook/cmake_prefix_path.ps1'
[0.968s] INFO:colcon.colcon_core.shell:Creating environment descriptor '/home/gouzi/obstacle_race_src/install/apriltag_msgs/share/apriltag_msgs/hook/cmake_prefix_path.dsv'
[0.968s] INFO:colcon.colcon_core.shell:Creating environment hook '/home/gouzi/obstacle_race_src/install/apriltag_msgs/share/apriltag_msgs/hook/cmake_prefix_path.sh'
[0.969s] Level 1:colcon.colcon_core.environment:checking '/home/gouzi/obstacle_race_src/install/apriltag_msgs/lib'
[0.969s] Level 1:colcon.colcon_core.shell:create_environment_hook('apriltag_msgs', 'ld_library_path_lib')
[0.969s] INFO:colcon.colcon_core.shell:Creating environment hook '/home/gouzi/obstacle_race_src/install/apriltag_msgs/share/apriltag_msgs/hook/ld_library_path_lib.ps1'
[0.969s] INFO:colcon.colcon_core.shell:Creating environment descriptor '/home/gouzi/obstacle_race_src/install/apriltag_msgs/share/apriltag_msgs/hook/ld_library_path_lib.dsv'
[0.969s] INFO:colcon.colcon_core.shell:Creating environment hook '/home/gouzi/obstacle_race_src/install/apriltag_msgs/share/apriltag_msgs/hook/ld_library_path_lib.sh'
[0.970s] Level 1:colcon.colcon_core.environment:checking '/home/gouzi/obstacle_race_src/install/apriltag_msgs/bin'
[0.970s] Level 1:colcon.colcon_core.environment:checking '/home/gouzi/obstacle_race_src/install/apriltag_msgs/lib/pkgconfig/apriltag_msgs.pc'
[0.970s] Level 1:colcon.colcon_core.environment:checking '/home/gouzi/obstacle_race_src/install/apriltag_msgs/lib/python3.10/site-packages'
[0.970s] Level 1:colcon.colcon_core.environment:checking '/home/gouzi/obstacle_race_src/install/apriltag_msgs/bin'
[0.970s] INFO:colcon.colcon_core.shell:Creating package script '/home/gouzi/obstacle_race_src/install/apriltag_msgs/share/apriltag_msgs/package.ps1'
[0.971s] INFO:colcon.colcon_core.shell:Creating package descriptor '/home/gouzi/obstacle_race_src/install/apriltag_msgs/share/apriltag_msgs/package.dsv'
[0.971s] INFO:colcon.colcon_core.shell:Creating package script '/home/gouzi/obstacle_race_src/install/apriltag_msgs/share/apriltag_msgs/package.sh'
[0.971s] INFO:colcon.colcon_core.shell:Creating package script '/home/gouzi/obstacle_race_src/install/apriltag_msgs/share/apriltag_msgs/package.bash'
[0.971s] INFO:colcon.colcon_core.shell:Creating package script '/home/gouzi/obstacle_race_src/install/apriltag_msgs/share/apriltag_msgs/package.zsh'
[0.972s] Level 1:colcon.colcon_core.environment:create_file_with_runtime_dependencies(/home/gouzi/obstacle_race_src/install/apriltag_msgs/share/colcon-core/packages/apriltag_msgs)
[0.972s] Level 1:colcon.colcon_core.environment:create_environment_scripts_only(apriltag_msgs)
[0.972s] Level 1:colcon.colcon_core.environment:checking '/home/gouzi/obstacle_race_src/install/apriltag_msgs' for CMake module files
[0.973s] Level 1:colcon.colcon_core.environment:checking '/home/gouzi/obstacle_race_src/install/apriltag_msgs' for CMake config files
[0.973s] Level 1:colcon.colcon_core.shell:create_environment_hook('apriltag_msgs', 'cmake_prefix_path')
[0.973s] INFO:colcon.colcon_core.shell:Creating environment hook '/home/gouzi/obstacle_race_src/install/apriltag_msgs/share/apriltag_msgs/hook/cmake_prefix_path.ps1'
[0.973s] INFO:colcon.colcon_core.shell:Creating environment descriptor '/home/gouzi/obstacle_race_src/install/apriltag_msgs/share/apriltag_msgs/hook/cmake_prefix_path.dsv'
[0.973s] INFO:colcon.colcon_core.shell:Creating environment hook '/home/gouzi/obstacle_race_src/install/apriltag_msgs/share/apriltag_msgs/hook/cmake_prefix_path.sh'
[0.974s] Level 1:colcon.colcon_core.environment:checking '/home/gouzi/obstacle_race_src/install/apriltag_msgs/lib'
[0.974s] Level 1:colcon.colcon_core.shell:create_environment_hook('apriltag_msgs', 'ld_library_path_lib')
[0.974s] INFO:colcon.colcon_core.shell:Creating environment hook '/home/gouzi/obstacle_race_src/install/apriltag_msgs/share/apriltag_msgs/hook/ld_library_path_lib.ps1'
[0.974s] INFO:colcon.colcon_core.shell:Creating environment descriptor '/home/gouzi/obstacle_race_src/install/apriltag_msgs/share/apriltag_msgs/hook/ld_library_path_lib.dsv'
[0.974s] INFO:colcon.colcon_core.shell:Creating environment hook '/home/gouzi/obstacle_race_src/install/apriltag_msgs/share/apriltag_msgs/hook/ld_library_path_lib.sh'
[0.975s] Level 1:colcon.colcon_core.environment:checking '/home/gouzi/obstacle_race_src/install/apriltag_msgs/bin'
[0.975s] Level 1:colcon.colcon_core.environment:checking '/home/gouzi/obstacle_race_src/install/apriltag_msgs/lib/pkgconfig/apriltag_msgs.pc'
[0.975s] Level 1:colcon.colcon_core.environment:checking '/home/gouzi/obstacle_race_src/install/apriltag_msgs/lib/python3.10/site-packages'
[0.975s] Level 1:colcon.colcon_core.environment:checking '/home/gouzi/obstacle_race_src/install/apriltag_msgs/bin'
[0.975s] INFO:colcon.colcon_core.shell:Creating package script '/home/gouzi/obstacle_race_src/install/apriltag_msgs/share/apriltag_msgs/package.ps1'
[0.976s] INFO:colcon.colcon_core.shell:Creating package descriptor '/home/gouzi/obstacle_race_src/install/apriltag_msgs/share/apriltag_msgs/package.dsv'
[0.976s] INFO:colcon.colcon_core.shell:Creating package script '/home/gouzi/obstacle_race_src/install/apriltag_msgs/share/apriltag_msgs/package.sh'
[0.977s] INFO:colcon.colcon_core.shell:Creating package script '/home/gouzi/obstacle_race_src/install/apriltag_msgs/share/apriltag_msgs/package.bash'
[0.977s] INFO:colcon.colcon_core.shell:Creating package script '/home/gouzi/obstacle_race_src/install/apriltag_msgs/share/apriltag_msgs/package.zsh'
[0.977s] Level 1:colcon.colcon_core.environment:create_file_with_runtime_dependencies(/home/gouzi/obstacle_race_src/install/apriltag_msgs/share/colcon-core/packages/apriltag_msgs)
[0.978s] INFO:colcon.colcon_ros.task.ament_cmake.build:Building ROS package in '/home/gouzi/obstacle_race_src/src/apriltag_ros' with build type 'ament_cmake'
[0.978s] INFO:colcon.colcon_cmake.task.cmake.build:Building CMake package in '/home/gouzi/obstacle_race_src/src/apriltag_ros'
[0.978s] INFO:colcon.colcon_core.shell:Skip shell extension 'powershell' for command environment: Not usable outside of PowerShell
[0.978s] DEBUG:colcon.colcon_core.shell:Skip shell extension 'dsv' for command environment
[0.981s] Level 1:colcon.colcon_core.environment:create_environment_scripts_only(realsense2_camera_msgs)
[0.981s] Level 1:colcon.colcon_core.environment:checking '/home/gouzi/obstacle_race_src/install/realsense2_camera_msgs' for CMake module files
[0.982s] DEBUG:colcon.colcon_core.event_handler.log_command:Invoked command in '/home/gouzi/obstacle_race_src/build/realsense2_camera_msgs' returned '0': CMAKE_PREFIX_PATH=/opt/ros/humble /usr/bin/cmake --install /home/gouzi/obstacle_race_src/build/realsense2_camera_msgs
[0.982s] Level 1:colcon.colcon_core.environment:checking '/home/gouzi/obstacle_race_src/install/realsense2_camera_msgs' for CMake config files
[0.982s] Level 1:colcon.colcon_core.shell:create_environment_hook('realsense2_camera_msgs', 'cmake_prefix_path')
[0.983s] INFO:colcon.colcon_core.shell:Creating environment hook '/home/gouzi/obstacle_race_src/install/realsense2_camera_msgs/share/realsense2_camera_msgs/hook/cmake_prefix_path.ps1'
[0.983s] INFO:colcon.colcon_core.shell:Creating environment descriptor '/home/gouzi/obstacle_race_src/install/realsense2_camera_msgs/share/realsense2_camera_msgs/hook/cmake_prefix_path.dsv'
[0.983s] INFO:colcon.colcon_core.shell:Creating environment hook '/home/gouzi/obstacle_race_src/install/realsense2_camera_msgs/share/realsense2_camera_msgs/hook/cmake_prefix_path.sh'
[0.984s] Level 1:colcon.colcon_core.environment:checking '/home/gouzi/obstacle_race_src/install/realsense2_camera_msgs/lib'
[0.984s] Level 1:colcon.colcon_core.shell:create_environment_hook('realsense2_camera_msgs', 'ld_library_path_lib')
[0.984s] INFO:colcon.colcon_core.shell:Creating environment hook '/home/gouzi/obstacle_race_src/install/realsense2_camera_msgs/share/realsense2_camera_msgs/hook/ld_library_path_lib.ps1'
[0.984s] INFO:colcon.colcon_core.shell:Creating environment descriptor '/home/gouzi/obstacle_race_src/install/realsense2_camera_msgs/share/realsense2_camera_msgs/hook/ld_library_path_lib.dsv'
[0.985s] INFO:colcon.colcon_core.shell:Creating environment hook '/home/gouzi/obstacle_race_src/install/realsense2_camera_msgs/share/realsense2_camera_msgs/hook/ld_library_path_lib.sh'
[0.985s] Level 1:colcon.colcon_core.environment:checking '/home/gouzi/obstacle_race_src/install/realsense2_camera_msgs/bin'
[0.985s] Level 1:colcon.colcon_core.environment:checking '/home/gouzi/obstacle_race_src/install/realsense2_camera_msgs/lib/pkgconfig/realsense2_camera_msgs.pc'
[0.985s] Level 1:colcon.colcon_core.environment:checking '/home/gouzi/obstacle_race_src/install/realsense2_camera_msgs/lib/python3.10/site-packages'
[0.986s] Level 1:colcon.colcon_core.environment:checking '/home/gouzi/obstacle_race_src/install/realsense2_camera_msgs/bin'
[0.986s] INFO:colcon.colcon_core.shell:Creating package script '/home/gouzi/obstacle_race_src/install/realsense2_camera_msgs/share/realsense2_camera_msgs/package.ps1'
[0.987s] INFO:colcon.colcon_core.shell:Creating package descriptor '/home/gouzi/obstacle_race_src/install/realsense2_camera_msgs/share/realsense2_camera_msgs/package.dsv'
[0.987s] INFO:colcon.colcon_core.shell:Creating package script '/home/gouzi/obstacle_race_src/install/realsense2_camera_msgs/share/realsense2_camera_msgs/package.sh'
[0.988s] INFO:colcon.colcon_core.shell:Creating package script '/home/gouzi/obstacle_race_src/install/realsense2_camera_msgs/share/realsense2_camera_msgs/package.bash'
[0.988s] INFO:colcon.colcon_core.shell:Creating package script '/home/gouzi/obstacle_race_src/install/realsense2_camera_msgs/share/realsense2_camera_msgs/package.zsh'
[0.988s] Level 1:colcon.colcon_core.environment:create_file_with_runtime_dependencies(/home/gouzi/obstacle_race_src/install/realsense2_camera_msgs/share/colcon-core/packages/realsense2_camera_msgs)
[0.989s] Level 1:colcon.colcon_core.environment:create_environment_scripts_only(realsense2_camera_msgs)
[0.989s] Level 1:colcon.colcon_core.environment:checking '/home/gouzi/obstacle_race_src/install/realsense2_camera_msgs' for CMake module files
[0.989s] Level 1:colcon.colcon_core.environment:checking '/home/gouzi/obstacle_race_src/install/realsense2_camera_msgs' for CMake config files
[0.990s] Level 1:colcon.colcon_core.shell:create_environment_hook('realsense2_camera_msgs', 'cmake_prefix_path')
[0.990s] INFO:colcon.colcon_core.shell:Creating environment hook '/home/gouzi/obstacle_race_src/install/realsense2_camera_msgs/share/realsense2_camera_msgs/hook/cmake_prefix_path.ps1'
[0.990s] INFO:colcon.colcon_core.shell:Creating environment descriptor '/home/gouzi/obstacle_race_src/install/realsense2_camera_msgs/share/realsense2_camera_msgs/hook/cmake_prefix_path.dsv'
[0.990s] INFO:colcon.colcon_core.shell:Creating environment hook '/home/gouzi/obstacle_race_src/install/realsense2_camera_msgs/share/realsense2_camera_msgs/hook/cmake_prefix_path.sh'
[0.991s] Level 1:colcon.colcon_core.environment:checking '/home/gouzi/obstacle_race_src/install/realsense2_camera_msgs/lib'
[0.991s] Level 1:colcon.colcon_core.shell:create_environment_hook('realsense2_camera_msgs', 'ld_library_path_lib')
[0.991s] INFO:colcon.colcon_core.shell:Creating environment hook '/home/gouzi/obstacle_race_src/install/realsense2_camera_msgs/share/realsense2_camera_msgs/hook/ld_library_path_lib.ps1'
[0.992s] INFO:colcon.colcon_core.shell:Creating environment descriptor '/home/gouzi/obstacle_race_src/install/realsense2_camera_msgs/share/realsense2_camera_msgs/hook/ld_library_path_lib.dsv'
[0.992s] INFO:colcon.colcon_core.shell:Creating environment hook '/home/gouzi/obstacle_race_src/install/realsense2_camera_msgs/share/realsense2_camera_msgs/hook/ld_library_path_lib.sh'
[0.992s] Level 1:colcon.colcon_core.environment:checking '/home/gouzi/obstacle_race_src/install/realsense2_camera_msgs/bin'
[0.992s] Level 1:colcon.colcon_core.environment:checking '/home/gouzi/obstacle_race_src/install/realsense2_camera_msgs/lib/pkgconfig/realsense2_camera_msgs.pc'
[0.992s] Level 1:colcon.colcon_core.environment:checking '/home/gouzi/obstacle_race_src/install/realsense2_camera_msgs/lib/python3.10/site-packages'
[0.992s] Level 1:colcon.colcon_core.environment:checking '/home/gouzi/obstacle_race_src/install/realsense2_camera_msgs/bin'
[0.993s] INFO:colcon.colcon_core.shell:Creating package script '/home/gouzi/obstacle_race_src/install/realsense2_camera_msgs/share/realsense2_camera_msgs/package.ps1'
[0.993s] INFO:colcon.colcon_core.shell:Creating package descriptor '/home/gouzi/obstacle_race_src/install/realsense2_camera_msgs/share/realsense2_camera_msgs/package.dsv'
[0.994s] INFO:colcon.colcon_core.shell:Creating package script '/home/gouzi/obstacle_race_src/install/realsense2_camera_msgs/share/realsense2_camera_msgs/package.sh'
[0.994s] INFO:colcon.colcon_core.shell:Creating package script '/home/gouzi/obstacle_race_src/install/realsense2_camera_msgs/share/realsense2_camera_msgs/package.bash'
[0.994s] INFO:colcon.colcon_core.shell:Creating package script '/home/gouzi/obstacle_race_src/install/realsense2_camera_msgs/share/realsense2_camera_msgs/package.zsh'
[0.995s] Level 1:colcon.colcon_core.environment:create_file_with_runtime_dependencies(/home/gouzi/obstacle_race_src/install/realsense2_camera_msgs/share/colcon-core/packages/realsense2_camera_msgs)
[0.995s] INFO:colcon.colcon_ros.task.ament_cmake.build:Building ROS package in '/home/gouzi/obstacle_race_src/src/realsense-ros/realsense2_camera' with build type 'ament_cmake'
[0.995s] INFO:colcon.colcon_cmake.task.cmake.build:Building CMake package in '/home/gouzi/obstacle_race_src/src/realsense-ros/realsense2_camera'
[0.996s] INFO:colcon.colcon_core.shell:Skip shell extension 'powershell' for command environment: Not usable outside of PowerShell
[0.996s] DEBUG:colcon.colcon_core.shell:Skip shell extension 'dsv' for command environment
[0.998s] INFO:colcon.colcon_ros.task.ament_cmake.build:Building ROS package in '/home/gouzi/obstacle_race_src/src/realsense-ros/realsense2_description' with build type 'ament_cmake'
[0.998s] INFO:colcon.colcon_cmake.task.cmake.build:Building CMake package in '/home/gouzi/obstacle_race_src/src/realsense-ros/realsense2_description'
[0.998s] INFO:colcon.colcon_core.shell:Skip shell extension 'powershell' for command environment: Not usable outside of PowerShell
[0.998s] DEBUG:colcon.colcon_core.shell:Skip shell extension 'dsv' for command environment
[1.003s] DEBUG:colcon.colcon_core.event_handler.log_command:Invoking command in '/home/gouzi/obstacle_race_src/build/apriltag_ros': AMENT_PREFIX_PATH=/home/gouzi/obstacle_race_src/install/apriltag_msgs:${AMENT_PREFIX_PATH} CMAKE_PREFIX_PATH=/home/gouzi/obstacle_race_src/install/apriltag_msgs:/opt/ros/humble LD_LIBRARY_PATH=/home/gouzi/obstacle_race_src/install/apriltag_msgs/lib:${LD_LIBRARY_PATH} PYTHONPATH=/home/gouzi/obstacle_race_src/install/apriltag_msgs/local/lib/python3.10/dist-packages:${PYTHONPATH} /usr/bin/cmake --build /home/gouzi/obstacle_race_src/build/apriltag_ros -- -j8 -l8
[1.007s] DEBUG:colcon.colcon_core.event_handler.log_command:Invoking command in '/home/gouzi/obstacle_race_src/build/realsense2_camera': AMENT_PREFIX_PATH=/home/gouzi/obstacle_race_src/install/realsense2_camera_msgs:${AMENT_PREFIX_PATH} CMAKE_PREFIX_PATH=/home/gouzi/obstacle_race_src/install/realsense2_camera_msgs:/opt/ros/humble LD_LIBRARY_PATH=/home/gouzi/obstacle_race_src/install/realsense2_camera_msgs/lib:${LD_LIBRARY_PATH} PYTHONPATH=/home/gouzi/obstacle_race_src/install/realsense2_camera_msgs/local/lib/python3.10/dist-packages:${PYTHONPATH} /usr/bin/cmake --build /home/gouzi/obstacle_race_src/build/realsense2_camera -- -j8 -l8
[1.009s] DEBUG:colcon.colcon_core.event_handler.log_command:Invoking command in '/home/gouzi/obstacle_race_src/build/realsense2_description': AMENT_PREFIX_PATH=/home/gouzi/obstacle_race_src/install/realsense2_camera_msgs:${AMENT_PREFIX_PATH} CMAKE_PREFIX_PATH=/home/gouzi/obstacle_race_src/install/realsense2_camera_msgs:/opt/ros/humble LD_LIBRARY_PATH=/home/gouzi/obstacle_race_src/install/realsense2_camera_msgs/lib:${LD_LIBRARY_PATH} PYTHONPATH=/home/gouzi/obstacle_race_src/install/realsense2_camera_msgs/local/lib/python3.10/dist-packages:${PYTHONPATH} /usr/bin/cmake --build /home/gouzi/obstacle_race_src/build/realsense2_description -- -j8 -l8
[1.051s] DEBUG:colcon.colcon_core.event_handler.log_command:Invoked command in '/home/gouzi/obstacle_race_src/build/realsense2_description' returned '0': AMENT_PREFIX_PATH=/home/gouzi/obstacle_race_src/install/realsense2_camera_msgs:${AMENT_PREFIX_PATH} CMAKE_PREFIX_PATH=/home/gouzi/obstacle_race_src/install/realsense2_camera_msgs:/opt/ros/humble LD_LIBRARY_PATH=/home/gouzi/obstacle_race_src/install/realsense2_camera_msgs/lib:${LD_LIBRARY_PATH} PYTHONPATH=/home/gouzi/obstacle_race_src/install/realsense2_camera_msgs/local/lib/python3.10/dist-packages:${PYTHONPATH} /usr/bin/cmake --build /home/gouzi/obstacle_race_src/build/realsense2_description -- -j8 -l8
[1.052s] DEBUG:colcon.colcon_core.event_handler.log_command:Invoking command in '/home/gouzi/obstacle_race_src/build/realsense2_description': AMENT_PREFIX_PATH=/home/gouzi/obstacle_race_src/install/realsense2_camera_msgs:${AMENT_PREFIX_PATH} CMAKE_PREFIX_PATH=/home/gouzi/obstacle_race_src/install/realsense2_camera_msgs:/opt/ros/humble LD_LIBRARY_PATH=/home/gouzi/obstacle_race_src/install/realsense2_camera_msgs/lib:${LD_LIBRARY_PATH} PYTHONPATH=/home/gouzi/obstacle_race_src/install/realsense2_camera_msgs/local/lib/python3.10/dist-packages:${PYTHONPATH} /usr/bin/cmake --install /home/gouzi/obstacle_race_src/build/realsense2_description
[1.065s] Level 1:colcon.colcon_core.environment:create_environment_scripts_only(realsense2_description)
[1.066s] Level 1:colcon.colcon_core.environment:checking '/home/gouzi/obstacle_race_src/install/realsense2_description' for CMake module files
[1.066s] DEBUG:colcon.colcon_core.event_handler.log_command:Invoked command in '/home/gouzi/obstacle_race_src/build/realsense2_description' returned '0': AMENT_PREFIX_PATH=/home/gouzi/obstacle_race_src/install/realsense2_camera_msgs:${AMENT_PREFIX_PATH} CMAKE_PREFIX_PATH=/home/gouzi/obstacle_race_src/install/realsense2_camera_msgs:/opt/ros/humble LD_LIBRARY_PATH=/home/gouzi/obstacle_race_src/install/realsense2_camera_msgs/lib:${LD_LIBRARY_PATH} PYTHONPATH=/home/gouzi/obstacle_race_src/install/realsense2_camera_msgs/local/lib/python3.10/dist-packages:${PYTHONPATH} /usr/bin/cmake --install /home/gouzi/obstacle_race_src/build/realsense2_description
[1.067s] Level 1:colcon.colcon_core.environment:checking '/home/gouzi/obstacle_race_src/install/realsense2_description' for CMake config files
[1.067s] Level 1:colcon.colcon_core.shell:create_environment_hook('realsense2_description', 'cmake_prefix_path')
[1.068s] INFO:colcon.colcon_core.shell:Creating environment hook '/home/gouzi/obstacle_race_src/install/realsense2_description/share/realsense2_description/hook/cmake_prefix_path.ps1'
[1.068s] INFO:colcon.colcon_core.shell:Creating environment descriptor '/home/gouzi/obstacle_race_src/install/realsense2_description/share/realsense2_description/hook/cmake_prefix_path.dsv'
[1.069s] INFO:colcon.colcon_core.shell:Creating environment hook '/home/gouzi/obstacle_race_src/install/realsense2_description/share/realsense2_description/hook/cmake_prefix_path.sh'
[1.070s] Level 1:colcon.colcon_core.environment:checking '/home/gouzi/obstacle_race_src/install/realsense2_description/bin'
[1.070s] Level 1:colcon.colcon_core.environment:checking '/home/gouzi/obstacle_race_src/install/realsense2_description/lib/pkgconfig/realsense2_description.pc'
[1.070s] Level 1:colcon.colcon_core.environment:checking '/home/gouzi/obstacle_race_src/install/realsense2_description/lib/python3.10/site-packages'
[1.071s] Level 1:colcon.colcon_core.environment:checking '/home/gouzi/obstacle_race_src/install/realsense2_description/bin'
[1.072s] INFO:colcon.colcon_core.shell:Creating package script '/home/gouzi/obstacle_race_src/install/realsense2_description/share/realsense2_description/package.ps1'
[1.073s] INFO:colcon.colcon_core.shell:Creating package descriptor '/home/gouzi/obstacle_race_src/install/realsense2_description/share/realsense2_description/package.dsv'
[1.073s] INFO:colcon.colcon_core.shell:Creating package script '/home/gouzi/obstacle_race_src/install/realsense2_description/share/realsense2_description/package.sh'
[1.074s] INFO:colcon.colcon_core.shell:Creating package script '/home/gouzi/obstacle_race_src/install/realsense2_description/share/realsense2_description/package.bash'
[1.074s] INFO:colcon.colcon_core.shell:Creating package script '/home/gouzi/obstacle_race_src/install/realsense2_description/share/realsense2_description/package.zsh'
[1.075s] Level 1:colcon.colcon_core.environment:create_file_with_runtime_dependencies(/home/gouzi/obstacle_race_src/install/realsense2_description/share/colcon-core/packages/realsense2_description)
[1.075s] Level 1:colcon.colcon_core.environment:create_environment_scripts_only(realsense2_description)
[1.076s] Level 1:colcon.colcon_core.environment:checking '/home/gouzi/obstacle_race_src/install/realsense2_description' for CMake module files
[1.077s] Level 1:colcon.colcon_core.environment:checking '/home/gouzi/obstacle_race_src/install/realsense2_description' for CMake config files
[1.077s] Level 1:colcon.colcon_core.shell:create_environment_hook('realsense2_description', 'cmake_prefix_path')
[1.077s] INFO:colcon.colcon_core.shell:Creating environment hook '/home/gouzi/obstacle_race_src/install/realsense2_description/share/realsense2_description/hook/cmake_prefix_path.ps1'
[1.078s] INFO:colcon.colcon_core.shell:Creating environment descriptor '/home/gouzi/obstacle_race_src/install/realsense2_description/share/realsense2_description/hook/cmake_prefix_path.dsv'
[1.078s] INFO:colcon.colcon_core.shell:Creating environment hook '/home/gouzi/obstacle_race_src/install/realsense2_description/share/realsense2_description/hook/cmake_prefix_path.sh'
[1.079s] Level 1:colcon.colcon_core.environment:checking '/home/gouzi/obstacle_race_src/install/realsense2_description/bin'
[1.079s] Level 1:colcon.colcon_core.environment:checking '/home/gouzi/obstacle_race_src/install/realsense2_description/lib/pkgconfig/realsense2_description.pc'
[1.079s] Level 1:colcon.colcon_core.environment:checking '/home/gouzi/obstacle_race_src/install/realsense2_description/lib/python3.10/site-packages'
[1.079s] Level 1:colcon.colcon_core.environment:checking '/home/gouzi/obstacle_race_src/install/realsense2_description/bin'
[1.080s] INFO:colcon.colcon_core.shell:Creating package script '/home/gouzi/obstacle_race_src/install/realsense2_description/share/realsense2_description/package.ps1'
[1.081s] INFO:colcon.colcon_core.shell:Creating package descriptor '/home/gouzi/obstacle_race_src/install/realsense2_description/share/realsense2_description/package.dsv'
[1.081s] INFO:colcon.colcon_core.shell:Creating package script '/home/gouzi/obstacle_race_src/install/realsense2_description/share/realsense2_description/package.sh'
[1.082s] INFO:colcon.colcon_core.shell:Creating package script '/home/gouzi/obstacle_race_src/install/realsense2_description/share/realsense2_description/package.bash'
[1.082s] INFO:colcon.colcon_core.shell:Creating package script '/home/gouzi/obstacle_race_src/install/realsense2_description/share/realsense2_description/package.zsh'
[1.082s] Level 1:colcon.colcon_core.environment:create_file_with_runtime_dependencies(/home/gouzi/obstacle_race_src/install/realsense2_description/share/colcon-core/packages/realsense2_description)
[1.093s] DEBUG:colcon.colcon_core.event_handler.log_command:Invoked command in '/home/gouzi/obstacle_race_src/build/realsense2_camera' returned '0': AMENT_PREFIX_PATH=/home/gouzi/obstacle_race_src/install/realsense2_camera_msgs:${AMENT_PREFIX_PATH} CMAKE_PREFIX_PATH=/home/gouzi/obstacle_race_src/install/realsense2_camera_msgs:/opt/ros/humble LD_LIBRARY_PATH=/home/gouzi/obstacle_race_src/install/realsense2_camera_msgs/lib:${LD_LIBRARY_PATH} PYTHONPATH=/home/gouzi/obstacle_race_src/install/realsense2_camera_msgs/local/lib/python3.10/dist-packages:${PYTHONPATH} /usr/bin/cmake --build /home/gouzi/obstacle_race_src/build/realsense2_camera -- -j8 -l8
[1.098s] DEBUG:colcon.colcon_core.event_handler.log_command:Invoking command in '/home/gouzi/obstacle_race_src/build/realsense2_camera': AMENT_PREFIX_PATH=/home/gouzi/obstacle_race_src/install/realsense2_camera_msgs:${AMENT_PREFIX_PATH} CMAKE_PREFIX_PATH=/home/gouzi/obstacle_race_src/install/realsense2_camera_msgs:/opt/ros/humble LD_LIBRARY_PATH=/home/gouzi/obstacle_race_src/install/realsense2_camera_msgs/lib:${LD_LIBRARY_PATH} PYTHONPATH=/home/gouzi/obstacle_race_src/install/realsense2_camera_msgs/local/lib/python3.10/dist-packages:${PYTHONPATH} /usr/bin/cmake --install /home/gouzi/obstacle_race_src/build/realsense2_camera
[1.108s] Level 1:colcon.colcon_core.environment:create_environment_scripts_only(realsense2_camera)
[1.108s] Level 1:colcon.colcon_core.environment:checking '/home/gouzi/obstacle_race_src/install/realsense2_camera' for CMake module files
[1.108s] DEBUG:colcon.colcon_core.event_handler.log_command:Invoked command in '/home/gouzi/obstacle_race_src/build/realsense2_camera' returned '0': AMENT_PREFIX_PATH=/home/gouzi/obstacle_race_src/install/realsense2_camera_msgs:${AMENT_PREFIX_PATH} CMAKE_PREFIX_PATH=/home/gouzi/obstacle_race_src/install/realsense2_camera_msgs:/opt/ros/humble LD_LIBRARY_PATH=/home/gouzi/obstacle_race_src/install/realsense2_camera_msgs/lib:${LD_LIBRARY_PATH} PYTHONPATH=/home/gouzi/obstacle_race_src/install/realsense2_camera_msgs/local/lib/python3.10/dist-packages:${PYTHONPATH} /usr/bin/cmake --install /home/gouzi/obstacle_race_src/build/realsense2_camera
[1.109s] Level 1:colcon.colcon_core.environment:checking '/home/gouzi/obstacle_race_src/install/realsense2_camera' for CMake config files
[1.109s] Level 1:colcon.colcon_core.shell:create_environment_hook('realsense2_camera', 'cmake_prefix_path')
[1.109s] INFO:colcon.colcon_core.shell:Creating environment hook '/home/gouzi/obstacle_race_src/install/realsense2_camera/share/realsense2_camera/hook/cmake_prefix_path.ps1'
[1.110s] INFO:colcon.colcon_core.shell:Creating environment descriptor '/home/gouzi/obstacle_race_src/install/realsense2_camera/share/realsense2_camera/hook/cmake_prefix_path.dsv'
[1.110s] INFO:colcon.colcon_core.shell:Creating environment hook '/home/gouzi/obstacle_race_src/install/realsense2_camera/share/realsense2_camera/hook/cmake_prefix_path.sh'
[1.111s] Level 1:colcon.colcon_core.environment:checking '/home/gouzi/obstacle_race_src/install/realsense2_camera/lib'
[1.111s] Level 1:colcon.colcon_core.shell:create_environment_hook('realsense2_camera', 'ld_library_path_lib')
[1.111s] INFO:colcon.colcon_core.shell:Creating environment hook '/home/gouzi/obstacle_race_src/install/realsense2_camera/share/realsense2_camera/hook/ld_library_path_lib.ps1'
[1.112s] INFO:colcon.colcon_core.shell:Creating environment descriptor '/home/gouzi/obstacle_race_src/install/realsense2_camera/share/realsense2_camera/hook/ld_library_path_lib.dsv'
[1.112s] INFO:colcon.colcon_core.shell:Creating environment hook '/home/gouzi/obstacle_race_src/install/realsense2_camera/share/realsense2_camera/hook/ld_library_path_lib.sh'
[1.113s] Level 1:colcon.colcon_core.environment:checking '/home/gouzi/obstacle_race_src/install/realsense2_camera/bin'
[1.113s] Level 1:colcon.colcon_core.environment:checking '/home/gouzi/obstacle_race_src/install/realsense2_camera/lib/pkgconfig/realsense2_camera.pc'
[1.113s] Level 1:colcon.colcon_core.environment:checking '/home/gouzi/obstacle_race_src/install/realsense2_camera/lib/python3.10/site-packages'
[1.114s] Level 1:colcon.colcon_core.environment:checking '/home/gouzi/obstacle_race_src/install/realsense2_camera/bin'
[1.114s] INFO:colcon.colcon_core.shell:Creating package script '/home/gouzi/obstacle_race_src/install/realsense2_camera/share/realsense2_camera/package.ps1'
[1.116s] INFO:colcon.colcon_core.shell:Creating package descriptor '/home/gouzi/obstacle_race_src/install/realsense2_camera/share/realsense2_camera/package.dsv'
[1.116s] INFO:colcon.colcon_core.shell:Creating package script '/home/gouzi/obstacle_race_src/install/realsense2_camera/share/realsense2_camera/package.sh'
[1.117s] INFO:colcon.colcon_core.shell:Creating package script '/home/gouzi/obstacle_race_src/install/realsense2_camera/share/realsense2_camera/package.bash'
[1.117s] INFO:colcon.colcon_core.shell:Creating package script '/home/gouzi/obstacle_race_src/install/realsense2_camera/share/realsense2_camera/package.zsh'
[1.117s] Level 1:colcon.colcon_core.environment:create_file_with_runtime_dependencies(/home/gouzi/obstacle_race_src/install/realsense2_camera/share/colcon-core/packages/realsense2_camera)
[1.118s] Level 1:colcon.colcon_core.environment:create_environment_scripts_only(realsense2_camera)
[1.118s] Level 1:colcon.colcon_core.environment:checking '/home/gouzi/obstacle_race_src/install/realsense2_camera' for CMake module files
[1.118s] Level 1:colcon.colcon_core.environment:checking '/home/gouzi/obstacle_race_src/install/realsense2_camera' for CMake config files
[1.119s] Level 1:colcon.colcon_core.shell:create_environment_hook('realsense2_camera', 'cmake_prefix_path')
[1.119s] INFO:colcon.colcon_core.shell:Creating environment hook '/home/gouzi/obstacle_race_src/install/realsense2_camera/share/realsense2_camera/hook/cmake_prefix_path.ps1'
[1.119s] INFO:colcon.colcon_core.shell:Creating environment descriptor '/home/gouzi/obstacle_race_src/install/realsense2_camera/share/realsense2_camera/hook/cmake_prefix_path.dsv'
[1.120s] INFO:colcon.colcon_core.shell:Creating environment hook '/home/gouzi/obstacle_race_src/install/realsense2_camera/share/realsense2_camera/hook/cmake_prefix_path.sh'
[1.120s] Level 1:colcon.colcon_core.environment:checking '/home/gouzi/obstacle_race_src/install/realsense2_camera/lib'
[1.121s] Level 1:colcon.colcon_core.shell:create_environment_hook('realsense2_camera', 'ld_library_path_lib')
[1.121s] INFO:colcon.colcon_core.shell:Creating environment hook '/home/gouzi/obstacle_race_src/install/realsense2_camera/share/realsense2_camera/hook/ld_library_path_lib.ps1'
[1.121s] INFO:colcon.colcon_core.shell:Creating environment descriptor '/home/gouzi/obstacle_race_src/install/realsense2_camera/share/realsense2_camera/hook/ld_library_path_lib.dsv'
[1.121s] INFO:colcon.colcon_core.shell:Creating environment hook '/home/gouzi/obstacle_race_src/install/realsense2_camera/share/realsense2_camera/hook/ld_library_path_lib.sh'
[1.122s] Level 1:colcon.colcon_core.environment:checking '/home/gouzi/obstacle_race_src/install/realsense2_camera/bin'
[1.122s] Level 1:colcon.colcon_core.environment:checking '/home/gouzi/obstacle_race_src/install/realsense2_camera/lib/pkgconfig/realsense2_camera.pc'
[1.122s] Level 1:colcon.colcon_core.environment:checking '/home/gouzi/obstacle_race_src/install/realsense2_camera/lib/python3.10/site-packages'
[1.122s] Level 1:colcon.colcon_core.environment:checking '/home/gouzi/obstacle_race_src/install/realsense2_camera/bin'
[1.123s] INFO:colcon.colcon_core.shell:Creating package script '/home/gouzi/obstacle_race_src/install/realsense2_camera/share/realsense2_camera/package.ps1'
[1.123s] INFO:colcon.colcon_core.shell:Creating package descriptor '/home/gouzi/obstacle_race_src/install/realsense2_camera/share/realsense2_camera/package.dsv'
[1.124s] INFO:colcon.colcon_core.shell:Creating package script '/home/gouzi/obstacle_race_src/install/realsense2_camera/share/realsense2_camera/package.sh'
[1.124s] INFO:colcon.colcon_core.shell:Creating package script '/home/gouzi/obstacle_race_src/install/realsense2_camera/share/realsense2_camera/package.bash'
[1.124s] INFO:colcon.colcon_core.shell:Creating package script '/home/gouzi/obstacle_race_src/install/realsense2_camera/share/realsense2_camera/package.zsh'
[1.125s] Level 1:colcon.colcon_core.environment:create_file_with_runtime_dependencies(/home/gouzi/obstacle_race_src/install/realsense2_camera/share/colcon-core/packages/realsense2_camera)
[1.131s] DEBUG:colcon.colcon_core.event_handler.log_command:Invoked command in '/home/gouzi/obstacle_race_src/build/apriltag_ros' returned '0': AMENT_PREFIX_PATH=/home/gouzi/obstacle_race_src/install/apriltag_msgs:${AMENT_PREFIX_PATH} CMAKE_PREFIX_PATH=/home/gouzi/obstacle_race_src/install/apriltag_msgs:/opt/ros/humble LD_LIBRARY_PATH=/home/gouzi/obstacle_race_src/install/apriltag_msgs/lib:${LD_LIBRARY_PATH} PYTHONPATH=/home/gouzi/obstacle_race_src/install/apriltag_msgs/local/lib/python3.10/dist-packages:${PYTHONPATH} /usr/bin/cmake --build /home/gouzi/obstacle_race_src/build/apriltag_ros -- -j8 -l8
[1.132s] DEBUG:colcon.colcon_core.event_handler.log_command:Invoking command in '/home/gouzi/obstacle_race_src/build/apriltag_ros': AMENT_PREFIX_PATH=/home/gouzi/obstacle_race_src/install/apriltag_msgs:${AMENT_PREFIX_PATH} CMAKE_PREFIX_PATH=/home/gouzi/obstacle_race_src/install/apriltag_msgs:/opt/ros/humble LD_LIBRARY_PATH=/home/gouzi/obstacle_race_src/install/apriltag_msgs/lib:${LD_LIBRARY_PATH} PYTHONPATH=/home/gouzi/obstacle_race_src/install/apriltag_msgs/local/lib/python3.10/dist-packages:${PYTHONPATH} /usr/bin/cmake --install /home/gouzi/obstacle_race_src/build/apriltag_ros
[1.145s] Level 1:colcon.colcon_core.environment:create_environment_scripts_only(apriltag_ros)
[1.146s] Level 1:colcon.colcon_core.environment:checking '/home/gouzi/obstacle_race_src/install/apriltag_ros' for CMake module files
[1.146s] DEBUG:colcon.colcon_core.event_handler.log_command:Invoked command in '/home/gouzi/obstacle_race_src/build/apriltag_ros' returned '0': AMENT_PREFIX_PATH=/home/gouzi/obstacle_race_src/install/apriltag_msgs:${AMENT_PREFIX_PATH} CMAKE_PREFIX_PATH=/home/gouzi/obstacle_race_src/install/apriltag_msgs:/opt/ros/humble LD_LIBRARY_PATH=/home/gouzi/obstacle_race_src/install/apriltag_msgs/lib:${LD_LIBRARY_PATH} PYTHONPATH=/home/gouzi/obstacle_race_src/install/apriltag_msgs/local/lib/python3.10/dist-packages:${PYTHONPATH} /usr/bin/cmake --install /home/gouzi/obstacle_race_src/build/apriltag_ros
[1.146s] Level 1:colcon.colcon_core.environment:checking '/home/gouzi/obstacle_race_src/install/apriltag_ros' for CMake config files
[1.147s] Level 1:colcon.colcon_core.shell:create_environment_hook('apriltag_ros', 'cmake_prefix_path')
[1.147s] INFO:colcon.colcon_core.shell:Creating environment hook '/home/gouzi/obstacle_race_src/install/apriltag_ros/share/apriltag_ros/hook/cmake_prefix_path.ps1'
[1.147s] INFO:colcon.colcon_core.shell:Creating environment descriptor '/home/gouzi/obstacle_race_src/install/apriltag_ros/share/apriltag_ros/hook/cmake_prefix_path.dsv'
[1.148s] INFO:colcon.colcon_core.shell:Creating environment hook '/home/gouzi/obstacle_race_src/install/apriltag_ros/share/apriltag_ros/hook/cmake_prefix_path.sh'
[1.148s] Level 1:colcon.colcon_core.environment:checking '/home/gouzi/obstacle_race_src/install/apriltag_ros/lib'
[1.148s] Level 1:colcon.colcon_core.shell:create_environment_hook('apriltag_ros', 'ld_library_path_lib')
[1.149s] INFO:colcon.colcon_core.shell:Creating environment hook '/home/gouzi/obstacle_race_src/install/apriltag_ros/share/apriltag_ros/hook/ld_library_path_lib.ps1'
[1.149s] INFO:colcon.colcon_core.shell:Creating environment descriptor '/home/gouzi/obstacle_race_src/install/apriltag_ros/share/apriltag_ros/hook/ld_library_path_lib.dsv'
[1.149s] INFO:colcon.colcon_core.shell:Creating environment hook '/home/gouzi/obstacle_race_src/install/apriltag_ros/share/apriltag_ros/hook/ld_library_path_lib.sh'
[1.150s] Level 1:colcon.colcon_core.environment:checking '/home/gouzi/obstacle_race_src/install/apriltag_ros/bin'
[1.150s] Level 1:colcon.colcon_core.environment:checking '/home/gouzi/obstacle_race_src/install/apriltag_ros/lib/pkgconfig/apriltag_ros.pc'
[1.150s] Level 1:colcon.colcon_core.environment:checking '/home/gouzi/obstacle_race_src/install/apriltag_ros/lib/python3.10/site-packages'
[1.150s] Level 1:colcon.colcon_core.environment:checking '/home/gouzi/obstacle_race_src/install/apriltag_ros/bin'
[1.150s] INFO:colcon.colcon_core.shell:Creating package script '/home/gouzi/obstacle_race_src/install/apriltag_ros/share/apriltag_ros/package.ps1'
[1.151s] INFO:colcon.colcon_core.shell:Creating package descriptor '/home/gouzi/obstacle_race_src/install/apriltag_ros/share/apriltag_ros/package.dsv'
[1.151s] INFO:colcon.colcon_core.shell:Creating package script '/home/gouzi/obstacle_race_src/install/apriltag_ros/share/apriltag_ros/package.sh'
[1.151s] INFO:colcon.colcon_core.shell:Creating package script '/home/gouzi/obstacle_race_src/install/apriltag_ros/share/apriltag_ros/package.bash'
[1.152s] INFO:colcon.colcon_core.shell:Creating package script '/home/gouzi/obstacle_race_src/install/apriltag_ros/share/apriltag_ros/package.zsh'
[1.152s] Level 1:colcon.colcon_core.environment:create_file_with_runtime_dependencies(/home/gouzi/obstacle_race_src/install/apriltag_ros/share/colcon-core/packages/apriltag_ros)
[1.152s] Level 1:colcon.colcon_core.environment:create_environment_scripts_only(apriltag_ros)
[1.152s] Level 1:colcon.colcon_core.environment:checking '/home/gouzi/obstacle_race_src/install/apriltag_ros' for CMake module files
[1.153s] Level 1:colcon.colcon_core.environment:checking '/home/gouzi/obstacle_race_src/install/apriltag_ros' for CMake config files
[1.153s] Level 1:colcon.colcon_core.shell:create_environment_hook('apriltag_ros', 'cmake_prefix_path')
[1.153s] INFO:colcon.colcon_core.shell:Creating environment hook '/home/gouzi/obstacle_race_src/install/apriltag_ros/share/apriltag_ros/hook/cmake_prefix_path.ps1'
[1.153s] INFO:colcon.colcon_core.shell:Creating environment descriptor '/home/gouzi/obstacle_race_src/install/apriltag_ros/share/apriltag_ros/hook/cmake_prefix_path.dsv'
[1.154s] INFO:colcon.colcon_core.shell:Creating environment hook '/home/gouzi/obstacle_race_src/install/apriltag_ros/share/apriltag_ros/hook/cmake_prefix_path.sh'
[1.154s] Level 1:colcon.colcon_core.environment:checking '/home/gouzi/obstacle_race_src/install/apriltag_ros/lib'
[1.154s] Level 1:colcon.colcon_core.shell:create_environment_hook('apriltag_ros', 'ld_library_path_lib')
[1.154s] INFO:colcon.colcon_core.shell:Creating environment hook '/home/gouzi/obstacle_race_src/install/apriltag_ros/share/apriltag_ros/hook/ld_library_path_lib.ps1'
[1.154s] INFO:colcon.colcon_core.shell:Creating environment descriptor '/home/gouzi/obstacle_race_src/install/apriltag_ros/share/apriltag_ros/hook/ld_library_path_lib.dsv'
[1.155s] INFO:colcon.colcon_core.shell:Creating environment hook '/home/gouzi/obstacle_race_src/install/apriltag_ros/share/apriltag_ros/hook/ld_library_path_lib.sh'
[1.155s] Level 1:colcon.colcon_core.environment:checking '/home/gouzi/obstacle_race_src/install/apriltag_ros/bin'
[1.155s] Level 1:colcon.colcon_core.environment:checking '/home/gouzi/obstacle_race_src/install/apriltag_ros/lib/pkgconfig/apriltag_ros.pc'
[1.155s] Level 1:colcon.colcon_core.environment:checking '/home/gouzi/obstacle_race_src/install/apriltag_ros/lib/python3.10/site-packages'
[1.155s] Level 1:colcon.colcon_core.environment:checking '/home/gouzi/obstacle_race_src/install/apriltag_ros/bin'
[1.156s] INFO:colcon.colcon_core.shell:Creating package script '/home/gouzi/obstacle_race_src/install/apriltag_ros/share/apriltag_ros/package.ps1'
[1.156s] INFO:colcon.colcon_core.shell:Creating package descriptor '/home/gouzi/obstacle_race_src/install/apriltag_ros/share/apriltag_ros/package.dsv'
[1.156s] INFO:colcon.colcon_core.shell:Creating package script '/home/gouzi/obstacle_race_src/install/apriltag_ros/share/apriltag_ros/package.sh'
[1.157s] INFO:colcon.colcon_core.shell:Creating package script '/home/gouzi/obstacle_race_src/install/apriltag_ros/share/apriltag_ros/package.bash'
[1.157s] INFO:colcon.colcon_core.shell:Creating package script '/home/gouzi/obstacle_race_src/install/apriltag_ros/share/apriltag_ros/package.zsh'
[1.157s] Level 1:colcon.colcon_core.environment:create_file_with_runtime_dependencies(/home/gouzi/obstacle_race_src/install/apriltag_ros/share/colcon-core/packages/apriltag_ros)
[1.157s] INFO:colcon.colcon_ros.task.ament_python.build:Building ROS package in '/home/gouzi/obstacle_race_src/src/auto_nav_pkg' with build type 'ament_python'
[1.158s] Level 1:colcon.colcon_core.shell:create_environment_hook('auto_nav_pkg', 'ament_prefix_path')
[1.158s] INFO:colcon.colcon_core.shell:Creating environment hook '/home/gouzi/obstacle_race_src/install/auto_nav_pkg/share/auto_nav_pkg/hook/ament_prefix_path.ps1'
[1.158s] INFO:colcon.colcon_core.shell:Creating environment descriptor '/home/gouzi/obstacle_race_src/install/auto_nav_pkg/share/auto_nav_pkg/hook/ament_prefix_path.dsv'
[1.159s] INFO:colcon.colcon_core.shell:Creating environment hook '/home/gouzi/obstacle_race_src/install/auto_nav_pkg/share/auto_nav_pkg/hook/ament_prefix_path.sh'
[1.159s] INFO:colcon.colcon_core.shell:Skip shell extension 'powershell' for command environment: Not usable outside of PowerShell
[1.159s] DEBUG:colcon.colcon_core.shell:Skip shell extension 'dsv' for command environment
[1.371s] INFO:colcon.colcon_core.task.python.build:Building Python package in '/home/gouzi/obstacle_race_src/src/auto_nav_pkg'
[1.371s] INFO:colcon.colcon_core.shell:Skip shell extension 'powershell' for command environment: Not usable outside of PowerShell
[1.371s] DEBUG:colcon.colcon_core.shell:Skip shell extension 'dsv' for command environment
[1.645s] DEBUG:colcon.colcon_core.event_handler.log_command:Invoking command in '/home/gouzi/obstacle_race_src/build/auto_nav_pkg': AMENT_PREFIX_PATH=/home/gouzi/obstacle_race_src/install/realsense2_camera:/home/gouzi/obstacle_race_src/install/apriltag_ros:/home/gouzi/obstacle_race_src/install/realsense2_camera_msgs:/home/gouzi/obstacle_race_src/install/apriltag_msgs:${AMENT_PREFIX_PATH} CMAKE_PREFIX_PATH=/home/gouzi/obstacle_race_src/install/realsense2_camera:/home/gouzi/obstacle_race_src/install/apriltag_ros:/home/gouzi/obstacle_race_src/install/realsense2_camera_msgs:/home/gouzi/obstacle_race_src/install/apriltag_msgs LD_LIBRARY_PATH=/home/gouzi/obstacle_race_src/install/realsense2_camera/lib:/home/gouzi/obstacle_race_src/install/apriltag_ros/lib:/home/gouzi/obstacle_race_src/install/realsense2_camera_msgs/lib:/home/gouzi/obstacle_race_src/install/apriltag_msgs/lib:${LD_LIBRARY_PATH} PYTHONPATH=/home/gouzi/obstacle_race_src/build/auto_nav_pkg/prefix_override:/usr/lib/python3/dist-packages/colcon_core/task/python/colcon_distutils_commands:/home/gouzi/obstacle_race_src/install/auto_nav_pkg/lib/python3.10/site-packages:/home/gouzi/obstacle_race_src/install/realsense2_camera_msgs/local/lib/python3.10/dist-packages:/home/gouzi/obstacle_race_src/install/apriltag_msgs/local/lib/python3.10/dist-packages:${PYTHONPATH} /usr/bin/python3 -W ignore:setup.py install is deprecated -W ignore:easy_install command is deprecated setup.py develop --uninstall --editable --build-directory /home/gouzi/obstacle_race_src/build/auto_nav_pkg/build
[1.991s] DEBUG:colcon.colcon_core.event_handler.log_command:Invoked command in '/home/gouzi/obstacle_race_src/build/auto_nav_pkg' returned '0': AMENT_PREFIX_PATH=/home/gouzi/obstacle_race_src/install/realsense2_camera:/home/gouzi/obstacle_race_src/install/apriltag_ros:/home/gouzi/obstacle_race_src/install/realsense2_camera_msgs:/home/gouzi/obstacle_race_src/install/apriltag_msgs:${AMENT_PREFIX_PATH} CMAKE_PREFIX_PATH=/home/gouzi/obstacle_race_src/install/realsense2_camera:/home/gouzi/obstacle_race_src/install/apriltag_ros:/home/gouzi/obstacle_race_src/install/realsense2_camera_msgs:/home/gouzi/obstacle_race_src/install/apriltag_msgs LD_LIBRARY_PATH=/home/gouzi/obstacle_race_src/install/realsense2_camera/lib:/home/gouzi/obstacle_race_src/install/apriltag_ros/lib:/home/gouzi/obstacle_race_src/install/realsense2_camera_msgs/lib:/home/gouzi/obstacle_race_src/install/apriltag_msgs/lib:${LD_LIBRARY_PATH} PYTHONPATH=/home/gouzi/obstacle_race_src/build/auto_nav_pkg/prefix_override:/usr/lib/python3/dist-packages/colcon_core/task/python/colcon_distutils_commands:/home/gouzi/obstacle_race_src/install/auto_nav_pkg/lib/python3.10/site-packages:/home/gouzi/obstacle_race_src/install/realsense2_camera_msgs/local/lib/python3.10/dist-packages:/home/gouzi/obstacle_race_src/install/apriltag_msgs/local/lib/python3.10/dist-packages:${PYTHONPATH} /usr/bin/python3 -W ignore:setup.py install is deprecated -W ignore:easy_install command is deprecated setup.py develop --uninstall --editable --build-directory /home/gouzi/obstacle_race_src/build/auto_nav_pkg/build
[1.992s] DEBUG:colcon.colcon_core.event_handler.log_command:Invoking command in '/home/gouzi/obstacle_race_src/src/auto_nav_pkg': AMENT_PREFIX_PATH=/home/gouzi/obstacle_race_src/install/realsense2_camera:/home/gouzi/obstacle_race_src/install/apriltag_ros:/home/gouzi/obstacle_race_src/install/realsense2_camera_msgs:/home/gouzi/obstacle_race_src/install/apriltag_msgs:${AMENT_PREFIX_PATH} CMAKE_PREFIX_PATH=/home/gouzi/obstacle_race_src/install/realsense2_camera:/home/gouzi/obstacle_race_src/install/apriltag_ros:/home/gouzi/obstacle_race_src/install/realsense2_camera_msgs:/home/gouzi/obstacle_race_src/install/apriltag_msgs LD_LIBRARY_PATH=/home/gouzi/obstacle_race_src/install/realsense2_camera/lib:/home/gouzi/obstacle_race_src/install/apriltag_ros/lib:/home/gouzi/obstacle_race_src/install/realsense2_camera_msgs/lib:/home/gouzi/obstacle_race_src/install/apriltag_msgs/lib:${LD_LIBRARY_PATH} PYTHONPATH=/home/gouzi/obstacle_race_src/build/auto_nav_pkg/prefix_override:/usr/lib/python3/dist-packages/colcon_core/task/python/colcon_distutils_commands:/home/gouzi/obstacle_race_src/install/auto_nav_pkg/lib/python3.10/site-packages:/home/gouzi/obstacle_race_src/install/realsense2_camera_msgs/local/lib/python3.10/dist-packages:/home/gouzi/obstacle_race_src/install/apriltag_msgs/local/lib/python3.10/dist-packages:${PYTHONPATH} /usr/bin/python3 -W ignore:setup.py install is deprecated -W ignore:easy_install command is deprecated setup.py egg_info --egg-base ../../build/auto_nav_pkg build --build-base /home/gouzi/obstacle_race_src/build/auto_nav_pkg/build install --record /home/gouzi/obstacle_race_src/build/auto_nav_pkg/install.log --single-version-externally-managed install_data --force
[2.404s] Level 1:colcon.colcon_core.environment:checking '/home/gouzi/obstacle_race_src/install/auto_nav_pkg' for CMake module files
[2.404s] DEBUG:colcon.colcon_core.event_handler.log_command:Invoked command in '/home/gouzi/obstacle_race_src/src/auto_nav_pkg' returned '0': AMENT_PREFIX_PATH=/home/gouzi/obstacle_race_src/install/realsense2_camera:/home/gouzi/obstacle_race_src/install/apriltag_ros:/home/gouzi/obstacle_race_src/install/realsense2_camera_msgs:/home/gouzi/obstacle_race_src/install/apriltag_msgs:${AMENT_PREFIX_PATH} CMAKE_PREFIX_PATH=/home/gouzi/obstacle_race_src/install/realsense2_camera:/home/gouzi/obstacle_race_src/install/apriltag_ros:/home/gouzi/obstacle_race_src/install/realsense2_camera_msgs:/home/gouzi/obstacle_race_src/install/apriltag_msgs LD_LIBRARY_PATH=/home/gouzi/obstacle_race_src/install/realsense2_camera/lib:/home/gouzi/obstacle_race_src/install/apriltag_ros/lib:/home/gouzi/obstacle_race_src/install/realsense2_camera_msgs/lib:/home/gouzi/obstacle_race_src/install/apriltag_msgs/lib:${LD_LIBRARY_PATH} PYTHONPATH=/home/gouzi/obstacle_race_src/build/auto_nav_pkg/prefix_override:/usr/lib/python3/dist-packages/colcon_core/task/python/colcon_distutils_commands:/home/gouzi/obstacle_race_src/install/auto_nav_pkg/lib/python3.10/site-packages:/home/gouzi/obstacle_race_src/install/realsense2_camera_msgs/local/lib/python3.10/dist-packages:/home/gouzi/obstacle_race_src/install/apriltag_msgs/local/lib/python3.10/dist-packages:${PYTHONPATH} /usr/bin/python3 -W ignore:setup.py install is deprecated -W ignore:easy_install command is deprecated setup.py egg_info --egg-base ../../build/auto_nav_pkg build --build-base /home/gouzi/obstacle_race_src/build/auto_nav_pkg/build install --record /home/gouzi/obstacle_race_src/build/auto_nav_pkg/install.log --single-version-externally-managed install_data --force
[2.405s] Level 1:colcon.colcon_core.environment:checking '/home/gouzi/obstacle_race_src/install/auto_nav_pkg' for CMake config files
[2.405s] Level 1:colcon.colcon_core.environment:checking '/home/gouzi/obstacle_race_src/install/auto_nav_pkg/lib'
[2.405s] Level 1:colcon.colcon_core.environment:checking '/home/gouzi/obstacle_race_src/install/auto_nav_pkg/bin'
[2.405s] Level 1:colcon.colcon_core.environment:checking '/home/gouzi/obstacle_race_src/install/auto_nav_pkg/lib/pkgconfig/auto_nav_pkg.pc'
[2.405s] Level 1:colcon.colcon_core.environment:checking '/home/gouzi/obstacle_race_src/install/auto_nav_pkg/lib/python3.10/site-packages'
[2.405s] Level 1:colcon.colcon_core.shell:create_environment_hook('auto_nav_pkg', 'pythonpath')
[2.405s] INFO:colcon.colcon_core.shell:Creating environment hook '/home/gouzi/obstacle_race_src/install/auto_nav_pkg/share/auto_nav_pkg/hook/pythonpath.ps1'
[2.406s] INFO:colcon.colcon_core.shell:Creating environment descriptor '/home/gouzi/obstacle_race_src/install/auto_nav_pkg/share/auto_nav_pkg/hook/pythonpath.dsv'
[2.406s] INFO:colcon.colcon_core.shell:Creating environment hook '/home/gouzi/obstacle_race_src/install/auto_nav_pkg/share/auto_nav_pkg/hook/pythonpath.sh'
[2.407s] Level 1:colcon.colcon_core.environment:checking '/home/gouzi/obstacle_race_src/install/auto_nav_pkg/bin'
[2.407s] Level 1:colcon.colcon_core.environment:create_environment_scripts_only(auto_nav_pkg)
[2.407s] INFO:colcon.colcon_core.shell:Creating package script '/home/gouzi/obstacle_race_src/install/auto_nav_pkg/share/auto_nav_pkg/package.ps1'
[2.407s] INFO:colcon.colcon_core.shell:Creating package descriptor '/home/gouzi/obstacle_race_src/install/auto_nav_pkg/share/auto_nav_pkg/package.dsv'
[2.408s] INFO:colcon.colcon_core.shell:Creating package script '/home/gouzi/obstacle_race_src/install/auto_nav_pkg/share/auto_nav_pkg/package.sh'
[2.408s] INFO:colcon.colcon_core.shell:Creating package script '/home/gouzi/obstacle_race_src/install/auto_nav_pkg/share/auto_nav_pkg/package.bash'
[2.408s] INFO:colcon.colcon_core.shell:Creating package script '/home/gouzi/obstacle_race_src/install/auto_nav_pkg/share/auto_nav_pkg/package.zsh'
[2.408s] Level 1:colcon.colcon_core.environment:create_file_with_runtime_dependencies(/home/gouzi/obstacle_race_src/install/auto_nav_pkg/share/colcon-core/packages/auto_nav_pkg)
[2.409s] DEBUG:colcon.colcon_parallel_executor.executor.parallel:closing loop
[2.409s] DEBUG:colcon.colcon_parallel_executor.executor.parallel:loop closed
[2.409s] DEBUG:colcon.colcon_parallel_executor.executor.parallel:run_until_complete finished with '0'
[2.409s] DEBUG:colcon.colcon_core.event_reactor:joining thread
[2.413s] INFO:colcon.colcon_core.plugin_system:Skipping extension 'colcon_notification.desktop_notification.terminal_notifier': Not used on non-Darwin systems
[2.413s] INFO:colcon.colcon_core.plugin_system:Skipping extension 'colcon_notification.desktop_notification.win32': Not used on non-Windows systems
[2.413s] INFO:colcon.colcon_notification.desktop_notification:Sending desktop notification using 'notify2'
[2.424s] DEBUG:colcon.colcon_core.event_reactor:joined thread
[2.425s] INFO:colcon.colcon_core.shell:Creating prefix script '/home/gouzi/obstacle_race_src/install/local_setup.ps1'
[2.427s] INFO:colcon.colcon_core.shell:Creating prefix util module '/home/gouzi/obstacle_race_src/install/_local_setup_util_ps1.py'
[2.428s] INFO:colcon.colcon_core.shell:Creating prefix chain script '/home/gouzi/obstacle_race_src/install/setup.ps1'
[2.428s] INFO:colcon.colcon_core.shell:Creating prefix script '/home/gouzi/obstacle_race_src/install/local_setup.sh'
[2.429s] INFO:colcon.colcon_core.shell:Creating prefix util module '/home/gouzi/obstacle_race_src/install/_local_setup_util_sh.py'
[2.429s] INFO:colcon.colcon_core.shell:Creating prefix chain script '/home/gouzi/obstacle_race_src/install/setup.sh'
[2.430s] INFO:colcon.colcon_core.shell:Creating prefix script '/home/gouzi/obstacle_race_src/install/local_setup.bash'
[2.430s] INFO:colcon.colcon_core.shell:Creating prefix chain script '/home/gouzi/obstacle_race_src/install/setup.bash'
[2.431s] INFO:colcon.colcon_core.shell:Creating prefix script '/home/gouzi/obstacle_race_src/install/local_setup.zsh'
[2.431s] INFO:colcon.colcon_core.shell:Creating prefix chain script '/home/gouzi/obstacle_race_src/install/setup.zsh'
