[0.085s] DEBUG:colcon:Command line arguments: ['/usr/bin/colcon', 'build']
[0.085s] DEBUG:colcon:Parsed command line arguments: Namespace(log_base=None, log_level=None, verb_name='build', build_base='build', install_base='install', merge_install=False, symlink_install=False, test_result_base=None, continue_on_error=False, executor='parallel', parallel_workers=8, event_handlers=None, ignore_user_meta=False, metas=['./colcon.meta'], base_paths=['.'], packages_ignore=None, packages_ignore_regex=None, paths=None, packages_up_to=None, packages_up_to_regex=None, packages_above=None, packages_above_and_dependencies=None, packages_above_depth=None, packages_select_by_dep=None, packages_skip_by_dep=None, packages_skip_up_to=None, packages_select_build_failed=False, packages_skip_build_finished=False, packages_select_test_failures=False, packages_skip_test_passed=False, packages_select=None, packages_skip=None, packages_select_regex=None, packages_skip_regex=None, packages_start=None, packages_end=None, allow_overriding=[], cmake_args=None, cmake_target=None, cmake_target_skip_unavailable=False, cmake_clean_cache=False, cmake_clean_first=False, cmake_force_configure=False, ament_cmake_args=None, catkin_cmake_args=None, catkin_skip_building_tests=False, verb_parser=<colcon_defaults.argument_parser.defaults.DefaultArgumentsDecorator object at 0x7ad1468f4b80>, verb_extension=<colcon_core.verb.build.BuildVerb object at 0x7ad1468f45e0>, main=<bound method BuildVerb.main of <colcon_core.verb.build.BuildVerb object at 0x7ad1468f45e0>>)
[0.228s] Level 1:colcon.colcon_core.package_discovery:discover_packages(colcon_meta) check parameters
[0.229s] Level 1:colcon.colcon_core.package_discovery:discover_packages(recursive) check parameters
[0.229s] Level 1:colcon.colcon_core.package_discovery:discover_packages(ignore) check parameters
[0.229s] Level 1:colcon.colcon_core.package_discovery:discover_packages(path) check parameters
[0.229s] Level 1:colcon.colcon_core.package_discovery:discover_packages(colcon_meta) discover
[0.229s] Level 1:colcon.colcon_core.package_discovery:discover_packages(recursive) discover
[0.229s] INFO:colcon.colcon_core.package_discovery:Crawling recursively for packages in '/home/gouzi/obstacle_race_src'
[0.229s] Level 1:colcon.colcon_core.package_identification:_identify(.) by extensions ['ignore', 'ignore_ament_install']
[0.229s] Level 1:colcon.colcon_core.package_identification:_identify(.) by extension 'ignore'
[0.229s] Level 1:colcon.colcon_core.package_identification:_identify(.) by extension 'ignore_ament_install'
[0.229s] Level 1:colcon.colcon_core.package_identification:_identify(.) by extensions ['colcon_pkg']
[0.229s] Level 1:colcon.colcon_core.package_identification:_identify(.) by extension 'colcon_pkg'
[0.229s] Level 1:colcon.colcon_core.package_identification:_identify(.) by extensions ['colcon_meta']
[0.229s] Level 1:colcon.colcon_core.package_identification:_identify(.) by extension 'colcon_meta'
[0.229s] Level 1:colcon.colcon_core.package_identification:_identify(.) by extensions ['ros']
[0.229s] Level 1:colcon.colcon_core.package_identification:_identify(.) by extension 'ros'
[0.240s] Level 1:colcon.colcon_core.package_identification:_identify(.) by extensions ['cmake', 'python']
[0.240s] Level 1:colcon.colcon_core.package_identification:_identify(.) by extension 'cmake'
[0.240s] Level 1:colcon.colcon_core.package_identification:_identify(.) by extension 'python'
[0.240s] Level 1:colcon.colcon_core.package_identification:_identify(.) by extensions ['python_setup_py']
[0.240s] Level 1:colcon.colcon_core.package_identification:_identify(.) by extension 'python_setup_py'
[0.240s] Level 1:colcon.colcon_core.package_identification:_identify(bags) by extensions ['ignore', 'ignore_ament_install']
[0.240s] Level 1:colcon.colcon_core.package_identification:_identify(bags) by extension 'ignore'
[0.240s] Level 1:colcon.colcon_core.package_identification:_identify(bags) by extension 'ignore_ament_install'
[0.240s] Level 1:colcon.colcon_core.package_identification:_identify(bags) by extensions ['colcon_pkg']
[0.240s] Level 1:colcon.colcon_core.package_identification:_identify(bags) by extension 'colcon_pkg'
[0.240s] Level 1:colcon.colcon_core.package_identification:_identify(bags) by extensions ['colcon_meta']
[0.241s] Level 1:colcon.colcon_core.package_identification:_identify(bags) by extension 'colcon_meta'
[0.241s] Level 1:colcon.colcon_core.package_identification:_identify(bags) by extensions ['ros']
[0.241s] Level 1:colcon.colcon_core.package_identification:_identify(bags) by extension 'ros'
[0.241s] Level 1:colcon.colcon_core.package_identification:_identify(bags) by extensions ['cmake', 'python']
[0.241s] Level 1:colcon.colcon_core.package_identification:_identify(bags) by extension 'cmake'
[0.241s] Level 1:colcon.colcon_core.package_identification:_identify(bags) by extension 'python'
[0.241s] Level 1:colcon.colcon_core.package_identification:_identify(bags) by extensions ['python_setup_py']
[0.241s] Level 1:colcon.colcon_core.package_identification:_identify(bags) by extension 'python_setup_py'
[0.241s] Level 1:colcon.colcon_core.package_identification:_identify(bags/rosbag2_2026_06_30-14_10_16) by extensions ['ignore', 'ignore_ament_install']
[0.241s] Level 1:colcon.colcon_core.package_identification:_identify(bags/rosbag2_2026_06_30-14_10_16) by extension 'ignore'
[0.241s] Level 1:colcon.colcon_core.package_identification:_identify(bags/rosbag2_2026_06_30-14_10_16) by extension 'ignore_ament_install'
[0.241s] Level 1:colcon.colcon_core.package_identification:_identify(bags/rosbag2_2026_06_30-14_10_16) by extensions ['colcon_pkg']
[0.241s] Level 1:colcon.colcon_core.package_identification:_identify(bags/rosbag2_2026_06_30-14_10_16) by extension 'colcon_pkg'
[0.241s] Level 1:colcon.colcon_core.package_identification:_identify(bags/rosbag2_2026_06_30-14_10_16) by extensions ['colcon_meta']
[0.241s] Level 1:colcon.colcon_core.package_identification:_identify(bags/rosbag2_2026_06_30-14_10_16) by extension 'colcon_meta'
[0.241s] Level 1:colcon.colcon_core.package_identification:_identify(bags/rosbag2_2026_06_30-14_10_16) by extensions ['ros']
[0.241s] Level 1:colcon.colcon_core.package_identification:_identify(bags/rosbag2_2026_06_30-14_10_16) by extension 'ros'
[0.241s] Level 1:colcon.colcon_core.package_identification:_identify(bags/rosbag2_2026_06_30-14_10_16) by extensions ['cmake', 'python']
[0.241s] Level 1:colcon.colcon_core.package_identification:_identify(bags/rosbag2_2026_06_30-14_10_16) by extension 'cmake'
[0.241s] Level 1:colcon.colcon_core.package_identification:_identify(bags/rosbag2_2026_06_30-14_10_16) by extension 'python'
[0.242s] Level 1:colcon.colcon_core.package_identification:_identify(bags/rosbag2_2026_06_30-14_10_16) by extensions ['python_setup_py']
[0.242s] Level 1:colcon.colcon_core.package_identification:_identify(bags/rosbag2_2026_06_30-14_10_16) by extension 'python_setup_py'
[0.242s] Level 1:colcon.colcon_core.package_identification:_identify(bags/upstairs_threshold_debug) by extensions ['ignore', 'ignore_ament_install']
[0.242s] Level 1:colcon.colcon_core.package_identification:_identify(bags/upstairs_threshold_debug) by extension 'ignore'
[0.242s] Level 1:colcon.colcon_core.package_identification:_identify(bags/upstairs_threshold_debug) by extension 'ignore_ament_install'
[0.242s] Level 1:colcon.colcon_core.package_identification:_identify(bags/upstairs_threshold_debug) by extensions ['colcon_pkg']
[0.242s] Level 1:colcon.colcon_core.package_identification:_identify(bags/upstairs_threshold_debug) by extension 'colcon_pkg'
[0.242s] Level 1:colcon.colcon_core.package_identification:_identify(bags/upstairs_threshold_debug) by extensions ['colcon_meta']
[0.242s] Level 1:colcon.colcon_core.package_identification:_identify(bags/upstairs_threshold_debug) by extension 'colcon_meta'
[0.242s] Level 1:colcon.colcon_core.package_identification:_identify(bags/upstairs_threshold_debug) by extensions ['ros']
[0.242s] Level 1:colcon.colcon_core.package_identification:_identify(bags/upstairs_threshold_debug) by extension 'ros'
[0.242s] Level 1:colcon.colcon_core.package_identification:_identify(bags/upstairs_threshold_debug) by extensions ['cmake', 'python']
[0.242s] Level 1:colcon.colcon_core.package_identification:_identify(bags/upstairs_threshold_debug) by extension 'cmake'
[0.242s] Level 1:colcon.colcon_core.package_identification:_identify(bags/upstairs_threshold_debug) by extension 'python'
[0.242s] Level 1:colcon.colcon_core.package_identification:_identify(bags/upstairs_threshold_debug) by extensions ['python_setup_py']
[0.242s] Level 1:colcon.colcon_core.package_identification:_identify(bags/upstairs_threshold_debug) by extension 'python_setup_py'
[0.242s] Level 1:colcon.colcon_core.package_identification:_identify(build) by extensions ['ignore', 'ignore_ament_install']
[0.242s] Level 1:colcon.colcon_core.package_identification:_identify(build) by extension 'ignore'
[0.242s] Level 1:colcon.colcon_core.package_identification:_identify(build) ignored
[0.243s] Level 1:colcon.colcon_core.package_identification:_identify(install) by extensions ['ignore', 'ignore_ament_install']
[0.243s] Level 1:colcon.colcon_core.package_identification:_identify(install) by extension 'ignore'
[0.243s] Level 1:colcon.colcon_core.package_identification:_identify(install) ignored
[0.243s] Level 1:colcon.colcon_core.package_identification:_identify(log) by extensions ['ignore', 'ignore_ament_install']
[0.243s] Level 1:colcon.colcon_core.package_identification:_identify(log) by extension 'ignore'
[0.243s] Level 1:colcon.colcon_core.package_identification:_identify(log) ignored
[0.243s] Level 1:colcon.colcon_core.package_identification:_identify(scripts) by extensions ['ignore', 'ignore_ament_install']
[0.243s] Level 1:colcon.colcon_core.package_identification:_identify(scripts) by extension 'ignore'
[0.243s] Level 1:colcon.colcon_core.package_identification:_identify(scripts) by extension 'ignore_ament_install'
[0.243s] Level 1:colcon.colcon_core.package_identification:_identify(scripts) by extensions ['colcon_pkg']
[0.243s] Level 1:colcon.colcon_core.package_identification:_identify(scripts) by extension 'colcon_pkg'
[0.244s] Level 1:colcon.colcon_core.package_identification:_identify(scripts) by extensions ['colcon_meta']
[0.244s] Level 1:colcon.colcon_core.package_identification:_identify(scripts) by extension 'colcon_meta'
[0.244s] Level 1:colcon.colcon_core.package_identification:_identify(scripts) by extensions ['ros']
[0.244s] Level 1:colcon.colcon_core.package_identification:_identify(scripts) by extension 'ros'
[0.244s] Level 1:colcon.colcon_core.package_identification:_identify(scripts) by extensions ['cmake', 'python']
[0.244s] Level 1:colcon.colcon_core.package_identification:_identify(scripts) by extension 'cmake'
[0.244s] Level 1:colcon.colcon_core.package_identification:_identify(scripts) by extension 'python'
[0.244s] Level 1:colcon.colcon_core.package_identification:_identify(scripts) by extensions ['python_setup_py']
[0.244s] Level 1:colcon.colcon_core.package_identification:_identify(scripts) by extension 'python_setup_py'
[0.244s] Level 1:colcon.colcon_core.package_identification:_identify(src) by extensions ['ignore', 'ignore_ament_install']
[0.244s] Level 1:colcon.colcon_core.package_identification:_identify(src) by extension 'ignore'
[0.244s] Level 1:colcon.colcon_core.package_identification:_identify(src) by extension 'ignore_ament_install'
[0.244s] Level 1:colcon.colcon_core.package_identification:_identify(src) by extensions ['colcon_pkg']
[0.244s] Level 1:colcon.colcon_core.package_identification:_identify(src) by extension 'colcon_pkg'
[0.244s] Level 1:colcon.colcon_core.package_identification:_identify(src) by extensions ['colcon_meta']
[0.244s] Level 1:colcon.colcon_core.package_identification:_identify(src) by extension 'colcon_meta'
[0.244s] Level 1:colcon.colcon_core.package_identification:_identify(src) by extensions ['ros']
[0.244s] Level 1:colcon.colcon_core.package_identification:_identify(src) by extension 'ros'
[0.244s] Level 1:colcon.colcon_core.package_identification:_identify(src) by extensions ['cmake', 'python']
[0.244s] Level 1:colcon.colcon_core.package_identification:_identify(src) by extension 'cmake'
[0.244s] Level 1:colcon.colcon_core.package_identification:_identify(src) by extension 'python'
[0.244s] Level 1:colcon.colcon_core.package_identification:_identify(src) by extensions ['python_setup_py']
[0.244s] Level 1:colcon.colcon_core.package_identification:_identify(src) by extension 'python_setup_py'
[0.244s] Level 1:colcon.colcon_core.package_identification:_identify(src/apriltag_msgs) by extensions ['ignore', 'ignore_ament_install']
[0.244s] Level 1:colcon.colcon_core.package_identification:_identify(src/apriltag_msgs) by extension 'ignore'
[0.244s] Level 1:colcon.colcon_core.package_identification:_identify(src/apriltag_msgs) by extension 'ignore_ament_install'
[0.244s] Level 1:colcon.colcon_core.package_identification:_identify(src/apriltag_msgs) by extensions ['colcon_pkg']
[0.244s] Level 1:colcon.colcon_core.package_identification:_identify(src/apriltag_msgs) by extension 'colcon_pkg'
[0.244s] Level 1:colcon.colcon_core.package_identification:_identify(src/apriltag_msgs) by extensions ['colcon_meta']
[0.244s] Level 1:colcon.colcon_core.package_identification:_identify(src/apriltag_msgs) by extension 'colcon_meta'
[0.245s] Level 1:colcon.colcon_core.package_identification:_identify(src/apriltag_msgs) by extensions ['ros']
[0.245s] Level 1:colcon.colcon_core.package_identification:_identify(src/apriltag_msgs) by extension 'ros'
[0.247s] DEBUG:colcon.colcon_core.package_identification:Package 'src/apriltag_msgs' with type 'ros.ament_cmake' and name 'apriltag_msgs'
[0.247s] Level 1:colcon.colcon_core.package_identification:_identify(src/apriltag_ros) by extensions ['ignore', 'ignore_ament_install']
[0.247s] Level 1:colcon.colcon_core.package_identification:_identify(src/apriltag_ros) by extension 'ignore'
[0.248s] Level 1:colcon.colcon_core.package_identification:_identify(src/apriltag_ros) by extension 'ignore_ament_install'
[0.248s] Level 1:colcon.colcon_core.package_identification:_identify(src/apriltag_ros) by extensions ['colcon_pkg']
[0.248s] Level 1:colcon.colcon_core.package_identification:_identify(src/apriltag_ros) by extension 'colcon_pkg'
[0.248s] Level 1:colcon.colcon_core.package_identification:_identify(src/apriltag_ros) by extensions ['colcon_meta']
[0.248s] Level 1:colcon.colcon_core.package_identification:_identify(src/apriltag_ros) by extension 'colcon_meta'
[0.248s] Level 1:colcon.colcon_core.package_identification:_identify(src/apriltag_ros) by extensions ['ros']
[0.248s] Level 1:colcon.colcon_core.package_identification:_identify(src/apriltag_ros) by extension 'ros'
[0.250s] DEBUG:colcon.colcon_core.package_identification:Package 'src/apriltag_ros' with type 'ros.ament_cmake' and name 'apriltag_ros'
[0.251s] Level 1:colcon.colcon_core.package_identification:_identify(src/auto_nav_pkg) by extensions ['ignore', 'ignore_ament_install']
[0.251s] Level 1:colcon.colcon_core.package_identification:_identify(src/auto_nav_pkg) by extension 'ignore'
[0.251s] Level 1:colcon.colcon_core.package_identification:_identify(src/auto_nav_pkg) by extension 'ignore_ament_install'
[0.251s] Level 1:colcon.colcon_core.package_identification:_identify(src/auto_nav_pkg) by extensions ['colcon_pkg']
[0.251s] Level 1:colcon.colcon_core.package_identification:_identify(src/auto_nav_pkg) by extension 'colcon_pkg'
[0.251s] Level 1:colcon.colcon_core.package_identification:_identify(src/auto_nav_pkg) by extensions ['colcon_meta']
[0.251s] Level 1:colcon.colcon_core.package_identification:_identify(src/auto_nav_pkg) by extension 'colcon_meta'
[0.251s] Level 1:colcon.colcon_core.package_identification:_identify(src/auto_nav_pkg) by extensions ['ros']
[0.251s] Level 1:colcon.colcon_core.package_identification:_identify(src/auto_nav_pkg) by extension 'ros'
[0.253s] DEBUG:colcon.colcon_core.package_identification:Package 'src/auto_nav_pkg' with type 'ros.ament_python' and name 'auto_nav_pkg'
[0.253s] Level 1:colcon.colcon_core.package_identification:_identify(src/livox_ros_driver2) by extensions ['ignore', 'ignore_ament_install']
[0.253s] Level 1:colcon.colcon_core.package_identification:_identify(src/livox_ros_driver2) by extension 'ignore'
[0.253s] Level 1:colcon.colcon_core.package_identification:_identify(src/livox_ros_driver2) by extension 'ignore_ament_install'
[0.253s] Level 1:colcon.colcon_core.package_identification:_identify(src/livox_ros_driver2) by extensions ['colcon_pkg']
[0.253s] Level 1:colcon.colcon_core.package_identification:_identify(src/livox_ros_driver2) by extension 'colcon_pkg'
[0.253s] Level 1:colcon.colcon_core.package_identification:_identify(src/livox_ros_driver2) by extensions ['colcon_meta']
[0.253s] Level 1:colcon.colcon_core.package_identification:_identify(src/livox_ros_driver2) by extension 'colcon_meta'
[0.253s] Level 1:colcon.colcon_core.package_identification:_identify(src/livox_ros_driver2) by extensions ['ros']
[0.253s] Level 1:colcon.colcon_core.package_identification:_identify(src/livox_ros_driver2) by extension 'ros'
[0.271s] DEBUG:colcon.colcon_core.package_identification:Package 'src/livox_ros_driver2' with type 'ros.ament_cmake' and name 'livox_ros_driver2'
[0.271s] Level 1:colcon.colcon_core.package_identification:_identify(src/point_lio_ros2) by extensions ['ignore', 'ignore_ament_install']
[0.271s] Level 1:colcon.colcon_core.package_identification:_identify(src/point_lio_ros2) by extension 'ignore'
[0.271s] Level 1:colcon.colcon_core.package_identification:_identify(src/point_lio_ros2) by extension 'ignore_ament_install'
[0.271s] Level 1:colcon.colcon_core.package_identification:_identify(src/point_lio_ros2) by extensions ['colcon_pkg']
[0.271s] Level 1:colcon.colcon_core.package_identification:_identify(src/point_lio_ros2) by extension 'colcon_pkg'
[0.271s] Level 1:colcon.colcon_core.package_identification:_identify(src/point_lio_ros2) by extensions ['colcon_meta']
[0.271s] Level 1:colcon.colcon_core.package_identification:_identify(src/point_lio_ros2) by extension 'colcon_meta'
[0.271s] Level 1:colcon.colcon_core.package_identification:_identify(src/point_lio_ros2) by extensions ['ros']
[0.271s] Level 1:colcon.colcon_core.package_identification:_identify(src/point_lio_ros2) by extension 'ros'
[0.272s] DEBUG:colcon.colcon_core.package_identification:Package 'src/point_lio_ros2' with type 'ros.ament_cmake' and name 'point_lio'
[0.273s] Level 1:colcon.colcon_core.package_identification:_identify(src/quadruped_step_mapper) by extensions ['ignore', 'ignore_ament_install']
[0.273s] Level 1:colcon.colcon_core.package_identification:_identify(src/quadruped_step_mapper) by extension 'ignore'
[0.273s] Level 1:colcon.colcon_core.package_identification:_identify(src/quadruped_step_mapper) by extension 'ignore_ament_install'
[0.273s] Level 1:colcon.colcon_core.package_identification:_identify(src/quadruped_step_mapper) by extensions ['colcon_pkg']
[0.273s] Level 1:colcon.colcon_core.package_identification:_identify(src/quadruped_step_mapper) by extension 'colcon_pkg'
[0.273s] Level 1:colcon.colcon_core.package_identification:_identify(src/quadruped_step_mapper) by extensions ['colcon_meta']
[0.273s] Level 1:colcon.colcon_core.package_identification:_identify(src/quadruped_step_mapper) by extension 'colcon_meta'
[0.273s] Level 1:colcon.colcon_core.package_identification:_identify(src/quadruped_step_mapper) by extensions ['ros']
[0.273s] Level 1:colcon.colcon_core.package_identification:_identify(src/quadruped_step_mapper) by extension 'ros'
[0.274s] DEBUG:colcon.colcon_core.package_identification:Package 'src/quadruped_step_mapper' with type 'ros.ament_cmake' and name 'quadruped_step_mapper'
[0.274s] Level 1:colcon.colcon_core.package_identification:_identify(src/realsense-ros) by extensions ['ignore', 'ignore_ament_install']
[0.274s] Level 1:colcon.colcon_core.package_identification:_identify(src/realsense-ros) by extension 'ignore'
[0.274s] Level 1:colcon.colcon_core.package_identification:_identify(src/realsense-ros) by extension 'ignore_ament_install'
[0.274s] Level 1:colcon.colcon_core.package_identification:_identify(src/realsense-ros) by extensions ['colcon_pkg']
[0.274s] Level 1:colcon.colcon_core.package_identification:_identify(src/realsense-ros) by extension 'colcon_pkg'
[0.274s] Level 1:colcon.colcon_core.package_identification:_identify(src/realsense-ros) by extensions ['colcon_meta']
[0.274s] Level 1:colcon.colcon_core.package_identification:_identify(src/realsense-ros) by extension 'colcon_meta'
[0.274s] Level 1:colcon.colcon_core.package_identification:_identify(src/realsense-ros) by extensions ['ros']
[0.274s] Level 1:colcon.colcon_core.package_identification:_identify(src/realsense-ros) by extension 'ros'
[0.274s] Level 1:colcon.colcon_core.package_identification:_identify(src/realsense-ros) by extensions ['cmake', 'python']
[0.274s] Level 1:colcon.colcon_core.package_identification:_identify(src/realsense-ros) by extension 'cmake'
[0.274s] Level 1:colcon.colcon_core.package_identification:_identify(src/realsense-ros) by extension 'python'
[0.274s] Level 1:colcon.colcon_core.package_identification:_identify(src/realsense-ros) by extensions ['python_setup_py']
[0.274s] Level 1:colcon.colcon_core.package_identification:_identify(src/realsense-ros) by extension 'python_setup_py'
[0.275s] Level 1:colcon.colcon_core.package_identification:_identify(src/realsense-ros/realsense2_camera) by extensions ['ignore', 'ignore_ament_install']
[0.275s] Level 1:colcon.colcon_core.package_identification:_identify(src/realsense-ros/realsense2_camera) by extension 'ignore'
[0.275s] Level 1:colcon.colcon_core.package_identification:_identify(src/realsense-ros/realsense2_camera) by extension 'ignore_ament_install'
[0.275s] Level 1:colcon.colcon_core.package_identification:_identify(src/realsense-ros/realsense2_camera) by extensions ['colcon_pkg']
[0.275s] Level 1:colcon.colcon_core.package_identification:_identify(src/realsense-ros/realsense2_camera) by extension 'colcon_pkg'
[0.275s] Level 1:colcon.colcon_core.package_identification:_identify(src/realsense-ros/realsense2_camera) by extensions ['colcon_meta']
[0.275s] Level 1:colcon.colcon_core.package_identification:_identify(src/realsense-ros/realsense2_camera) by extension 'colcon_meta'
[0.275s] Level 1:colcon.colcon_core.package_identification:_identify(src/realsense-ros/realsense2_camera) by extensions ['ros']
[0.275s] Level 1:colcon.colcon_core.package_identification:_identify(src/realsense-ros/realsense2_camera) by extension 'ros'
[0.276s] DEBUG:colcon.colcon_core.package_identification:Package 'src/realsense-ros/realsense2_camera' with type 'ros.ament_cmake' and name 'realsense2_camera'
[0.276s] Level 1:colcon.colcon_core.package_identification:_identify(src/realsense-ros/realsense2_camera_msgs) by extensions ['ignore', 'ignore_ament_install']
[0.277s] Level 1:colcon.colcon_core.package_identification:_identify(src/realsense-ros/realsense2_camera_msgs) by extension 'ignore'
[0.277s] Level 1:colcon.colcon_core.package_identification:_identify(src/realsense-ros/realsense2_camera_msgs) by extension 'ignore_ament_install'
[0.277s] Level 1:colcon.colcon_core.package_identification:_identify(src/realsense-ros/realsense2_camera_msgs) by extensions ['colcon_pkg']
[0.277s] Level 1:colcon.colcon_core.package_identification:_identify(src/realsense-ros/realsense2_camera_msgs) by extension 'colcon_pkg'
[0.277s] Level 1:colcon.colcon_core.package_identification:_identify(src/realsense-ros/realsense2_camera_msgs) by extensions ['colcon_meta']
[0.277s] Level 1:colcon.colcon_core.package_identification:_identify(src/realsense-ros/realsense2_camera_msgs) by extension 'colcon_meta'
[0.277s] Level 1:colcon.colcon_core.package_identification:_identify(src/realsense-ros/realsense2_camera_msgs) by extensions ['ros']
[0.277s] Level 1:colcon.colcon_core.package_identification:_identify(src/realsense-ros/realsense2_camera_msgs) by extension 'ros'
[0.277s] DEBUG:colcon.colcon_core.package_identification:Package 'src/realsense-ros/realsense2_camera_msgs' with type 'ros.ament_cmake' and name 'realsense2_camera_msgs'
[0.277s] Level 1:colcon.colcon_core.package_identification:_identify(src/realsense-ros/realsense2_description) by extensions ['ignore', 'ignore_ament_install']
[0.277s] Level 1:colcon.colcon_core.package_identification:_identify(src/realsense-ros/realsense2_description) by extension 'ignore'
[0.277s] Level 1:colcon.colcon_core.package_identification:_identify(src/realsense-ros/realsense2_description) by extension 'ignore_ament_install'
[0.277s] Level 1:colcon.colcon_core.package_identification:_identify(src/realsense-ros/realsense2_description) by extensions ['colcon_pkg']
[0.277s] Level 1:colcon.colcon_core.package_identification:_identify(src/realsense-ros/realsense2_description) by extension 'colcon_pkg'
[0.278s] Level 1:colcon.colcon_core.package_identification:_identify(src/realsense-ros/realsense2_description) by extensions ['colcon_meta']
[0.278s] Level 1:colcon.colcon_core.package_identification:_identify(src/realsense-ros/realsense2_description) by extension 'colcon_meta'
[0.278s] Level 1:colcon.colcon_core.package_identification:_identify(src/realsense-ros/realsense2_description) by extensions ['ros']
[0.278s] Level 1:colcon.colcon_core.package_identification:_identify(src/realsense-ros/realsense2_description) by extension 'ros'
[0.278s] DEBUG:colcon.colcon_core.package_identification:Package 'src/realsense-ros/realsense2_description' with type 'ros.ament_cmake' and name 'realsense2_description'
[0.278s] Level 1:colcon.colcon_core.package_identification:_identify(src/realsense-ros/scripts) by extensions ['ignore', 'ignore_ament_install']
[0.278s] Level 1:colcon.colcon_core.package_identification:_identify(src/realsense-ros/scripts) by extension 'ignore'
[0.278s] Level 1:colcon.colcon_core.package_identification:_identify(src/realsense-ros/scripts) by extension 'ignore_ament_install'
[0.278s] Level 1:colcon.colcon_core.package_identification:_identify(src/realsense-ros/scripts) by extensions ['colcon_pkg']
[0.278s] Level 1:colcon.colcon_core.package_identification:_identify(src/realsense-ros/scripts) by extension 'colcon_pkg'
[0.278s] Level 1:colcon.colcon_core.package_identification:_identify(src/realsense-ros/scripts) by extensions ['colcon_meta']
[0.278s] Level 1:colcon.colcon_core.package_identification:_identify(src/realsense-ros/scripts) by extension 'colcon_meta'
[0.278s] Level 1:colcon.colcon_core.package_identification:_identify(src/realsense-ros/scripts) by extensions ['ros']
[0.278s] Level 1:colcon.colcon_core.package_identification:_identify(src/realsense-ros/scripts) by extension 'ros'
[0.279s] Level 1:colcon.colcon_core.package_identification:_identify(src/realsense-ros/scripts) by extensions ['cmake', 'python']
[0.279s] Level 1:colcon.colcon_core.package_identification:_identify(src/realsense-ros/scripts) by extension 'cmake'
[0.279s] Level 1:colcon.colcon_core.package_identification:_identify(src/realsense-ros/scripts) by extension 'python'
[0.279s] Level 1:colcon.colcon_core.package_identification:_identify(src/realsense-ros/scripts) by extensions ['python_setup_py']
[0.279s] Level 1:colcon.colcon_core.package_identification:_identify(src/realsense-ros/scripts) by extension 'python_setup_py'
[0.279s] Level 1:colcon.colcon_core.package_identification:_identify(systemd) by extensions ['ignore', 'ignore_ament_install']
[0.279s] Level 1:colcon.colcon_core.package_identification:_identify(systemd) by extension 'ignore'
[0.279s] Level 1:colcon.colcon_core.package_identification:_identify(systemd) by extension 'ignore_ament_install'
[0.279s] Level 1:colcon.colcon_core.package_identification:_identify(systemd) by extensions ['colcon_pkg']
[0.279s] Level 1:colcon.colcon_core.package_identification:_identify(systemd) by extension 'colcon_pkg'
[0.279s] Level 1:colcon.colcon_core.package_identification:_identify(systemd) by extensions ['colcon_meta']
[0.279s] Level 1:colcon.colcon_core.package_identification:_identify(systemd) by extension 'colcon_meta'
[0.279s] Level 1:colcon.colcon_core.package_identification:_identify(systemd) by extensions ['ros']
[0.279s] Level 1:colcon.colcon_core.package_identification:_identify(systemd) by extension 'ros'
[0.279s] Level 1:colcon.colcon_core.package_identification:_identify(systemd) by extensions ['cmake', 'python']
[0.279s] Level 1:colcon.colcon_core.package_identification:_identify(systemd) by extension 'cmake'
[0.279s] Level 1:colcon.colcon_core.package_identification:_identify(systemd) by extension 'python'
[0.279s] Level 1:colcon.colcon_core.package_identification:_identify(systemd) by extensions ['python_setup_py']
[0.279s] Level 1:colcon.colcon_core.package_identification:_identify(systemd) by extension 'python_setup_py'
[0.279s] Level 1:colcon.colcon_core.package_discovery:discover_packages(recursive) using defaults
[0.279s] Level 1:colcon.colcon_core.package_discovery:discover_packages(ignore) discover
[0.279s] Level 1:colcon.colcon_core.package_discovery:discover_packages(ignore) using defaults
[0.279s] Level 1:colcon.colcon_core.package_discovery:discover_packages(path) discover
[0.279s] Level 1:colcon.colcon_core.package_discovery:discover_packages(path) using defaults
[0.297s] Level 1:colcon.colcon_core.package_discovery:discover_packages(prefix_path) check parameters
[0.297s] Level 1:colcon.colcon_core.package_discovery:discover_packages(prefix_path) discover
[0.299s] DEBUG:colcon.colcon_installed_package_information.package_discovery:Found 9 installed packages in /home/gouzi/obstacle_race_src/install
[0.300s] DEBUG:colcon.colcon_installed_package_information.package_discovery:Found 318 installed packages in /opt/ros/humble
[0.301s] Level 1:colcon.colcon_core.package_discovery:discover_packages(prefix_path) using defaults
[0.334s] Level 5:colcon.colcon_core.verb:set package 'apriltag_msgs' build argument 'cmake_args' from command line to 'None'
[0.334s] Level 5:colcon.colcon_core.verb:set package 'apriltag_msgs' build argument 'cmake_target' from command line to 'None'
[0.334s] Level 5:colcon.colcon_core.verb:set package 'apriltag_msgs' build argument 'cmake_target_skip_unavailable' from command line to 'False'
[0.334s] Level 5:colcon.colcon_core.verb:set package 'apriltag_msgs' build argument 'cmake_clean_cache' from command line to 'False'
[0.334s] Level 5:colcon.colcon_core.verb:set package 'apriltag_msgs' build argument 'cmake_clean_first' from command line to 'False'
[0.334s] Level 5:colcon.colcon_core.verb:set package 'apriltag_msgs' build argument 'cmake_force_configure' from command line to 'False'
[0.334s] Level 5:colcon.colcon_core.verb:set package 'apriltag_msgs' build argument 'ament_cmake_args' from command line to 'None'
[0.334s] Level 5:colcon.colcon_core.verb:set package 'apriltag_msgs' build argument 'catkin_cmake_args' from command line to 'None'
[0.334s] Level 5:colcon.colcon_core.verb:set package 'apriltag_msgs' build argument 'catkin_skip_building_tests' from command line to 'False'
[0.334s] DEBUG:colcon.colcon_core.verb:Building package 'apriltag_msgs' with the following arguments: {'ament_cmake_args': None, 'build_base': '/home/gouzi/obstacle_race_src/build/apriltag_msgs', 'catkin_cmake_args': None, 'catkin_skip_building_tests': False, 'cmake_args': None, 'cmake_clean_cache': False, 'cmake_clean_first': False, 'cmake_force_configure': False, 'cmake_target': None, 'cmake_target_skip_unavailable': False, 'install_base': '/home/gouzi/obstacle_race_src/install/apriltag_msgs', 'merge_install': False, 'path': '/home/gouzi/obstacle_race_src/src/apriltag_msgs', 'symlink_install': False, 'test_result_base': None}
[0.334s] Level 5:colcon.colcon_core.verb:set package 'livox_ros_driver2' build argument 'cmake_args' from command line to 'None'
[0.334s] Level 5:colcon.colcon_core.verb:set package 'livox_ros_driver2' build argument 'cmake_target' from command line to 'None'
[0.334s] Level 5:colcon.colcon_core.verb:set package 'livox_ros_driver2' build argument 'cmake_target_skip_unavailable' from command line to 'False'
[0.334s] Level 5:colcon.colcon_core.verb:set package 'livox_ros_driver2' build argument 'cmake_clean_cache' from command line to 'False'
[0.334s] Level 5:colcon.colcon_core.verb:set package 'livox_ros_driver2' build argument 'cmake_clean_first' from command line to 'False'
[0.334s] Level 5:colcon.colcon_core.verb:set package 'livox_ros_driver2' build argument 'cmake_force_configure' from command line to 'False'
[0.334s] Level 5:colcon.colcon_core.verb:set package 'livox_ros_driver2' build argument 'ament_cmake_args' from command line to 'None'
[0.334s] Level 5:colcon.colcon_core.verb:set package 'livox_ros_driver2' build argument 'catkin_cmake_args' from command line to 'None'
[0.334s] Level 5:colcon.colcon_core.verb:set package 'livox_ros_driver2' build argument 'catkin_skip_building_tests' from command line to 'False'
[0.334s] DEBUG:colcon.colcon_core.verb:Building package 'livox_ros_driver2' with the following arguments: {'ament_cmake_args': None, 'build_base': '/home/gouzi/obstacle_race_src/build/livox_ros_driver2', 'catkin_cmake_args': None, 'catkin_skip_building_tests': False, 'cmake_args': None, 'cmake_clean_cache': False, 'cmake_clean_first': False, 'cmake_force_configure': False, 'cmake_target': None, 'cmake_target_skip_unavailable': False, 'install_base': '/home/gouzi/obstacle_race_src/install/livox_ros_driver2', 'merge_install': False, 'path': '/home/gouzi/obstacle_race_src/src/livox_ros_driver2', 'symlink_install': False, 'test_result_base': None}
[0.335s] Level 5:colcon.colcon_core.verb:set package 'point_lio' build argument 'cmake_args' from command line to 'None'
[0.335s] Level 5:colcon.colcon_core.verb:set package 'point_lio' build argument 'cmake_target' from command line to 'None'
[0.335s] Level 5:colcon.colcon_core.verb:set package 'point_lio' build argument 'cmake_target_skip_unavailable' from command line to 'False'
[0.335s] Level 5:colcon.colcon_core.verb:set package 'point_lio' build argument 'cmake_clean_cache' from command line to 'False'
[0.335s] Level 5:colcon.colcon_core.verb:set package 'point_lio' build argument 'cmake_clean_first' from command line to 'False'
[0.335s] Level 5:colcon.colcon_core.verb:set package 'point_lio' build argument 'cmake_force_configure' from command line to 'False'
[0.335s] Level 5:colcon.colcon_core.verb:set package 'point_lio' build argument 'ament_cmake_args' from command line to 'None'
[0.335s] Level 5:colcon.colcon_core.verb:set package 'point_lio' build argument 'catkin_cmake_args' from command line to 'None'
[0.335s] Level 5:colcon.colcon_core.verb:set package 'point_lio' build argument 'catkin_skip_building_tests' from command line to 'False'
[0.335s] DEBUG:colcon.colcon_core.verb:Building package 'point_lio' with the following arguments: {'ament_cmake_args': None, 'build_base': '/home/gouzi/obstacle_race_src/build/point_lio', 'catkin_cmake_args': None, 'catkin_skip_building_tests': False, 'cmake_args': None, 'cmake_clean_cache': False, 'cmake_clean_first': False, 'cmake_force_configure': False, 'cmake_target': None, 'cmake_target_skip_unavailable': False, 'install_base': '/home/gouzi/obstacle_race_src/install/point_lio', 'merge_install': False, 'path': '/home/gouzi/obstacle_race_src/src/point_lio_ros2', 'symlink_install': False, 'test_result_base': None}
[0.335s] Level 5:colcon.colcon_core.verb:set package 'quadruped_step_mapper' build argument 'cmake_args' from command line to 'None'
[0.335s] Level 5:colcon.colcon_core.verb:set package 'quadruped_step_mapper' build argument 'cmake_target' from command line to 'None'
[0.335s] Level 5:colcon.colcon_core.verb:set package 'quadruped_step_mapper' build argument 'cmake_target_skip_unavailable' from command line to 'False'
[0.335s] Level 5:colcon.colcon_core.verb:set package 'quadruped_step_mapper' build argument 'cmake_clean_cache' from command line to 'False'
[0.335s] Level 5:colcon.colcon_core.verb:set package 'quadruped_step_mapper' build argument 'cmake_clean_first' from command line to 'False'
[0.335s] Level 5:colcon.colcon_core.verb:set package 'quadruped_step_mapper' build argument 'cmake_force_configure' from command line to 'False'
[0.335s] Level 5:colcon.colcon_core.verb:set package 'quadruped_step_mapper' build argument 'ament_cmake_args' from command line to 'None'
[0.335s] Level 5:colcon.colcon_core.verb:set package 'quadruped_step_mapper' build argument 'catkin_cmake_args' from command line to 'None'
[0.335s] Level 5:colcon.colcon_core.verb:set package 'quadruped_step_mapper' build argument 'catkin_skip_building_tests' from command line to 'False'
[0.335s] DEBUG:colcon.colcon_core.verb:Building package 'quadruped_step_mapper' with the following arguments: {'ament_cmake_args': None, 'build_base': '/home/gouzi/obstacle_race_src/build/quadruped_step_mapper', 'catkin_cmake_args': None, 'catkin_skip_building_tests': False, 'cmake_args': None, 'cmake_clean_cache': False, 'cmake_clean_first': False, 'cmake_force_configure': False, 'cmake_target': None, 'cmake_target_skip_unavailable': False, 'install_base': '/home/gouzi/obstacle_race_src/install/quadruped_step_mapper', 'merge_install': False, 'path': '/home/gouzi/obstacle_race_src/src/quadruped_step_mapper', 'symlink_install': False, 'test_result_base': None}
[0.335s] Level 5:colcon.colcon_core.verb:set package 'realsense2_camera_msgs' build argument 'cmake_args' from command line to 'None'
[0.335s] Level 5:colcon.colcon_core.verb:set package 'realsense2_camera_msgs' build argument 'cmake_target' from command line to 'None'
[0.335s] Level 5:colcon.colcon_core.verb:set package 'realsense2_camera_msgs' build argument 'cmake_target_skip_unavailable' from command line to 'False'
[0.335s] Level 5:colcon.colcon_core.verb:set package 'realsense2_camera_msgs' build argument 'cmake_clean_cache' from command line to 'False'
[0.336s] Level 5:colcon.colcon_core.verb:set package 'realsense2_camera_msgs' build argument 'cmake_clean_first' from command line to 'False'
[0.336s] Level 5:colcon.colcon_core.verb:set package 'realsense2_camera_msgs' build argument 'cmake_force_configure' from command line to 'False'
[0.336s] Level 5:colcon.colcon_core.verb:set package 'realsense2_camera_msgs' build argument 'ament_cmake_args' from command line to 'None'
[0.336s] Level 5:colcon.colcon_core.verb:set package 'realsense2_camera_msgs' build argument 'catkin_cmake_args' from command line to 'None'
[0.336s] Level 5:colcon.colcon_core.verb:set package 'realsense2_camera_msgs' build argument 'catkin_skip_building_tests' from command line to 'False'
[0.336s] DEBUG:colcon.colcon_core.verb:Building package 'realsense2_camera_msgs' with the following arguments: {'ament_cmake_args': None, 'build_base': '/home/gouzi/obstacle_race_src/build/realsense2_camera_msgs', 'catkin_cmake_args': None, 'catkin_skip_building_tests': False, 'cmake_args': None, 'cmake_clean_cache': False, 'cmake_clean_first': False, 'cmake_force_configure': False, 'cmake_target': None, 'cmake_target_skip_unavailable': False, 'install_base': '/home/gouzi/obstacle_race_src/install/realsense2_camera_msgs', 'merge_install': False, 'path': '/home/gouzi/obstacle_race_src/src/realsense-ros/realsense2_camera_msgs', 'symlink_install': False, 'test_result_base': None}
[0.336s] Level 5:colcon.colcon_core.verb:set package 'apriltag_ros' build argument 'cmake_args' from command line to 'None'
[0.336s] Level 5:colcon.colcon_core.verb:set package 'apriltag_ros' build argument 'cmake_target' from command line to 'None'
[0.336s] Level 5:colcon.colcon_core.verb:set package 'apriltag_ros' build argument 'cmake_target_skip_unavailable' from command line to 'False'
[0.336s] Level 5:colcon.colcon_core.verb:set package 'apriltag_ros' build argument 'cmake_clean_cache' from command line to 'False'
[0.336s] Level 5:colcon.colcon_core.verb:set package 'apriltag_ros' build argument 'cmake_clean_first' from command line to 'False'
[0.336s] Level 5:colcon.colcon_core.verb:set package 'apriltag_ros' build argument 'cmake_force_configure' from command line to 'False'
[0.336s] Level 5:colcon.colcon_core.verb:set package 'apriltag_ros' build argument 'ament_cmake_args' from command line to 'None'
[0.336s] Level 5:colcon.colcon_core.verb:set package 'apriltag_ros' build argument 'catkin_cmake_args' from command line to 'None'
[0.336s] Level 5:colcon.colcon_core.verb:set package 'apriltag_ros' build argument 'catkin_skip_building_tests' from command line to 'False'
[0.336s] DEBUG:colcon.colcon_core.verb:Building package 'apriltag_ros' with the following arguments: {'ament_cmake_args': None, 'build_base': '/home/gouzi/obstacle_race_src/build/apriltag_ros', 'catkin_cmake_args': None, 'catkin_skip_building_tests': False, 'cmake_args': None, 'cmake_clean_cache': False, 'cmake_clean_first': False, 'cmake_force_configure': False, 'cmake_target': None, 'cmake_target_skip_unavailable': False, 'install_base': '/home/gouzi/obstacle_race_src/install/apriltag_ros', 'merge_install': False, 'path': '/home/gouzi/obstacle_race_src/src/apriltag_ros', 'symlink_install': False, 'test_result_base': None}
[0.336s] Level 5:colcon.colcon_core.verb:set package 'realsense2_camera' build argument 'cmake_args' from command line to 'None'
[0.336s] Level 5:colcon.colcon_core.verb:set package 'realsense2_camera' build argument 'cmake_target' from command line to 'None'
[0.336s] Level 5:colcon.colcon_core.verb:set package 'realsense2_camera' build argument 'cmake_target_skip_unavailable' from command line to 'False'
[0.336s] Level 5:colcon.colcon_core.verb:set package 'realsense2_camera' build argument 'cmake_clean_cache' from command line to 'False'
[0.336s] Level 5:colcon.colcon_core.verb:set package 'realsense2_camera' build argument 'cmake_clean_first' from command line to 'False'
[0.336s] Level 5:colcon.colcon_core.verb:set package 'realsense2_camera' build argument 'cmake_force_configure' from command line to 'False'
[0.336s] Level 5:colcon.colcon_core.verb:set package 'realsense2_camera' build argument 'ament_cmake_args' from command line to 'None'
[0.336s] Level 5:colcon.colcon_core.verb:set package 'realsense2_camera' build argument 'catkin_cmake_args' from command line to 'None'
[0.336s] Level 5:colcon.colcon_core.verb:set package 'realsense2_camera' build argument 'catkin_skip_building_tests' from command line to 'False'
[0.336s] DEBUG:colcon.colcon_core.verb:Building package 'realsense2_camera' with the following arguments: {'ament_cmake_args': None, 'build_base': '/home/gouzi/obstacle_race_src/build/realsense2_camera', 'catkin_cmake_args': None, 'catkin_skip_building_tests': False, 'cmake_args': None, 'cmake_clean_cache': False, 'cmake_clean_first': False, 'cmake_force_configure': False, 'cmake_target': None, 'cmake_target_skip_unavailable': False, 'install_base': '/home/gouzi/obstacle_race_src/install/realsense2_camera', 'merge_install': False, 'path': '/home/gouzi/obstacle_race_src/src/realsense-ros/realsense2_camera', 'symlink_install': False, 'test_result_base': None}
[0.337s] Level 5:colcon.colcon_core.verb:set package 'realsense2_description' build argument 'cmake_args' from command line to 'None'
[0.337s] Level 5:colcon.colcon_core.verb:set package 'realsense2_description' build argument 'cmake_target' from command line to 'None'
[0.337s] Level 5:colcon.colcon_core.verb:set package 'realsense2_description' build argument 'cmake_target_skip_unavailable' from command line to 'False'
[0.337s] Level 5:colcon.colcon_core.verb:set package 'realsense2_description' build argument 'cmake_clean_cache' from command line to 'False'
[0.337s] Level 5:colcon.colcon_core.verb:set package 'realsense2_description' build argument 'cmake_clean_first' from command line to 'False'
[0.337s] Level 5:colcon.colcon_core.verb:set package 'realsense2_description' build argument 'cmake_force_configure' from command line to 'False'
[0.337s] Level 5:colcon.colcon_core.verb:set package 'realsense2_description' build argument 'ament_cmake_args' from command line to 'None'
[0.337s] Level 5:colcon.colcon_core.verb:set package 'realsense2_description' build argument 'catkin_cmake_args' from command line to 'None'
[0.337s] Level 5:colcon.colcon_core.verb:set package 'realsense2_description' build argument 'catkin_skip_building_tests' from command line to 'False'
[0.337s] DEBUG:colcon.colcon_core.verb:Building package 'realsense2_description' with the following arguments: {'ament_cmake_args': None, 'build_base': '/home/gouzi/obstacle_race_src/build/realsense2_description', 'catkin_cmake_args': None, 'catkin_skip_building_tests': False, 'cmake_args': None, 'cmake_clean_cache': False, 'cmake_clean_first': False, 'cmake_force_configure': False, 'cmake_target': None, 'cmake_target_skip_unavailable': False, 'install_base': '/home/gouzi/obstacle_race_src/install/realsense2_description', 'merge_install': False, 'path': '/home/gouzi/obstacle_race_src/src/realsense-ros/realsense2_description', 'symlink_install': False, 'test_result_base': None}
[0.337s] Level 5:colcon.colcon_core.verb:set package 'auto_nav_pkg' build argument 'cmake_args' from command line to 'None'
[0.337s] Level 5:colcon.colcon_core.verb:set package 'auto_nav_pkg' build argument 'cmake_target' from command line to 'None'
[0.337s] Level 5:colcon.colcon_core.verb:set package 'auto_nav_pkg' build argument 'cmake_target_skip_unavailable' from command line to 'False'
[0.337s] Level 5:colcon.colcon_core.verb:set package 'auto_nav_pkg' build argument 'cmake_clean_cache' from command line to 'False'
[0.337s] Level 5:colcon.colcon_core.verb:set package 'auto_nav_pkg' build argument 'cmake_clean_first' from command line to 'False'
[0.337s] Level 5:colcon.colcon_core.verb:set package 'auto_nav_pkg' build argument 'cmake_force_configure' from command line to 'False'
[0.337s] Level 5:colcon.colcon_core.verb:set package 'auto_nav_pkg' build argument 'ament_cmake_args' from command line to 'None'
[0.337s] Level 5:colcon.colcon_core.verb:set package 'auto_nav_pkg' build argument 'catkin_cmake_args' from command line to 'None'
[0.337s] Level 5:colcon.colcon_core.verb:set package 'auto_nav_pkg' build argument 'catkin_skip_building_tests' from command line to 'False'
[0.337s] DEBUG:colcon.colcon_core.verb:Building package 'auto_nav_pkg' with the following arguments: {'ament_cmake_args': None, 'build_base': '/home/gouzi/obstacle_race_src/build/auto_nav_pkg', 'catkin_cmake_args': None, 'catkin_skip_building_tests': False, 'cmake_args': None, 'cmake_clean_cache': False, 'cmake_clean_first': False, 'cmake_force_configure': False, 'cmake_target': None, 'cmake_target_skip_unavailable': False, 'install_base': '/home/gouzi/obstacle_race_src/install/auto_nav_pkg', 'merge_install': False, 'path': '/home/gouzi/obstacle_race_src/src/auto_nav_pkg', 'symlink_install': False, 'test_result_base': None}
[0.337s] INFO:colcon.colcon_core.executor:Executing jobs using 'parallel' executor
[0.338s] DEBUG:colcon.colcon_parallel_executor.executor.parallel:run_until_complete
[0.338s] INFO:colcon.colcon_ros.task.ament_cmake.build:Building ROS package in '/home/gouzi/obstacle_race_src/src/realsense-ros/realsense2_camera_msgs' with build type 'ament_cmake'
[0.338s] INFO:colcon.colcon_cmake.task.cmake.build:Building CMake package in '/home/gouzi/obstacle_race_src/src/realsense-ros/realsense2_camera_msgs'
[0.340s] INFO:colcon.colcon_core.plugin_system:Skipping extension 'colcon_core.shell.bat': Not used on non-Windows systems
[0.340s] INFO:colcon.colcon_core.shell:Skip shell extension 'powershell' for command environment: Not usable outside of PowerShell
[0.340s] DEBUG:colcon.colcon_core.shell:Skip shell extension 'dsv' for command environment
[0.343s] INFO:colcon.colcon_ros.task.ament_cmake.build:Building ROS package in '/home/gouzi/obstacle_race_src/src/apriltag_msgs' with build type 'ament_cmake'
[0.343s] INFO:colcon.colcon_cmake.task.cmake.build:Building CMake package in '/home/gouzi/obstacle_race_src/src/apriltag_msgs'
[0.343s] INFO:colcon.colcon_core.shell:Skip shell extension 'powershell' for command environment: Not usable outside of PowerShell
[0.343s] DEBUG:colcon.colcon_core.shell:Skip shell extension 'dsv' for command environment
[0.346s] INFO:colcon.colcon_ros.task.ament_cmake.build:Building ROS package in '/home/gouzi/obstacle_race_src/src/livox_ros_driver2' with build type 'ament_cmake'
[0.346s] INFO:colcon.colcon_cmake.task.cmake.build:Building CMake package in '/home/gouzi/obstacle_race_src/src/livox_ros_driver2'
[0.346s] INFO:colcon.colcon_core.shell:Skip shell extension 'powershell' for command environment: Not usable outside of PowerShell
[0.346s] DEBUG:colcon.colcon_core.shell:Skip shell extension 'dsv' for command environment
[0.349s] INFO:colcon.colcon_ros.task.ament_cmake.build:Building ROS package in '/home/gouzi/obstacle_race_src/src/point_lio_ros2' with build type 'ament_cmake'
[0.349s] INFO:colcon.colcon_cmake.task.cmake.build:Building CMake package in '/home/gouzi/obstacle_race_src/src/point_lio_ros2'
[0.349s] INFO:colcon.colcon_core.shell:Skip shell extension 'powershell' for command environment: Not usable outside of PowerShell
[0.349s] DEBUG:colcon.colcon_core.shell:Skip shell extension 'dsv' for command environment
[0.352s] INFO:colcon.colcon_ros.task.ament_cmake.build:Building ROS package in '/home/gouzi/obstacle_race_src/src/quadruped_step_mapper' with build type 'ament_cmake'
[0.353s] INFO:colcon.colcon_cmake.task.cmake.build:Building CMake package in '/home/gouzi/obstacle_race_src/src/quadruped_step_mapper'
[0.353s] INFO:colcon.colcon_core.shell:Skip shell extension 'powershell' for command environment: Not usable outside of PowerShell
[0.353s] DEBUG:colcon.colcon_core.shell:Skip shell extension 'dsv' for command environment
[0.360s] DEBUG:colcon.colcon_core.event_handler.log_command:Invoking command in '/home/gouzi/obstacle_race_src/build/realsense2_camera_msgs': CMAKE_PREFIX_PATH=${CMAKE_PREFIX_PATH}:/home/gouzi/obstacle_race_src/install/auto_nav_pkg:/opt/ros/humble /usr/bin/cmake --build /home/gouzi/obstacle_race_src/build/realsense2_camera_msgs -- -j8 -l8
[0.364s] DEBUG:colcon.colcon_core.event_handler.log_command:Invoking command in '/home/gouzi/obstacle_race_src/build/apriltag_msgs': CMAKE_PREFIX_PATH=${CMAKE_PREFIX_PATH}:/home/gouzi/obstacle_race_src/install/auto_nav_pkg:/opt/ros/humble /usr/bin/cmake --build /home/gouzi/obstacle_race_src/build/apriltag_msgs -- -j8 -l8
[0.366s] DEBUG:colcon.colcon_core.event_handler.log_command:Invoking command in '/home/gouzi/obstacle_race_src/build/livox_ros_driver2': CMAKE_PREFIX_PATH=${CMAKE_PREFIX_PATH}:/home/gouzi/obstacle_race_src/install/auto_nav_pkg:/opt/ros/humble /usr/bin/cmake --build /home/gouzi/obstacle_race_src/build/livox_ros_driver2 -- -j8 -l8
[0.370s] DEBUG:colcon.colcon_core.event_handler.log_command:Invoking command in '/home/gouzi/obstacle_race_src/build/point_lio': CMAKE_PREFIX_PATH=${CMAKE_PREFIX_PATH}:/home/gouzi/obstacle_race_src/install/auto_nav_pkg:/opt/ros/humble /usr/bin/cmake --build /home/gouzi/obstacle_race_src/build/point_lio -- -j8 -l8
[0.375s] DEBUG:colcon.colcon_core.event_handler.log_command:Invoking command in '/home/gouzi/obstacle_race_src/build/quadruped_step_mapper': CMAKE_PREFIX_PATH=${CMAKE_PREFIX_PATH}:/home/gouzi/obstacle_race_src/install/auto_nav_pkg:/opt/ros/humble /usr/bin/cmake --build /home/gouzi/obstacle_race_src/build/quadruped_step_mapper -- -j8 -l8
[0.522s] DEBUG:colcon.colcon_core.event_handler.log_command:Invoked command in '/home/gouzi/obstacle_race_src/build/quadruped_step_mapper' returned '0': CMAKE_PREFIX_PATH=${CMAKE_PREFIX_PATH}:/home/gouzi/obstacle_race_src/install/auto_nav_pkg:/opt/ros/humble /usr/bin/cmake --build /home/gouzi/obstacle_race_src/build/quadruped_step_mapper -- -j8 -l8
[0.534s] DEBUG:colcon.colcon_core.event_handler.log_command:Invoking command in '/home/gouzi/obstacle_race_src/build/quadruped_step_mapper': CMAKE_PREFIX_PATH=${CMAKE_PREFIX_PATH}:/home/gouzi/obstacle_race_src/install/auto_nav_pkg:/opt/ros/humble /usr/bin/cmake --install /home/gouzi/obstacle_race_src/build/quadruped_step_mapper
[0.592s] Level 1:colcon.colcon_core.environment:create_environment_scripts_only(quadruped_step_mapper)
[0.593s] DEBUG:colcon.colcon_core.event_handler.log_command:Invoked command in '/home/gouzi/obstacle_race_src/build/quadruped_step_mapper' returned '0': CMAKE_PREFIX_PATH=${CMAKE_PREFIX_PATH}:/home/gouzi/obstacle_race_src/install/auto_nav_pkg:/opt/ros/humble /usr/bin/cmake --install /home/gouzi/obstacle_race_src/build/quadruped_step_mapper
[0.600s] Level 1:colcon.colcon_core.environment:checking '/home/gouzi/obstacle_race_src/install/quadruped_step_mapper' for CMake module files
[0.601s] Level 1:colcon.colcon_core.environment:checking '/home/gouzi/obstacle_race_src/install/quadruped_step_mapper' for CMake config files
[0.602s] Level 1:colcon.colcon_core.shell:create_environment_hook('quadruped_step_mapper', 'cmake_prefix_path')
[0.603s] INFO:colcon.colcon_core.shell:Creating environment hook '/home/gouzi/obstacle_race_src/install/quadruped_step_mapper/share/quadruped_step_mapper/hook/cmake_prefix_path.ps1'
[0.607s] INFO:colcon.colcon_core.shell:Creating environment descriptor '/home/gouzi/obstacle_race_src/install/quadruped_step_mapper/share/quadruped_step_mapper/hook/cmake_prefix_path.dsv'
[0.609s] INFO:colcon.colcon_core.shell:Creating environment hook '/home/gouzi/obstacle_race_src/install/quadruped_step_mapper/share/quadruped_step_mapper/hook/cmake_prefix_path.sh'
[0.611s] Level 1:colcon.colcon_core.environment:checking '/home/gouzi/obstacle_race_src/install/quadruped_step_mapper/lib'
[0.612s] Level 1:colcon.colcon_core.environment:checking '/home/gouzi/obstacle_race_src/install/quadruped_step_mapper/bin'
[0.612s] Level 1:colcon.colcon_core.environment:checking '/home/gouzi/obstacle_race_src/install/quadruped_step_mapper/lib/pkgconfig/quadruped_step_mapper.pc'
[0.612s] Level 1:colcon.colcon_core.environment:checking '/home/gouzi/obstacle_race_src/install/quadruped_step_mapper/lib/python3.10/site-packages'
[0.614s] Level 1:colcon.colcon_core.environment:checking '/home/gouzi/obstacle_race_src/install/quadruped_step_mapper/bin'
[0.615s] INFO:colcon.colcon_core.shell:Creating package script '/home/gouzi/obstacle_race_src/install/quadruped_step_mapper/share/quadruped_step_mapper/package.ps1'
[0.616s] INFO:colcon.colcon_core.shell:Creating package descriptor '/home/gouzi/obstacle_race_src/install/quadruped_step_mapper/share/quadruped_step_mapper/package.dsv'
[0.618s] INFO:colcon.colcon_core.shell:Creating package script '/home/gouzi/obstacle_race_src/install/quadruped_step_mapper/share/quadruped_step_mapper/package.sh'
[0.619s] INFO:colcon.colcon_core.shell:Creating package script '/home/gouzi/obstacle_race_src/install/quadruped_step_mapper/share/quadruped_step_mapper/package.bash'
[0.621s] INFO:colcon.colcon_core.shell:Creating package script '/home/gouzi/obstacle_race_src/install/quadruped_step_mapper/share/quadruped_step_mapper/package.zsh'
[0.622s] Level 1:colcon.colcon_core.environment:create_file_with_runtime_dependencies(/home/gouzi/obstacle_race_src/install/quadruped_step_mapper/share/colcon-core/packages/quadruped_step_mapper)
[0.623s] Level 1:colcon.colcon_core.environment:create_environment_scripts_only(quadruped_step_mapper)
[0.624s] Level 1:colcon.colcon_core.environment:checking '/home/gouzi/obstacle_race_src/install/quadruped_step_mapper' for CMake module files
[0.625s] Level 1:colcon.colcon_core.environment:checking '/home/gouzi/obstacle_race_src/install/quadruped_step_mapper' for CMake config files
[0.625s] Level 1:colcon.colcon_core.shell:create_environment_hook('quadruped_step_mapper', 'cmake_prefix_path')
[0.625s] INFO:colcon.colcon_core.shell:Creating environment hook '/home/gouzi/obstacle_race_src/install/quadruped_step_mapper/share/quadruped_step_mapper/hook/cmake_prefix_path.ps1'
[0.626s] INFO:colcon.colcon_core.shell:Creating environment descriptor '/home/gouzi/obstacle_race_src/install/quadruped_step_mapper/share/quadruped_step_mapper/hook/cmake_prefix_path.dsv'
[0.626s] INFO:colcon.colcon_core.shell:Creating environment hook '/home/gouzi/obstacle_race_src/install/quadruped_step_mapper/share/quadruped_step_mapper/hook/cmake_prefix_path.sh'
[0.628s] Level 1:colcon.colcon_core.environment:checking '/home/gouzi/obstacle_race_src/install/quadruped_step_mapper/lib'
[0.628s] Level 1:colcon.colcon_core.environment:checking '/home/gouzi/obstacle_race_src/install/quadruped_step_mapper/bin'
[0.628s] Level 1:colcon.colcon_core.environment:checking '/home/gouzi/obstacle_race_src/install/quadruped_step_mapper/lib/pkgconfig/quadruped_step_mapper.pc'
[0.628s] Level 1:colcon.colcon_core.environment:checking '/home/gouzi/obstacle_race_src/install/quadruped_step_mapper/lib/python3.10/site-packages'
[0.629s] Level 1:colcon.colcon_core.environment:checking '/home/gouzi/obstacle_race_src/install/quadruped_step_mapper/bin'
[0.629s] INFO:colcon.colcon_core.shell:Creating package script '/home/gouzi/obstacle_race_src/install/quadruped_step_mapper/share/quadruped_step_mapper/package.ps1'
[0.633s] INFO:colcon.colcon_core.shell:Creating package descriptor '/home/gouzi/obstacle_race_src/install/quadruped_step_mapper/share/quadruped_step_mapper/package.dsv'
[0.637s] INFO:colcon.colcon_core.shell:Creating package script '/home/gouzi/obstacle_race_src/install/quadruped_step_mapper/share/quadruped_step_mapper/package.sh'
[0.639s] INFO:colcon.colcon_core.shell:Creating package script '/home/gouzi/obstacle_race_src/install/quadruped_step_mapper/share/quadruped_step_mapper/package.bash'
[0.640s] INFO:colcon.colcon_core.shell:Creating package script '/home/gouzi/obstacle_race_src/install/quadruped_step_mapper/share/quadruped_step_mapper/package.zsh'
[0.645s] Level 1:colcon.colcon_core.environment:create_file_with_runtime_dependencies(/home/gouzi/obstacle_race_src/install/quadruped_step_mapper/share/colcon-core/packages/quadruped_step_mapper)
[0.651s] DEBUG:colcon.colcon_core.event_handler.log_command:Invoked command in '/home/gouzi/obstacle_race_src/build/point_lio' returned '0': CMAKE_PREFIX_PATH=${CMAKE_PREFIX_PATH}:/home/gouzi/obstacle_race_src/install/auto_nav_pkg:/opt/ros/humble /usr/bin/cmake --build /home/gouzi/obstacle_race_src/build/point_lio -- -j8 -l8
[0.652s] DEBUG:colcon.colcon_core.event_handler.log_command:Invoking command in '/home/gouzi/obstacle_race_src/build/point_lio': CMAKE_PREFIX_PATH=${CMAKE_PREFIX_PATH}:/home/gouzi/obstacle_race_src/install/auto_nav_pkg:/opt/ros/humble /usr/bin/cmake --install /home/gouzi/obstacle_race_src/build/point_lio
[0.671s] Level 1:colcon.colcon_core.environment:create_environment_scripts_only(point_lio)
[0.672s] Level 1:colcon.colcon_core.environment:checking '/home/gouzi/obstacle_race_src/install/point_lio' for CMake module files
[0.672s] Level 1:colcon.colcon_core.environment:checking '/home/gouzi/obstacle_race_src/install/point_lio' for CMake config files
[0.673s] Level 1:colcon.colcon_core.shell:create_environment_hook('point_lio', 'cmake_prefix_path')
[0.673s] INFO:colcon.colcon_core.shell:Creating environment hook '/home/gouzi/obstacle_race_src/install/point_lio/share/point_lio/hook/cmake_prefix_path.ps1'
[0.674s] INFO:colcon.colcon_core.shell:Creating environment descriptor '/home/gouzi/obstacle_race_src/install/point_lio/share/point_lio/hook/cmake_prefix_path.dsv'
[0.674s] DEBUG:colcon.colcon_core.event_handler.log_command:Invoked command in '/home/gouzi/obstacle_race_src/build/point_lio' returned '0': CMAKE_PREFIX_PATH=${CMAKE_PREFIX_PATH}:/home/gouzi/obstacle_race_src/install/auto_nav_pkg:/opt/ros/humble /usr/bin/cmake --install /home/gouzi/obstacle_race_src/build/point_lio
[0.675s] INFO:colcon.colcon_core.shell:Creating environment hook '/home/gouzi/obstacle_race_src/install/point_lio/share/point_lio/hook/cmake_prefix_path.sh'
[0.677s] Level 1:colcon.colcon_core.environment:checking '/home/gouzi/obstacle_race_src/install/point_lio/lib'
[0.677s] Level 1:colcon.colcon_core.environment:checking '/home/gouzi/obstacle_race_src/install/point_lio/bin'
[0.677s] Level 1:colcon.colcon_core.environment:checking '/home/gouzi/obstacle_race_src/install/point_lio/lib/pkgconfig/point_lio.pc'
[0.677s] Level 1:colcon.colcon_core.environment:checking '/home/gouzi/obstacle_race_src/install/point_lio/lib/python3.10/site-packages'
[0.680s] Level 1:colcon.colcon_core.environment:checking '/home/gouzi/obstacle_race_src/install/point_lio/bin'
[0.680s] INFO:colcon.colcon_core.shell:Creating package script '/home/gouzi/obstacle_race_src/install/point_lio/share/point_lio/package.ps1'
[0.681s] INFO:colcon.colcon_core.shell:Creating package descriptor '/home/gouzi/obstacle_race_src/install/point_lio/share/point_lio/package.dsv'
[0.682s] INFO:colcon.colcon_core.shell:Creating package script '/home/gouzi/obstacle_race_src/install/point_lio/share/point_lio/package.sh'
[0.682s] INFO:colcon.colcon_core.shell:Creating package script '/home/gouzi/obstacle_race_src/install/point_lio/share/point_lio/package.bash'
[0.683s] INFO:colcon.colcon_core.shell:Creating package script '/home/gouzi/obstacle_race_src/install/point_lio/share/point_lio/package.zsh'
[0.683s] Level 1:colcon.colcon_core.environment:create_file_with_runtime_dependencies(/home/gouzi/obstacle_race_src/install/point_lio/share/colcon-core/packages/point_lio)
[0.684s] Level 1:colcon.colcon_core.environment:create_environment_scripts_only(point_lio)
[0.684s] Level 1:colcon.colcon_core.environment:checking '/home/gouzi/obstacle_race_src/install/point_lio' for CMake module files
[0.684s] Level 1:colcon.colcon_core.environment:checking '/home/gouzi/obstacle_race_src/install/point_lio' for CMake config files
[0.685s] Level 1:colcon.colcon_core.shell:create_environment_hook('point_lio', 'cmake_prefix_path')
[0.685s] INFO:colcon.colcon_core.shell:Creating environment hook '/home/gouzi/obstacle_race_src/install/point_lio/share/point_lio/hook/cmake_prefix_path.ps1'
[0.686s] INFO:colcon.colcon_core.shell:Creating environment descriptor '/home/gouzi/obstacle_race_src/install/point_lio/share/point_lio/hook/cmake_prefix_path.dsv'
[0.686s] INFO:colcon.colcon_core.shell:Creating environment hook '/home/gouzi/obstacle_race_src/install/point_lio/share/point_lio/hook/cmake_prefix_path.sh'
[0.687s] Level 1:colcon.colcon_core.environment:checking '/home/gouzi/obstacle_race_src/install/point_lio/lib'
[0.687s] Level 1:colcon.colcon_core.environment:checking '/home/gouzi/obstacle_race_src/install/point_lio/bin'
[0.687s] Level 1:colcon.colcon_core.environment:checking '/home/gouzi/obstacle_race_src/install/point_lio/lib/pkgconfig/point_lio.pc'
[0.687s] Level 1:colcon.colcon_core.environment:checking '/home/gouzi/obstacle_race_src/install/point_lio/lib/python3.10/site-packages'
[0.688s] Level 1:colcon.colcon_core.environment:checking '/home/gouzi/obstacle_race_src/install/point_lio/bin'
[0.689s] INFO:colcon.colcon_core.shell:Creating package script '/home/gouzi/obstacle_race_src/install/point_lio/share/point_lio/package.ps1'
[0.690s] INFO:colcon.colcon_core.shell:Creating package descriptor '/home/gouzi/obstacle_race_src/install/point_lio/share/point_lio/package.dsv'
[0.692s] INFO:colcon.colcon_core.shell:Creating package script '/home/gouzi/obstacle_race_src/install/point_lio/share/point_lio/package.sh'
[0.692s] INFO:colcon.colcon_core.shell:Creating package script '/home/gouzi/obstacle_race_src/install/point_lio/share/point_lio/package.bash'
[0.693s] INFO:colcon.colcon_core.shell:Creating package script '/home/gouzi/obstacle_race_src/install/point_lio/share/point_lio/package.zsh'
[0.694s] Level 1:colcon.colcon_core.environment:create_file_with_runtime_dependencies(/home/gouzi/obstacle_race_src/install/point_lio/share/colcon-core/packages/point_lio)
[0.903s] DEBUG:colcon.colcon_core.event_handler.log_command:Invoked command in '/home/gouzi/obstacle_race_src/build/livox_ros_driver2' returned '0': CMAKE_PREFIX_PATH=${CMAKE_PREFIX_PATH}:/home/gouzi/obstacle_race_src/install/auto_nav_pkg:/opt/ros/humble /usr/bin/cmake --build /home/gouzi/obstacle_race_src/build/livox_ros_driver2 -- -j8 -l8
[0.906s] DEBUG:colcon.colcon_core.event_handler.log_command:Invoking command in '/home/gouzi/obstacle_race_src/build/livox_ros_driver2': CMAKE_PREFIX_PATH=${CMAKE_PREFIX_PATH}:/home/gouzi/obstacle_race_src/install/auto_nav_pkg:/opt/ros/humble /usr/bin/cmake --install /home/gouzi/obstacle_race_src/build/livox_ros_driver2
[0.907s] DEBUG:colcon.colcon_core.event_handler.log_command:Invoked command in '/home/gouzi/obstacle_race_src/build/realsense2_camera_msgs' returned '0': CMAKE_PREFIX_PATH=${CMAKE_PREFIX_PATH}:/home/gouzi/obstacle_race_src/install/auto_nav_pkg:/opt/ros/humble /usr/bin/cmake --build /home/gouzi/obstacle_race_src/build/realsense2_camera_msgs -- -j8 -l8
[0.909s] DEBUG:colcon.colcon_core.event_handler.log_command:Invoking command in '/home/gouzi/obstacle_race_src/build/realsense2_camera_msgs': CMAKE_PREFIX_PATH=${CMAKE_PREFIX_PATH}:/home/gouzi/obstacle_race_src/install/auto_nav_pkg:/opt/ros/humble /usr/bin/cmake --install /home/gouzi/obstacle_race_src/build/realsense2_camera_msgs
[0.935s] DEBUG:colcon.colcon_core.event_handler.log_command:Invoked command in '/home/gouzi/obstacle_race_src/build/apriltag_msgs' returned '0': CMAKE_PREFIX_PATH=${CMAKE_PREFIX_PATH}:/home/gouzi/obstacle_race_src/install/auto_nav_pkg:/opt/ros/humble /usr/bin/cmake --build /home/gouzi/obstacle_race_src/build/apriltag_msgs -- -j8 -l8
[0.937s] DEBUG:colcon.colcon_core.event_handler.log_command:Invoking command in '/home/gouzi/obstacle_race_src/build/apriltag_msgs': CMAKE_PREFIX_PATH=${CMAKE_PREFIX_PATH}:/home/gouzi/obstacle_race_src/install/auto_nav_pkg:/opt/ros/humble /usr/bin/cmake --install /home/gouzi/obstacle_race_src/build/apriltag_msgs
[0.964s] Level 1:colcon.colcon_core.environment:create_environment_scripts_only(realsense2_camera_msgs)
[0.965s] Level 1:colcon.colcon_core.environment:checking '/home/gouzi/obstacle_race_src/install/realsense2_camera_msgs' for CMake module files
[0.967s] Level 1:colcon.colcon_core.environment:checking '/home/gouzi/obstacle_race_src/install/realsense2_camera_msgs' for CMake config files
[0.968s] Level 1:colcon.colcon_core.shell:create_environment_hook('realsense2_camera_msgs', 'cmake_prefix_path')
[0.969s] INFO:colcon.colcon_core.shell:Creating environment hook '/home/gouzi/obstacle_race_src/install/realsense2_camera_msgs/share/realsense2_camera_msgs/hook/cmake_prefix_path.ps1'
[0.971s] INFO:colcon.colcon_core.shell:Creating environment descriptor '/home/gouzi/obstacle_race_src/install/realsense2_camera_msgs/share/realsense2_camera_msgs/hook/cmake_prefix_path.dsv'
[0.972s] INFO:colcon.colcon_core.shell:Creating environment hook '/home/gouzi/obstacle_race_src/install/realsense2_camera_msgs/share/realsense2_camera_msgs/hook/cmake_prefix_path.sh'
[0.973s] Level 1:colcon.colcon_core.environment:checking '/home/gouzi/obstacle_race_src/install/realsense2_camera_msgs/lib'
[0.973s] Level 1:colcon.colcon_core.shell:create_environment_hook('realsense2_camera_msgs', 'ld_library_path_lib')
[0.974s] INFO:colcon.colcon_core.shell:Creating environment hook '/home/gouzi/obstacle_race_src/install/realsense2_camera_msgs/share/realsense2_camera_msgs/hook/ld_library_path_lib.ps1'
[0.974s] DEBUG:colcon.colcon_core.event_handler.log_command:Invoked command in '/home/gouzi/obstacle_race_src/build/realsense2_camera_msgs' returned '0': CMAKE_PREFIX_PATH=${CMAKE_PREFIX_PATH}:/home/gouzi/obstacle_race_src/install/auto_nav_pkg:/opt/ros/humble /usr/bin/cmake --install /home/gouzi/obstacle_race_src/build/realsense2_camera_msgs
[0.976s] INFO:colcon.colcon_core.shell:Creating environment descriptor '/home/gouzi/obstacle_race_src/install/realsense2_camera_msgs/share/realsense2_camera_msgs/hook/ld_library_path_lib.dsv'
[0.976s] INFO:colcon.colcon_core.shell:Creating environment hook '/home/gouzi/obstacle_race_src/install/realsense2_camera_msgs/share/realsense2_camera_msgs/hook/ld_library_path_lib.sh'
[0.976s] Level 1:colcon.colcon_core.environment:checking '/home/gouzi/obstacle_race_src/install/realsense2_camera_msgs/bin'
[0.977s] Level 1:colcon.colcon_core.environment:checking '/home/gouzi/obstacle_race_src/install/realsense2_camera_msgs/lib/pkgconfig/realsense2_camera_msgs.pc'
[0.977s] Level 1:colcon.colcon_core.environment:checking '/home/gouzi/obstacle_race_src/install/realsense2_camera_msgs/lib/python3.10/site-packages'
[0.978s] Level 1:colcon.colcon_core.environment:checking '/home/gouzi/obstacle_race_src/install/realsense2_camera_msgs/bin'
[0.978s] INFO:colcon.colcon_core.shell:Creating package script '/home/gouzi/obstacle_race_src/install/realsense2_camera_msgs/share/realsense2_camera_msgs/package.ps1'
[0.978s] INFO:colcon.colcon_core.shell:Creating package descriptor '/home/gouzi/obstacle_race_src/install/realsense2_camera_msgs/share/realsense2_camera_msgs/package.dsv'
[0.979s] INFO:colcon.colcon_core.shell:Creating package script '/home/gouzi/obstacle_race_src/install/realsense2_camera_msgs/share/realsense2_camera_msgs/package.sh'
[0.979s] INFO:colcon.colcon_core.shell:Creating package script '/home/gouzi/obstacle_race_src/install/realsense2_camera_msgs/share/realsense2_camera_msgs/package.bash'
[0.980s] INFO:colcon.colcon_core.shell:Creating package script '/home/gouzi/obstacle_race_src/install/realsense2_camera_msgs/share/realsense2_camera_msgs/package.zsh'
[0.980s] Level 1:colcon.colcon_core.environment:create_file_with_runtime_dependencies(/home/gouzi/obstacle_race_src/install/realsense2_camera_msgs/share/colcon-core/packages/realsense2_camera_msgs)
[0.981s] Level 1:colcon.colcon_core.environment:create_environment_scripts_only(realsense2_camera_msgs)
[0.981s] Level 1:colcon.colcon_core.environment:checking '/home/gouzi/obstacle_race_src/install/realsense2_camera_msgs' for CMake module files
[0.982s] Level 1:colcon.colcon_core.environment:checking '/home/gouzi/obstacle_race_src/install/realsense2_camera_msgs' for CMake config files
[0.982s] Level 1:colcon.colcon_core.shell:create_environment_hook('realsense2_camera_msgs', 'cmake_prefix_path')
[0.982s] INFO:colcon.colcon_core.shell:Creating environment hook '/home/gouzi/obstacle_race_src/install/realsense2_camera_msgs/share/realsense2_camera_msgs/hook/cmake_prefix_path.ps1'
[0.983s] INFO:colcon.colcon_core.shell:Creating environment descriptor '/home/gouzi/obstacle_race_src/install/realsense2_camera_msgs/share/realsense2_camera_msgs/hook/cmake_prefix_path.dsv'
[0.983s] INFO:colcon.colcon_core.shell:Creating environment hook '/home/gouzi/obstacle_race_src/install/realsense2_camera_msgs/share/realsense2_camera_msgs/hook/cmake_prefix_path.sh'
[0.984s] Level 1:colcon.colcon_core.environment:checking '/home/gouzi/obstacle_race_src/install/realsense2_camera_msgs/lib'
[0.984s] Level 1:colcon.colcon_core.shell:create_environment_hook('realsense2_camera_msgs', 'ld_library_path_lib')
[0.984s] INFO:colcon.colcon_core.shell:Creating environment hook '/home/gouzi/obstacle_race_src/install/realsense2_camera_msgs/share/realsense2_camera_msgs/hook/ld_library_path_lib.ps1'
[0.984s] INFO:colcon.colcon_core.shell:Creating environment descriptor '/home/gouzi/obstacle_race_src/install/realsense2_camera_msgs/share/realsense2_camera_msgs/hook/ld_library_path_lib.dsv'
[0.985s] INFO:colcon.colcon_core.shell:Creating environment hook '/home/gouzi/obstacle_race_src/install/realsense2_camera_msgs/share/realsense2_camera_msgs/hook/ld_library_path_lib.sh'
[0.985s] Level 1:colcon.colcon_core.environment:checking '/home/gouzi/obstacle_race_src/install/realsense2_camera_msgs/bin'
[0.985s] Level 1:colcon.colcon_core.environment:checking '/home/gouzi/obstacle_race_src/install/realsense2_camera_msgs/lib/pkgconfig/realsense2_camera_msgs.pc'
[0.985s] Level 1:colcon.colcon_core.environment:checking '/home/gouzi/obstacle_race_src/install/realsense2_camera_msgs/lib/python3.10/site-packages'
[0.986s] Level 1:colcon.colcon_core.environment:checking '/home/gouzi/obstacle_race_src/install/realsense2_camera_msgs/bin'
[0.986s] INFO:colcon.colcon_core.shell:Creating package script '/home/gouzi/obstacle_race_src/install/realsense2_camera_msgs/share/realsense2_camera_msgs/package.ps1'
[0.987s] INFO:colcon.colcon_core.shell:Creating package descriptor '/home/gouzi/obstacle_race_src/install/realsense2_camera_msgs/share/realsense2_camera_msgs/package.dsv'
[0.987s] INFO:colcon.colcon_core.shell:Creating package script '/home/gouzi/obstacle_race_src/install/realsense2_camera_msgs/share/realsense2_camera_msgs/package.sh'
[0.988s] INFO:colcon.colcon_core.shell:Creating package script '/home/gouzi/obstacle_race_src/install/realsense2_camera_msgs/share/realsense2_camera_msgs/package.bash'
[0.988s] INFO:colcon.colcon_core.shell:Creating package script '/home/gouzi/obstacle_race_src/install/realsense2_camera_msgs/share/realsense2_camera_msgs/package.zsh'
[0.989s] Level 1:colcon.colcon_core.environment:create_file_with_runtime_dependencies(/home/gouzi/obstacle_race_src/install/realsense2_camera_msgs/share/colcon-core/packages/realsense2_camera_msgs)
[0.989s] INFO:colcon.colcon_ros.task.ament_cmake.build:Building ROS package in '/home/gouzi/obstacle_race_src/src/realsense-ros/realsense2_camera' with build type 'ament_cmake'
[0.989s] INFO:colcon.colcon_cmake.task.cmake.build:Building CMake package in '/home/gouzi/obstacle_race_src/src/realsense-ros/realsense2_camera'
[0.990s] INFO:colcon.colcon_core.shell:Skip shell extension 'powershell' for command environment: Not usable outside of PowerShell
[0.990s] DEBUG:colcon.colcon_core.shell:Skip shell extension 'dsv' for command environment
[0.994s] INFO:colcon.colcon_ros.task.ament_cmake.build:Building ROS package in '/home/gouzi/obstacle_race_src/src/realsense-ros/realsense2_description' with build type 'ament_cmake'
[0.994s] INFO:colcon.colcon_cmake.task.cmake.build:Building CMake package in '/home/gouzi/obstacle_race_src/src/realsense-ros/realsense2_description'
[0.994s] INFO:colcon.colcon_core.shell:Skip shell extension 'powershell' for command environment: Not usable outside of PowerShell
[0.995s] DEBUG:colcon.colcon_core.shell:Skip shell extension 'dsv' for command environment
[0.999s] Level 1:colcon.colcon_core.environment:create_environment_scripts_only(livox_ros_driver2)
[0.999s] Level 1:colcon.colcon_core.environment:checking '/home/gouzi/obstacle_race_src/install/livox_ros_driver2' for CMake module files
[0.999s] DEBUG:colcon.colcon_core.event_handler.log_command:Invoked command in '/home/gouzi/obstacle_race_src/build/livox_ros_driver2' returned '0': CMAKE_PREFIX_PATH=${CMAKE_PREFIX_PATH}:/home/gouzi/obstacle_race_src/install/auto_nav_pkg:/opt/ros/humble /usr/bin/cmake --install /home/gouzi/obstacle_race_src/build/livox_ros_driver2
[1.001s] Level 1:colcon.colcon_core.environment:checking '/home/gouzi/obstacle_race_src/install/livox_ros_driver2' for CMake config files
[1.001s] Level 1:colcon.colcon_core.shell:create_environment_hook('livox_ros_driver2', 'cmake_prefix_path')
[1.002s] INFO:colcon.colcon_core.shell:Creating environment hook '/home/gouzi/obstacle_race_src/install/livox_ros_driver2/share/livox_ros_driver2/hook/cmake_prefix_path.ps1'
[1.002s] INFO:colcon.colcon_core.shell:Creating environment descriptor '/home/gouzi/obstacle_race_src/install/livox_ros_driver2/share/livox_ros_driver2/hook/cmake_prefix_path.dsv'
[1.003s] INFO:colcon.colcon_core.shell:Creating environment hook '/home/gouzi/obstacle_race_src/install/livox_ros_driver2/share/livox_ros_driver2/hook/cmake_prefix_path.sh'
[1.005s] Level 1:colcon.colcon_core.environment:checking '/home/gouzi/obstacle_race_src/install/livox_ros_driver2/lib'
[1.005s] Level 1:colcon.colcon_core.shell:create_environment_hook('livox_ros_driver2', 'ld_library_path_lib')
[1.007s] INFO:colcon.colcon_core.shell:Creating environment hook '/home/gouzi/obstacle_race_src/install/livox_ros_driver2/share/livox_ros_driver2/hook/ld_library_path_lib.ps1'
[1.007s] INFO:colcon.colcon_core.shell:Creating environment descriptor '/home/gouzi/obstacle_race_src/install/livox_ros_driver2/share/livox_ros_driver2/hook/ld_library_path_lib.dsv'
[1.007s] INFO:colcon.colcon_core.shell:Creating environment hook '/home/gouzi/obstacle_race_src/install/livox_ros_driver2/share/livox_ros_driver2/hook/ld_library_path_lib.sh'
[1.008s] Level 1:colcon.colcon_core.environment:checking '/home/gouzi/obstacle_race_src/install/livox_ros_driver2/bin'
[1.008s] Level 1:colcon.colcon_core.environment:checking '/home/gouzi/obstacle_race_src/install/livox_ros_driver2/lib/pkgconfig/livox_ros_driver2.pc'
[1.008s] Level 1:colcon.colcon_core.environment:checking '/home/gouzi/obstacle_race_src/install/livox_ros_driver2/lib/python3.10/site-packages'
[1.008s] Level 1:colcon.colcon_core.environment:checking '/home/gouzi/obstacle_race_src/install/livox_ros_driver2/bin'
[1.009s] INFO:colcon.colcon_core.shell:Creating package script '/home/gouzi/obstacle_race_src/install/livox_ros_driver2/share/livox_ros_driver2/package.ps1'
[1.010s] INFO:colcon.colcon_core.shell:Creating package descriptor '/home/gouzi/obstacle_race_src/install/livox_ros_driver2/share/livox_ros_driver2/package.dsv'
[1.011s] INFO:colcon.colcon_core.shell:Creating package script '/home/gouzi/obstacle_race_src/install/livox_ros_driver2/share/livox_ros_driver2/package.sh'
[1.011s] INFO:colcon.colcon_core.shell:Creating package script '/home/gouzi/obstacle_race_src/install/livox_ros_driver2/share/livox_ros_driver2/package.bash'
[1.012s] INFO:colcon.colcon_core.shell:Creating package script '/home/gouzi/obstacle_race_src/install/livox_ros_driver2/share/livox_ros_driver2/package.zsh'
[1.013s] Level 1:colcon.colcon_core.environment:create_file_with_runtime_dependencies(/home/gouzi/obstacle_race_src/install/livox_ros_driver2/share/colcon-core/packages/livox_ros_driver2)
[1.013s] Level 1:colcon.colcon_core.environment:create_environment_scripts_only(livox_ros_driver2)
[1.014s] Level 1:colcon.colcon_core.environment:checking '/home/gouzi/obstacle_race_src/install/livox_ros_driver2' for CMake module files
[1.014s] Level 1:colcon.colcon_core.environment:checking '/home/gouzi/obstacle_race_src/install/livox_ros_driver2' for CMake config files
[1.015s] Level 1:colcon.colcon_core.shell:create_environment_hook('livox_ros_driver2', 'cmake_prefix_path')
[1.015s] INFO:colcon.colcon_core.shell:Creating environment hook '/home/gouzi/obstacle_race_src/install/livox_ros_driver2/share/livox_ros_driver2/hook/cmake_prefix_path.ps1'
[1.015s] INFO:colcon.colcon_core.shell:Creating environment descriptor '/home/gouzi/obstacle_race_src/install/livox_ros_driver2/share/livox_ros_driver2/hook/cmake_prefix_path.dsv'
[1.016s] INFO:colcon.colcon_core.shell:Creating environment hook '/home/gouzi/obstacle_race_src/install/livox_ros_driver2/share/livox_ros_driver2/hook/cmake_prefix_path.sh'
[1.016s] Level 1:colcon.colcon_core.environment:checking '/home/gouzi/obstacle_race_src/install/livox_ros_driver2/lib'
[1.016s] Level 1:colcon.colcon_core.shell:create_environment_hook('livox_ros_driver2', 'ld_library_path_lib')
[1.016s] INFO:colcon.colcon_core.shell:Creating environment hook '/home/gouzi/obstacle_race_src/install/livox_ros_driver2/share/livox_ros_driver2/hook/ld_library_path_lib.ps1'
[1.017s] INFO:colcon.colcon_core.shell:Creating environment descriptor '/home/gouzi/obstacle_race_src/install/livox_ros_driver2/share/livox_ros_driver2/hook/ld_library_path_lib.dsv'
[1.017s] INFO:colcon.colcon_core.shell:Creating environment hook '/home/gouzi/obstacle_race_src/install/livox_ros_driver2/share/livox_ros_driver2/hook/ld_library_path_lib.sh'
[1.017s] Level 1:colcon.colcon_core.environment:checking '/home/gouzi/obstacle_race_src/install/livox_ros_driver2/bin'
[1.017s] Level 1:colcon.colcon_core.environment:checking '/home/gouzi/obstacle_race_src/install/livox_ros_driver2/lib/pkgconfig/livox_ros_driver2.pc'
[1.018s] Level 1:colcon.colcon_core.environment:checking '/home/gouzi/obstacle_race_src/install/livox_ros_driver2/lib/python3.10/site-packages'
[1.018s] Level 1:colcon.colcon_core.environment:checking '/home/gouzi/obstacle_race_src/install/livox_ros_driver2/bin'
[1.018s] INFO:colcon.colcon_core.shell:Creating package script '/home/gouzi/obstacle_race_src/install/livox_ros_driver2/share/livox_ros_driver2/package.ps1'
[1.019s] INFO:colcon.colcon_core.shell:Creating package descriptor '/home/gouzi/obstacle_race_src/install/livox_ros_driver2/share/livox_ros_driver2/package.dsv'
[1.019s] INFO:colcon.colcon_core.shell:Creating package script '/home/gouzi/obstacle_race_src/install/livox_ros_driver2/share/livox_ros_driver2/package.sh'
[1.020s] INFO:colcon.colcon_core.shell:Creating package script '/home/gouzi/obstacle_race_src/install/livox_ros_driver2/share/livox_ros_driver2/package.bash'
[1.020s] INFO:colcon.colcon_core.shell:Creating package script '/home/gouzi/obstacle_race_src/install/livox_ros_driver2/share/livox_ros_driver2/package.zsh'
[1.020s] Level 1:colcon.colcon_core.environment:create_file_with_runtime_dependencies(/home/gouzi/obstacle_race_src/install/livox_ros_driver2/share/colcon-core/packages/livox_ros_driver2)
[1.022s] Level 1:colcon.colcon_core.environment:create_environment_scripts_only(apriltag_msgs)
[1.023s] Level 1:colcon.colcon_core.environment:checking '/home/gouzi/obstacle_race_src/install/apriltag_msgs' for CMake module files
[1.023s] DEBUG:colcon.colcon_core.event_handler.log_command:Invoked command in '/home/gouzi/obstacle_race_src/build/apriltag_msgs' returned '0': CMAKE_PREFIX_PATH=${CMAKE_PREFIX_PATH}:/home/gouzi/obstacle_race_src/install/auto_nav_pkg:/opt/ros/humble /usr/bin/cmake --install /home/gouzi/obstacle_race_src/build/apriltag_msgs
[1.023s] Level 1:colcon.colcon_core.environment:checking '/home/gouzi/obstacle_race_src/install/apriltag_msgs' for CMake config files
[1.024s] Level 1:colcon.colcon_core.shell:create_environment_hook('apriltag_msgs', 'cmake_prefix_path')
[1.024s] INFO:colcon.colcon_core.shell:Creating environment hook '/home/gouzi/obstacle_race_src/install/apriltag_msgs/share/apriltag_msgs/hook/cmake_prefix_path.ps1'
[1.024s] INFO:colcon.colcon_core.shell:Creating environment descriptor '/home/gouzi/obstacle_race_src/install/apriltag_msgs/share/apriltag_msgs/hook/cmake_prefix_path.dsv'
[1.025s] INFO:colcon.colcon_core.shell:Creating environment hook '/home/gouzi/obstacle_race_src/install/apriltag_msgs/share/apriltag_msgs/hook/cmake_prefix_path.sh'
[1.025s] Level 1:colcon.colcon_core.environment:checking '/home/gouzi/obstacle_race_src/install/apriltag_msgs/lib'
[1.026s] Level 1:colcon.colcon_core.shell:create_environment_hook('apriltag_msgs', 'ld_library_path_lib')
[1.026s] INFO:colcon.colcon_core.shell:Creating environment hook '/home/gouzi/obstacle_race_src/install/apriltag_msgs/share/apriltag_msgs/hook/ld_library_path_lib.ps1'
[1.026s] INFO:colcon.colcon_core.shell:Creating environment descriptor '/home/gouzi/obstacle_race_src/install/apriltag_msgs/share/apriltag_msgs/hook/ld_library_path_lib.dsv'
[1.026s] INFO:colcon.colcon_core.shell:Creating environment hook '/home/gouzi/obstacle_race_src/install/apriltag_msgs/share/apriltag_msgs/hook/ld_library_path_lib.sh'
[1.027s] Level 1:colcon.colcon_core.environment:checking '/home/gouzi/obstacle_race_src/install/apriltag_msgs/bin'
[1.027s] Level 1:colcon.colcon_core.environment:checking '/home/gouzi/obstacle_race_src/install/apriltag_msgs/lib/pkgconfig/apriltag_msgs.pc'
[1.027s] Level 1:colcon.colcon_core.environment:checking '/home/gouzi/obstacle_race_src/install/apriltag_msgs/lib/python3.10/site-packages'
[1.027s] Level 1:colcon.colcon_core.environment:checking '/home/gouzi/obstacle_race_src/install/apriltag_msgs/bin'
[1.028s] INFO:colcon.colcon_core.shell:Creating package script '/home/gouzi/obstacle_race_src/install/apriltag_msgs/share/apriltag_msgs/package.ps1'
[1.028s] INFO:colcon.colcon_core.shell:Creating package descriptor '/home/gouzi/obstacle_race_src/install/apriltag_msgs/share/apriltag_msgs/package.dsv'
[1.029s] INFO:colcon.colcon_core.shell:Creating package script '/home/gouzi/obstacle_race_src/install/apriltag_msgs/share/apriltag_msgs/package.sh'
[1.029s] INFO:colcon.colcon_core.shell:Creating package script '/home/gouzi/obstacle_race_src/install/apriltag_msgs/share/apriltag_msgs/package.bash'
[1.029s] INFO:colcon.colcon_core.shell:Creating package script '/home/gouzi/obstacle_race_src/install/apriltag_msgs/share/apriltag_msgs/package.zsh'
[1.029s] Level 1:colcon.colcon_core.environment:create_file_with_runtime_dependencies(/home/gouzi/obstacle_race_src/install/apriltag_msgs/share/colcon-core/packages/apriltag_msgs)
[1.030s] Level 1:colcon.colcon_core.environment:create_environment_scripts_only(apriltag_msgs)
[1.030s] Level 1:colcon.colcon_core.environment:checking '/home/gouzi/obstacle_race_src/install/apriltag_msgs' for CMake module files
[1.031s] Level 1:colcon.colcon_core.environment:checking '/home/gouzi/obstacle_race_src/install/apriltag_msgs' for CMake config files
[1.031s] Level 1:colcon.colcon_core.shell:create_environment_hook('apriltag_msgs', 'cmake_prefix_path')
[1.031s] INFO:colcon.colcon_core.shell:Creating environment hook '/home/gouzi/obstacle_race_src/install/apriltag_msgs/share/apriltag_msgs/hook/cmake_prefix_path.ps1'
[1.032s] INFO:colcon.colcon_core.shell:Creating environment descriptor '/home/gouzi/obstacle_race_src/install/apriltag_msgs/share/apriltag_msgs/hook/cmake_prefix_path.dsv'
[1.032s] INFO:colcon.colcon_core.shell:Creating environment hook '/home/gouzi/obstacle_race_src/install/apriltag_msgs/share/apriltag_msgs/hook/cmake_prefix_path.sh'
[1.033s] Level 1:colcon.colcon_core.environment:checking '/home/gouzi/obstacle_race_src/install/apriltag_msgs/lib'
[1.033s] Level 1:colcon.colcon_core.shell:create_environment_hook('apriltag_msgs', 'ld_library_path_lib')
[1.033s] INFO:colcon.colcon_core.shell:Creating environment hook '/home/gouzi/obstacle_race_src/install/apriltag_msgs/share/apriltag_msgs/hook/ld_library_path_lib.ps1'
[1.033s] INFO:colcon.colcon_core.shell:Creating environment descriptor '/home/gouzi/obstacle_race_src/install/apriltag_msgs/share/apriltag_msgs/hook/ld_library_path_lib.dsv'
[1.034s] INFO:colcon.colcon_core.shell:Creating environment hook '/home/gouzi/obstacle_race_src/install/apriltag_msgs/share/apriltag_msgs/hook/ld_library_path_lib.sh'
[1.034s] Level 1:colcon.colcon_core.environment:checking '/home/gouzi/obstacle_race_src/install/apriltag_msgs/bin'
[1.034s] Level 1:colcon.colcon_core.environment:checking '/home/gouzi/obstacle_race_src/install/apriltag_msgs/lib/pkgconfig/apriltag_msgs.pc'
[1.034s] Level 1:colcon.colcon_core.environment:checking '/home/gouzi/obstacle_race_src/install/apriltag_msgs/lib/python3.10/site-packages'
[1.034s] Level 1:colcon.colcon_core.environment:checking '/home/gouzi/obstacle_race_src/install/apriltag_msgs/bin'
[1.035s] INFO:colcon.colcon_core.shell:Creating package script '/home/gouzi/obstacle_race_src/install/apriltag_msgs/share/apriltag_msgs/package.ps1'
[1.035s] INFO:colcon.colcon_core.shell:Creating package descriptor '/home/gouzi/obstacle_race_src/install/apriltag_msgs/share/apriltag_msgs/package.dsv'
[1.035s] INFO:colcon.colcon_core.shell:Creating package script '/home/gouzi/obstacle_race_src/install/apriltag_msgs/share/apriltag_msgs/package.sh'
[1.036s] INFO:colcon.colcon_core.shell:Creating package script '/home/gouzi/obstacle_race_src/install/apriltag_msgs/share/apriltag_msgs/package.bash'
[1.036s] INFO:colcon.colcon_core.shell:Creating package script '/home/gouzi/obstacle_race_src/install/apriltag_msgs/share/apriltag_msgs/package.zsh'
[1.036s] Level 1:colcon.colcon_core.environment:create_file_with_runtime_dependencies(/home/gouzi/obstacle_race_src/install/apriltag_msgs/share/colcon-core/packages/apriltag_msgs)
[1.040s] DEBUG:colcon.colcon_core.event_handler.log_command:Invoking command in '/home/gouzi/obstacle_race_src/build/realsense2_camera': CMAKE_PREFIX_PATH=/home/gouzi/obstacle_race_src/install/realsense2_camera_msgs:/home/gouzi/obstacle_race_src/install/realsense2_description:/home/gouzi/obstacle_race_src/install/realsense2_camera:/home/gouzi/obstacle_race_src/install/quadruped_step_mapper:/home/gouzi/obstacle_race_src/install/point_lio:/home/gouzi/obstacle_race_src/install/livox_ros_driver2:/home/gouzi/obstacle_race_src/install/apriltag_ros:/home/gouzi/obstacle_race_src/install/apriltag_msgs:/home/gouzi/obstacle_race_src/install/auto_nav_pkg:/opt/ros/humble LD_LIBRARY_PATH=/home/gouzi/obstacle_race_src/install/realsense2_camera_msgs/lib:/home/gouzi/obstacle_race_src/install/realsense2_camera/lib:/home/gouzi/obstacle_race_src/install/livox_ros_driver2/lib:/home/gouzi/obstacle_race_src/install/apriltag_ros/lib:/home/gouzi/obstacle_race_src/install/apriltag_msgs/lib:/opt/ros/humble/opt/rviz_ogre_vendor/lib:/opt/ros/humble/lib/x86_64-linux-gnu:/opt/ros/humble/lib /usr/bin/cmake --build /home/gouzi/obstacle_race_src/build/realsense2_camera -- -j8 -l8
[1.043s] INFO:colcon.colcon_ros.task.ament_cmake.build:Building ROS package in '/home/gouzi/obstacle_race_src/src/apriltag_ros' with build type 'ament_cmake'
[1.043s] INFO:colcon.colcon_cmake.task.cmake.build:Building CMake package in '/home/gouzi/obstacle_race_src/src/apriltag_ros'
[1.043s] INFO:colcon.colcon_core.shell:Skip shell extension 'powershell' for command environment: Not usable outside of PowerShell
[1.043s] DEBUG:colcon.colcon_core.shell:Skip shell extension 'dsv' for command environment
[1.044s] DEBUG:colcon.colcon_core.event_handler.log_command:Invoking command in '/home/gouzi/obstacle_race_src/build/realsense2_description': CMAKE_PREFIX_PATH=/home/gouzi/obstacle_race_src/install/realsense2_camera_msgs:/home/gouzi/obstacle_race_src/install/realsense2_description:/home/gouzi/obstacle_race_src/install/realsense2_camera:/home/gouzi/obstacle_race_src/install/quadruped_step_mapper:/home/gouzi/obstacle_race_src/install/point_lio:/home/gouzi/obstacle_race_src/install/livox_ros_driver2:/home/gouzi/obstacle_race_src/install/apriltag_ros:/home/gouzi/obstacle_race_src/install/apriltag_msgs:/home/gouzi/obstacle_race_src/install/auto_nav_pkg:/opt/ros/humble LD_LIBRARY_PATH=/home/gouzi/obstacle_race_src/install/realsense2_camera_msgs/lib:/home/gouzi/obstacle_race_src/install/realsense2_camera/lib:/home/gouzi/obstacle_race_src/install/livox_ros_driver2/lib:/home/gouzi/obstacle_race_src/install/apriltag_ros/lib:/home/gouzi/obstacle_race_src/install/apriltag_msgs/lib:/opt/ros/humble/opt/rviz_ogre_vendor/lib:/opt/ros/humble/lib/x86_64-linux-gnu:/opt/ros/humble/lib /usr/bin/cmake --build /home/gouzi/obstacle_race_src/build/realsense2_description -- -j8 -l8
[1.053s] DEBUG:colcon.colcon_core.event_handler.log_command:Invoking command in '/home/gouzi/obstacle_race_src/build/apriltag_ros': CMAKE_PREFIX_PATH=/home/gouzi/obstacle_race_src/install/apriltag_msgs:/home/gouzi/obstacle_race_src/install/realsense2_description:/home/gouzi/obstacle_race_src/install/realsense2_camera:/home/gouzi/obstacle_race_src/install/realsense2_camera_msgs:/home/gouzi/obstacle_race_src/install/quadruped_step_mapper:/home/gouzi/obstacle_race_src/install/point_lio:/home/gouzi/obstacle_race_src/install/livox_ros_driver2:/home/gouzi/obstacle_race_src/install/apriltag_ros:/home/gouzi/obstacle_race_src/install/auto_nav_pkg:/opt/ros/humble LD_LIBRARY_PATH=/home/gouzi/obstacle_race_src/install/apriltag_msgs/lib:/home/gouzi/obstacle_race_src/install/realsense2_camera/lib:/home/gouzi/obstacle_race_src/install/realsense2_camera_msgs/lib:/home/gouzi/obstacle_race_src/install/livox_ros_driver2/lib:/home/gouzi/obstacle_race_src/install/apriltag_ros/lib:/opt/ros/humble/opt/rviz_ogre_vendor/lib:/opt/ros/humble/lib/x86_64-linux-gnu:/opt/ros/humble/lib /usr/bin/cmake --build /home/gouzi/obstacle_race_src/build/apriltag_ros -- -j8 -l8
[1.075s] DEBUG:colcon.colcon_core.event_handler.log_command:Invoked command in '/home/gouzi/obstacle_race_src/build/realsense2_description' returned '0': CMAKE_PREFIX_PATH=/home/gouzi/obstacle_race_src/install/realsense2_camera_msgs:/home/gouzi/obstacle_race_src/install/realsense2_description:/home/gouzi/obstacle_race_src/install/realsense2_camera:/home/gouzi/obstacle_race_src/install/quadruped_step_mapper:/home/gouzi/obstacle_race_src/install/point_lio:/home/gouzi/obstacle_race_src/install/livox_ros_driver2:/home/gouzi/obstacle_race_src/install/apriltag_ros:/home/gouzi/obstacle_race_src/install/apriltag_msgs:/home/gouzi/obstacle_race_src/install/auto_nav_pkg:/opt/ros/humble LD_LIBRARY_PATH=/home/gouzi/obstacle_race_src/install/realsense2_camera_msgs/lib:/home/gouzi/obstacle_race_src/install/realsense2_camera/lib:/home/gouzi/obstacle_race_src/install/livox_ros_driver2/lib:/home/gouzi/obstacle_race_src/install/apriltag_ros/lib:/home/gouzi/obstacle_race_src/install/apriltag_msgs/lib:/opt/ros/humble/opt/rviz_ogre_vendor/lib:/opt/ros/humble/lib/x86_64-linux-gnu:/opt/ros/humble/lib /usr/bin/cmake --build /home/gouzi/obstacle_race_src/build/realsense2_description -- -j8 -l8
[1.077s] DEBUG:colcon.colcon_core.event_handler.log_command:Invoking command in '/home/gouzi/obstacle_race_src/build/realsense2_description': CMAKE_PREFIX_PATH=/home/gouzi/obstacle_race_src/install/realsense2_camera_msgs:/home/gouzi/obstacle_race_src/install/realsense2_description:/home/gouzi/obstacle_race_src/install/realsense2_camera:/home/gouzi/obstacle_race_src/install/quadruped_step_mapper:/home/gouzi/obstacle_race_src/install/point_lio:/home/gouzi/obstacle_race_src/install/livox_ros_driver2:/home/gouzi/obstacle_race_src/install/apriltag_ros:/home/gouzi/obstacle_race_src/install/apriltag_msgs:/home/gouzi/obstacle_race_src/install/auto_nav_pkg:/opt/ros/humble LD_LIBRARY_PATH=/home/gouzi/obstacle_race_src/install/realsense2_camera_msgs/lib:/home/gouzi/obstacle_race_src/install/realsense2_camera/lib:/home/gouzi/obstacle_race_src/install/livox_ros_driver2/lib:/home/gouzi/obstacle_race_src/install/apriltag_ros/lib:/home/gouzi/obstacle_race_src/install/apriltag_msgs/lib:/opt/ros/humble/opt/rviz_ogre_vendor/lib:/opt/ros/humble/lib/x86_64-linux-gnu:/opt/ros/humble/lib /usr/bin/cmake --install /home/gouzi/obstacle_race_src/build/realsense2_description
[1.091s] Level 1:colcon.colcon_core.environment:create_environment_scripts_only(realsense2_description)
[1.092s] Level 1:colcon.colcon_core.environment:checking '/home/gouzi/obstacle_race_src/install/realsense2_description' for CMake module files
[1.093s] DEBUG:colcon.colcon_core.event_handler.log_command:Invoked command in '/home/gouzi/obstacle_race_src/build/realsense2_description' returned '0': CMAKE_PREFIX_PATH=/home/gouzi/obstacle_race_src/install/realsense2_camera_msgs:/home/gouzi/obstacle_race_src/install/realsense2_description:/home/gouzi/obstacle_race_src/install/realsense2_camera:/home/gouzi/obstacle_race_src/install/quadruped_step_mapper:/home/gouzi/obstacle_race_src/install/point_lio:/home/gouzi/obstacle_race_src/install/livox_ros_driver2:/home/gouzi/obstacle_race_src/install/apriltag_ros:/home/gouzi/obstacle_race_src/install/apriltag_msgs:/home/gouzi/obstacle_race_src/install/auto_nav_pkg:/opt/ros/humble LD_LIBRARY_PATH=/home/gouzi/obstacle_race_src/install/realsense2_camera_msgs/lib:/home/gouzi/obstacle_race_src/install/realsense2_camera/lib:/home/gouzi/obstacle_race_src/install/livox_ros_driver2/lib:/home/gouzi/obstacle_race_src/install/apriltag_ros/lib:/home/gouzi/obstacle_race_src/install/apriltag_msgs/lib:/opt/ros/humble/opt/rviz_ogre_vendor/lib:/opt/ros/humble/lib/x86_64-linux-gnu:/opt/ros/humble/lib /usr/bin/cmake --install /home/gouzi/obstacle_race_src/build/realsense2_description
[1.094s] Level 1:colcon.colcon_core.environment:checking '/home/gouzi/obstacle_race_src/install/realsense2_description' for CMake config files
[1.094s] Level 1:colcon.colcon_core.shell:create_environment_hook('realsense2_description', 'cmake_prefix_path')
[1.094s] INFO:colcon.colcon_core.shell:Creating environment hook '/home/gouzi/obstacle_race_src/install/realsense2_description/share/realsense2_description/hook/cmake_prefix_path.ps1'
[1.095s] INFO:colcon.colcon_core.shell:Creating environment descriptor '/home/gouzi/obstacle_race_src/install/realsense2_description/share/realsense2_description/hook/cmake_prefix_path.dsv'
[1.095s] INFO:colcon.colcon_core.shell:Creating environment hook '/home/gouzi/obstacle_race_src/install/realsense2_description/share/realsense2_description/hook/cmake_prefix_path.sh'
[1.096s] Level 1:colcon.colcon_core.environment:checking '/home/gouzi/obstacle_race_src/install/realsense2_description/bin'
[1.096s] Level 1:colcon.colcon_core.environment:checking '/home/gouzi/obstacle_race_src/install/realsense2_description/lib/pkgconfig/realsense2_description.pc'
[1.097s] Level 1:colcon.colcon_core.environment:checking '/home/gouzi/obstacle_race_src/install/realsense2_description/lib/python3.10/site-packages'
[1.097s] Level 1:colcon.colcon_core.environment:checking '/home/gouzi/obstacle_race_src/install/realsense2_description/bin'
[1.097s] INFO:colcon.colcon_core.shell:Creating package script '/home/gouzi/obstacle_race_src/install/realsense2_description/share/realsense2_description/package.ps1'
[1.098s] INFO:colcon.colcon_core.shell:Creating package descriptor '/home/gouzi/obstacle_race_src/install/realsense2_description/share/realsense2_description/package.dsv'
[1.098s] INFO:colcon.colcon_core.shell:Creating package script '/home/gouzi/obstacle_race_src/install/realsense2_description/share/realsense2_description/package.sh'
[1.098s] INFO:colcon.colcon_core.shell:Creating package script '/home/gouzi/obstacle_race_src/install/realsense2_description/share/realsense2_description/package.bash'
[1.099s] INFO:colcon.colcon_core.shell:Creating package script '/home/gouzi/obstacle_race_src/install/realsense2_description/share/realsense2_description/package.zsh'
[1.099s] Level 1:colcon.colcon_core.environment:create_file_with_runtime_dependencies(/home/gouzi/obstacle_race_src/install/realsense2_description/share/colcon-core/packages/realsense2_description)
[1.099s] Level 1:colcon.colcon_core.environment:create_environment_scripts_only(realsense2_description)
[1.100s] Level 1:colcon.colcon_core.environment:checking '/home/gouzi/obstacle_race_src/install/realsense2_description' for CMake module files
[1.100s] Level 1:colcon.colcon_core.environment:checking '/home/gouzi/obstacle_race_src/install/realsense2_description' for CMake config files
[1.100s] Level 1:colcon.colcon_core.shell:create_environment_hook('realsense2_description', 'cmake_prefix_path')
[1.100s] INFO:colcon.colcon_core.shell:Creating environment hook '/home/gouzi/obstacle_race_src/install/realsense2_description/share/realsense2_description/hook/cmake_prefix_path.ps1'
[1.101s] INFO:colcon.colcon_core.shell:Creating environment descriptor '/home/gouzi/obstacle_race_src/install/realsense2_description/share/realsense2_description/hook/cmake_prefix_path.dsv'
[1.101s] INFO:colcon.colcon_core.shell:Creating environment hook '/home/gouzi/obstacle_race_src/install/realsense2_description/share/realsense2_description/hook/cmake_prefix_path.sh'
[1.102s] Level 1:colcon.colcon_core.environment:checking '/home/gouzi/obstacle_race_src/install/realsense2_description/bin'
[1.102s] Level 1:colcon.colcon_core.environment:checking '/home/gouzi/obstacle_race_src/install/realsense2_description/lib/pkgconfig/realsense2_description.pc'
[1.102s] Level 1:colcon.colcon_core.environment:checking '/home/gouzi/obstacle_race_src/install/realsense2_description/lib/python3.10/site-packages'
[1.102s] Level 1:colcon.colcon_core.environment:checking '/home/gouzi/obstacle_race_src/install/realsense2_description/bin'
[1.103s] INFO:colcon.colcon_core.shell:Creating package script '/home/gouzi/obstacle_race_src/install/realsense2_description/share/realsense2_description/package.ps1'
[1.103s] INFO:colcon.colcon_core.shell:Creating package descriptor '/home/gouzi/obstacle_race_src/install/realsense2_description/share/realsense2_description/package.dsv'
[1.104s] INFO:colcon.colcon_core.shell:Creating package script '/home/gouzi/obstacle_race_src/install/realsense2_description/share/realsense2_description/package.sh'
[1.104s] INFO:colcon.colcon_core.shell:Creating package script '/home/gouzi/obstacle_race_src/install/realsense2_description/share/realsense2_description/package.bash'
[1.104s] INFO:colcon.colcon_core.shell:Creating package script '/home/gouzi/obstacle_race_src/install/realsense2_description/share/realsense2_description/package.zsh'
[1.104s] Level 1:colcon.colcon_core.environment:create_file_with_runtime_dependencies(/home/gouzi/obstacle_race_src/install/realsense2_description/share/colcon-core/packages/realsense2_description)
[1.128s] DEBUG:colcon.colcon_core.event_handler.log_command:Invoked command in '/home/gouzi/obstacle_race_src/build/realsense2_camera' returned '0': CMAKE_PREFIX_PATH=/home/gouzi/obstacle_race_src/install/realsense2_camera_msgs:/home/gouzi/obstacle_race_src/install/realsense2_description:/home/gouzi/obstacle_race_src/install/realsense2_camera:/home/gouzi/obstacle_race_src/install/quadruped_step_mapper:/home/gouzi/obstacle_race_src/install/point_lio:/home/gouzi/obstacle_race_src/install/livox_ros_driver2:/home/gouzi/obstacle_race_src/install/apriltag_ros:/home/gouzi/obstacle_race_src/install/apriltag_msgs:/home/gouzi/obstacle_race_src/install/auto_nav_pkg:/opt/ros/humble LD_LIBRARY_PATH=/home/gouzi/obstacle_race_src/install/realsense2_camera_msgs/lib:/home/gouzi/obstacle_race_src/install/realsense2_camera/lib:/home/gouzi/obstacle_race_src/install/livox_ros_driver2/lib:/home/gouzi/obstacle_race_src/install/apriltag_ros/lib:/home/gouzi/obstacle_race_src/install/apriltag_msgs/lib:/opt/ros/humble/opt/rviz_ogre_vendor/lib:/opt/ros/humble/lib/x86_64-linux-gnu:/opt/ros/humble/lib /usr/bin/cmake --build /home/gouzi/obstacle_race_src/build/realsense2_camera -- -j8 -l8
[1.130s] DEBUG:colcon.colcon_core.event_handler.log_command:Invoking command in '/home/gouzi/obstacle_race_src/build/realsense2_camera': CMAKE_PREFIX_PATH=/home/gouzi/obstacle_race_src/install/realsense2_camera_msgs:/home/gouzi/obstacle_race_src/install/realsense2_description:/home/gouzi/obstacle_race_src/install/realsense2_camera:/home/gouzi/obstacle_race_src/install/quadruped_step_mapper:/home/gouzi/obstacle_race_src/install/point_lio:/home/gouzi/obstacle_race_src/install/livox_ros_driver2:/home/gouzi/obstacle_race_src/install/apriltag_ros:/home/gouzi/obstacle_race_src/install/apriltag_msgs:/home/gouzi/obstacle_race_src/install/auto_nav_pkg:/opt/ros/humble LD_LIBRARY_PATH=/home/gouzi/obstacle_race_src/install/realsense2_camera_msgs/lib:/home/gouzi/obstacle_race_src/install/realsense2_camera/lib:/home/gouzi/obstacle_race_src/install/livox_ros_driver2/lib:/home/gouzi/obstacle_race_src/install/apriltag_ros/lib:/home/gouzi/obstacle_race_src/install/apriltag_msgs/lib:/opt/ros/humble/opt/rviz_ogre_vendor/lib:/opt/ros/humble/lib/x86_64-linux-gnu:/opt/ros/humble/lib /usr/bin/cmake --install /home/gouzi/obstacle_race_src/build/realsense2_camera
[1.140s] Level 1:colcon.colcon_core.environment:create_environment_scripts_only(realsense2_camera)
[1.140s] Level 1:colcon.colcon_core.environment:checking '/home/gouzi/obstacle_race_src/install/realsense2_camera' for CMake module files
[1.140s] DEBUG:colcon.colcon_core.event_handler.log_command:Invoked command in '/home/gouzi/obstacle_race_src/build/realsense2_camera' returned '0': CMAKE_PREFIX_PATH=/home/gouzi/obstacle_race_src/install/realsense2_camera_msgs:/home/gouzi/obstacle_race_src/install/realsense2_description:/home/gouzi/obstacle_race_src/install/realsense2_camera:/home/gouzi/obstacle_race_src/install/quadruped_step_mapper:/home/gouzi/obstacle_race_src/install/point_lio:/home/gouzi/obstacle_race_src/install/livox_ros_driver2:/home/gouzi/obstacle_race_src/install/apriltag_ros:/home/gouzi/obstacle_race_src/install/apriltag_msgs:/home/gouzi/obstacle_race_src/install/auto_nav_pkg:/opt/ros/humble LD_LIBRARY_PATH=/home/gouzi/obstacle_race_src/install/realsense2_camera_msgs/lib:/home/gouzi/obstacle_race_src/install/realsense2_camera/lib:/home/gouzi/obstacle_race_src/install/livox_ros_driver2/lib:/home/gouzi/obstacle_race_src/install/apriltag_ros/lib:/home/gouzi/obstacle_race_src/install/apriltag_msgs/lib:/opt/ros/humble/opt/rviz_ogre_vendor/lib:/opt/ros/humble/lib/x86_64-linux-gnu:/opt/ros/humble/lib /usr/bin/cmake --install /home/gouzi/obstacle_race_src/build/realsense2_camera
[1.141s] Level 1:colcon.colcon_core.environment:checking '/home/gouzi/obstacle_race_src/install/realsense2_camera' for CMake config files
[1.141s] Level 1:colcon.colcon_core.shell:create_environment_hook('realsense2_camera', 'cmake_prefix_path')
[1.141s] INFO:colcon.colcon_core.shell:Creating environment hook '/home/gouzi/obstacle_race_src/install/realsense2_camera/share/realsense2_camera/hook/cmake_prefix_path.ps1'
[1.142s] INFO:colcon.colcon_core.shell:Creating environment descriptor '/home/gouzi/obstacle_race_src/install/realsense2_camera/share/realsense2_camera/hook/cmake_prefix_path.dsv'
[1.142s] INFO:colcon.colcon_core.shell:Creating environment hook '/home/gouzi/obstacle_race_src/install/realsense2_camera/share/realsense2_camera/hook/cmake_prefix_path.sh'
[1.143s] Level 1:colcon.colcon_core.environment:checking '/home/gouzi/obstacle_race_src/install/realsense2_camera/lib'
[1.143s] Level 1:colcon.colcon_core.shell:create_environment_hook('realsense2_camera', 'ld_library_path_lib')
[1.143s] INFO:colcon.colcon_core.shell:Creating environment hook '/home/gouzi/obstacle_race_src/install/realsense2_camera/share/realsense2_camera/hook/ld_library_path_lib.ps1'
[1.143s] INFO:colcon.colcon_core.shell:Creating environment descriptor '/home/gouzi/obstacle_race_src/install/realsense2_camera/share/realsense2_camera/hook/ld_library_path_lib.dsv'
[1.144s] INFO:colcon.colcon_core.shell:Creating environment hook '/home/gouzi/obstacle_race_src/install/realsense2_camera/share/realsense2_camera/hook/ld_library_path_lib.sh'
[1.144s] Level 1:colcon.colcon_core.environment:checking '/home/gouzi/obstacle_race_src/install/realsense2_camera/bin'
[1.144s] Level 1:colcon.colcon_core.environment:checking '/home/gouzi/obstacle_race_src/install/realsense2_camera/lib/pkgconfig/realsense2_camera.pc'
[1.144s] Level 1:colcon.colcon_core.environment:checking '/home/gouzi/obstacle_race_src/install/realsense2_camera/lib/python3.10/site-packages'
[1.144s] Level 1:colcon.colcon_core.environment:checking '/home/gouzi/obstacle_race_src/install/realsense2_camera/bin'
[1.145s] INFO:colcon.colcon_core.shell:Creating package script '/home/gouzi/obstacle_race_src/install/realsense2_camera/share/realsense2_camera/package.ps1'
[1.145s] INFO:colcon.colcon_core.shell:Creating package descriptor '/home/gouzi/obstacle_race_src/install/realsense2_camera/share/realsense2_camera/package.dsv'
[1.146s] INFO:colcon.colcon_core.shell:Creating package script '/home/gouzi/obstacle_race_src/install/realsense2_camera/share/realsense2_camera/package.sh'
[1.146s] INFO:colcon.colcon_core.shell:Creating package script '/home/gouzi/obstacle_race_src/install/realsense2_camera/share/realsense2_camera/package.bash'
[1.147s] INFO:colcon.colcon_core.shell:Creating package script '/home/gouzi/obstacle_race_src/install/realsense2_camera/share/realsense2_camera/package.zsh'
[1.147s] Level 1:colcon.colcon_core.environment:create_file_with_runtime_dependencies(/home/gouzi/obstacle_race_src/install/realsense2_camera/share/colcon-core/packages/realsense2_camera)
[1.148s] Level 1:colcon.colcon_core.environment:create_environment_scripts_only(realsense2_camera)
[1.148s] Level 1:colcon.colcon_core.environment:checking '/home/gouzi/obstacle_race_src/install/realsense2_camera' for CMake module files
[1.148s] Level 1:colcon.colcon_core.environment:checking '/home/gouzi/obstacle_race_src/install/realsense2_camera' for CMake config files
[1.149s] Level 1:colcon.colcon_core.shell:create_environment_hook('realsense2_camera', 'cmake_prefix_path')
[1.149s] INFO:colcon.colcon_core.shell:Creating environment hook '/home/gouzi/obstacle_race_src/install/realsense2_camera/share/realsense2_camera/hook/cmake_prefix_path.ps1'
[1.149s] INFO:colcon.colcon_core.shell:Creating environment descriptor '/home/gouzi/obstacle_race_src/install/realsense2_camera/share/realsense2_camera/hook/cmake_prefix_path.dsv'
[1.150s] INFO:colcon.colcon_core.shell:Creating environment hook '/home/gouzi/obstacle_race_src/install/realsense2_camera/share/realsense2_camera/hook/cmake_prefix_path.sh'
[1.150s] Level 1:colcon.colcon_core.environment:checking '/home/gouzi/obstacle_race_src/install/realsense2_camera/lib'
[1.150s] Level 1:colcon.colcon_core.shell:create_environment_hook('realsense2_camera', 'ld_library_path_lib')
[1.151s] INFO:colcon.colcon_core.shell:Creating environment hook '/home/gouzi/obstacle_race_src/install/realsense2_camera/share/realsense2_camera/hook/ld_library_path_lib.ps1'
[1.151s] INFO:colcon.colcon_core.shell:Creating environment descriptor '/home/gouzi/obstacle_race_src/install/realsense2_camera/share/realsense2_camera/hook/ld_library_path_lib.dsv'
[1.151s] INFO:colcon.colcon_core.shell:Creating environment hook '/home/gouzi/obstacle_race_src/install/realsense2_camera/share/realsense2_camera/hook/ld_library_path_lib.sh'
[1.152s] Level 1:colcon.colcon_core.environment:checking '/home/gouzi/obstacle_race_src/install/realsense2_camera/bin'
[1.152s] Level 1:colcon.colcon_core.environment:checking '/home/gouzi/obstacle_race_src/install/realsense2_camera/lib/pkgconfig/realsense2_camera.pc'
[1.152s] Level 1:colcon.colcon_core.environment:checking '/home/gouzi/obstacle_race_src/install/realsense2_camera/lib/python3.10/site-packages'
[1.152s] Level 1:colcon.colcon_core.environment:checking '/home/gouzi/obstacle_race_src/install/realsense2_camera/bin'
[1.152s] INFO:colcon.colcon_core.shell:Creating package script '/home/gouzi/obstacle_race_src/install/realsense2_camera/share/realsense2_camera/package.ps1'
[1.153s] INFO:colcon.colcon_core.shell:Creating package descriptor '/home/gouzi/obstacle_race_src/install/realsense2_camera/share/realsense2_camera/package.dsv'
[1.153s] INFO:colcon.colcon_core.shell:Creating package script '/home/gouzi/obstacle_race_src/install/realsense2_camera/share/realsense2_camera/package.sh'
[1.153s] INFO:colcon.colcon_core.shell:Creating package script '/home/gouzi/obstacle_race_src/install/realsense2_camera/share/realsense2_camera/package.bash'
[1.154s] INFO:colcon.colcon_core.shell:Creating package script '/home/gouzi/obstacle_race_src/install/realsense2_camera/share/realsense2_camera/package.zsh'
[1.154s] Level 1:colcon.colcon_core.environment:create_file_with_runtime_dependencies(/home/gouzi/obstacle_race_src/install/realsense2_camera/share/colcon-core/packages/realsense2_camera)
[1.159s] DEBUG:colcon.colcon_core.event_handler.log_command:Invoked command in '/home/gouzi/obstacle_race_src/build/apriltag_ros' returned '0': CMAKE_PREFIX_PATH=/home/gouzi/obstacle_race_src/install/apriltag_msgs:/home/gouzi/obstacle_race_src/install/realsense2_description:/home/gouzi/obstacle_race_src/install/realsense2_camera:/home/gouzi/obstacle_race_src/install/realsense2_camera_msgs:/home/gouzi/obstacle_race_src/install/quadruped_step_mapper:/home/gouzi/obstacle_race_src/install/point_lio:/home/gouzi/obstacle_race_src/install/livox_ros_driver2:/home/gouzi/obstacle_race_src/install/apriltag_ros:/home/gouzi/obstacle_race_src/install/auto_nav_pkg:/opt/ros/humble LD_LIBRARY_PATH=/home/gouzi/obstacle_race_src/install/apriltag_msgs/lib:/home/gouzi/obstacle_race_src/install/realsense2_camera/lib:/home/gouzi/obstacle_race_src/install/realsense2_camera_msgs/lib:/home/gouzi/obstacle_race_src/install/livox_ros_driver2/lib:/home/gouzi/obstacle_race_src/install/apriltag_ros/lib:/opt/ros/humble/opt/rviz_ogre_vendor/lib:/opt/ros/humble/lib/x86_64-linux-gnu:/opt/ros/humble/lib /usr/bin/cmake --build /home/gouzi/obstacle_race_src/build/apriltag_ros -- -j8 -l8
[1.160s] DEBUG:colcon.colcon_core.event_handler.log_command:Invoking command in '/home/gouzi/obstacle_race_src/build/apriltag_ros': CMAKE_PREFIX_PATH=/home/gouzi/obstacle_race_src/install/apriltag_msgs:/home/gouzi/obstacle_race_src/install/realsense2_description:/home/gouzi/obstacle_race_src/install/realsense2_camera:/home/gouzi/obstacle_race_src/install/realsense2_camera_msgs:/home/gouzi/obstacle_race_src/install/quadruped_step_mapper:/home/gouzi/obstacle_race_src/install/point_lio:/home/gouzi/obstacle_race_src/install/livox_ros_driver2:/home/gouzi/obstacle_race_src/install/apriltag_ros:/home/gouzi/obstacle_race_src/install/auto_nav_pkg:/opt/ros/humble LD_LIBRARY_PATH=/home/gouzi/obstacle_race_src/install/apriltag_msgs/lib:/home/gouzi/obstacle_race_src/install/realsense2_camera/lib:/home/gouzi/obstacle_race_src/install/realsense2_camera_msgs/lib:/home/gouzi/obstacle_race_src/install/livox_ros_driver2/lib:/home/gouzi/obstacle_race_src/install/apriltag_ros/lib:/opt/ros/humble/opt/rviz_ogre_vendor/lib:/opt/ros/humble/lib/x86_64-linux-gnu:/opt/ros/humble/lib /usr/bin/cmake --install /home/gouzi/obstacle_race_src/build/apriltag_ros
[1.181s] Level 1:colcon.colcon_core.environment:create_environment_scripts_only(apriltag_ros)
[1.181s] Level 1:colcon.colcon_core.environment:checking '/home/gouzi/obstacle_race_src/install/apriltag_ros' for CMake module files
[1.181s] DEBUG:colcon.colcon_core.event_handler.log_command:Invoked command in '/home/gouzi/obstacle_race_src/build/apriltag_ros' returned '0': CMAKE_PREFIX_PATH=/home/gouzi/obstacle_race_src/install/apriltag_msgs:/home/gouzi/obstacle_race_src/install/realsense2_description:/home/gouzi/obstacle_race_src/install/realsense2_camera:/home/gouzi/obstacle_race_src/install/realsense2_camera_msgs:/home/gouzi/obstacle_race_src/install/quadruped_step_mapper:/home/gouzi/obstacle_race_src/install/point_lio:/home/gouzi/obstacle_race_src/install/livox_ros_driver2:/home/gouzi/obstacle_race_src/install/apriltag_ros:/home/gouzi/obstacle_race_src/install/auto_nav_pkg:/opt/ros/humble LD_LIBRARY_PATH=/home/gouzi/obstacle_race_src/install/apriltag_msgs/lib:/home/gouzi/obstacle_race_src/install/realsense2_camera/lib:/home/gouzi/obstacle_race_src/install/realsense2_camera_msgs/lib:/home/gouzi/obstacle_race_src/install/livox_ros_driver2/lib:/home/gouzi/obstacle_race_src/install/apriltag_ros/lib:/opt/ros/humble/opt/rviz_ogre_vendor/lib:/opt/ros/humble/lib/x86_64-linux-gnu:/opt/ros/humble/lib /usr/bin/cmake --install /home/gouzi/obstacle_race_src/build/apriltag_ros
[1.182s] Level 1:colcon.colcon_core.environment:checking '/home/gouzi/obstacle_race_src/install/apriltag_ros' for CMake config files
[1.182s] Level 1:colcon.colcon_core.shell:create_environment_hook('apriltag_ros', 'cmake_prefix_path')
[1.182s] INFO:colcon.colcon_core.shell:Creating environment hook '/home/gouzi/obstacle_race_src/install/apriltag_ros/share/apriltag_ros/hook/cmake_prefix_path.ps1'
[1.182s] INFO:colcon.colcon_core.shell:Creating environment descriptor '/home/gouzi/obstacle_race_src/install/apriltag_ros/share/apriltag_ros/hook/cmake_prefix_path.dsv'
[1.183s] INFO:colcon.colcon_core.shell:Creating environment hook '/home/gouzi/obstacle_race_src/install/apriltag_ros/share/apriltag_ros/hook/cmake_prefix_path.sh'
[1.183s] Level 1:colcon.colcon_core.environment:checking '/home/gouzi/obstacle_race_src/install/apriltag_ros/lib'
[1.183s] Level 1:colcon.colcon_core.shell:create_environment_hook('apriltag_ros', 'ld_library_path_lib')
[1.183s] INFO:colcon.colcon_core.shell:Creating environment hook '/home/gouzi/obstacle_race_src/install/apriltag_ros/share/apriltag_ros/hook/ld_library_path_lib.ps1'
[1.184s] INFO:colcon.colcon_core.shell:Creating environment descriptor '/home/gouzi/obstacle_race_src/install/apriltag_ros/share/apriltag_ros/hook/ld_library_path_lib.dsv'
[1.184s] INFO:colcon.colcon_core.shell:Creating environment hook '/home/gouzi/obstacle_race_src/install/apriltag_ros/share/apriltag_ros/hook/ld_library_path_lib.sh'
[1.184s] Level 1:colcon.colcon_core.environment:checking '/home/gouzi/obstacle_race_src/install/apriltag_ros/bin'
[1.184s] Level 1:colcon.colcon_core.environment:checking '/home/gouzi/obstacle_race_src/install/apriltag_ros/lib/pkgconfig/apriltag_ros.pc'
[1.184s] Level 1:colcon.colcon_core.environment:checking '/home/gouzi/obstacle_race_src/install/apriltag_ros/lib/python3.10/site-packages'
[1.185s] Level 1:colcon.colcon_core.environment:checking '/home/gouzi/obstacle_race_src/install/apriltag_ros/bin'
[1.185s] INFO:colcon.colcon_core.shell:Creating package script '/home/gouzi/obstacle_race_src/install/apriltag_ros/share/apriltag_ros/package.ps1'
[1.185s] INFO:colcon.colcon_core.shell:Creating package descriptor '/home/gouzi/obstacle_race_src/install/apriltag_ros/share/apriltag_ros/package.dsv'
[1.186s] INFO:colcon.colcon_core.shell:Creating package script '/home/gouzi/obstacle_race_src/install/apriltag_ros/share/apriltag_ros/package.sh'
[1.186s] INFO:colcon.colcon_core.shell:Creating package script '/home/gouzi/obstacle_race_src/install/apriltag_ros/share/apriltag_ros/package.bash'
[1.186s] INFO:colcon.colcon_core.shell:Creating package script '/home/gouzi/obstacle_race_src/install/apriltag_ros/share/apriltag_ros/package.zsh'
[1.186s] Level 1:colcon.colcon_core.environment:create_file_with_runtime_dependencies(/home/gouzi/obstacle_race_src/install/apriltag_ros/share/colcon-core/packages/apriltag_ros)
[1.187s] Level 1:colcon.colcon_core.environment:create_environment_scripts_only(apriltag_ros)
[1.187s] Level 1:colcon.colcon_core.environment:checking '/home/gouzi/obstacle_race_src/install/apriltag_ros' for CMake module files
[1.187s] Level 1:colcon.colcon_core.environment:checking '/home/gouzi/obstacle_race_src/install/apriltag_ros' for CMake config files
[1.187s] Level 1:colcon.colcon_core.shell:create_environment_hook('apriltag_ros', 'cmake_prefix_path')
[1.188s] INFO:colcon.colcon_core.shell:Creating environment hook '/home/gouzi/obstacle_race_src/install/apriltag_ros/share/apriltag_ros/hook/cmake_prefix_path.ps1'
[1.188s] INFO:colcon.colcon_core.shell:Creating environment descriptor '/home/gouzi/obstacle_race_src/install/apriltag_ros/share/apriltag_ros/hook/cmake_prefix_path.dsv'
[1.188s] INFO:colcon.colcon_core.shell:Creating environment hook '/home/gouzi/obstacle_race_src/install/apriltag_ros/share/apriltag_ros/hook/cmake_prefix_path.sh'
[1.189s] Level 1:colcon.colcon_core.environment:checking '/home/gouzi/obstacle_race_src/install/apriltag_ros/lib'
[1.189s] Level 1:colcon.colcon_core.shell:create_environment_hook('apriltag_ros', 'ld_library_path_lib')
[1.189s] INFO:colcon.colcon_core.shell:Creating environment hook '/home/gouzi/obstacle_race_src/install/apriltag_ros/share/apriltag_ros/hook/ld_library_path_lib.ps1'
[1.189s] INFO:colcon.colcon_core.shell:Creating environment descriptor '/home/gouzi/obstacle_race_src/install/apriltag_ros/share/apriltag_ros/hook/ld_library_path_lib.dsv'
[1.189s] INFO:colcon.colcon_core.shell:Creating environment hook '/home/gouzi/obstacle_race_src/install/apriltag_ros/share/apriltag_ros/hook/ld_library_path_lib.sh'
[1.190s] Level 1:colcon.colcon_core.environment:checking '/home/gouzi/obstacle_race_src/install/apriltag_ros/bin'
[1.190s] Level 1:colcon.colcon_core.environment:checking '/home/gouzi/obstacle_race_src/install/apriltag_ros/lib/pkgconfig/apriltag_ros.pc'
[1.190s] Level 1:colcon.colcon_core.environment:checking '/home/gouzi/obstacle_race_src/install/apriltag_ros/lib/python3.10/site-packages'
[1.190s] Level 1:colcon.colcon_core.environment:checking '/home/gouzi/obstacle_race_src/install/apriltag_ros/bin'
[1.190s] INFO:colcon.colcon_core.shell:Creating package script '/home/gouzi/obstacle_race_src/install/apriltag_ros/share/apriltag_ros/package.ps1'
[1.191s] INFO:colcon.colcon_core.shell:Creating package descriptor '/home/gouzi/obstacle_race_src/install/apriltag_ros/share/apriltag_ros/package.dsv'
[1.191s] INFO:colcon.colcon_core.shell:Creating package script '/home/gouzi/obstacle_race_src/install/apriltag_ros/share/apriltag_ros/package.sh'
[1.191s] INFO:colcon.colcon_core.shell:Creating package script '/home/gouzi/obstacle_race_src/install/apriltag_ros/share/apriltag_ros/package.bash'
[1.192s] INFO:colcon.colcon_core.shell:Creating package script '/home/gouzi/obstacle_race_src/install/apriltag_ros/share/apriltag_ros/package.zsh'
[1.192s] Level 1:colcon.colcon_core.environment:create_file_with_runtime_dependencies(/home/gouzi/obstacle_race_src/install/apriltag_ros/share/colcon-core/packages/apriltag_ros)
[1.192s] INFO:colcon.colcon_ros.task.ament_python.build:Building ROS package in '/home/gouzi/obstacle_race_src/src/auto_nav_pkg' with build type 'ament_python'
[1.192s] Level 1:colcon.colcon_core.shell:create_environment_hook('auto_nav_pkg', 'ament_prefix_path')
[1.193s] INFO:colcon.colcon_core.shell:Creating environment hook '/home/gouzi/obstacle_race_src/install/auto_nav_pkg/share/auto_nav_pkg/hook/ament_prefix_path.ps1'
[1.193s] INFO:colcon.colcon_core.shell:Creating environment descriptor '/home/gouzi/obstacle_race_src/install/auto_nav_pkg/share/auto_nav_pkg/hook/ament_prefix_path.dsv'
[1.194s] INFO:colcon.colcon_core.shell:Creating environment hook '/home/gouzi/obstacle_race_src/install/auto_nav_pkg/share/auto_nav_pkg/hook/ament_prefix_path.sh'
[1.194s] INFO:colcon.colcon_core.shell:Skip shell extension 'powershell' for command environment: Not usable outside of PowerShell
[1.194s] DEBUG:colcon.colcon_core.shell:Skip shell extension 'dsv' for command environment
[1.408s] INFO:colcon.colcon_core.task.python.build:Building Python package in '/home/gouzi/obstacle_race_src/src/auto_nav_pkg'
[1.408s] INFO:colcon.colcon_core.shell:Skip shell extension 'powershell' for command environment: Not usable outside of PowerShell
[1.409s] DEBUG:colcon.colcon_core.shell:Skip shell extension 'dsv' for command environment
[1.708s] DEBUG:colcon.colcon_core.event_handler.log_command:Invoking command in '/home/gouzi/obstacle_race_src/src/auto_nav_pkg': CMAKE_PREFIX_PATH=/home/gouzi/obstacle_race_src/install/realsense2_camera:/home/gouzi/obstacle_race_src/install/apriltag_ros:/home/gouzi/obstacle_race_src/install/realsense2_camera_msgs:/home/gouzi/obstacle_race_src/install/apriltag_msgs:/home/gouzi/obstacle_race_src/install/realsense2_description:/home/gouzi/obstacle_race_src/install/quadruped_step_mapper:/home/gouzi/obstacle_race_src/install/point_lio:/home/gouzi/obstacle_race_src/install/livox_ros_driver2 LD_LIBRARY_PATH=/home/gouzi/obstacle_race_src/install/realsense2_camera/lib:/home/gouzi/obstacle_race_src/install/apriltag_ros/lib:/home/gouzi/obstacle_race_src/install/realsense2_camera_msgs/lib:/home/gouzi/obstacle_race_src/install/apriltag_msgs/lib:/home/gouzi/obstacle_race_src/install/livox_ros_driver2/lib:/opt/ros/humble/opt/rviz_ogre_vendor/lib:/opt/ros/humble/lib/x86_64-linux-gnu:/opt/ros/humble/lib PYTHONPATH=/home/gouzi/obstacle_race_src/build/auto_nav_pkg/prefix_override:/usr/lib/python3/dist-packages/colcon_core/task/python/colcon_distutils_commands:/home/gouzi/obstacle_race_src/install/auto_nav_pkg/lib/python3.10/site-packages:${PYTHONPATH} /usr/bin/python3 -W ignore:setup.py install is deprecated -W ignore:easy_install command is deprecated setup.py egg_info --egg-base ../../build/auto_nav_pkg build --build-base /home/gouzi/obstacle_race_src/build/auto_nav_pkg/build install --record /home/gouzi/obstacle_race_src/build/auto_nav_pkg/install.log --single-version-externally-managed install_data
[1.948s] Level 1:colcon.colcon_core.environment:checking '/home/gouzi/obstacle_race_src/install/auto_nav_pkg' for CMake module files
[1.948s] DEBUG:colcon.colcon_core.event_handler.log_command:Invoked command in '/home/gouzi/obstacle_race_src/src/auto_nav_pkg' returned '0': CMAKE_PREFIX_PATH=/home/gouzi/obstacle_race_src/install/realsense2_camera:/home/gouzi/obstacle_race_src/install/apriltag_ros:/home/gouzi/obstacle_race_src/install/realsense2_camera_msgs:/home/gouzi/obstacle_race_src/install/apriltag_msgs:/home/gouzi/obstacle_race_src/install/realsense2_description:/home/gouzi/obstacle_race_src/install/quadruped_step_mapper:/home/gouzi/obstacle_race_src/install/point_lio:/home/gouzi/obstacle_race_src/install/livox_ros_driver2 LD_LIBRARY_PATH=/home/gouzi/obstacle_race_src/install/realsense2_camera/lib:/home/gouzi/obstacle_race_src/install/apriltag_ros/lib:/home/gouzi/obstacle_race_src/install/realsense2_camera_msgs/lib:/home/gouzi/obstacle_race_src/install/apriltag_msgs/lib:/home/gouzi/obstacle_race_src/install/livox_ros_driver2/lib:/opt/ros/humble/opt/rviz_ogre_vendor/lib:/opt/ros/humble/lib/x86_64-linux-gnu:/opt/ros/humble/lib PYTHONPATH=/home/gouzi/obstacle_race_src/build/auto_nav_pkg/prefix_override:/usr/lib/python3/dist-packages/colcon_core/task/python/colcon_distutils_commands:/home/gouzi/obstacle_race_src/install/auto_nav_pkg/lib/python3.10/site-packages:${PYTHONPATH} /usr/bin/python3 -W ignore:setup.py install is deprecated -W ignore:easy_install command is deprecated setup.py egg_info --egg-base ../../build/auto_nav_pkg build --build-base /home/gouzi/obstacle_race_src/build/auto_nav_pkg/build install --record /home/gouzi/obstacle_race_src/build/auto_nav_pkg/install.log --single-version-externally-managed install_data
[1.949s] Level 1:colcon.colcon_core.environment:checking '/home/gouzi/obstacle_race_src/install/auto_nav_pkg' for CMake config files
[1.949s] Level 1:colcon.colcon_core.environment:checking '/home/gouzi/obstacle_race_src/install/auto_nav_pkg/lib'
[1.949s] Level 1:colcon.colcon_core.environment:checking '/home/gouzi/obstacle_race_src/install/auto_nav_pkg/bin'
[1.949s] Level 1:colcon.colcon_core.environment:checking '/home/gouzi/obstacle_race_src/install/auto_nav_pkg/lib/pkgconfig/auto_nav_pkg.pc'
[1.950s] Level 1:colcon.colcon_core.environment:checking '/home/gouzi/obstacle_race_src/install/auto_nav_pkg/lib/python3.10/site-packages'
[1.950s] Level 1:colcon.colcon_core.shell:create_environment_hook('auto_nav_pkg', 'pythonpath')
[1.950s] INFO:colcon.colcon_core.shell:Creating environment hook '/home/gouzi/obstacle_race_src/install/auto_nav_pkg/share/auto_nav_pkg/hook/pythonpath.ps1'
[1.950s] INFO:colcon.colcon_core.shell:Creating environment descriptor '/home/gouzi/obstacle_race_src/install/auto_nav_pkg/share/auto_nav_pkg/hook/pythonpath.dsv'
[1.951s] INFO:colcon.colcon_core.shell:Creating environment hook '/home/gouzi/obstacle_race_src/install/auto_nav_pkg/share/auto_nav_pkg/hook/pythonpath.sh'
[1.951s] Level 1:colcon.colcon_core.environment:checking '/home/gouzi/obstacle_race_src/install/auto_nav_pkg/bin'
[1.951s] Level 1:colcon.colcon_core.environment:create_environment_scripts_only(auto_nav_pkg)
[1.951s] INFO:colcon.colcon_core.shell:Creating package script '/home/gouzi/obstacle_race_src/install/auto_nav_pkg/share/auto_nav_pkg/package.ps1'
[1.952s] INFO:colcon.colcon_core.shell:Creating package descriptor '/home/gouzi/obstacle_race_src/install/auto_nav_pkg/share/auto_nav_pkg/package.dsv'
[1.952s] INFO:colcon.colcon_core.shell:Creating package script '/home/gouzi/obstacle_race_src/install/auto_nav_pkg/share/auto_nav_pkg/package.sh'
[1.952s] INFO:colcon.colcon_core.shell:Creating package script '/home/gouzi/obstacle_race_src/install/auto_nav_pkg/share/auto_nav_pkg/package.bash'
[1.953s] INFO:colcon.colcon_core.shell:Creating package script '/home/gouzi/obstacle_race_src/install/auto_nav_pkg/share/auto_nav_pkg/package.zsh'
[1.953s] Level 1:colcon.colcon_core.environment:create_file_with_runtime_dependencies(/home/gouzi/obstacle_race_src/install/auto_nav_pkg/share/colcon-core/packages/auto_nav_pkg)
[1.953s] DEBUG:colcon.colcon_parallel_executor.executor.parallel:closing loop
[1.953s] DEBUG:colcon.colcon_parallel_executor.executor.parallel:loop closed
[1.953s] DEBUG:colcon.colcon_parallel_executor.executor.parallel:run_until_complete finished with '0'
[1.953s] DEBUG:colcon.colcon_core.event_reactor:joining thread
[1.958s] INFO:colcon.colcon_core.plugin_system:Skipping extension 'colcon_notification.desktop_notification.terminal_notifier': Not used on non-Darwin systems
[1.958s] INFO:colcon.colcon_core.plugin_system:Skipping extension 'colcon_notification.desktop_notification.win32': Not used on non-Windows systems
[1.959s] INFO:colcon.colcon_notification.desktop_notification:Sending desktop notification using 'notify2'
[1.967s] DEBUG:colcon.colcon_core.event_reactor:joined thread
[1.968s] INFO:colcon.colcon_core.shell:Creating prefix script '/home/gouzi/obstacle_race_src/install/local_setup.ps1'
[1.968s] INFO:colcon.colcon_core.shell:Creating prefix util module '/home/gouzi/obstacle_race_src/install/_local_setup_util_ps1.py'
[1.970s] INFO:colcon.colcon_core.shell:Creating prefix chain script '/home/gouzi/obstacle_race_src/install/setup.ps1'
[1.971s] INFO:colcon.colcon_core.shell:Creating prefix script '/home/gouzi/obstacle_race_src/install/local_setup.sh'
[1.971s] INFO:colcon.colcon_core.shell:Creating prefix util module '/home/gouzi/obstacle_race_src/install/_local_setup_util_sh.py'
[1.971s] INFO:colcon.colcon_core.shell:Creating prefix chain script '/home/gouzi/obstacle_race_src/install/setup.sh'
[1.972s] INFO:colcon.colcon_core.shell:Creating prefix script '/home/gouzi/obstacle_race_src/install/local_setup.bash'
[1.973s] INFO:colcon.colcon_core.shell:Creating prefix chain script '/home/gouzi/obstacle_race_src/install/setup.bash'
[1.975s] INFO:colcon.colcon_core.shell:Creating prefix script '/home/gouzi/obstacle_race_src/install/local_setup.zsh'
[1.975s] INFO:colcon.colcon_core.shell:Creating prefix chain script '/home/gouzi/obstacle_race_src/install/setup.zsh'
