[0.087s] DEBUG:colcon:Command line arguments: ['/usr/bin/colcon', 'build']
[0.087s] DEBUG:colcon:Parsed command line arguments: Namespace(log_base=None, log_level=None, verb_name='build', build_base='build', install_base='install', merge_install=False, symlink_install=False, test_result_base=None, continue_on_error=False, executor='parallel', parallel_workers=8, event_handlers=None, ignore_user_meta=False, metas=['./colcon.meta'], base_paths=['.'], packages_ignore=None, packages_ignore_regex=None, paths=None, packages_up_to=None, packages_up_to_regex=None, packages_above=None, packages_above_and_dependencies=None, packages_above_depth=None, packages_select_by_dep=None, packages_skip_by_dep=None, packages_skip_up_to=None, packages_select_build_failed=False, packages_skip_build_finished=False, packages_select_test_failures=False, packages_skip_test_passed=False, packages_select=None, packages_skip=None, packages_select_regex=None, packages_skip_regex=None, packages_start=None, packages_end=None, allow_overriding=[], cmake_args=None, cmake_target=None, cmake_target_skip_unavailable=False, cmake_clean_cache=False, cmake_clean_first=False, cmake_force_configure=False, ament_cmake_args=None, catkin_cmake_args=None, catkin_skip_building_tests=False, verb_parser=<colcon_defaults.argument_parser.defaults.DefaultArgumentsDecorator object at 0x7b66bc96cb80>, verb_extension=<colcon_core.verb.build.BuildVerb object at 0x7b66bc96c5e0>, main=<bound method BuildVerb.main of <colcon_core.verb.build.BuildVerb object at 0x7b66bc96c5e0>>)
[0.236s] Level 1:colcon.colcon_core.package_discovery:discover_packages(colcon_meta) check parameters
[0.237s] Level 1:colcon.colcon_core.package_discovery:discover_packages(recursive) check parameters
[0.237s] Level 1:colcon.colcon_core.package_discovery:discover_packages(ignore) check parameters
[0.237s] Level 1:colcon.colcon_core.package_discovery:discover_packages(path) check parameters
[0.237s] Level 1:colcon.colcon_core.package_discovery:discover_packages(colcon_meta) discover
[0.237s] Level 1:colcon.colcon_core.package_discovery:discover_packages(recursive) discover
[0.237s] INFO:colcon.colcon_core.package_discovery:Crawling recursively for packages in '/home/gouzi/obstacle_race_src'
[0.237s] Level 1:colcon.colcon_core.package_identification:_identify(.) by extensions ['ignore', 'ignore_ament_install']
[0.237s] Level 1:colcon.colcon_core.package_identification:_identify(.) by extension 'ignore'
[0.237s] Level 1:colcon.colcon_core.package_identification:_identify(.) by extension 'ignore_ament_install'
[0.237s] Level 1:colcon.colcon_core.package_identification:_identify(.) by extensions ['colcon_pkg']
[0.237s] Level 1:colcon.colcon_core.package_identification:_identify(.) by extension 'colcon_pkg'
[0.237s] Level 1:colcon.colcon_core.package_identification:_identify(.) by extensions ['colcon_meta']
[0.237s] Level 1:colcon.colcon_core.package_identification:_identify(.) by extension 'colcon_meta'
[0.237s] Level 1:colcon.colcon_core.package_identification:_identify(.) by extensions ['ros']
[0.237s] Level 1:colcon.colcon_core.package_identification:_identify(.) by extension 'ros'
[0.249s] Level 1:colcon.colcon_core.package_identification:_identify(.) by extensions ['cmake', 'python']
[0.249s] Level 1:colcon.colcon_core.package_identification:_identify(.) by extension 'cmake'
[0.249s] Level 1:colcon.colcon_core.package_identification:_identify(.) by extension 'python'
[0.249s] Level 1:colcon.colcon_core.package_identification:_identify(.) by extensions ['python_setup_py']
[0.249s] Level 1:colcon.colcon_core.package_identification:_identify(.) by extension 'python_setup_py'
[0.249s] Level 1:colcon.colcon_core.package_identification:_identify(bags) by extensions ['ignore', 'ignore_ament_install']
[0.249s] Level 1:colcon.colcon_core.package_identification:_identify(bags) by extension 'ignore'
[0.249s] Level 1:colcon.colcon_core.package_identification:_identify(bags) by extension 'ignore_ament_install'
[0.249s] Level 1:colcon.colcon_core.package_identification:_identify(bags) by extensions ['colcon_pkg']
[0.249s] Level 1:colcon.colcon_core.package_identification:_identify(bags) by extension 'colcon_pkg'
[0.249s] Level 1:colcon.colcon_core.package_identification:_identify(bags) by extensions ['colcon_meta']
[0.249s] Level 1:colcon.colcon_core.package_identification:_identify(bags) by extension 'colcon_meta'
[0.249s] Level 1:colcon.colcon_core.package_identification:_identify(bags) by extensions ['ros']
[0.249s] Level 1:colcon.colcon_core.package_identification:_identify(bags) by extension 'ros'
[0.249s] Level 1:colcon.colcon_core.package_identification:_identify(bags) by extensions ['cmake', 'python']
[0.250s] Level 1:colcon.colcon_core.package_identification:_identify(bags) by extension 'cmake'
[0.250s] Level 1:colcon.colcon_core.package_identification:_identify(bags) by extension 'python'
[0.250s] Level 1:colcon.colcon_core.package_identification:_identify(bags) by extensions ['python_setup_py']
[0.250s] Level 1:colcon.colcon_core.package_identification:_identify(bags) by extension 'python_setup_py'
[0.250s] Level 1:colcon.colcon_core.package_identification:_identify(bags/rosbag2_2026_06_30-14_10_16) by extensions ['ignore', 'ignore_ament_install']
[0.250s] Level 1:colcon.colcon_core.package_identification:_identify(bags/rosbag2_2026_06_30-14_10_16) by extension 'ignore'
[0.250s] Level 1:colcon.colcon_core.package_identification:_identify(bags/rosbag2_2026_06_30-14_10_16) by extension 'ignore_ament_install'
[0.250s] Level 1:colcon.colcon_core.package_identification:_identify(bags/rosbag2_2026_06_30-14_10_16) by extensions ['colcon_pkg']
[0.250s] Level 1:colcon.colcon_core.package_identification:_identify(bags/rosbag2_2026_06_30-14_10_16) by extension 'colcon_pkg'
[0.250s] Level 1:colcon.colcon_core.package_identification:_identify(bags/rosbag2_2026_06_30-14_10_16) by extensions ['colcon_meta']
[0.250s] Level 1:colcon.colcon_core.package_identification:_identify(bags/rosbag2_2026_06_30-14_10_16) by extension 'colcon_meta'
[0.250s] Level 1:colcon.colcon_core.package_identification:_identify(bags/rosbag2_2026_06_30-14_10_16) by extensions ['ros']
[0.250s] Level 1:colcon.colcon_core.package_identification:_identify(bags/rosbag2_2026_06_30-14_10_16) by extension 'ros'
[0.250s] Level 1:colcon.colcon_core.package_identification:_identify(bags/rosbag2_2026_06_30-14_10_16) by extensions ['cmake', 'python']
[0.250s] Level 1:colcon.colcon_core.package_identification:_identify(bags/rosbag2_2026_06_30-14_10_16) by extension 'cmake'
[0.250s] Level 1:colcon.colcon_core.package_identification:_identify(bags/rosbag2_2026_06_30-14_10_16) by extension 'python'
[0.250s] Level 1:colcon.colcon_core.package_identification:_identify(bags/rosbag2_2026_06_30-14_10_16) by extensions ['python_setup_py']
[0.250s] Level 1:colcon.colcon_core.package_identification:_identify(bags/rosbag2_2026_06_30-14_10_16) by extension 'python_setup_py'
[0.250s] Level 1:colcon.colcon_core.package_identification:_identify(bags/upstairs_threshold_debug) by extensions ['ignore', 'ignore_ament_install']
[0.250s] Level 1:colcon.colcon_core.package_identification:_identify(bags/upstairs_threshold_debug) by extension 'ignore'
[0.250s] Level 1:colcon.colcon_core.package_identification:_identify(bags/upstairs_threshold_debug) by extension 'ignore_ament_install'
[0.250s] Level 1:colcon.colcon_core.package_identification:_identify(bags/upstairs_threshold_debug) by extensions ['colcon_pkg']
[0.250s] Level 1:colcon.colcon_core.package_identification:_identify(bags/upstairs_threshold_debug) by extension 'colcon_pkg'
[0.250s] Level 1:colcon.colcon_core.package_identification:_identify(bags/upstairs_threshold_debug) by extensions ['colcon_meta']
[0.250s] Level 1:colcon.colcon_core.package_identification:_identify(bags/upstairs_threshold_debug) by extension 'colcon_meta'
[0.250s] Level 1:colcon.colcon_core.package_identification:_identify(bags/upstairs_threshold_debug) by extensions ['ros']
[0.250s] Level 1:colcon.colcon_core.package_identification:_identify(bags/upstairs_threshold_debug) by extension 'ros'
[0.250s] Level 1:colcon.colcon_core.package_identification:_identify(bags/upstairs_threshold_debug) by extensions ['cmake', 'python']
[0.250s] Level 1:colcon.colcon_core.package_identification:_identify(bags/upstairs_threshold_debug) by extension 'cmake'
[0.251s] Level 1:colcon.colcon_core.package_identification:_identify(bags/upstairs_threshold_debug) by extension 'python'
[0.251s] Level 1:colcon.colcon_core.package_identification:_identify(bags/upstairs_threshold_debug) by extensions ['python_setup_py']
[0.251s] Level 1:colcon.colcon_core.package_identification:_identify(bags/upstairs_threshold_debug) by extension 'python_setup_py'
[0.251s] Level 1:colcon.colcon_core.package_identification:_identify(build) by extensions ['ignore', 'ignore_ament_install']
[0.251s] Level 1:colcon.colcon_core.package_identification:_identify(build) by extension 'ignore'
[0.251s] Level 1:colcon.colcon_core.package_identification:_identify(build) ignored
[0.251s] Level 1:colcon.colcon_core.package_identification:_identify(install) by extensions ['ignore', 'ignore_ament_install']
[0.251s] Level 1:colcon.colcon_core.package_identification:_identify(install) by extension 'ignore'
[0.251s] Level 1:colcon.colcon_core.package_identification:_identify(install) ignored
[0.251s] Level 1:colcon.colcon_core.package_identification:_identify(log) by extensions ['ignore', 'ignore_ament_install']
[0.251s] Level 1:colcon.colcon_core.package_identification:_identify(log) by extension 'ignore'
[0.251s] Level 1:colcon.colcon_core.package_identification:_identify(log) ignored
[0.251s] Level 1:colcon.colcon_core.package_identification:_identify(scripts) by extensions ['ignore', 'ignore_ament_install']
[0.251s] Level 1:colcon.colcon_core.package_identification:_identify(scripts) by extension 'ignore'
[0.251s] Level 1:colcon.colcon_core.package_identification:_identify(scripts) by extension 'ignore_ament_install'
[0.251s] Level 1:colcon.colcon_core.package_identification:_identify(scripts) by extensions ['colcon_pkg']
[0.251s] Level 1:colcon.colcon_core.package_identification:_identify(scripts) by extension 'colcon_pkg'
[0.251s] Level 1:colcon.colcon_core.package_identification:_identify(scripts) by extensions ['colcon_meta']
[0.251s] Level 1:colcon.colcon_core.package_identification:_identify(scripts) by extension 'colcon_meta'
[0.251s] Level 1:colcon.colcon_core.package_identification:_identify(scripts) by extensions ['ros']
[0.252s] Level 1:colcon.colcon_core.package_identification:_identify(scripts) by extension 'ros'
[0.252s] Level 1:colcon.colcon_core.package_identification:_identify(scripts) by extensions ['cmake', 'python']
[0.252s] Level 1:colcon.colcon_core.package_identification:_identify(scripts) by extension 'cmake'
[0.252s] Level 1:colcon.colcon_core.package_identification:_identify(scripts) by extension 'python'
[0.252s] Level 1:colcon.colcon_core.package_identification:_identify(scripts) by extensions ['python_setup_py']
[0.252s] Level 1:colcon.colcon_core.package_identification:_identify(scripts) by extension 'python_setup_py'
[0.252s] Level 1:colcon.colcon_core.package_identification:_identify(src) by extensions ['ignore', 'ignore_ament_install']
[0.252s] Level 1:colcon.colcon_core.package_identification:_identify(src) by extension 'ignore'
[0.252s] Level 1:colcon.colcon_core.package_identification:_identify(src) by extension 'ignore_ament_install'
[0.252s] Level 1:colcon.colcon_core.package_identification:_identify(src) by extensions ['colcon_pkg']
[0.252s] Level 1:colcon.colcon_core.package_identification:_identify(src) by extension 'colcon_pkg'
[0.252s] Level 1:colcon.colcon_core.package_identification:_identify(src) by extensions ['colcon_meta']
[0.252s] Level 1:colcon.colcon_core.package_identification:_identify(src) by extension 'colcon_meta'
[0.252s] Level 1:colcon.colcon_core.package_identification:_identify(src) by extensions ['ros']
[0.252s] Level 1:colcon.colcon_core.package_identification:_identify(src) by extension 'ros'
[0.252s] Level 1:colcon.colcon_core.package_identification:_identify(src) by extensions ['cmake', 'python']
[0.252s] Level 1:colcon.colcon_core.package_identification:_identify(src) by extension 'cmake'
[0.252s] Level 1:colcon.colcon_core.package_identification:_identify(src) by extension 'python'
[0.252s] Level 1:colcon.colcon_core.package_identification:_identify(src) by extensions ['python_setup_py']
[0.252s] Level 1:colcon.colcon_core.package_identification:_identify(src) by extension 'python_setup_py'
[0.252s] Level 1:colcon.colcon_core.package_identification:_identify(src/apriltag_msgs) by extensions ['ignore', 'ignore_ament_install']
[0.252s] Level 1:colcon.colcon_core.package_identification:_identify(src/apriltag_msgs) by extension 'ignore'
[0.252s] Level 1:colcon.colcon_core.package_identification:_identify(src/apriltag_msgs) by extension 'ignore_ament_install'
[0.252s] Level 1:colcon.colcon_core.package_identification:_identify(src/apriltag_msgs) by extensions ['colcon_pkg']
[0.252s] Level 1:colcon.colcon_core.package_identification:_identify(src/apriltag_msgs) by extension 'colcon_pkg'
[0.252s] Level 1:colcon.colcon_core.package_identification:_identify(src/apriltag_msgs) by extensions ['colcon_meta']
[0.252s] Level 1:colcon.colcon_core.package_identification:_identify(src/apriltag_msgs) by extension 'colcon_meta'
[0.252s] Level 1:colcon.colcon_core.package_identification:_identify(src/apriltag_msgs) by extensions ['ros']
[0.252s] Level 1:colcon.colcon_core.package_identification:_identify(src/apriltag_msgs) by extension 'ros'
[0.254s] DEBUG:colcon.colcon_core.package_identification:Package 'src/apriltag_msgs' with type 'ros.ament_cmake' and name 'apriltag_msgs'
[0.255s] Level 1:colcon.colcon_core.package_identification:_identify(src/apriltag_ros) by extensions ['ignore', 'ignore_ament_install']
[0.255s] Level 1:colcon.colcon_core.package_identification:_identify(src/apriltag_ros) by extension 'ignore'
[0.255s] Level 1:colcon.colcon_core.package_identification:_identify(src/apriltag_ros) by extension 'ignore_ament_install'
[0.255s] Level 1:colcon.colcon_core.package_identification:_identify(src/apriltag_ros) by extensions ['colcon_pkg']
[0.255s] Level 1:colcon.colcon_core.package_identification:_identify(src/apriltag_ros) by extension 'colcon_pkg'
[0.255s] Level 1:colcon.colcon_core.package_identification:_identify(src/apriltag_ros) by extensions ['colcon_meta']
[0.255s] Level 1:colcon.colcon_core.package_identification:_identify(src/apriltag_ros) by extension 'colcon_meta'
[0.255s] Level 1:colcon.colcon_core.package_identification:_identify(src/apriltag_ros) by extensions ['ros']
[0.255s] Level 1:colcon.colcon_core.package_identification:_identify(src/apriltag_ros) by extension 'ros'
[0.257s] DEBUG:colcon.colcon_core.package_identification:Package 'src/apriltag_ros' with type 'ros.ament_cmake' and name 'apriltag_ros'
[0.257s] Level 1:colcon.colcon_core.package_identification:_identify(src/auto_nav_pkg) by extensions ['ignore', 'ignore_ament_install']
[0.257s] Level 1:colcon.colcon_core.package_identification:_identify(src/auto_nav_pkg) by extension 'ignore'
[0.257s] Level 1:colcon.colcon_core.package_identification:_identify(src/auto_nav_pkg) by extension 'ignore_ament_install'
[0.257s] Level 1:colcon.colcon_core.package_identification:_identify(src/auto_nav_pkg) by extensions ['colcon_pkg']
[0.257s] Level 1:colcon.colcon_core.package_identification:_identify(src/auto_nav_pkg) by extension 'colcon_pkg'
[0.257s] Level 1:colcon.colcon_core.package_identification:_identify(src/auto_nav_pkg) by extensions ['colcon_meta']
[0.257s] Level 1:colcon.colcon_core.package_identification:_identify(src/auto_nav_pkg) by extension 'colcon_meta'
[0.257s] Level 1:colcon.colcon_core.package_identification:_identify(src/auto_nav_pkg) by extensions ['ros']
[0.257s] Level 1:colcon.colcon_core.package_identification:_identify(src/auto_nav_pkg) by extension 'ros'
[0.259s] DEBUG:colcon.colcon_core.package_identification:Package 'src/auto_nav_pkg' with type 'ros.ament_python' and name 'auto_nav_pkg'
[0.259s] Level 1:colcon.colcon_core.package_identification:_identify(src/livox_ros_driver2) by extensions ['ignore', 'ignore_ament_install']
[0.259s] Level 1:colcon.colcon_core.package_identification:_identify(src/livox_ros_driver2) by extension 'ignore'
[0.259s] Level 1:colcon.colcon_core.package_identification:_identify(src/livox_ros_driver2) by extension 'ignore_ament_install'
[0.259s] Level 1:colcon.colcon_core.package_identification:_identify(src/livox_ros_driver2) by extensions ['colcon_pkg']
[0.259s] Level 1:colcon.colcon_core.package_identification:_identify(src/livox_ros_driver2) by extension 'colcon_pkg'
[0.259s] Level 1:colcon.colcon_core.package_identification:_identify(src/livox_ros_driver2) by extensions ['colcon_meta']
[0.259s] Level 1:colcon.colcon_core.package_identification:_identify(src/livox_ros_driver2) by extension 'colcon_meta'
[0.259s] Level 1:colcon.colcon_core.package_identification:_identify(src/livox_ros_driver2) by extensions ['ros']
[0.259s] Level 1:colcon.colcon_core.package_identification:_identify(src/livox_ros_driver2) by extension 'ros'
[0.277s] DEBUG:colcon.colcon_core.package_identification:Package 'src/livox_ros_driver2' with type 'ros.ament_cmake' and name 'livox_ros_driver2'
[0.278s] Level 1:colcon.colcon_core.package_identification:_identify(src/point_lio_ros2) by extensions ['ignore', 'ignore_ament_install']
[0.278s] Level 1:colcon.colcon_core.package_identification:_identify(src/point_lio_ros2) by extension 'ignore'
[0.278s] Level 1:colcon.colcon_core.package_identification:_identify(src/point_lio_ros2) by extension 'ignore_ament_install'
[0.278s] Level 1:colcon.colcon_core.package_identification:_identify(src/point_lio_ros2) by extensions ['colcon_pkg']
[0.278s] Level 1:colcon.colcon_core.package_identification:_identify(src/point_lio_ros2) by extension 'colcon_pkg'
[0.278s] Level 1:colcon.colcon_core.package_identification:_identify(src/point_lio_ros2) by extensions ['colcon_meta']
[0.278s] Level 1:colcon.colcon_core.package_identification:_identify(src/point_lio_ros2) by extension 'colcon_meta'
[0.278s] Level 1:colcon.colcon_core.package_identification:_identify(src/point_lio_ros2) by extensions ['ros']
[0.278s] Level 1:colcon.colcon_core.package_identification:_identify(src/point_lio_ros2) by extension 'ros'
[0.279s] DEBUG:colcon.colcon_core.package_identification:Package 'src/point_lio_ros2' with type 'ros.ament_cmake' and name 'point_lio'
[0.279s] Level 1:colcon.colcon_core.package_identification:_identify(src/quadruped_step_mapper) by extensions ['ignore', 'ignore_ament_install']
[0.279s] Level 1:colcon.colcon_core.package_identification:_identify(src/quadruped_step_mapper) by extension 'ignore'
[0.279s] Level 1:colcon.colcon_core.package_identification:_identify(src/quadruped_step_mapper) by extension 'ignore_ament_install'
[0.279s] Level 1:colcon.colcon_core.package_identification:_identify(src/quadruped_step_mapper) by extensions ['colcon_pkg']
[0.279s] Level 1:colcon.colcon_core.package_identification:_identify(src/quadruped_step_mapper) by extension 'colcon_pkg'
[0.279s] Level 1:colcon.colcon_core.package_identification:_identify(src/quadruped_step_mapper) by extensions ['colcon_meta']
[0.279s] Level 1:colcon.colcon_core.package_identification:_identify(src/quadruped_step_mapper) by extension 'colcon_meta'
[0.279s] Level 1:colcon.colcon_core.package_identification:_identify(src/quadruped_step_mapper) by extensions ['ros']
[0.279s] Level 1:colcon.colcon_core.package_identification:_identify(src/quadruped_step_mapper) by extension 'ros'
[0.280s] DEBUG:colcon.colcon_core.package_identification:Package 'src/quadruped_step_mapper' with type 'ros.ament_cmake' and name 'quadruped_step_mapper'
[0.280s] Level 1:colcon.colcon_core.package_identification:_identify(src/realsense-ros) by extensions ['ignore', 'ignore_ament_install']
[0.280s] Level 1:colcon.colcon_core.package_identification:_identify(src/realsense-ros) by extension 'ignore'
[0.280s] Level 1:colcon.colcon_core.package_identification:_identify(src/realsense-ros) by extension 'ignore_ament_install'
[0.280s] Level 1:colcon.colcon_core.package_identification:_identify(src/realsense-ros) by extensions ['colcon_pkg']
[0.280s] Level 1:colcon.colcon_core.package_identification:_identify(src/realsense-ros) by extension 'colcon_pkg'
[0.280s] Level 1:colcon.colcon_core.package_identification:_identify(src/realsense-ros) by extensions ['colcon_meta']
[0.280s] Level 1:colcon.colcon_core.package_identification:_identify(src/realsense-ros) by extension 'colcon_meta'
[0.280s] Level 1:colcon.colcon_core.package_identification:_identify(src/realsense-ros) by extensions ['ros']
[0.280s] Level 1:colcon.colcon_core.package_identification:_identify(src/realsense-ros) by extension 'ros'
[0.280s] Level 1:colcon.colcon_core.package_identification:_identify(src/realsense-ros) by extensions ['cmake', 'python']
[0.281s] Level 1:colcon.colcon_core.package_identification:_identify(src/realsense-ros) by extension 'cmake'
[0.281s] Level 1:colcon.colcon_core.package_identification:_identify(src/realsense-ros) by extension 'python'
[0.281s] Level 1:colcon.colcon_core.package_identification:_identify(src/realsense-ros) by extensions ['python_setup_py']
[0.281s] Level 1:colcon.colcon_core.package_identification:_identify(src/realsense-ros) by extension 'python_setup_py'
[0.281s] Level 1:colcon.colcon_core.package_identification:_identify(src/realsense-ros/realsense2_camera) by extensions ['ignore', 'ignore_ament_install']
[0.281s] Level 1:colcon.colcon_core.package_identification:_identify(src/realsense-ros/realsense2_camera) by extension 'ignore'
[0.281s] Level 1:colcon.colcon_core.package_identification:_identify(src/realsense-ros/realsense2_camera) by extension 'ignore_ament_install'
[0.281s] Level 1:colcon.colcon_core.package_identification:_identify(src/realsense-ros/realsense2_camera) by extensions ['colcon_pkg']
[0.281s] Level 1:colcon.colcon_core.package_identification:_identify(src/realsense-ros/realsense2_camera) by extension 'colcon_pkg'
[0.281s] Level 1:colcon.colcon_core.package_identification:_identify(src/realsense-ros/realsense2_camera) by extensions ['colcon_meta']
[0.281s] Level 1:colcon.colcon_core.package_identification:_identify(src/realsense-ros/realsense2_camera) by extension 'colcon_meta'
[0.281s] Level 1:colcon.colcon_core.package_identification:_identify(src/realsense-ros/realsense2_camera) by extensions ['ros']
[0.281s] Level 1:colcon.colcon_core.package_identification:_identify(src/realsense-ros/realsense2_camera) by extension 'ros'
[0.282s] DEBUG:colcon.colcon_core.package_identification:Package 'src/realsense-ros/realsense2_camera' with type 'ros.ament_cmake' and name 'realsense2_camera'
[0.282s] Level 1:colcon.colcon_core.package_identification:_identify(src/realsense-ros/realsense2_camera_msgs) by extensions ['ignore', 'ignore_ament_install']
[0.282s] Level 1:colcon.colcon_core.package_identification:_identify(src/realsense-ros/realsense2_camera_msgs) by extension 'ignore'
[0.282s] Level 1:colcon.colcon_core.package_identification:_identify(src/realsense-ros/realsense2_camera_msgs) by extension 'ignore_ament_install'
[0.282s] Level 1:colcon.colcon_core.package_identification:_identify(src/realsense-ros/realsense2_camera_msgs) by extensions ['colcon_pkg']
[0.282s] Level 1:colcon.colcon_core.package_identification:_identify(src/realsense-ros/realsense2_camera_msgs) by extension 'colcon_pkg'
[0.282s] Level 1:colcon.colcon_core.package_identification:_identify(src/realsense-ros/realsense2_camera_msgs) by extensions ['colcon_meta']
[0.282s] Level 1:colcon.colcon_core.package_identification:_identify(src/realsense-ros/realsense2_camera_msgs) by extension 'colcon_meta'
[0.282s] Level 1:colcon.colcon_core.package_identification:_identify(src/realsense-ros/realsense2_camera_msgs) by extensions ['ros']
[0.283s] Level 1:colcon.colcon_core.package_identification:_identify(src/realsense-ros/realsense2_camera_msgs) by extension 'ros'
[0.283s] DEBUG:colcon.colcon_core.package_identification:Package 'src/realsense-ros/realsense2_camera_msgs' with type 'ros.ament_cmake' and name 'realsense2_camera_msgs'
[0.283s] Level 1:colcon.colcon_core.package_identification:_identify(src/realsense-ros/realsense2_description) by extensions ['ignore', 'ignore_ament_install']
[0.283s] Level 1:colcon.colcon_core.package_identification:_identify(src/realsense-ros/realsense2_description) by extension 'ignore'
[0.283s] Level 1:colcon.colcon_core.package_identification:_identify(src/realsense-ros/realsense2_description) by extension 'ignore_ament_install'
[0.283s] Level 1:colcon.colcon_core.package_identification:_identify(src/realsense-ros/realsense2_description) by extensions ['colcon_pkg']
[0.283s] Level 1:colcon.colcon_core.package_identification:_identify(src/realsense-ros/realsense2_description) by extension 'colcon_pkg'
[0.283s] Level 1:colcon.colcon_core.package_identification:_identify(src/realsense-ros/realsense2_description) by extensions ['colcon_meta']
[0.283s] Level 1:colcon.colcon_core.package_identification:_identify(src/realsense-ros/realsense2_description) by extension 'colcon_meta'
[0.283s] Level 1:colcon.colcon_core.package_identification:_identify(src/realsense-ros/realsense2_description) by extensions ['ros']
[0.283s] Level 1:colcon.colcon_core.package_identification:_identify(src/realsense-ros/realsense2_description) by extension 'ros'
[0.284s] DEBUG:colcon.colcon_core.package_identification:Package 'src/realsense-ros/realsense2_description' with type 'ros.ament_cmake' and name 'realsense2_description'
[0.284s] Level 1:colcon.colcon_core.package_identification:_identify(src/realsense-ros/scripts) by extensions ['ignore', 'ignore_ament_install']
[0.284s] Level 1:colcon.colcon_core.package_identification:_identify(src/realsense-ros/scripts) by extension 'ignore'
[0.284s] Level 1:colcon.colcon_core.package_identification:_identify(src/realsense-ros/scripts) by extension 'ignore_ament_install'
[0.284s] Level 1:colcon.colcon_core.package_identification:_identify(src/realsense-ros/scripts) by extensions ['colcon_pkg']
[0.284s] Level 1:colcon.colcon_core.package_identification:_identify(src/realsense-ros/scripts) by extension 'colcon_pkg'
[0.284s] Level 1:colcon.colcon_core.package_identification:_identify(src/realsense-ros/scripts) by extensions ['colcon_meta']
[0.284s] Level 1:colcon.colcon_core.package_identification:_identify(src/realsense-ros/scripts) by extension 'colcon_meta'
[0.284s] Level 1:colcon.colcon_core.package_identification:_identify(src/realsense-ros/scripts) by extensions ['ros']
[0.284s] Level 1:colcon.colcon_core.package_identification:_identify(src/realsense-ros/scripts) by extension 'ros'
[0.284s] Level 1:colcon.colcon_core.package_identification:_identify(src/realsense-ros/scripts) by extensions ['cmake', 'python']
[0.284s] Level 1:colcon.colcon_core.package_identification:_identify(src/realsense-ros/scripts) by extension 'cmake'
[0.284s] Level 1:colcon.colcon_core.package_identification:_identify(src/realsense-ros/scripts) by extension 'python'
[0.284s] Level 1:colcon.colcon_core.package_identification:_identify(src/realsense-ros/scripts) by extensions ['python_setup_py']
[0.284s] Level 1:colcon.colcon_core.package_identification:_identify(src/realsense-ros/scripts) by extension 'python_setup_py'
[0.284s] Level 1:colcon.colcon_core.package_identification:_identify(systemd) by extensions ['ignore', 'ignore_ament_install']
[0.284s] Level 1:colcon.colcon_core.package_identification:_identify(systemd) by extension 'ignore'
[0.285s] Level 1:colcon.colcon_core.package_identification:_identify(systemd) by extension 'ignore_ament_install'
[0.285s] Level 1:colcon.colcon_core.package_identification:_identify(systemd) by extensions ['colcon_pkg']
[0.285s] Level 1:colcon.colcon_core.package_identification:_identify(systemd) by extension 'colcon_pkg'
[0.285s] Level 1:colcon.colcon_core.package_identification:_identify(systemd) by extensions ['colcon_meta']
[0.285s] Level 1:colcon.colcon_core.package_identification:_identify(systemd) by extension 'colcon_meta'
[0.285s] Level 1:colcon.colcon_core.package_identification:_identify(systemd) by extensions ['ros']
[0.285s] Level 1:colcon.colcon_core.package_identification:_identify(systemd) by extension 'ros'
[0.285s] Level 1:colcon.colcon_core.package_identification:_identify(systemd) by extensions ['cmake', 'python']
[0.285s] Level 1:colcon.colcon_core.package_identification:_identify(systemd) by extension 'cmake'
[0.285s] Level 1:colcon.colcon_core.package_identification:_identify(systemd) by extension 'python'
[0.285s] Level 1:colcon.colcon_core.package_identification:_identify(systemd) by extensions ['python_setup_py']
[0.285s] Level 1:colcon.colcon_core.package_identification:_identify(systemd) by extension 'python_setup_py'
[0.285s] Level 1:colcon.colcon_core.package_discovery:discover_packages(recursive) using defaults
[0.285s] Level 1:colcon.colcon_core.package_discovery:discover_packages(ignore) discover
[0.285s] Level 1:colcon.colcon_core.package_discovery:discover_packages(ignore) using defaults
[0.285s] Level 1:colcon.colcon_core.package_discovery:discover_packages(path) discover
[0.285s] Level 1:colcon.colcon_core.package_discovery:discover_packages(path) using defaults
[0.305s] Level 1:colcon.colcon_core.package_discovery:discover_packages(prefix_path) check parameters
[0.305s] Level 1:colcon.colcon_core.package_discovery:discover_packages(prefix_path) discover
[0.306s] DEBUG:colcon.colcon_installed_package_information.package_discovery:Found 9 installed packages in /home/gouzi/obstacle_race_src/install
[0.307s] DEBUG:colcon.colcon_installed_package_information.package_discovery:Found 318 installed packages in /opt/ros/humble
[0.309s] Level 1:colcon.colcon_core.package_discovery:discover_packages(prefix_path) using defaults
[0.340s] Level 5:colcon.colcon_core.verb:set package 'apriltag_msgs' build argument 'cmake_args' from command line to 'None'
[0.340s] Level 5:colcon.colcon_core.verb:set package 'apriltag_msgs' build argument 'cmake_target' from command line to 'None'
[0.340s] Level 5:colcon.colcon_core.verb:set package 'apriltag_msgs' build argument 'cmake_target_skip_unavailable' from command line to 'False'
[0.340s] Level 5:colcon.colcon_core.verb:set package 'apriltag_msgs' build argument 'cmake_clean_cache' from command line to 'False'
[0.340s] Level 5:colcon.colcon_core.verb:set package 'apriltag_msgs' build argument 'cmake_clean_first' from command line to 'False'
[0.340s] Level 5:colcon.colcon_core.verb:set package 'apriltag_msgs' build argument 'cmake_force_configure' from command line to 'False'
[0.340s] Level 5:colcon.colcon_core.verb:set package 'apriltag_msgs' build argument 'ament_cmake_args' from command line to 'None'
[0.340s] Level 5:colcon.colcon_core.verb:set package 'apriltag_msgs' build argument 'catkin_cmake_args' from command line to 'None'
[0.340s] Level 5:colcon.colcon_core.verb:set package 'apriltag_msgs' build argument 'catkin_skip_building_tests' from command line to 'False'
[0.340s] DEBUG:colcon.colcon_core.verb:Building package 'apriltag_msgs' with the following arguments: {'ament_cmake_args': None, 'build_base': '/home/gouzi/obstacle_race_src/build/apriltag_msgs', 'catkin_cmake_args': None, 'catkin_skip_building_tests': False, 'cmake_args': None, 'cmake_clean_cache': False, 'cmake_clean_first': False, 'cmake_force_configure': False, 'cmake_target': None, 'cmake_target_skip_unavailable': False, 'install_base': '/home/gouzi/obstacle_race_src/install/apriltag_msgs', 'merge_install': False, 'path': '/home/gouzi/obstacle_race_src/src/apriltag_msgs', 'symlink_install': False, 'test_result_base': None}
[0.340s] Level 5:colcon.colcon_core.verb:set package 'livox_ros_driver2' build argument 'cmake_args' from command line to 'None'
[0.340s] Level 5:colcon.colcon_core.verb:set package 'livox_ros_driver2' build argument 'cmake_target' from command line to 'None'
[0.341s] Level 5:colcon.colcon_core.verb:set package 'livox_ros_driver2' build argument 'cmake_target_skip_unavailable' from command line to 'False'
[0.341s] Level 5:colcon.colcon_core.verb:set package 'livox_ros_driver2' build argument 'cmake_clean_cache' from command line to 'False'
[0.341s] Level 5:colcon.colcon_core.verb:set package 'livox_ros_driver2' build argument 'cmake_clean_first' from command line to 'False'
[0.341s] Level 5:colcon.colcon_core.verb:set package 'livox_ros_driver2' build argument 'cmake_force_configure' from command line to 'False'
[0.341s] Level 5:colcon.colcon_core.verb:set package 'livox_ros_driver2' build argument 'ament_cmake_args' from command line to 'None'
[0.341s] Level 5:colcon.colcon_core.verb:set package 'livox_ros_driver2' build argument 'catkin_cmake_args' from command line to 'None'
[0.341s] Level 5:colcon.colcon_core.verb:set package 'livox_ros_driver2' build argument 'catkin_skip_building_tests' from command line to 'False'
[0.341s] DEBUG:colcon.colcon_core.verb:Building package 'livox_ros_driver2' with the following arguments: {'ament_cmake_args': None, 'build_base': '/home/gouzi/obstacle_race_src/build/livox_ros_driver2', 'catkin_cmake_args': None, 'catkin_skip_building_tests': False, 'cmake_args': None, 'cmake_clean_cache': False, 'cmake_clean_first': False, 'cmake_force_configure': False, 'cmake_target': None, 'cmake_target_skip_unavailable': False, 'install_base': '/home/gouzi/obstacle_race_src/install/livox_ros_driver2', 'merge_install': False, 'path': '/home/gouzi/obstacle_race_src/src/livox_ros_driver2', 'symlink_install': False, 'test_result_base': None}
[0.341s] Level 5:colcon.colcon_core.verb:set package 'point_lio' build argument 'cmake_args' from command line to 'None'
[0.341s] Level 5:colcon.colcon_core.verb:set package 'point_lio' build argument 'cmake_target' from command line to 'None'
[0.341s] Level 5:colcon.colcon_core.verb:set package 'point_lio' build argument 'cmake_target_skip_unavailable' from command line to 'False'
[0.341s] Level 5:colcon.colcon_core.verb:set package 'point_lio' build argument 'cmake_clean_cache' from command line to 'False'
[0.341s] Level 5:colcon.colcon_core.verb:set package 'point_lio' build argument 'cmake_clean_first' from command line to 'False'
[0.341s] Level 5:colcon.colcon_core.verb:set package 'point_lio' build argument 'cmake_force_configure' from command line to 'False'
[0.341s] Level 5:colcon.colcon_core.verb:set package 'point_lio' build argument 'ament_cmake_args' from command line to 'None'
[0.341s] Level 5:colcon.colcon_core.verb:set package 'point_lio' build argument 'catkin_cmake_args' from command line to 'None'
[0.341s] Level 5:colcon.colcon_core.verb:set package 'point_lio' build argument 'catkin_skip_building_tests' from command line to 'False'
[0.341s] DEBUG:colcon.colcon_core.verb:Building package 'point_lio' with the following arguments: {'ament_cmake_args': None, 'build_base': '/home/gouzi/obstacle_race_src/build/point_lio', 'catkin_cmake_args': None, 'catkin_skip_building_tests': False, 'cmake_args': None, 'cmake_clean_cache': False, 'cmake_clean_first': False, 'cmake_force_configure': False, 'cmake_target': None, 'cmake_target_skip_unavailable': False, 'install_base': '/home/gouzi/obstacle_race_src/install/point_lio', 'merge_install': False, 'path': '/home/gouzi/obstacle_race_src/src/point_lio_ros2', 'symlink_install': False, 'test_result_base': None}
[0.341s] Level 5:colcon.colcon_core.verb:set package 'quadruped_step_mapper' build argument 'cmake_args' from command line to 'None'
[0.341s] Level 5:colcon.colcon_core.verb:set package 'quadruped_step_mapper' build argument 'cmake_target' from command line to 'None'
[0.341s] Level 5:colcon.colcon_core.verb:set package 'quadruped_step_mapper' build argument 'cmake_target_skip_unavailable' from command line to 'False'
[0.341s] Level 5:colcon.colcon_core.verb:set package 'quadruped_step_mapper' build argument 'cmake_clean_cache' from command line to 'False'
[0.341s] Level 5:colcon.colcon_core.verb:set package 'quadruped_step_mapper' build argument 'cmake_clean_first' from command line to 'False'
[0.341s] Level 5:colcon.colcon_core.verb:set package 'quadruped_step_mapper' build argument 'cmake_force_configure' from command line to 'False'
[0.341s] Level 5:colcon.colcon_core.verb:set package 'quadruped_step_mapper' build argument 'ament_cmake_args' from command line to 'None'
[0.341s] Level 5:colcon.colcon_core.verb:set package 'quadruped_step_mapper' build argument 'catkin_cmake_args' from command line to 'None'
[0.341s] Level 5:colcon.colcon_core.verb:set package 'quadruped_step_mapper' build argument 'catkin_skip_building_tests' from command line to 'False'
[0.341s] DEBUG:colcon.colcon_core.verb:Building package 'quadruped_step_mapper' with the following arguments: {'ament_cmake_args': None, 'build_base': '/home/gouzi/obstacle_race_src/build/quadruped_step_mapper', 'catkin_cmake_args': None, 'catkin_skip_building_tests': False, 'cmake_args': None, 'cmake_clean_cache': False, 'cmake_clean_first': False, 'cmake_force_configure': False, 'cmake_target': None, 'cmake_target_skip_unavailable': False, 'install_base': '/home/gouzi/obstacle_race_src/install/quadruped_step_mapper', 'merge_install': False, 'path': '/home/gouzi/obstacle_race_src/src/quadruped_step_mapper', 'symlink_install': False, 'test_result_base': None}
[0.342s] Level 5:colcon.colcon_core.verb:set package 'realsense2_camera_msgs' build argument 'cmake_args' from command line to 'None'
[0.342s] Level 5:colcon.colcon_core.verb:set package 'realsense2_camera_msgs' build argument 'cmake_target' from command line to 'None'
[0.342s] Level 5:colcon.colcon_core.verb:set package 'realsense2_camera_msgs' build argument 'cmake_target_skip_unavailable' from command line to 'False'
[0.342s] Level 5:colcon.colcon_core.verb:set package 'realsense2_camera_msgs' build argument 'cmake_clean_cache' from command line to 'False'
[0.342s] Level 5:colcon.colcon_core.verb:set package 'realsense2_camera_msgs' build argument 'cmake_clean_first' from command line to 'False'
[0.342s] Level 5:colcon.colcon_core.verb:set package 'realsense2_camera_msgs' build argument 'cmake_force_configure' from command line to 'False'
[0.342s] Level 5:colcon.colcon_core.verb:set package 'realsense2_camera_msgs' build argument 'ament_cmake_args' from command line to 'None'
[0.342s] Level 5:colcon.colcon_core.verb:set package 'realsense2_camera_msgs' build argument 'catkin_cmake_args' from command line to 'None'
[0.342s] Level 5:colcon.colcon_core.verb:set package 'realsense2_camera_msgs' build argument 'catkin_skip_building_tests' from command line to 'False'
[0.342s] DEBUG:colcon.colcon_core.verb:Building package 'realsense2_camera_msgs' with the following arguments: {'ament_cmake_args': None, 'build_base': '/home/gouzi/obstacle_race_src/build/realsense2_camera_msgs', 'catkin_cmake_args': None, 'catkin_skip_building_tests': False, 'cmake_args': None, 'cmake_clean_cache': False, 'cmake_clean_first': False, 'cmake_force_configure': False, 'cmake_target': None, 'cmake_target_skip_unavailable': False, 'install_base': '/home/gouzi/obstacle_race_src/install/realsense2_camera_msgs', 'merge_install': False, 'path': '/home/gouzi/obstacle_race_src/src/realsense-ros/realsense2_camera_msgs', 'symlink_install': False, 'test_result_base': None}
[0.342s] Level 5:colcon.colcon_core.verb:set package 'apriltag_ros' build argument 'cmake_args' from command line to 'None'
[0.342s] Level 5:colcon.colcon_core.verb:set package 'apriltag_ros' build argument 'cmake_target' from command line to 'None'
[0.342s] Level 5:colcon.colcon_core.verb:set package 'apriltag_ros' build argument 'cmake_target_skip_unavailable' from command line to 'False'
[0.342s] Level 5:colcon.colcon_core.verb:set package 'apriltag_ros' build argument 'cmake_clean_cache' from command line to 'False'
[0.342s] Level 5:colcon.colcon_core.verb:set package 'apriltag_ros' build argument 'cmake_clean_first' from command line to 'False'
[0.342s] Level 5:colcon.colcon_core.verb:set package 'apriltag_ros' build argument 'cmake_force_configure' from command line to 'False'
[0.342s] Level 5:colcon.colcon_core.verb:set package 'apriltag_ros' build argument 'ament_cmake_args' from command line to 'None'
[0.342s] Level 5:colcon.colcon_core.verb:set package 'apriltag_ros' build argument 'catkin_cmake_args' from command line to 'None'
[0.342s] Level 5:colcon.colcon_core.verb:set package 'apriltag_ros' build argument 'catkin_skip_building_tests' from command line to 'False'
[0.342s] DEBUG:colcon.colcon_core.verb:Building package 'apriltag_ros' with the following arguments: {'ament_cmake_args': None, 'build_base': '/home/gouzi/obstacle_race_src/build/apriltag_ros', 'catkin_cmake_args': None, 'catkin_skip_building_tests': False, 'cmake_args': None, 'cmake_clean_cache': False, 'cmake_clean_first': False, 'cmake_force_configure': False, 'cmake_target': None, 'cmake_target_skip_unavailable': False, 'install_base': '/home/gouzi/obstacle_race_src/install/apriltag_ros', 'merge_install': False, 'path': '/home/gouzi/obstacle_race_src/src/apriltag_ros', 'symlink_install': False, 'test_result_base': None}
[0.343s] Level 5:colcon.colcon_core.verb:set package 'realsense2_camera' build argument 'cmake_args' from command line to 'None'
[0.343s] Level 5:colcon.colcon_core.verb:set package 'realsense2_camera' build argument 'cmake_target' from command line to 'None'
[0.343s] Level 5:colcon.colcon_core.verb:set package 'realsense2_camera' build argument 'cmake_target_skip_unavailable' from command line to 'False'
[0.343s] Level 5:colcon.colcon_core.verb:set package 'realsense2_camera' build argument 'cmake_clean_cache' from command line to 'False'
[0.343s] Level 5:colcon.colcon_core.verb:set package 'realsense2_camera' build argument 'cmake_clean_first' from command line to 'False'
[0.343s] Level 5:colcon.colcon_core.verb:set package 'realsense2_camera' build argument 'cmake_force_configure' from command line to 'False'
[0.343s] Level 5:colcon.colcon_core.verb:set package 'realsense2_camera' build argument 'ament_cmake_args' from command line to 'None'
[0.343s] Level 5:colcon.colcon_core.verb:set package 'realsense2_camera' build argument 'catkin_cmake_args' from command line to 'None'
[0.343s] Level 5:colcon.colcon_core.verb:set package 'realsense2_camera' build argument 'catkin_skip_building_tests' from command line to 'False'
[0.343s] DEBUG:colcon.colcon_core.verb:Building package 'realsense2_camera' with the following arguments: {'ament_cmake_args': None, 'build_base': '/home/gouzi/obstacle_race_src/build/realsense2_camera', 'catkin_cmake_args': None, 'catkin_skip_building_tests': False, 'cmake_args': None, 'cmake_clean_cache': False, 'cmake_clean_first': False, 'cmake_force_configure': False, 'cmake_target': None, 'cmake_target_skip_unavailable': False, 'install_base': '/home/gouzi/obstacle_race_src/install/realsense2_camera', 'merge_install': False, 'path': '/home/gouzi/obstacle_race_src/src/realsense-ros/realsense2_camera', 'symlink_install': False, 'test_result_base': None}
[0.343s] Level 5:colcon.colcon_core.verb:set package 'realsense2_description' build argument 'cmake_args' from command line to 'None'
[0.343s] Level 5:colcon.colcon_core.verb:set package 'realsense2_description' build argument 'cmake_target' from command line to 'None'
[0.343s] Level 5:colcon.colcon_core.verb:set package 'realsense2_description' build argument 'cmake_target_skip_unavailable' from command line to 'False'
[0.343s] Level 5:colcon.colcon_core.verb:set package 'realsense2_description' build argument 'cmake_clean_cache' from command line to 'False'
[0.343s] Level 5:colcon.colcon_core.verb:set package 'realsense2_description' build argument 'cmake_clean_first' from command line to 'False'
[0.343s] Level 5:colcon.colcon_core.verb:set package 'realsense2_description' build argument 'cmake_force_configure' from command line to 'False'
[0.343s] Level 5:colcon.colcon_core.verb:set package 'realsense2_description' build argument 'ament_cmake_args' from command line to 'None'
[0.343s] Level 5:colcon.colcon_core.verb:set package 'realsense2_description' build argument 'catkin_cmake_args' from command line to 'None'
[0.343s] Level 5:colcon.colcon_core.verb:set package 'realsense2_description' build argument 'catkin_skip_building_tests' from command line to 'False'
[0.343s] DEBUG:colcon.colcon_core.verb:Building package 'realsense2_description' with the following arguments: {'ament_cmake_args': None, 'build_base': '/home/gouzi/obstacle_race_src/build/realsense2_description', 'catkin_cmake_args': None, 'catkin_skip_building_tests': False, 'cmake_args': None, 'cmake_clean_cache': False, 'cmake_clean_first': False, 'cmake_force_configure': False, 'cmake_target': None, 'cmake_target_skip_unavailable': False, 'install_base': '/home/gouzi/obstacle_race_src/install/realsense2_description', 'merge_install': False, 'path': '/home/gouzi/obstacle_race_src/src/realsense-ros/realsense2_description', 'symlink_install': False, 'test_result_base': None}
[0.343s] Level 5:colcon.colcon_core.verb:set package 'auto_nav_pkg' build argument 'cmake_args' from command line to 'None'
[0.343s] Level 5:colcon.colcon_core.verb:set package 'auto_nav_pkg' build argument 'cmake_target' from command line to 'None'
[0.343s] Level 5:colcon.colcon_core.verb:set package 'auto_nav_pkg' build argument 'cmake_target_skip_unavailable' from command line to 'False'
[0.343s] Level 5:colcon.colcon_core.verb:set package 'auto_nav_pkg' build argument 'cmake_clean_cache' from command line to 'False'
[0.343s] Level 5:colcon.colcon_core.verb:set package 'auto_nav_pkg' build argument 'cmake_clean_first' from command line to 'False'
[0.344s] Level 5:colcon.colcon_core.verb:set package 'auto_nav_pkg' build argument 'cmake_force_configure' from command line to 'False'
[0.344s] Level 5:colcon.colcon_core.verb:set package 'auto_nav_pkg' build argument 'ament_cmake_args' from command line to 'None'
[0.344s] Level 5:colcon.colcon_core.verb:set package 'auto_nav_pkg' build argument 'catkin_cmake_args' from command line to 'None'
[0.344s] Level 5:colcon.colcon_core.verb:set package 'auto_nav_pkg' build argument 'catkin_skip_building_tests' from command line to 'False'
[0.344s] DEBUG:colcon.colcon_core.verb:Building package 'auto_nav_pkg' with the following arguments: {'ament_cmake_args': None, 'build_base': '/home/gouzi/obstacle_race_src/build/auto_nav_pkg', 'catkin_cmake_args': None, 'catkin_skip_building_tests': False, 'cmake_args': None, 'cmake_clean_cache': False, 'cmake_clean_first': False, 'cmake_force_configure': False, 'cmake_target': None, 'cmake_target_skip_unavailable': False, 'install_base': '/home/gouzi/obstacle_race_src/install/auto_nav_pkg', 'merge_install': False, 'path': '/home/gouzi/obstacle_race_src/src/auto_nav_pkg', 'symlink_install': False, 'test_result_base': None}
[0.344s] INFO:colcon.colcon_core.executor:Executing jobs using 'parallel' executor
[0.345s] DEBUG:colcon.colcon_parallel_executor.executor.parallel:run_until_complete
[0.345s] INFO:colcon.colcon_ros.task.ament_cmake.build:Building ROS package in '/home/gouzi/obstacle_race_src/src/realsense-ros/realsense2_camera_msgs' with build type 'ament_cmake'
[0.345s] INFO:colcon.colcon_cmake.task.cmake.build:Building CMake package in '/home/gouzi/obstacle_race_src/src/realsense-ros/realsense2_camera_msgs'
[0.347s] INFO:colcon.colcon_core.plugin_system:Skipping extension 'colcon_core.shell.bat': Not used on non-Windows systems
[0.347s] INFO:colcon.colcon_core.shell:Skip shell extension 'powershell' for command environment: Not usable outside of PowerShell
[0.347s] DEBUG:colcon.colcon_core.shell:Skip shell extension 'dsv' for command environment
[0.350s] INFO:colcon.colcon_ros.task.ament_cmake.build:Building ROS package in '/home/gouzi/obstacle_race_src/src/apriltag_msgs' with build type 'ament_cmake'
[0.350s] INFO:colcon.colcon_cmake.task.cmake.build:Building CMake package in '/home/gouzi/obstacle_race_src/src/apriltag_msgs'
[0.350s] INFO:colcon.colcon_core.shell:Skip shell extension 'powershell' for command environment: Not usable outside of PowerShell
[0.350s] DEBUG:colcon.colcon_core.shell:Skip shell extension 'dsv' for command environment
[0.353s] INFO:colcon.colcon_ros.task.ament_cmake.build:Building ROS package in '/home/gouzi/obstacle_race_src/src/livox_ros_driver2' with build type 'ament_cmake'
[0.353s] INFO:colcon.colcon_cmake.task.cmake.build:Building CMake package in '/home/gouzi/obstacle_race_src/src/livox_ros_driver2'
[0.353s] INFO:colcon.colcon_core.shell:Skip shell extension 'powershell' for command environment: Not usable outside of PowerShell
[0.353s] DEBUG:colcon.colcon_core.shell:Skip shell extension 'dsv' for command environment
[0.357s] INFO:colcon.colcon_ros.task.ament_cmake.build:Building ROS package in '/home/gouzi/obstacle_race_src/src/point_lio_ros2' with build type 'ament_cmake'
[0.357s] INFO:colcon.colcon_cmake.task.cmake.build:Building CMake package in '/home/gouzi/obstacle_race_src/src/point_lio_ros2'
[0.357s] INFO:colcon.colcon_core.shell:Skip shell extension 'powershell' for command environment: Not usable outside of PowerShell
[0.357s] DEBUG:colcon.colcon_core.shell:Skip shell extension 'dsv' for command environment
[0.360s] INFO:colcon.colcon_ros.task.ament_cmake.build:Building ROS package in '/home/gouzi/obstacle_race_src/src/quadruped_step_mapper' with build type 'ament_cmake'
[0.360s] INFO:colcon.colcon_cmake.task.cmake.build:Building CMake package in '/home/gouzi/obstacle_race_src/src/quadruped_step_mapper'
[0.360s] INFO:colcon.colcon_core.shell:Skip shell extension 'powershell' for command environment: Not usable outside of PowerShell
[0.360s] DEBUG:colcon.colcon_core.shell:Skip shell extension 'dsv' for command environment
[0.367s] DEBUG:colcon.colcon_core.event_handler.log_command:Invoking command in '/home/gouzi/obstacle_race_src/build/realsense2_camera_msgs': CMAKE_PREFIX_PATH=${CMAKE_PREFIX_PATH}:/home/gouzi/obstacle_race_src/install/auto_nav_pkg:/opt/ros/humble /usr/bin/cmake --build /home/gouzi/obstacle_race_src/build/realsense2_camera_msgs -- -j8 -l8
[0.370s] DEBUG:colcon.colcon_core.event_handler.log_command:Invoking command in '/home/gouzi/obstacle_race_src/build/apriltag_msgs': CMAKE_PREFIX_PATH=${CMAKE_PREFIX_PATH}:/home/gouzi/obstacle_race_src/install/auto_nav_pkg:/opt/ros/humble /usr/bin/cmake --build /home/gouzi/obstacle_race_src/build/apriltag_msgs -- -j8 -l8
[0.373s] DEBUG:colcon.colcon_core.event_handler.log_command:Invoking command in '/home/gouzi/obstacle_race_src/build/livox_ros_driver2': CMAKE_PREFIX_PATH=${CMAKE_PREFIX_PATH}:/home/gouzi/obstacle_race_src/install/auto_nav_pkg:/opt/ros/humble /usr/bin/cmake --build /home/gouzi/obstacle_race_src/build/livox_ros_driver2 -- -j8 -l8
[0.376s] DEBUG:colcon.colcon_core.event_handler.log_command:Invoking command in '/home/gouzi/obstacle_race_src/build/point_lio': CMAKE_PREFIX_PATH=${CMAKE_PREFIX_PATH}:/home/gouzi/obstacle_race_src/install/auto_nav_pkg:/opt/ros/humble /usr/bin/cmake --build /home/gouzi/obstacle_race_src/build/point_lio -- -j8 -l8
[0.383s] DEBUG:colcon.colcon_core.event_handler.log_command:Invoking command in '/home/gouzi/obstacle_race_src/build/quadruped_step_mapper': CMAKE_PREFIX_PATH=${CMAKE_PREFIX_PATH}:/home/gouzi/obstacle_race_src/install/auto_nav_pkg:/opt/ros/humble /usr/bin/cmake --build /home/gouzi/obstacle_race_src/build/quadruped_step_mapper -- -j8 -l8
[0.545s] DEBUG:colcon.colcon_core.event_handler.log_command:Invoked command in '/home/gouzi/obstacle_race_src/build/quadruped_step_mapper' returned '0': CMAKE_PREFIX_PATH=${CMAKE_PREFIX_PATH}:/home/gouzi/obstacle_race_src/install/auto_nav_pkg:/opt/ros/humble /usr/bin/cmake --build /home/gouzi/obstacle_race_src/build/quadruped_step_mapper -- -j8 -l8
[0.577s] DEBUG:colcon.colcon_core.event_handler.log_command:Invoking command in '/home/gouzi/obstacle_race_src/build/quadruped_step_mapper': CMAKE_PREFIX_PATH=${CMAKE_PREFIX_PATH}:/home/gouzi/obstacle_race_src/install/auto_nav_pkg:/opt/ros/humble /usr/bin/cmake --install /home/gouzi/obstacle_race_src/build/quadruped_step_mapper
[0.616s] Level 1:colcon.colcon_core.environment:create_environment_scripts_only(quadruped_step_mapper)
[0.617s] DEBUG:colcon.colcon_core.event_handler.log_command:Invoked command in '/home/gouzi/obstacle_race_src/build/quadruped_step_mapper' returned '0': CMAKE_PREFIX_PATH=${CMAKE_PREFIX_PATH}:/home/gouzi/obstacle_race_src/install/auto_nav_pkg:/opt/ros/humble /usr/bin/cmake --install /home/gouzi/obstacle_race_src/build/quadruped_step_mapper
[0.624s] Level 1:colcon.colcon_core.environment:checking '/home/gouzi/obstacle_race_src/install/quadruped_step_mapper' for CMake module files
[0.624s] Level 1:colcon.colcon_core.environment:checking '/home/gouzi/obstacle_race_src/install/quadruped_step_mapper' for CMake config files
[0.625s] Level 1:colcon.colcon_core.shell:create_environment_hook('quadruped_step_mapper', 'cmake_prefix_path')
[0.625s] INFO:colcon.colcon_core.shell:Creating environment hook '/home/gouzi/obstacle_race_src/install/quadruped_step_mapper/share/quadruped_step_mapper/hook/cmake_prefix_path.ps1'
[0.626s] INFO:colcon.colcon_core.shell:Creating environment descriptor '/home/gouzi/obstacle_race_src/install/quadruped_step_mapper/share/quadruped_step_mapper/hook/cmake_prefix_path.dsv'
[0.627s] INFO:colcon.colcon_core.shell:Creating environment hook '/home/gouzi/obstacle_race_src/install/quadruped_step_mapper/share/quadruped_step_mapper/hook/cmake_prefix_path.sh'
[0.628s] Level 1:colcon.colcon_core.environment:checking '/home/gouzi/obstacle_race_src/install/quadruped_step_mapper/lib'
[0.629s] Level 1:colcon.colcon_core.environment:checking '/home/gouzi/obstacle_race_src/install/quadruped_step_mapper/bin'
[0.629s] Level 1:colcon.colcon_core.environment:checking '/home/gouzi/obstacle_race_src/install/quadruped_step_mapper/lib/pkgconfig/quadruped_step_mapper.pc'
[0.629s] Level 1:colcon.colcon_core.environment:checking '/home/gouzi/obstacle_race_src/install/quadruped_step_mapper/lib/python3.10/site-packages'
[0.629s] Level 1:colcon.colcon_core.environment:checking '/home/gouzi/obstacle_race_src/install/quadruped_step_mapper/bin'
[0.630s] INFO:colcon.colcon_core.shell:Creating package script '/home/gouzi/obstacle_race_src/install/quadruped_step_mapper/share/quadruped_step_mapper/package.ps1'
[0.631s] INFO:colcon.colcon_core.shell:Creating package descriptor '/home/gouzi/obstacle_race_src/install/quadruped_step_mapper/share/quadruped_step_mapper/package.dsv'
[0.632s] INFO:colcon.colcon_core.shell:Creating package script '/home/gouzi/obstacle_race_src/install/quadruped_step_mapper/share/quadruped_step_mapper/package.sh'
[0.632s] INFO:colcon.colcon_core.shell:Creating package script '/home/gouzi/obstacle_race_src/install/quadruped_step_mapper/share/quadruped_step_mapper/package.bash'
[0.633s] INFO:colcon.colcon_core.shell:Creating package script '/home/gouzi/obstacle_race_src/install/quadruped_step_mapper/share/quadruped_step_mapper/package.zsh'
[0.635s] Level 1:colcon.colcon_core.environment:create_file_with_runtime_dependencies(/home/gouzi/obstacle_race_src/install/quadruped_step_mapper/share/colcon-core/packages/quadruped_step_mapper)
[0.636s] Level 1:colcon.colcon_core.environment:create_environment_scripts_only(quadruped_step_mapper)
[0.638s] Level 1:colcon.colcon_core.environment:checking '/home/gouzi/obstacle_race_src/install/quadruped_step_mapper' for CMake module files
[0.639s] Level 1:colcon.colcon_core.environment:checking '/home/gouzi/obstacle_race_src/install/quadruped_step_mapper' for CMake config files
[0.640s] Level 1:colcon.colcon_core.shell:create_environment_hook('quadruped_step_mapper', 'cmake_prefix_path')
[0.640s] INFO:colcon.colcon_core.shell:Creating environment hook '/home/gouzi/obstacle_race_src/install/quadruped_step_mapper/share/quadruped_step_mapper/hook/cmake_prefix_path.ps1'
[0.642s] INFO:colcon.colcon_core.shell:Creating environment descriptor '/home/gouzi/obstacle_race_src/install/quadruped_step_mapper/share/quadruped_step_mapper/hook/cmake_prefix_path.dsv'
[0.642s] INFO:colcon.colcon_core.shell:Creating environment hook '/home/gouzi/obstacle_race_src/install/quadruped_step_mapper/share/quadruped_step_mapper/hook/cmake_prefix_path.sh'
[0.648s] Level 1:colcon.colcon_core.environment:checking '/home/gouzi/obstacle_race_src/install/quadruped_step_mapper/lib'
[0.648s] Level 1:colcon.colcon_core.environment:checking '/home/gouzi/obstacle_race_src/install/quadruped_step_mapper/bin'
[0.649s] Level 1:colcon.colcon_core.environment:checking '/home/gouzi/obstacle_race_src/install/quadruped_step_mapper/lib/pkgconfig/quadruped_step_mapper.pc'
[0.649s] Level 1:colcon.colcon_core.environment:checking '/home/gouzi/obstacle_race_src/install/quadruped_step_mapper/lib/python3.10/site-packages'
[0.649s] Level 1:colcon.colcon_core.environment:checking '/home/gouzi/obstacle_race_src/install/quadruped_step_mapper/bin'
[0.650s] INFO:colcon.colcon_core.shell:Creating package script '/home/gouzi/obstacle_race_src/install/quadruped_step_mapper/share/quadruped_step_mapper/package.ps1'
[0.651s] INFO:colcon.colcon_core.shell:Creating package descriptor '/home/gouzi/obstacle_race_src/install/quadruped_step_mapper/share/quadruped_step_mapper/package.dsv'
[0.652s] INFO:colcon.colcon_core.shell:Creating package script '/home/gouzi/obstacle_race_src/install/quadruped_step_mapper/share/quadruped_step_mapper/package.sh'
[0.652s] INFO:colcon.colcon_core.shell:Creating package script '/home/gouzi/obstacle_race_src/install/quadruped_step_mapper/share/quadruped_step_mapper/package.bash'
[0.654s] INFO:colcon.colcon_core.shell:Creating package script '/home/gouzi/obstacle_race_src/install/quadruped_step_mapper/share/quadruped_step_mapper/package.zsh'
[0.655s] Level 1:colcon.colcon_core.environment:create_file_with_runtime_dependencies(/home/gouzi/obstacle_race_src/install/quadruped_step_mapper/share/colcon-core/packages/quadruped_step_mapper)
[0.660s] DEBUG:colcon.colcon_core.event_handler.log_command:Invoked command in '/home/gouzi/obstacle_race_src/build/point_lio' returned '0': CMAKE_PREFIX_PATH=${CMAKE_PREFIX_PATH}:/home/gouzi/obstacle_race_src/install/auto_nav_pkg:/opt/ros/humble /usr/bin/cmake --build /home/gouzi/obstacle_race_src/build/point_lio -- -j8 -l8
[0.662s] DEBUG:colcon.colcon_core.event_handler.log_command:Invoking command in '/home/gouzi/obstacle_race_src/build/point_lio': CMAKE_PREFIX_PATH=${CMAKE_PREFIX_PATH}:/home/gouzi/obstacle_race_src/install/auto_nav_pkg:/opt/ros/humble /usr/bin/cmake --install /home/gouzi/obstacle_race_src/build/point_lio
[0.683s] Level 1:colcon.colcon_core.environment:create_environment_scripts_only(point_lio)
[0.683s] Level 1:colcon.colcon_core.environment:checking '/home/gouzi/obstacle_race_src/install/point_lio' for CMake module files
[0.687s] DEBUG:colcon.colcon_core.event_handler.log_command:Invoked command in '/home/gouzi/obstacle_race_src/build/point_lio' returned '0': CMAKE_PREFIX_PATH=${CMAKE_PREFIX_PATH}:/home/gouzi/obstacle_race_src/install/auto_nav_pkg:/opt/ros/humble /usr/bin/cmake --install /home/gouzi/obstacle_race_src/build/point_lio
[0.688s] Level 1:colcon.colcon_core.environment:checking '/home/gouzi/obstacle_race_src/install/point_lio' for CMake config files
[0.689s] Level 1:colcon.colcon_core.shell:create_environment_hook('point_lio', 'cmake_prefix_path')
[0.692s] INFO:colcon.colcon_core.shell:Creating environment hook '/home/gouzi/obstacle_race_src/install/point_lio/share/point_lio/hook/cmake_prefix_path.ps1'
[0.693s] INFO:colcon.colcon_core.shell:Creating environment descriptor '/home/gouzi/obstacle_race_src/install/point_lio/share/point_lio/hook/cmake_prefix_path.dsv'
[0.693s] INFO:colcon.colcon_core.shell:Creating environment hook '/home/gouzi/obstacle_race_src/install/point_lio/share/point_lio/hook/cmake_prefix_path.sh'
[0.694s] Level 1:colcon.colcon_core.environment:checking '/home/gouzi/obstacle_race_src/install/point_lio/lib'
[0.694s] Level 1:colcon.colcon_core.environment:checking '/home/gouzi/obstacle_race_src/install/point_lio/bin'
[0.694s] Level 1:colcon.colcon_core.environment:checking '/home/gouzi/obstacle_race_src/install/point_lio/lib/pkgconfig/point_lio.pc'
[0.694s] Level 1:colcon.colcon_core.environment:checking '/home/gouzi/obstacle_race_src/install/point_lio/lib/python3.10/site-packages'
[0.695s] Level 1:colcon.colcon_core.environment:checking '/home/gouzi/obstacle_race_src/install/point_lio/bin'
[0.695s] INFO:colcon.colcon_core.shell:Creating package script '/home/gouzi/obstacle_race_src/install/point_lio/share/point_lio/package.ps1'
[0.696s] INFO:colcon.colcon_core.shell:Creating package descriptor '/home/gouzi/obstacle_race_src/install/point_lio/share/point_lio/package.dsv'
[0.701s] INFO:colcon.colcon_core.shell:Creating package script '/home/gouzi/obstacle_race_src/install/point_lio/share/point_lio/package.sh'
[0.702s] INFO:colcon.colcon_core.shell:Creating package script '/home/gouzi/obstacle_race_src/install/point_lio/share/point_lio/package.bash'
[0.703s] INFO:colcon.colcon_core.shell:Creating package script '/home/gouzi/obstacle_race_src/install/point_lio/share/point_lio/package.zsh'
[0.703s] Level 1:colcon.colcon_core.environment:create_file_with_runtime_dependencies(/home/gouzi/obstacle_race_src/install/point_lio/share/colcon-core/packages/point_lio)
[0.707s] Level 1:colcon.colcon_core.environment:create_environment_scripts_only(point_lio)
[0.708s] Level 1:colcon.colcon_core.environment:checking '/home/gouzi/obstacle_race_src/install/point_lio' for CMake module files
[0.710s] Level 1:colcon.colcon_core.environment:checking '/home/gouzi/obstacle_race_src/install/point_lio' for CMake config files
[0.710s] Level 1:colcon.colcon_core.shell:create_environment_hook('point_lio', 'cmake_prefix_path')
[0.711s] INFO:colcon.colcon_core.shell:Creating environment hook '/home/gouzi/obstacle_race_src/install/point_lio/share/point_lio/hook/cmake_prefix_path.ps1'
[0.712s] INFO:colcon.colcon_core.shell:Creating environment descriptor '/home/gouzi/obstacle_race_src/install/point_lio/share/point_lio/hook/cmake_prefix_path.dsv'
[0.715s] INFO:colcon.colcon_core.shell:Creating environment hook '/home/gouzi/obstacle_race_src/install/point_lio/share/point_lio/hook/cmake_prefix_path.sh'
[0.716s] Level 1:colcon.colcon_core.environment:checking '/home/gouzi/obstacle_race_src/install/point_lio/lib'
[0.716s] Level 1:colcon.colcon_core.environment:checking '/home/gouzi/obstacle_race_src/install/point_lio/bin'
[0.716s] Level 1:colcon.colcon_core.environment:checking '/home/gouzi/obstacle_race_src/install/point_lio/lib/pkgconfig/point_lio.pc'
[0.716s] Level 1:colcon.colcon_core.environment:checking '/home/gouzi/obstacle_race_src/install/point_lio/lib/python3.10/site-packages'
[0.717s] Level 1:colcon.colcon_core.environment:checking '/home/gouzi/obstacle_race_src/install/point_lio/bin'
[0.717s] INFO:colcon.colcon_core.shell:Creating package script '/home/gouzi/obstacle_race_src/install/point_lio/share/point_lio/package.ps1'
[0.722s] INFO:colcon.colcon_core.shell:Creating package descriptor '/home/gouzi/obstacle_race_src/install/point_lio/share/point_lio/package.dsv'
[0.725s] INFO:colcon.colcon_core.shell:Creating package script '/home/gouzi/obstacle_race_src/install/point_lio/share/point_lio/package.sh'
[0.728s] INFO:colcon.colcon_core.shell:Creating package script '/home/gouzi/obstacle_race_src/install/point_lio/share/point_lio/package.bash'
[0.731s] INFO:colcon.colcon_core.shell:Creating package script '/home/gouzi/obstacle_race_src/install/point_lio/share/point_lio/package.zsh'
[0.733s] Level 1:colcon.colcon_core.environment:create_file_with_runtime_dependencies(/home/gouzi/obstacle_race_src/install/point_lio/share/colcon-core/packages/point_lio)
[0.905s] DEBUG:colcon.colcon_core.event_handler.log_command:Invoked command in '/home/gouzi/obstacle_race_src/build/apriltag_msgs' returned '0': CMAKE_PREFIX_PATH=${CMAKE_PREFIX_PATH}:/home/gouzi/obstacle_race_src/install/auto_nav_pkg:/opt/ros/humble /usr/bin/cmake --build /home/gouzi/obstacle_race_src/build/apriltag_msgs -- -j8 -l8
[0.907s] DEBUG:colcon.colcon_core.event_handler.log_command:Invoking command in '/home/gouzi/obstacle_race_src/build/apriltag_msgs': CMAKE_PREFIX_PATH=${CMAKE_PREFIX_PATH}:/home/gouzi/obstacle_race_src/install/auto_nav_pkg:/opt/ros/humble /usr/bin/cmake --install /home/gouzi/obstacle_race_src/build/apriltag_msgs
[0.992s] Level 1:colcon.colcon_core.environment:create_environment_scripts_only(apriltag_msgs)
[0.992s] Level 1:colcon.colcon_core.environment:checking '/home/gouzi/obstacle_race_src/install/apriltag_msgs' for CMake module files
[0.993s] DEBUG:colcon.colcon_core.event_handler.log_command:Invoked command in '/home/gouzi/obstacle_race_src/build/apriltag_msgs' returned '0': CMAKE_PREFIX_PATH=${CMAKE_PREFIX_PATH}:/home/gouzi/obstacle_race_src/install/auto_nav_pkg:/opt/ros/humble /usr/bin/cmake --install /home/gouzi/obstacle_race_src/build/apriltag_msgs
[0.993s] Level 1:colcon.colcon_core.environment:checking '/home/gouzi/obstacle_race_src/install/apriltag_msgs' for CMake config files
[0.994s] Level 1:colcon.colcon_core.shell:create_environment_hook('apriltag_msgs', 'cmake_prefix_path')
[0.994s] INFO:colcon.colcon_core.shell:Creating environment hook '/home/gouzi/obstacle_race_src/install/apriltag_msgs/share/apriltag_msgs/hook/cmake_prefix_path.ps1'
[0.995s] INFO:colcon.colcon_core.shell:Creating environment descriptor '/home/gouzi/obstacle_race_src/install/apriltag_msgs/share/apriltag_msgs/hook/cmake_prefix_path.dsv'
[0.995s] INFO:colcon.colcon_core.shell:Creating environment hook '/home/gouzi/obstacle_race_src/install/apriltag_msgs/share/apriltag_msgs/hook/cmake_prefix_path.sh'
[0.996s] Level 1:colcon.colcon_core.environment:checking '/home/gouzi/obstacle_race_src/install/apriltag_msgs/lib'
[0.996s] Level 1:colcon.colcon_core.shell:create_environment_hook('apriltag_msgs', 'ld_library_path_lib')
[0.996s] INFO:colcon.colcon_core.shell:Creating environment hook '/home/gouzi/obstacle_race_src/install/apriltag_msgs/share/apriltag_msgs/hook/ld_library_path_lib.ps1'
[0.997s] INFO:colcon.colcon_core.shell:Creating environment descriptor '/home/gouzi/obstacle_race_src/install/apriltag_msgs/share/apriltag_msgs/hook/ld_library_path_lib.dsv'
[0.997s] INFO:colcon.colcon_core.shell:Creating environment hook '/home/gouzi/obstacle_race_src/install/apriltag_msgs/share/apriltag_msgs/hook/ld_library_path_lib.sh'
[0.998s] Level 1:colcon.colcon_core.environment:checking '/home/gouzi/obstacle_race_src/install/apriltag_msgs/bin'
[0.998s] Level 1:colcon.colcon_core.environment:checking '/home/gouzi/obstacle_race_src/install/apriltag_msgs/lib/pkgconfig/apriltag_msgs.pc'
[0.998s] Level 1:colcon.colcon_core.environment:checking '/home/gouzi/obstacle_race_src/install/apriltag_msgs/lib/python3.10/site-packages'
[0.998s] Level 1:colcon.colcon_core.environment:checking '/home/gouzi/obstacle_race_src/install/apriltag_msgs/bin'
[0.999s] INFO:colcon.colcon_core.shell:Creating package script '/home/gouzi/obstacle_race_src/install/apriltag_msgs/share/apriltag_msgs/package.ps1'
[0.999s] INFO:colcon.colcon_core.shell:Creating package descriptor '/home/gouzi/obstacle_race_src/install/apriltag_msgs/share/apriltag_msgs/package.dsv'
[1.000s] INFO:colcon.colcon_core.shell:Creating package script '/home/gouzi/obstacle_race_src/install/apriltag_msgs/share/apriltag_msgs/package.sh'
[1.000s] INFO:colcon.colcon_core.shell:Creating package script '/home/gouzi/obstacle_race_src/install/apriltag_msgs/share/apriltag_msgs/package.bash'
[1.001s] INFO:colcon.colcon_core.shell:Creating package script '/home/gouzi/obstacle_race_src/install/apriltag_msgs/share/apriltag_msgs/package.zsh'
[1.001s] Level 1:colcon.colcon_core.environment:create_file_with_runtime_dependencies(/home/gouzi/obstacle_race_src/install/apriltag_msgs/share/colcon-core/packages/apriltag_msgs)
[1.002s] Level 1:colcon.colcon_core.environment:create_environment_scripts_only(apriltag_msgs)
[1.002s] Level 1:colcon.colcon_core.environment:checking '/home/gouzi/obstacle_race_src/install/apriltag_msgs' for CMake module files
[1.003s] Level 1:colcon.colcon_core.environment:checking '/home/gouzi/obstacle_race_src/install/apriltag_msgs' for CMake config files
[1.003s] Level 1:colcon.colcon_core.shell:create_environment_hook('apriltag_msgs', 'cmake_prefix_path')
[1.003s] INFO:colcon.colcon_core.shell:Creating environment hook '/home/gouzi/obstacle_race_src/install/apriltag_msgs/share/apriltag_msgs/hook/cmake_prefix_path.ps1'
[1.004s] INFO:colcon.colcon_core.shell:Creating environment descriptor '/home/gouzi/obstacle_race_src/install/apriltag_msgs/share/apriltag_msgs/hook/cmake_prefix_path.dsv'
[1.004s] INFO:colcon.colcon_core.shell:Creating environment hook '/home/gouzi/obstacle_race_src/install/apriltag_msgs/share/apriltag_msgs/hook/cmake_prefix_path.sh'
[1.005s] Level 1:colcon.colcon_core.environment:checking '/home/gouzi/obstacle_race_src/install/apriltag_msgs/lib'
[1.005s] Level 1:colcon.colcon_core.shell:create_environment_hook('apriltag_msgs', 'ld_library_path_lib')
[1.005s] INFO:colcon.colcon_core.shell:Creating environment hook '/home/gouzi/obstacle_race_src/install/apriltag_msgs/share/apriltag_msgs/hook/ld_library_path_lib.ps1'
[1.006s] INFO:colcon.colcon_core.shell:Creating environment descriptor '/home/gouzi/obstacle_race_src/install/apriltag_msgs/share/apriltag_msgs/hook/ld_library_path_lib.dsv'
[1.006s] INFO:colcon.colcon_core.shell:Creating environment hook '/home/gouzi/obstacle_race_src/install/apriltag_msgs/share/apriltag_msgs/hook/ld_library_path_lib.sh'
[1.006s] Level 1:colcon.colcon_core.environment:checking '/home/gouzi/obstacle_race_src/install/apriltag_msgs/bin'
[1.006s] Level 1:colcon.colcon_core.environment:checking '/home/gouzi/obstacle_race_src/install/apriltag_msgs/lib/pkgconfig/apriltag_msgs.pc'
[1.007s] Level 1:colcon.colcon_core.environment:checking '/home/gouzi/obstacle_race_src/install/apriltag_msgs/lib/python3.10/site-packages'
[1.007s] Level 1:colcon.colcon_core.environment:checking '/home/gouzi/obstacle_race_src/install/apriltag_msgs/bin'
[1.008s] INFO:colcon.colcon_core.shell:Creating package script '/home/gouzi/obstacle_race_src/install/apriltag_msgs/share/apriltag_msgs/package.ps1'
[1.009s] INFO:colcon.colcon_core.shell:Creating package descriptor '/home/gouzi/obstacle_race_src/install/apriltag_msgs/share/apriltag_msgs/package.dsv'
[1.009s] INFO:colcon.colcon_core.shell:Creating package script '/home/gouzi/obstacle_race_src/install/apriltag_msgs/share/apriltag_msgs/package.sh'
[1.010s] INFO:colcon.colcon_core.shell:Creating package script '/home/gouzi/obstacle_race_src/install/apriltag_msgs/share/apriltag_msgs/package.bash'
[1.010s] INFO:colcon.colcon_core.shell:Creating package script '/home/gouzi/obstacle_race_src/install/apriltag_msgs/share/apriltag_msgs/package.zsh'
[1.011s] Level 1:colcon.colcon_core.environment:create_file_with_runtime_dependencies(/home/gouzi/obstacle_race_src/install/apriltag_msgs/share/colcon-core/packages/apriltag_msgs)
[1.011s] INFO:colcon.colcon_ros.task.ament_cmake.build:Building ROS package in '/home/gouzi/obstacle_race_src/src/apriltag_ros' with build type 'ament_cmake'
[1.012s] INFO:colcon.colcon_cmake.task.cmake.build:Building CMake package in '/home/gouzi/obstacle_race_src/src/apriltag_ros'
[1.012s] INFO:colcon.colcon_core.shell:Skip shell extension 'powershell' for command environment: Not usable outside of PowerShell
[1.012s] DEBUG:colcon.colcon_core.shell:Skip shell extension 'dsv' for command environment
[1.016s] DEBUG:colcon.colcon_core.event_handler.log_command:Invoked command in '/home/gouzi/obstacle_race_src/build/livox_ros_driver2' returned '0': CMAKE_PREFIX_PATH=${CMAKE_PREFIX_PATH}:/home/gouzi/obstacle_race_src/install/auto_nav_pkg:/opt/ros/humble /usr/bin/cmake --build /home/gouzi/obstacle_race_src/build/livox_ros_driver2 -- -j8 -l8
[1.019s] DEBUG:colcon.colcon_core.event_handler.log_command:Invoking command in '/home/gouzi/obstacle_race_src/build/livox_ros_driver2': CMAKE_PREFIX_PATH=${CMAKE_PREFIX_PATH}:/home/gouzi/obstacle_race_src/install/auto_nav_pkg:/opt/ros/humble /usr/bin/cmake --install /home/gouzi/obstacle_race_src/build/livox_ros_driver2
[1.024s] DEBUG:colcon.colcon_core.event_handler.log_command:Invoking command in '/home/gouzi/obstacle_race_src/build/apriltag_ros': CMAKE_PREFIX_PATH=/home/gouzi/obstacle_race_src/install/apriltag_msgs:/home/gouzi/obstacle_race_src/install/realsense2_description:/home/gouzi/obstacle_race_src/install/realsense2_camera:/home/gouzi/obstacle_race_src/install/realsense2_camera_msgs:/home/gouzi/obstacle_race_src/install/quadruped_step_mapper:/home/gouzi/obstacle_race_src/install/point_lio:/home/gouzi/obstacle_race_src/install/livox_ros_driver2:/home/gouzi/obstacle_race_src/install/apriltag_ros:/home/gouzi/obstacle_race_src/install/auto_nav_pkg:/opt/ros/humble LD_LIBRARY_PATH=/home/gouzi/obstacle_race_src/install/apriltag_msgs/lib:/home/gouzi/obstacle_race_src/install/realsense2_camera/lib:/home/gouzi/obstacle_race_src/install/realsense2_camera_msgs/lib:/home/gouzi/obstacle_race_src/install/livox_ros_driver2/lib:/home/gouzi/obstacle_race_src/install/apriltag_ros/lib:/opt/ros/humble/opt/rviz_ogre_vendor/lib:/opt/ros/humble/lib/x86_64-linux-gnu:/opt/ros/humble/lib /usr/bin/cmake --build /home/gouzi/obstacle_race_src/build/apriltag_ros -- -j8 -l8
[1.024s] DEBUG:colcon.colcon_core.event_handler.log_command:Invoked command in '/home/gouzi/obstacle_race_src/build/realsense2_camera_msgs' returned '0': CMAKE_PREFIX_PATH=${CMAKE_PREFIX_PATH}:/home/gouzi/obstacle_race_src/install/auto_nav_pkg:/opt/ros/humble /usr/bin/cmake --build /home/gouzi/obstacle_race_src/build/realsense2_camera_msgs -- -j8 -l8
[1.025s] DEBUG:colcon.colcon_core.event_handler.log_command:Invoking command in '/home/gouzi/obstacle_race_src/build/realsense2_camera_msgs': CMAKE_PREFIX_PATH=${CMAKE_PREFIX_PATH}:/home/gouzi/obstacle_race_src/install/auto_nav_pkg:/opt/ros/humble /usr/bin/cmake --install /home/gouzi/obstacle_race_src/build/realsense2_camera_msgs
[1.090s] Level 1:colcon.colcon_core.environment:create_environment_scripts_only(livox_ros_driver2)
[1.090s] Level 1:colcon.colcon_core.environment:checking '/home/gouzi/obstacle_race_src/install/livox_ros_driver2' for CMake module files
[1.094s] Level 1:colcon.colcon_core.environment:checking '/home/gouzi/obstacle_race_src/install/livox_ros_driver2' for CMake config files
[1.095s] DEBUG:colcon.colcon_core.event_handler.log_command:Invoked command in '/home/gouzi/obstacle_race_src/build/livox_ros_driver2' returned '0': CMAKE_PREFIX_PATH=${CMAKE_PREFIX_PATH}:/home/gouzi/obstacle_race_src/install/auto_nav_pkg:/opt/ros/humble /usr/bin/cmake --install /home/gouzi/obstacle_race_src/build/livox_ros_driver2
[1.098s] Level 1:colcon.colcon_core.shell:create_environment_hook('livox_ros_driver2', 'cmake_prefix_path')
[1.098s] INFO:colcon.colcon_core.shell:Creating environment hook '/home/gouzi/obstacle_race_src/install/livox_ros_driver2/share/livox_ros_driver2/hook/cmake_prefix_path.ps1'
[1.100s] INFO:colcon.colcon_core.shell:Creating environment descriptor '/home/gouzi/obstacle_race_src/install/livox_ros_driver2/share/livox_ros_driver2/hook/cmake_prefix_path.dsv'
[1.101s] INFO:colcon.colcon_core.shell:Creating environment hook '/home/gouzi/obstacle_race_src/install/livox_ros_driver2/share/livox_ros_driver2/hook/cmake_prefix_path.sh'
[1.102s] Level 1:colcon.colcon_core.environment:checking '/home/gouzi/obstacle_race_src/install/livox_ros_driver2/lib'
[1.102s] Level 1:colcon.colcon_core.shell:create_environment_hook('livox_ros_driver2', 'ld_library_path_lib')
[1.102s] INFO:colcon.colcon_core.shell:Creating environment hook '/home/gouzi/obstacle_race_src/install/livox_ros_driver2/share/livox_ros_driver2/hook/ld_library_path_lib.ps1'
[1.103s] INFO:colcon.colcon_core.shell:Creating environment descriptor '/home/gouzi/obstacle_race_src/install/livox_ros_driver2/share/livox_ros_driver2/hook/ld_library_path_lib.dsv'
[1.103s] INFO:colcon.colcon_core.shell:Creating environment hook '/home/gouzi/obstacle_race_src/install/livox_ros_driver2/share/livox_ros_driver2/hook/ld_library_path_lib.sh'
[1.104s] Level 1:colcon.colcon_core.environment:checking '/home/gouzi/obstacle_race_src/install/livox_ros_driver2/bin'
[1.104s] Level 1:colcon.colcon_core.environment:checking '/home/gouzi/obstacle_race_src/install/livox_ros_driver2/lib/pkgconfig/livox_ros_driver2.pc'
[1.104s] Level 1:colcon.colcon_core.environment:checking '/home/gouzi/obstacle_race_src/install/livox_ros_driver2/lib/python3.10/site-packages'
[1.104s] Level 1:colcon.colcon_core.environment:checking '/home/gouzi/obstacle_race_src/install/livox_ros_driver2/bin'
[1.105s] INFO:colcon.colcon_core.shell:Creating package script '/home/gouzi/obstacle_race_src/install/livox_ros_driver2/share/livox_ros_driver2/package.ps1'
[1.106s] INFO:colcon.colcon_core.shell:Creating package descriptor '/home/gouzi/obstacle_race_src/install/livox_ros_driver2/share/livox_ros_driver2/package.dsv'
[1.106s] INFO:colcon.colcon_core.shell:Creating package script '/home/gouzi/obstacle_race_src/install/livox_ros_driver2/share/livox_ros_driver2/package.sh'
[1.106s] INFO:colcon.colcon_core.shell:Creating package script '/home/gouzi/obstacle_race_src/install/livox_ros_driver2/share/livox_ros_driver2/package.bash'
[1.107s] INFO:colcon.colcon_core.shell:Creating package script '/home/gouzi/obstacle_race_src/install/livox_ros_driver2/share/livox_ros_driver2/package.zsh'
[1.107s] Level 1:colcon.colcon_core.environment:create_file_with_runtime_dependencies(/home/gouzi/obstacle_race_src/install/livox_ros_driver2/share/colcon-core/packages/livox_ros_driver2)
[1.107s] Level 1:colcon.colcon_core.environment:create_environment_scripts_only(livox_ros_driver2)
[1.108s] Level 1:colcon.colcon_core.environment:checking '/home/gouzi/obstacle_race_src/install/livox_ros_driver2' for CMake module files
[1.108s] Level 1:colcon.colcon_core.environment:checking '/home/gouzi/obstacle_race_src/install/livox_ros_driver2' for CMake config files
[1.108s] Level 1:colcon.colcon_core.shell:create_environment_hook('livox_ros_driver2', 'cmake_prefix_path')
[1.108s] INFO:colcon.colcon_core.shell:Creating environment hook '/home/gouzi/obstacle_race_src/install/livox_ros_driver2/share/livox_ros_driver2/hook/cmake_prefix_path.ps1'
[1.109s] INFO:colcon.colcon_core.shell:Creating environment descriptor '/home/gouzi/obstacle_race_src/install/livox_ros_driver2/share/livox_ros_driver2/hook/cmake_prefix_path.dsv'
[1.109s] INFO:colcon.colcon_core.shell:Creating environment hook '/home/gouzi/obstacle_race_src/install/livox_ros_driver2/share/livox_ros_driver2/hook/cmake_prefix_path.sh'
[1.109s] Level 1:colcon.colcon_core.environment:checking '/home/gouzi/obstacle_race_src/install/livox_ros_driver2/lib'
[1.110s] Level 1:colcon.colcon_core.shell:create_environment_hook('livox_ros_driver2', 'ld_library_path_lib')
[1.110s] INFO:colcon.colcon_core.shell:Creating environment hook '/home/gouzi/obstacle_race_src/install/livox_ros_driver2/share/livox_ros_driver2/hook/ld_library_path_lib.ps1'
[1.110s] INFO:colcon.colcon_core.shell:Creating environment descriptor '/home/gouzi/obstacle_race_src/install/livox_ros_driver2/share/livox_ros_driver2/hook/ld_library_path_lib.dsv'
[1.111s] INFO:colcon.colcon_core.shell:Creating environment hook '/home/gouzi/obstacle_race_src/install/livox_ros_driver2/share/livox_ros_driver2/hook/ld_library_path_lib.sh'
[1.111s] Level 1:colcon.colcon_core.environment:checking '/home/gouzi/obstacle_race_src/install/livox_ros_driver2/bin'
[1.111s] Level 1:colcon.colcon_core.environment:checking '/home/gouzi/obstacle_race_src/install/livox_ros_driver2/lib/pkgconfig/livox_ros_driver2.pc'
[1.111s] Level 1:colcon.colcon_core.environment:checking '/home/gouzi/obstacle_race_src/install/livox_ros_driver2/lib/python3.10/site-packages'
[1.111s] Level 1:colcon.colcon_core.environment:checking '/home/gouzi/obstacle_race_src/install/livox_ros_driver2/bin'
[1.112s] INFO:colcon.colcon_core.shell:Creating package script '/home/gouzi/obstacle_race_src/install/livox_ros_driver2/share/livox_ros_driver2/package.ps1'
[1.112s] INFO:colcon.colcon_core.shell:Creating package descriptor '/home/gouzi/obstacle_race_src/install/livox_ros_driver2/share/livox_ros_driver2/package.dsv'
[1.112s] INFO:colcon.colcon_core.shell:Creating package script '/home/gouzi/obstacle_race_src/install/livox_ros_driver2/share/livox_ros_driver2/package.sh'
[1.113s] INFO:colcon.colcon_core.shell:Creating package script '/home/gouzi/obstacle_race_src/install/livox_ros_driver2/share/livox_ros_driver2/package.bash'
[1.113s] INFO:colcon.colcon_core.shell:Creating package script '/home/gouzi/obstacle_race_src/install/livox_ros_driver2/share/livox_ros_driver2/package.zsh'
[1.114s] Level 1:colcon.colcon_core.environment:create_file_with_runtime_dependencies(/home/gouzi/obstacle_race_src/install/livox_ros_driver2/share/colcon-core/packages/livox_ros_driver2)
[1.114s] Level 1:colcon.colcon_core.environment:create_environment_scripts_only(realsense2_camera_msgs)
[1.115s] Level 1:colcon.colcon_core.environment:checking '/home/gouzi/obstacle_race_src/install/realsense2_camera_msgs' for CMake module files
[1.115s] DEBUG:colcon.colcon_core.event_handler.log_command:Invoked command in '/home/gouzi/obstacle_race_src/build/realsense2_camera_msgs' returned '0': CMAKE_PREFIX_PATH=${CMAKE_PREFIX_PATH}:/home/gouzi/obstacle_race_src/install/auto_nav_pkg:/opt/ros/humble /usr/bin/cmake --install /home/gouzi/obstacle_race_src/build/realsense2_camera_msgs
[1.116s] Level 1:colcon.colcon_core.environment:checking '/home/gouzi/obstacle_race_src/install/realsense2_camera_msgs' for CMake config files
[1.116s] Level 1:colcon.colcon_core.shell:create_environment_hook('realsense2_camera_msgs', 'cmake_prefix_path')
[1.116s] INFO:colcon.colcon_core.shell:Creating environment hook '/home/gouzi/obstacle_race_src/install/realsense2_camera_msgs/share/realsense2_camera_msgs/hook/cmake_prefix_path.ps1'
[1.117s] INFO:colcon.colcon_core.shell:Creating environment descriptor '/home/gouzi/obstacle_race_src/install/realsense2_camera_msgs/share/realsense2_camera_msgs/hook/cmake_prefix_path.dsv'
[1.117s] INFO:colcon.colcon_core.shell:Creating environment hook '/home/gouzi/obstacle_race_src/install/realsense2_camera_msgs/share/realsense2_camera_msgs/hook/cmake_prefix_path.sh'
[1.118s] Level 1:colcon.colcon_core.environment:checking '/home/gouzi/obstacle_race_src/install/realsense2_camera_msgs/lib'
[1.118s] Level 1:colcon.colcon_core.shell:create_environment_hook('realsense2_camera_msgs', 'ld_library_path_lib')
[1.118s] INFO:colcon.colcon_core.shell:Creating environment hook '/home/gouzi/obstacle_race_src/install/realsense2_camera_msgs/share/realsense2_camera_msgs/hook/ld_library_path_lib.ps1'
[1.119s] INFO:colcon.colcon_core.shell:Creating environment descriptor '/home/gouzi/obstacle_race_src/install/realsense2_camera_msgs/share/realsense2_camera_msgs/hook/ld_library_path_lib.dsv'
[1.119s] INFO:colcon.colcon_core.shell:Creating environment hook '/home/gouzi/obstacle_race_src/install/realsense2_camera_msgs/share/realsense2_camera_msgs/hook/ld_library_path_lib.sh'
[1.119s] Level 1:colcon.colcon_core.environment:checking '/home/gouzi/obstacle_race_src/install/realsense2_camera_msgs/bin'
[1.119s] Level 1:colcon.colcon_core.environment:checking '/home/gouzi/obstacle_race_src/install/realsense2_camera_msgs/lib/pkgconfig/realsense2_camera_msgs.pc'
[1.119s] Level 1:colcon.colcon_core.environment:checking '/home/gouzi/obstacle_race_src/install/realsense2_camera_msgs/lib/python3.10/site-packages'
[1.120s] Level 1:colcon.colcon_core.environment:checking '/home/gouzi/obstacle_race_src/install/realsense2_camera_msgs/bin'
[1.120s] INFO:colcon.colcon_core.shell:Creating package script '/home/gouzi/obstacle_race_src/install/realsense2_camera_msgs/share/realsense2_camera_msgs/package.ps1'
[1.120s] INFO:colcon.colcon_core.shell:Creating package descriptor '/home/gouzi/obstacle_race_src/install/realsense2_camera_msgs/share/realsense2_camera_msgs/package.dsv'
[1.121s] INFO:colcon.colcon_core.shell:Creating package script '/home/gouzi/obstacle_race_src/install/realsense2_camera_msgs/share/realsense2_camera_msgs/package.sh'
[1.121s] INFO:colcon.colcon_core.shell:Creating package script '/home/gouzi/obstacle_race_src/install/realsense2_camera_msgs/share/realsense2_camera_msgs/package.bash'
[1.121s] INFO:colcon.colcon_core.shell:Creating package script '/home/gouzi/obstacle_race_src/install/realsense2_camera_msgs/share/realsense2_camera_msgs/package.zsh'
[1.121s] Level 1:colcon.colcon_core.environment:create_file_with_runtime_dependencies(/home/gouzi/obstacle_race_src/install/realsense2_camera_msgs/share/colcon-core/packages/realsense2_camera_msgs)
[1.122s] Level 1:colcon.colcon_core.environment:create_environment_scripts_only(realsense2_camera_msgs)
[1.122s] Level 1:colcon.colcon_core.environment:checking '/home/gouzi/obstacle_race_src/install/realsense2_camera_msgs' for CMake module files
[1.123s] Level 1:colcon.colcon_core.environment:checking '/home/gouzi/obstacle_race_src/install/realsense2_camera_msgs' for CMake config files
[1.123s] Level 1:colcon.colcon_core.shell:create_environment_hook('realsense2_camera_msgs', 'cmake_prefix_path')
[1.123s] INFO:colcon.colcon_core.shell:Creating environment hook '/home/gouzi/obstacle_race_src/install/realsense2_camera_msgs/share/realsense2_camera_msgs/hook/cmake_prefix_path.ps1'
[1.123s] INFO:colcon.colcon_core.shell:Creating environment descriptor '/home/gouzi/obstacle_race_src/install/realsense2_camera_msgs/share/realsense2_camera_msgs/hook/cmake_prefix_path.dsv'
[1.123s] INFO:colcon.colcon_core.shell:Creating environment hook '/home/gouzi/obstacle_race_src/install/realsense2_camera_msgs/share/realsense2_camera_msgs/hook/cmake_prefix_path.sh'
[1.124s] Level 1:colcon.colcon_core.environment:checking '/home/gouzi/obstacle_race_src/install/realsense2_camera_msgs/lib'
[1.124s] Level 1:colcon.colcon_core.shell:create_environment_hook('realsense2_camera_msgs', 'ld_library_path_lib')
[1.124s] INFO:colcon.colcon_core.shell:Creating environment hook '/home/gouzi/obstacle_race_src/install/realsense2_camera_msgs/share/realsense2_camera_msgs/hook/ld_library_path_lib.ps1'
[1.124s] INFO:colcon.colcon_core.shell:Creating environment descriptor '/home/gouzi/obstacle_race_src/install/realsense2_camera_msgs/share/realsense2_camera_msgs/hook/ld_library_path_lib.dsv'
[1.125s] INFO:colcon.colcon_core.shell:Creating environment hook '/home/gouzi/obstacle_race_src/install/realsense2_camera_msgs/share/realsense2_camera_msgs/hook/ld_library_path_lib.sh'
[1.125s] Level 1:colcon.colcon_core.environment:checking '/home/gouzi/obstacle_race_src/install/realsense2_camera_msgs/bin'
[1.125s] Level 1:colcon.colcon_core.environment:checking '/home/gouzi/obstacle_race_src/install/realsense2_camera_msgs/lib/pkgconfig/realsense2_camera_msgs.pc'
[1.125s] Level 1:colcon.colcon_core.environment:checking '/home/gouzi/obstacle_race_src/install/realsense2_camera_msgs/lib/python3.10/site-packages'
[1.126s] Level 1:colcon.colcon_core.environment:checking '/home/gouzi/obstacle_race_src/install/realsense2_camera_msgs/bin'
[1.127s] INFO:colcon.colcon_core.shell:Creating package script '/home/gouzi/obstacle_race_src/install/realsense2_camera_msgs/share/realsense2_camera_msgs/package.ps1'
[1.128s] INFO:colcon.colcon_core.shell:Creating package descriptor '/home/gouzi/obstacle_race_src/install/realsense2_camera_msgs/share/realsense2_camera_msgs/package.dsv'
[1.129s] INFO:colcon.colcon_core.shell:Creating package script '/home/gouzi/obstacle_race_src/install/realsense2_camera_msgs/share/realsense2_camera_msgs/package.sh'
[1.129s] INFO:colcon.colcon_core.shell:Creating package script '/home/gouzi/obstacle_race_src/install/realsense2_camera_msgs/share/realsense2_camera_msgs/package.bash'
[1.129s] INFO:colcon.colcon_core.shell:Creating package script '/home/gouzi/obstacle_race_src/install/realsense2_camera_msgs/share/realsense2_camera_msgs/package.zsh'
[1.130s] Level 1:colcon.colcon_core.environment:create_file_with_runtime_dependencies(/home/gouzi/obstacle_race_src/install/realsense2_camera_msgs/share/colcon-core/packages/realsense2_camera_msgs)
[1.130s] INFO:colcon.colcon_ros.task.ament_cmake.build:Building ROS package in '/home/gouzi/obstacle_race_src/src/realsense-ros/realsense2_camera' with build type 'ament_cmake'
[1.130s] INFO:colcon.colcon_cmake.task.cmake.build:Building CMake package in '/home/gouzi/obstacle_race_src/src/realsense-ros/realsense2_camera'
[1.130s] INFO:colcon.colcon_core.shell:Skip shell extension 'powershell' for command environment: Not usable outside of PowerShell
[1.130s] DEBUG:colcon.colcon_core.shell:Skip shell extension 'dsv' for command environment
[1.133s] INFO:colcon.colcon_ros.task.ament_cmake.build:Building ROS package in '/home/gouzi/obstacle_race_src/src/realsense-ros/realsense2_description' with build type 'ament_cmake'
[1.133s] INFO:colcon.colcon_cmake.task.cmake.build:Building CMake package in '/home/gouzi/obstacle_race_src/src/realsense-ros/realsense2_description'
[1.133s] INFO:colcon.colcon_core.shell:Skip shell extension 'powershell' for command environment: Not usable outside of PowerShell
[1.133s] DEBUG:colcon.colcon_core.shell:Skip shell extension 'dsv' for command environment
[1.143s] DEBUG:colcon.colcon_core.event_handler.log_command:Invoking command in '/home/gouzi/obstacle_race_src/build/realsense2_camera': CMAKE_PREFIX_PATH=/home/gouzi/obstacle_race_src/install/realsense2_camera_msgs:/home/gouzi/obstacle_race_src/install/realsense2_description:/home/gouzi/obstacle_race_src/install/realsense2_camera:/home/gouzi/obstacle_race_src/install/quadruped_step_mapper:/home/gouzi/obstacle_race_src/install/point_lio:/home/gouzi/obstacle_race_src/install/livox_ros_driver2:/home/gouzi/obstacle_race_src/install/apriltag_ros:/home/gouzi/obstacle_race_src/install/apriltag_msgs:/home/gouzi/obstacle_race_src/install/auto_nav_pkg:/opt/ros/humble LD_LIBRARY_PATH=/home/gouzi/obstacle_race_src/install/realsense2_camera_msgs/lib:/home/gouzi/obstacle_race_src/install/realsense2_camera/lib:/home/gouzi/obstacle_race_src/install/livox_ros_driver2/lib:/home/gouzi/obstacle_race_src/install/apriltag_ros/lib:/home/gouzi/obstacle_race_src/install/apriltag_msgs/lib:/opt/ros/humble/opt/rviz_ogre_vendor/lib:/opt/ros/humble/lib/x86_64-linux-gnu:/opt/ros/humble/lib /usr/bin/cmake --build /home/gouzi/obstacle_race_src/build/realsense2_camera -- -j8 -l8
[1.146s] DEBUG:colcon.colcon_core.event_handler.log_command:Invoking command in '/home/gouzi/obstacle_race_src/build/realsense2_description': CMAKE_PREFIX_PATH=/home/gouzi/obstacle_race_src/install/realsense2_camera_msgs:/home/gouzi/obstacle_race_src/install/realsense2_description:/home/gouzi/obstacle_race_src/install/realsense2_camera:/home/gouzi/obstacle_race_src/install/quadruped_step_mapper:/home/gouzi/obstacle_race_src/install/point_lio:/home/gouzi/obstacle_race_src/install/livox_ros_driver2:/home/gouzi/obstacle_race_src/install/apriltag_ros:/home/gouzi/obstacle_race_src/install/apriltag_msgs:/home/gouzi/obstacle_race_src/install/auto_nav_pkg:/opt/ros/humble LD_LIBRARY_PATH=/home/gouzi/obstacle_race_src/install/realsense2_camera_msgs/lib:/home/gouzi/obstacle_race_src/install/realsense2_camera/lib:/home/gouzi/obstacle_race_src/install/livox_ros_driver2/lib:/home/gouzi/obstacle_race_src/install/apriltag_ros/lib:/home/gouzi/obstacle_race_src/install/apriltag_msgs/lib:/opt/ros/humble/opt/rviz_ogre_vendor/lib:/opt/ros/humble/lib/x86_64-linux-gnu:/opt/ros/humble/lib /usr/bin/cmake --build /home/gouzi/obstacle_race_src/build/realsense2_description -- -j8 -l8
[1.154s] DEBUG:colcon.colcon_core.event_handler.log_command:Invoked command in '/home/gouzi/obstacle_race_src/build/apriltag_ros' returned '0': CMAKE_PREFIX_PATH=/home/gouzi/obstacle_race_src/install/apriltag_msgs:/home/gouzi/obstacle_race_src/install/realsense2_description:/home/gouzi/obstacle_race_src/install/realsense2_camera:/home/gouzi/obstacle_race_src/install/realsense2_camera_msgs:/home/gouzi/obstacle_race_src/install/quadruped_step_mapper:/home/gouzi/obstacle_race_src/install/point_lio:/home/gouzi/obstacle_race_src/install/livox_ros_driver2:/home/gouzi/obstacle_race_src/install/apriltag_ros:/home/gouzi/obstacle_race_src/install/auto_nav_pkg:/opt/ros/humble LD_LIBRARY_PATH=/home/gouzi/obstacle_race_src/install/apriltag_msgs/lib:/home/gouzi/obstacle_race_src/install/realsense2_camera/lib:/home/gouzi/obstacle_race_src/install/realsense2_camera_msgs/lib:/home/gouzi/obstacle_race_src/install/livox_ros_driver2/lib:/home/gouzi/obstacle_race_src/install/apriltag_ros/lib:/opt/ros/humble/opt/rviz_ogre_vendor/lib:/opt/ros/humble/lib/x86_64-linux-gnu:/opt/ros/humble/lib /usr/bin/cmake --build /home/gouzi/obstacle_race_src/build/apriltag_ros -- -j8 -l8
[1.157s] DEBUG:colcon.colcon_core.event_handler.log_command:Invoking command in '/home/gouzi/obstacle_race_src/build/apriltag_ros': CMAKE_PREFIX_PATH=/home/gouzi/obstacle_race_src/install/apriltag_msgs:/home/gouzi/obstacle_race_src/install/realsense2_description:/home/gouzi/obstacle_race_src/install/realsense2_camera:/home/gouzi/obstacle_race_src/install/realsense2_camera_msgs:/home/gouzi/obstacle_race_src/install/quadruped_step_mapper:/home/gouzi/obstacle_race_src/install/point_lio:/home/gouzi/obstacle_race_src/install/livox_ros_driver2:/home/gouzi/obstacle_race_src/install/apriltag_ros:/home/gouzi/obstacle_race_src/install/auto_nav_pkg:/opt/ros/humble LD_LIBRARY_PATH=/home/gouzi/obstacle_race_src/install/apriltag_msgs/lib:/home/gouzi/obstacle_race_src/install/realsense2_camera/lib:/home/gouzi/obstacle_race_src/install/realsense2_camera_msgs/lib:/home/gouzi/obstacle_race_src/install/livox_ros_driver2/lib:/home/gouzi/obstacle_race_src/install/apriltag_ros/lib:/opt/ros/humble/opt/rviz_ogre_vendor/lib:/opt/ros/humble/lib/x86_64-linux-gnu:/opt/ros/humble/lib /usr/bin/cmake --install /home/gouzi/obstacle_race_src/build/apriltag_ros
[1.178s] Level 1:colcon.colcon_core.environment:create_environment_scripts_only(apriltag_ros)
[1.179s] Level 1:colcon.colcon_core.environment:checking '/home/gouzi/obstacle_race_src/install/apriltag_ros' for CMake module files
[1.179s] DEBUG:colcon.colcon_core.event_handler.log_command:Invoked command in '/home/gouzi/obstacle_race_src/build/apriltag_ros' returned '0': CMAKE_PREFIX_PATH=/home/gouzi/obstacle_race_src/install/apriltag_msgs:/home/gouzi/obstacle_race_src/install/realsense2_description:/home/gouzi/obstacle_race_src/install/realsense2_camera:/home/gouzi/obstacle_race_src/install/realsense2_camera_msgs:/home/gouzi/obstacle_race_src/install/quadruped_step_mapper:/home/gouzi/obstacle_race_src/install/point_lio:/home/gouzi/obstacle_race_src/install/livox_ros_driver2:/home/gouzi/obstacle_race_src/install/apriltag_ros:/home/gouzi/obstacle_race_src/install/auto_nav_pkg:/opt/ros/humble LD_LIBRARY_PATH=/home/gouzi/obstacle_race_src/install/apriltag_msgs/lib:/home/gouzi/obstacle_race_src/install/realsense2_camera/lib:/home/gouzi/obstacle_race_src/install/realsense2_camera_msgs/lib:/home/gouzi/obstacle_race_src/install/livox_ros_driver2/lib:/home/gouzi/obstacle_race_src/install/apriltag_ros/lib:/opt/ros/humble/opt/rviz_ogre_vendor/lib:/opt/ros/humble/lib/x86_64-linux-gnu:/opt/ros/humble/lib /usr/bin/cmake --install /home/gouzi/obstacle_race_src/build/apriltag_ros
[1.180s] Level 1:colcon.colcon_core.environment:checking '/home/gouzi/obstacle_race_src/install/apriltag_ros' for CMake config files
[1.180s] Level 1:colcon.colcon_core.shell:create_environment_hook('apriltag_ros', 'cmake_prefix_path')
[1.180s] INFO:colcon.colcon_core.shell:Creating environment hook '/home/gouzi/obstacle_race_src/install/apriltag_ros/share/apriltag_ros/hook/cmake_prefix_path.ps1'
[1.182s] INFO:colcon.colcon_core.shell:Creating environment descriptor '/home/gouzi/obstacle_race_src/install/apriltag_ros/share/apriltag_ros/hook/cmake_prefix_path.dsv'
[1.182s] INFO:colcon.colcon_core.shell:Creating environment hook '/home/gouzi/obstacle_race_src/install/apriltag_ros/share/apriltag_ros/hook/cmake_prefix_path.sh'
[1.183s] Level 1:colcon.colcon_core.environment:checking '/home/gouzi/obstacle_race_src/install/apriltag_ros/lib'
[1.183s] Level 1:colcon.colcon_core.shell:create_environment_hook('apriltag_ros', 'ld_library_path_lib')
[1.184s] INFO:colcon.colcon_core.shell:Creating environment hook '/home/gouzi/obstacle_race_src/install/apriltag_ros/share/apriltag_ros/hook/ld_library_path_lib.ps1'
[1.184s] INFO:colcon.colcon_core.shell:Creating environment descriptor '/home/gouzi/obstacle_race_src/install/apriltag_ros/share/apriltag_ros/hook/ld_library_path_lib.dsv'
[1.185s] INFO:colcon.colcon_core.shell:Creating environment hook '/home/gouzi/obstacle_race_src/install/apriltag_ros/share/apriltag_ros/hook/ld_library_path_lib.sh'
[1.185s] Level 1:colcon.colcon_core.environment:checking '/home/gouzi/obstacle_race_src/install/apriltag_ros/bin'
[1.185s] Level 1:colcon.colcon_core.environment:checking '/home/gouzi/obstacle_race_src/install/apriltag_ros/lib/pkgconfig/apriltag_ros.pc'
[1.186s] Level 1:colcon.colcon_core.environment:checking '/home/gouzi/obstacle_race_src/install/apriltag_ros/lib/python3.10/site-packages'
[1.186s] Level 1:colcon.colcon_core.environment:checking '/home/gouzi/obstacle_race_src/install/apriltag_ros/bin'
[1.186s] INFO:colcon.colcon_core.shell:Creating package script '/home/gouzi/obstacle_race_src/install/apriltag_ros/share/apriltag_ros/package.ps1'
[1.187s] INFO:colcon.colcon_core.shell:Creating package descriptor '/home/gouzi/obstacle_race_src/install/apriltag_ros/share/apriltag_ros/package.dsv'
[1.187s] INFO:colcon.colcon_core.shell:Creating package script '/home/gouzi/obstacle_race_src/install/apriltag_ros/share/apriltag_ros/package.sh'
[1.187s] INFO:colcon.colcon_core.shell:Creating package script '/home/gouzi/obstacle_race_src/install/apriltag_ros/share/apriltag_ros/package.bash'
[1.188s] INFO:colcon.colcon_core.shell:Creating package script '/home/gouzi/obstacle_race_src/install/apriltag_ros/share/apriltag_ros/package.zsh'
[1.188s] Level 1:colcon.colcon_core.environment:create_file_with_runtime_dependencies(/home/gouzi/obstacle_race_src/install/apriltag_ros/share/colcon-core/packages/apriltag_ros)
[1.189s] Level 1:colcon.colcon_core.environment:create_environment_scripts_only(apriltag_ros)
[1.189s] Level 1:colcon.colcon_core.environment:checking '/home/gouzi/obstacle_race_src/install/apriltag_ros' for CMake module files
[1.189s] Level 1:colcon.colcon_core.environment:checking '/home/gouzi/obstacle_race_src/install/apriltag_ros' for CMake config files
[1.190s] Level 1:colcon.colcon_core.shell:create_environment_hook('apriltag_ros', 'cmake_prefix_path')
[1.190s] INFO:colcon.colcon_core.shell:Creating environment hook '/home/gouzi/obstacle_race_src/install/apriltag_ros/share/apriltag_ros/hook/cmake_prefix_path.ps1'
[1.191s] INFO:colcon.colcon_core.shell:Creating environment descriptor '/home/gouzi/obstacle_race_src/install/apriltag_ros/share/apriltag_ros/hook/cmake_prefix_path.dsv'
[1.191s] INFO:colcon.colcon_core.shell:Creating environment hook '/home/gouzi/obstacle_race_src/install/apriltag_ros/share/apriltag_ros/hook/cmake_prefix_path.sh'
[1.192s] Level 1:colcon.colcon_core.environment:checking '/home/gouzi/obstacle_race_src/install/apriltag_ros/lib'
[1.192s] Level 1:colcon.colcon_core.shell:create_environment_hook('apriltag_ros', 'ld_library_path_lib')
[1.192s] INFO:colcon.colcon_core.shell:Creating environment hook '/home/gouzi/obstacle_race_src/install/apriltag_ros/share/apriltag_ros/hook/ld_library_path_lib.ps1'
[1.193s] INFO:colcon.colcon_core.shell:Creating environment descriptor '/home/gouzi/obstacle_race_src/install/apriltag_ros/share/apriltag_ros/hook/ld_library_path_lib.dsv'
[1.193s] INFO:colcon.colcon_core.shell:Creating environment hook '/home/gouzi/obstacle_race_src/install/apriltag_ros/share/apriltag_ros/hook/ld_library_path_lib.sh'
[1.193s] Level 1:colcon.colcon_core.environment:checking '/home/gouzi/obstacle_race_src/install/apriltag_ros/bin'
[1.193s] Level 1:colcon.colcon_core.environment:checking '/home/gouzi/obstacle_race_src/install/apriltag_ros/lib/pkgconfig/apriltag_ros.pc'
[1.194s] Level 1:colcon.colcon_core.environment:checking '/home/gouzi/obstacle_race_src/install/apriltag_ros/lib/python3.10/site-packages'
[1.194s] Level 1:colcon.colcon_core.environment:checking '/home/gouzi/obstacle_race_src/install/apriltag_ros/bin'
[1.194s] INFO:colcon.colcon_core.shell:Creating package script '/home/gouzi/obstacle_race_src/install/apriltag_ros/share/apriltag_ros/package.ps1'
[1.195s] INFO:colcon.colcon_core.shell:Creating package descriptor '/home/gouzi/obstacle_race_src/install/apriltag_ros/share/apriltag_ros/package.dsv'
[1.195s] INFO:colcon.colcon_core.shell:Creating package script '/home/gouzi/obstacle_race_src/install/apriltag_ros/share/apriltag_ros/package.sh'
[1.196s] INFO:colcon.colcon_core.shell:Creating package script '/home/gouzi/obstacle_race_src/install/apriltag_ros/share/apriltag_ros/package.bash'
[1.196s] INFO:colcon.colcon_core.shell:Creating package script '/home/gouzi/obstacle_race_src/install/apriltag_ros/share/apriltag_ros/package.zsh'
[1.197s] Level 1:colcon.colcon_core.environment:create_file_with_runtime_dependencies(/home/gouzi/obstacle_race_src/install/apriltag_ros/share/colcon-core/packages/apriltag_ros)
[1.199s] DEBUG:colcon.colcon_core.event_handler.log_command:Invoked command in '/home/gouzi/obstacle_race_src/build/realsense2_description' returned '0': CMAKE_PREFIX_PATH=/home/gouzi/obstacle_race_src/install/realsense2_camera_msgs:/home/gouzi/obstacle_race_src/install/realsense2_description:/home/gouzi/obstacle_race_src/install/realsense2_camera:/home/gouzi/obstacle_race_src/install/quadruped_step_mapper:/home/gouzi/obstacle_race_src/install/point_lio:/home/gouzi/obstacle_race_src/install/livox_ros_driver2:/home/gouzi/obstacle_race_src/install/apriltag_ros:/home/gouzi/obstacle_race_src/install/apriltag_msgs:/home/gouzi/obstacle_race_src/install/auto_nav_pkg:/opt/ros/humble LD_LIBRARY_PATH=/home/gouzi/obstacle_race_src/install/realsense2_camera_msgs/lib:/home/gouzi/obstacle_race_src/install/realsense2_camera/lib:/home/gouzi/obstacle_race_src/install/livox_ros_driver2/lib:/home/gouzi/obstacle_race_src/install/apriltag_ros/lib:/home/gouzi/obstacle_race_src/install/apriltag_msgs/lib:/opt/ros/humble/opt/rviz_ogre_vendor/lib:/opt/ros/humble/lib/x86_64-linux-gnu:/opt/ros/humble/lib /usr/bin/cmake --build /home/gouzi/obstacle_race_src/build/realsense2_description -- -j8 -l8
[1.200s] DEBUG:colcon.colcon_core.event_handler.log_command:Invoking command in '/home/gouzi/obstacle_race_src/build/realsense2_description': CMAKE_PREFIX_PATH=/home/gouzi/obstacle_race_src/install/realsense2_camera_msgs:/home/gouzi/obstacle_race_src/install/realsense2_description:/home/gouzi/obstacle_race_src/install/realsense2_camera:/home/gouzi/obstacle_race_src/install/quadruped_step_mapper:/home/gouzi/obstacle_race_src/install/point_lio:/home/gouzi/obstacle_race_src/install/livox_ros_driver2:/home/gouzi/obstacle_race_src/install/apriltag_ros:/home/gouzi/obstacle_race_src/install/apriltag_msgs:/home/gouzi/obstacle_race_src/install/auto_nav_pkg:/opt/ros/humble LD_LIBRARY_PATH=/home/gouzi/obstacle_race_src/install/realsense2_camera_msgs/lib:/home/gouzi/obstacle_race_src/install/realsense2_camera/lib:/home/gouzi/obstacle_race_src/install/livox_ros_driver2/lib:/home/gouzi/obstacle_race_src/install/apriltag_ros/lib:/home/gouzi/obstacle_race_src/install/apriltag_msgs/lib:/opt/ros/humble/opt/rviz_ogre_vendor/lib:/opt/ros/humble/lib/x86_64-linux-gnu:/opt/ros/humble/lib /usr/bin/cmake --install /home/gouzi/obstacle_race_src/build/realsense2_description
[1.212s] Level 1:colcon.colcon_core.environment:create_environment_scripts_only(realsense2_description)
[1.212s] Level 1:colcon.colcon_core.environment:checking '/home/gouzi/obstacle_race_src/install/realsense2_description' for CMake module files
[1.216s] DEBUG:colcon.colcon_core.event_handler.log_command:Invoked command in '/home/gouzi/obstacle_race_src/build/realsense2_description' returned '0': CMAKE_PREFIX_PATH=/home/gouzi/obstacle_race_src/install/realsense2_camera_msgs:/home/gouzi/obstacle_race_src/install/realsense2_description:/home/gouzi/obstacle_race_src/install/realsense2_camera:/home/gouzi/obstacle_race_src/install/quadruped_step_mapper:/home/gouzi/obstacle_race_src/install/point_lio:/home/gouzi/obstacle_race_src/install/livox_ros_driver2:/home/gouzi/obstacle_race_src/install/apriltag_ros:/home/gouzi/obstacle_race_src/install/apriltag_msgs:/home/gouzi/obstacle_race_src/install/auto_nav_pkg:/opt/ros/humble LD_LIBRARY_PATH=/home/gouzi/obstacle_race_src/install/realsense2_camera_msgs/lib:/home/gouzi/obstacle_race_src/install/realsense2_camera/lib:/home/gouzi/obstacle_race_src/install/livox_ros_driver2/lib:/home/gouzi/obstacle_race_src/install/apriltag_ros/lib:/home/gouzi/obstacle_race_src/install/apriltag_msgs/lib:/opt/ros/humble/opt/rviz_ogre_vendor/lib:/opt/ros/humble/lib/x86_64-linux-gnu:/opt/ros/humble/lib /usr/bin/cmake --install /home/gouzi/obstacle_race_src/build/realsense2_description
[1.216s] Level 1:colcon.colcon_core.environment:checking '/home/gouzi/obstacle_race_src/install/realsense2_description' for CMake config files
[1.216s] Level 1:colcon.colcon_core.shell:create_environment_hook('realsense2_description', 'cmake_prefix_path')
[1.217s] INFO:colcon.colcon_core.shell:Creating environment hook '/home/gouzi/obstacle_race_src/install/realsense2_description/share/realsense2_description/hook/cmake_prefix_path.ps1'
[1.217s] INFO:colcon.colcon_core.shell:Creating environment descriptor '/home/gouzi/obstacle_race_src/install/realsense2_description/share/realsense2_description/hook/cmake_prefix_path.dsv'
[1.217s] INFO:colcon.colcon_core.shell:Creating environment hook '/home/gouzi/obstacle_race_src/install/realsense2_description/share/realsense2_description/hook/cmake_prefix_path.sh'
[1.218s] Level 1:colcon.colcon_core.environment:checking '/home/gouzi/obstacle_race_src/install/realsense2_description/bin'
[1.218s] Level 1:colcon.colcon_core.environment:checking '/home/gouzi/obstacle_race_src/install/realsense2_description/lib/pkgconfig/realsense2_description.pc'
[1.218s] Level 1:colcon.colcon_core.environment:checking '/home/gouzi/obstacle_race_src/install/realsense2_description/lib/python3.10/site-packages'
[1.218s] Level 1:colcon.colcon_core.environment:checking '/home/gouzi/obstacle_race_src/install/realsense2_description/bin'
[1.219s] INFO:colcon.colcon_core.shell:Creating package script '/home/gouzi/obstacle_race_src/install/realsense2_description/share/realsense2_description/package.ps1'
[1.219s] INFO:colcon.colcon_core.shell:Creating package descriptor '/home/gouzi/obstacle_race_src/install/realsense2_description/share/realsense2_description/package.dsv'
[1.219s] INFO:colcon.colcon_core.shell:Creating package script '/home/gouzi/obstacle_race_src/install/realsense2_description/share/realsense2_description/package.sh'
[1.219s] INFO:colcon.colcon_core.shell:Creating package script '/home/gouzi/obstacle_race_src/install/realsense2_description/share/realsense2_description/package.bash'
[1.220s] INFO:colcon.colcon_core.shell:Creating package script '/home/gouzi/obstacle_race_src/install/realsense2_description/share/realsense2_description/package.zsh'
[1.220s] Level 1:colcon.colcon_core.environment:create_file_with_runtime_dependencies(/home/gouzi/obstacle_race_src/install/realsense2_description/share/colcon-core/packages/realsense2_description)
[1.221s] Level 1:colcon.colcon_core.environment:create_environment_scripts_only(realsense2_description)
[1.221s] Level 1:colcon.colcon_core.environment:checking '/home/gouzi/obstacle_race_src/install/realsense2_description' for CMake module files
[1.221s] Level 1:colcon.colcon_core.environment:checking '/home/gouzi/obstacle_race_src/install/realsense2_description' for CMake config files
[1.221s] Level 1:colcon.colcon_core.shell:create_environment_hook('realsense2_description', 'cmake_prefix_path')
[1.221s] INFO:colcon.colcon_core.shell:Creating environment hook '/home/gouzi/obstacle_race_src/install/realsense2_description/share/realsense2_description/hook/cmake_prefix_path.ps1'
[1.222s] INFO:colcon.colcon_core.shell:Creating environment descriptor '/home/gouzi/obstacle_race_src/install/realsense2_description/share/realsense2_description/hook/cmake_prefix_path.dsv'
[1.222s] INFO:colcon.colcon_core.shell:Creating environment hook '/home/gouzi/obstacle_race_src/install/realsense2_description/share/realsense2_description/hook/cmake_prefix_path.sh'
[1.222s] Level 1:colcon.colcon_core.environment:checking '/home/gouzi/obstacle_race_src/install/realsense2_description/bin'
[1.222s] Level 1:colcon.colcon_core.environment:checking '/home/gouzi/obstacle_race_src/install/realsense2_description/lib/pkgconfig/realsense2_description.pc'
[1.223s] Level 1:colcon.colcon_core.environment:checking '/home/gouzi/obstacle_race_src/install/realsense2_description/lib/python3.10/site-packages'
[1.223s] Level 1:colcon.colcon_core.environment:checking '/home/gouzi/obstacle_race_src/install/realsense2_description/bin'
[1.223s] INFO:colcon.colcon_core.shell:Creating package script '/home/gouzi/obstacle_race_src/install/realsense2_description/share/realsense2_description/package.ps1'
[1.224s] INFO:colcon.colcon_core.shell:Creating package descriptor '/home/gouzi/obstacle_race_src/install/realsense2_description/share/realsense2_description/package.dsv'
[1.224s] INFO:colcon.colcon_core.shell:Creating package script '/home/gouzi/obstacle_race_src/install/realsense2_description/share/realsense2_description/package.sh'
[1.224s] INFO:colcon.colcon_core.shell:Creating package script '/home/gouzi/obstacle_race_src/install/realsense2_description/share/realsense2_description/package.bash'
[1.224s] INFO:colcon.colcon_core.shell:Creating package script '/home/gouzi/obstacle_race_src/install/realsense2_description/share/realsense2_description/package.zsh'
[1.225s] Level 1:colcon.colcon_core.environment:create_file_with_runtime_dependencies(/home/gouzi/obstacle_race_src/install/realsense2_description/share/colcon-core/packages/realsense2_description)
[1.234s] DEBUG:colcon.colcon_core.event_handler.log_command:Invoked command in '/home/gouzi/obstacle_race_src/build/realsense2_camera' returned '0': CMAKE_PREFIX_PATH=/home/gouzi/obstacle_race_src/install/realsense2_camera_msgs:/home/gouzi/obstacle_race_src/install/realsense2_description:/home/gouzi/obstacle_race_src/install/realsense2_camera:/home/gouzi/obstacle_race_src/install/quadruped_step_mapper:/home/gouzi/obstacle_race_src/install/point_lio:/home/gouzi/obstacle_race_src/install/livox_ros_driver2:/home/gouzi/obstacle_race_src/install/apriltag_ros:/home/gouzi/obstacle_race_src/install/apriltag_msgs:/home/gouzi/obstacle_race_src/install/auto_nav_pkg:/opt/ros/humble LD_LIBRARY_PATH=/home/gouzi/obstacle_race_src/install/realsense2_camera_msgs/lib:/home/gouzi/obstacle_race_src/install/realsense2_camera/lib:/home/gouzi/obstacle_race_src/install/livox_ros_driver2/lib:/home/gouzi/obstacle_race_src/install/apriltag_ros/lib:/home/gouzi/obstacle_race_src/install/apriltag_msgs/lib:/opt/ros/humble/opt/rviz_ogre_vendor/lib:/opt/ros/humble/lib/x86_64-linux-gnu:/opt/ros/humble/lib /usr/bin/cmake --build /home/gouzi/obstacle_race_src/build/realsense2_camera -- -j8 -l8
[1.236s] DEBUG:colcon.colcon_core.event_handler.log_command:Invoking command in '/home/gouzi/obstacle_race_src/build/realsense2_camera': CMAKE_PREFIX_PATH=/home/gouzi/obstacle_race_src/install/realsense2_camera_msgs:/home/gouzi/obstacle_race_src/install/realsense2_description:/home/gouzi/obstacle_race_src/install/realsense2_camera:/home/gouzi/obstacle_race_src/install/quadruped_step_mapper:/home/gouzi/obstacle_race_src/install/point_lio:/home/gouzi/obstacle_race_src/install/livox_ros_driver2:/home/gouzi/obstacle_race_src/install/apriltag_ros:/home/gouzi/obstacle_race_src/install/apriltag_msgs:/home/gouzi/obstacle_race_src/install/auto_nav_pkg:/opt/ros/humble LD_LIBRARY_PATH=/home/gouzi/obstacle_race_src/install/realsense2_camera_msgs/lib:/home/gouzi/obstacle_race_src/install/realsense2_camera/lib:/home/gouzi/obstacle_race_src/install/livox_ros_driver2/lib:/home/gouzi/obstacle_race_src/install/apriltag_ros/lib:/home/gouzi/obstacle_race_src/install/apriltag_msgs/lib:/opt/ros/humble/opt/rviz_ogre_vendor/lib:/opt/ros/humble/lib/x86_64-linux-gnu:/opt/ros/humble/lib /usr/bin/cmake --install /home/gouzi/obstacle_race_src/build/realsense2_camera
[1.245s] Level 1:colcon.colcon_core.environment:create_environment_scripts_only(realsense2_camera)
[1.245s] Level 1:colcon.colcon_core.environment:checking '/home/gouzi/obstacle_race_src/install/realsense2_camera' for CMake module files
[1.245s] DEBUG:colcon.colcon_core.event_handler.log_command:Invoked command in '/home/gouzi/obstacle_race_src/build/realsense2_camera' returned '0': CMAKE_PREFIX_PATH=/home/gouzi/obstacle_race_src/install/realsense2_camera_msgs:/home/gouzi/obstacle_race_src/install/realsense2_description:/home/gouzi/obstacle_race_src/install/realsense2_camera:/home/gouzi/obstacle_race_src/install/quadruped_step_mapper:/home/gouzi/obstacle_race_src/install/point_lio:/home/gouzi/obstacle_race_src/install/livox_ros_driver2:/home/gouzi/obstacle_race_src/install/apriltag_ros:/home/gouzi/obstacle_race_src/install/apriltag_msgs:/home/gouzi/obstacle_race_src/install/auto_nav_pkg:/opt/ros/humble LD_LIBRARY_PATH=/home/gouzi/obstacle_race_src/install/realsense2_camera_msgs/lib:/home/gouzi/obstacle_race_src/install/realsense2_camera/lib:/home/gouzi/obstacle_race_src/install/livox_ros_driver2/lib:/home/gouzi/obstacle_race_src/install/apriltag_ros/lib:/home/gouzi/obstacle_race_src/install/apriltag_msgs/lib:/opt/ros/humble/opt/rviz_ogre_vendor/lib:/opt/ros/humble/lib/x86_64-linux-gnu:/opt/ros/humble/lib /usr/bin/cmake --install /home/gouzi/obstacle_race_src/build/realsense2_camera
[1.246s] Level 1:colcon.colcon_core.environment:checking '/home/gouzi/obstacle_race_src/install/realsense2_camera' for CMake config files
[1.246s] Level 1:colcon.colcon_core.shell:create_environment_hook('realsense2_camera', 'cmake_prefix_path')
[1.246s] INFO:colcon.colcon_core.shell:Creating environment hook '/home/gouzi/obstacle_race_src/install/realsense2_camera/share/realsense2_camera/hook/cmake_prefix_path.ps1'
[1.246s] INFO:colcon.colcon_core.shell:Creating environment descriptor '/home/gouzi/obstacle_race_src/install/realsense2_camera/share/realsense2_camera/hook/cmake_prefix_path.dsv'
[1.247s] INFO:colcon.colcon_core.shell:Creating environment hook '/home/gouzi/obstacle_race_src/install/realsense2_camera/share/realsense2_camera/hook/cmake_prefix_path.sh'
[1.247s] Level 1:colcon.colcon_core.environment:checking '/home/gouzi/obstacle_race_src/install/realsense2_camera/lib'
[1.247s] Level 1:colcon.colcon_core.shell:create_environment_hook('realsense2_camera', 'ld_library_path_lib')
[1.247s] INFO:colcon.colcon_core.shell:Creating environment hook '/home/gouzi/obstacle_race_src/install/realsense2_camera/share/realsense2_camera/hook/ld_library_path_lib.ps1'
[1.248s] INFO:colcon.colcon_core.shell:Creating environment descriptor '/home/gouzi/obstacle_race_src/install/realsense2_camera/share/realsense2_camera/hook/ld_library_path_lib.dsv'
[1.248s] INFO:colcon.colcon_core.shell:Creating environment hook '/home/gouzi/obstacle_race_src/install/realsense2_camera/share/realsense2_camera/hook/ld_library_path_lib.sh'
[1.248s] Level 1:colcon.colcon_core.environment:checking '/home/gouzi/obstacle_race_src/install/realsense2_camera/bin'
[1.248s] Level 1:colcon.colcon_core.environment:checking '/home/gouzi/obstacle_race_src/install/realsense2_camera/lib/pkgconfig/realsense2_camera.pc'
[1.249s] Level 1:colcon.colcon_core.environment:checking '/home/gouzi/obstacle_race_src/install/realsense2_camera/lib/python3.10/site-packages'
[1.250s] Level 1:colcon.colcon_core.environment:checking '/home/gouzi/obstacle_race_src/install/realsense2_camera/bin'
[1.250s] INFO:colcon.colcon_core.shell:Creating package script '/home/gouzi/obstacle_race_src/install/realsense2_camera/share/realsense2_camera/package.ps1'
[1.250s] INFO:colcon.colcon_core.shell:Creating package descriptor '/home/gouzi/obstacle_race_src/install/realsense2_camera/share/realsense2_camera/package.dsv'
[1.251s] INFO:colcon.colcon_core.shell:Creating package script '/home/gouzi/obstacle_race_src/install/realsense2_camera/share/realsense2_camera/package.sh'
[1.251s] INFO:colcon.colcon_core.shell:Creating package script '/home/gouzi/obstacle_race_src/install/realsense2_camera/share/realsense2_camera/package.bash'
[1.251s] INFO:colcon.colcon_core.shell:Creating package script '/home/gouzi/obstacle_race_src/install/realsense2_camera/share/realsense2_camera/package.zsh'
[1.251s] Level 1:colcon.colcon_core.environment:create_file_with_runtime_dependencies(/home/gouzi/obstacle_race_src/install/realsense2_camera/share/colcon-core/packages/realsense2_camera)
[1.252s] Level 1:colcon.colcon_core.environment:create_environment_scripts_only(realsense2_camera)
[1.252s] Level 1:colcon.colcon_core.environment:checking '/home/gouzi/obstacle_race_src/install/realsense2_camera' for CMake module files
[1.252s] Level 1:colcon.colcon_core.environment:checking '/home/gouzi/obstacle_race_src/install/realsense2_camera' for CMake config files
[1.253s] Level 1:colcon.colcon_core.shell:create_environment_hook('realsense2_camera', 'cmake_prefix_path')
[1.253s] INFO:colcon.colcon_core.shell:Creating environment hook '/home/gouzi/obstacle_race_src/install/realsense2_camera/share/realsense2_camera/hook/cmake_prefix_path.ps1'
[1.253s] INFO:colcon.colcon_core.shell:Creating environment descriptor '/home/gouzi/obstacle_race_src/install/realsense2_camera/share/realsense2_camera/hook/cmake_prefix_path.dsv'
[1.253s] INFO:colcon.colcon_core.shell:Creating environment hook '/home/gouzi/obstacle_race_src/install/realsense2_camera/share/realsense2_camera/hook/cmake_prefix_path.sh'
[1.254s] Level 1:colcon.colcon_core.environment:checking '/home/gouzi/obstacle_race_src/install/realsense2_camera/lib'
[1.254s] Level 1:colcon.colcon_core.shell:create_environment_hook('realsense2_camera', 'ld_library_path_lib')
[1.254s] INFO:colcon.colcon_core.shell:Creating environment hook '/home/gouzi/obstacle_race_src/install/realsense2_camera/share/realsense2_camera/hook/ld_library_path_lib.ps1'
[1.254s] INFO:colcon.colcon_core.shell:Creating environment descriptor '/home/gouzi/obstacle_race_src/install/realsense2_camera/share/realsense2_camera/hook/ld_library_path_lib.dsv'
[1.254s] INFO:colcon.colcon_core.shell:Creating environment hook '/home/gouzi/obstacle_race_src/install/realsense2_camera/share/realsense2_camera/hook/ld_library_path_lib.sh'
[1.255s] Level 1:colcon.colcon_core.environment:checking '/home/gouzi/obstacle_race_src/install/realsense2_camera/bin'
[1.255s] Level 1:colcon.colcon_core.environment:checking '/home/gouzi/obstacle_race_src/install/realsense2_camera/lib/pkgconfig/realsense2_camera.pc'
[1.255s] Level 1:colcon.colcon_core.environment:checking '/home/gouzi/obstacle_race_src/install/realsense2_camera/lib/python3.10/site-packages'
[1.255s] Level 1:colcon.colcon_core.environment:checking '/home/gouzi/obstacle_race_src/install/realsense2_camera/bin'
[1.255s] INFO:colcon.colcon_core.shell:Creating package script '/home/gouzi/obstacle_race_src/install/realsense2_camera/share/realsense2_camera/package.ps1'
[1.256s] INFO:colcon.colcon_core.shell:Creating package descriptor '/home/gouzi/obstacle_race_src/install/realsense2_camera/share/realsense2_camera/package.dsv'
[1.256s] INFO:colcon.colcon_core.shell:Creating package script '/home/gouzi/obstacle_race_src/install/realsense2_camera/share/realsense2_camera/package.sh'
[1.257s] INFO:colcon.colcon_core.shell:Creating package script '/home/gouzi/obstacle_race_src/install/realsense2_camera/share/realsense2_camera/package.bash'
[1.257s] INFO:colcon.colcon_core.shell:Creating package script '/home/gouzi/obstacle_race_src/install/realsense2_camera/share/realsense2_camera/package.zsh'
[1.257s] Level 1:colcon.colcon_core.environment:create_file_with_runtime_dependencies(/home/gouzi/obstacle_race_src/install/realsense2_camera/share/colcon-core/packages/realsense2_camera)
[1.258s] INFO:colcon.colcon_ros.task.ament_python.build:Building ROS package in '/home/gouzi/obstacle_race_src/src/auto_nav_pkg' with build type 'ament_python'
[1.258s] Level 1:colcon.colcon_core.shell:create_environment_hook('auto_nav_pkg', 'ament_prefix_path')
[1.258s] INFO:colcon.colcon_core.shell:Creating environment hook '/home/gouzi/obstacle_race_src/install/auto_nav_pkg/share/auto_nav_pkg/hook/ament_prefix_path.ps1'
[1.259s] INFO:colcon.colcon_core.shell:Creating environment descriptor '/home/gouzi/obstacle_race_src/install/auto_nav_pkg/share/auto_nav_pkg/hook/ament_prefix_path.dsv'
[1.259s] INFO:colcon.colcon_core.shell:Creating environment hook '/home/gouzi/obstacle_race_src/install/auto_nav_pkg/share/auto_nav_pkg/hook/ament_prefix_path.sh'
[1.260s] INFO:colcon.colcon_core.shell:Skip shell extension 'powershell' for command environment: Not usable outside of PowerShell
[1.260s] DEBUG:colcon.colcon_core.shell:Skip shell extension 'dsv' for command environment
[1.493s] INFO:colcon.colcon_core.task.python.build:Building Python package in '/home/gouzi/obstacle_race_src/src/auto_nav_pkg'
[1.494s] INFO:colcon.colcon_core.shell:Skip shell extension 'powershell' for command environment: Not usable outside of PowerShell
[1.494s] DEBUG:colcon.colcon_core.shell:Skip shell extension 'dsv' for command environment
[1.790s] DEBUG:colcon.colcon_core.event_handler.log_command:Invoking command in '/home/gouzi/obstacle_race_src/src/auto_nav_pkg': CMAKE_PREFIX_PATH=/home/gouzi/obstacle_race_src/install/realsense2_camera:/home/gouzi/obstacle_race_src/install/apriltag_ros:/home/gouzi/obstacle_race_src/install/realsense2_camera_msgs:/home/gouzi/obstacle_race_src/install/apriltag_msgs:/home/gouzi/obstacle_race_src/install/realsense2_description:/home/gouzi/obstacle_race_src/install/quadruped_step_mapper:/home/gouzi/obstacle_race_src/install/point_lio:/home/gouzi/obstacle_race_src/install/livox_ros_driver2 LD_LIBRARY_PATH=/home/gouzi/obstacle_race_src/install/realsense2_camera/lib:/home/gouzi/obstacle_race_src/install/apriltag_ros/lib:/home/gouzi/obstacle_race_src/install/realsense2_camera_msgs/lib:/home/gouzi/obstacle_race_src/install/apriltag_msgs/lib:/home/gouzi/obstacle_race_src/install/livox_ros_driver2/lib:/opt/ros/humble/opt/rviz_ogre_vendor/lib:/opt/ros/humble/lib/x86_64-linux-gnu:/opt/ros/humble/lib PYTHONPATH=/home/gouzi/obstacle_race_src/build/auto_nav_pkg/prefix_override:/usr/lib/python3/dist-packages/colcon_core/task/python/colcon_distutils_commands:/home/gouzi/obstacle_race_src/install/auto_nav_pkg/lib/python3.10/site-packages:${PYTHONPATH} /usr/bin/python3 -W ignore:setup.py install is deprecated -W ignore:easy_install command is deprecated setup.py egg_info --egg-base ../../build/auto_nav_pkg build --build-base /home/gouzi/obstacle_race_src/build/auto_nav_pkg/build install --record /home/gouzi/obstacle_race_src/build/auto_nav_pkg/install.log --single-version-externally-managed install_data
[2.046s] Level 1:colcon.colcon_core.environment:checking '/home/gouzi/obstacle_race_src/install/auto_nav_pkg' for CMake module files
[2.046s] DEBUG:colcon.colcon_core.event_handler.log_command:Invoked command in '/home/gouzi/obstacle_race_src/src/auto_nav_pkg' returned '0': CMAKE_PREFIX_PATH=/home/gouzi/obstacle_race_src/install/realsense2_camera:/home/gouzi/obstacle_race_src/install/apriltag_ros:/home/gouzi/obstacle_race_src/install/realsense2_camera_msgs:/home/gouzi/obstacle_race_src/install/apriltag_msgs:/home/gouzi/obstacle_race_src/install/realsense2_description:/home/gouzi/obstacle_race_src/install/quadruped_step_mapper:/home/gouzi/obstacle_race_src/install/point_lio:/home/gouzi/obstacle_race_src/install/livox_ros_driver2 LD_LIBRARY_PATH=/home/gouzi/obstacle_race_src/install/realsense2_camera/lib:/home/gouzi/obstacle_race_src/install/apriltag_ros/lib:/home/gouzi/obstacle_race_src/install/realsense2_camera_msgs/lib:/home/gouzi/obstacle_race_src/install/apriltag_msgs/lib:/home/gouzi/obstacle_race_src/install/livox_ros_driver2/lib:/opt/ros/humble/opt/rviz_ogre_vendor/lib:/opt/ros/humble/lib/x86_64-linux-gnu:/opt/ros/humble/lib PYTHONPATH=/home/gouzi/obstacle_race_src/build/auto_nav_pkg/prefix_override:/usr/lib/python3/dist-packages/colcon_core/task/python/colcon_distutils_commands:/home/gouzi/obstacle_race_src/install/auto_nav_pkg/lib/python3.10/site-packages:${PYTHONPATH} /usr/bin/python3 -W ignore:setup.py install is deprecated -W ignore:easy_install command is deprecated setup.py egg_info --egg-base ../../build/auto_nav_pkg build --build-base /home/gouzi/obstacle_race_src/build/auto_nav_pkg/build install --record /home/gouzi/obstacle_race_src/build/auto_nav_pkg/install.log --single-version-externally-managed install_data
[2.047s] Level 1:colcon.colcon_core.environment:checking '/home/gouzi/obstacle_race_src/install/auto_nav_pkg' for CMake config files
[2.047s] Level 1:colcon.colcon_core.environment:checking '/home/gouzi/obstacle_race_src/install/auto_nav_pkg/lib'
[2.047s] Level 1:colcon.colcon_core.environment:checking '/home/gouzi/obstacle_race_src/install/auto_nav_pkg/bin'
[2.047s] Level 1:colcon.colcon_core.environment:checking '/home/gouzi/obstacle_race_src/install/auto_nav_pkg/lib/pkgconfig/auto_nav_pkg.pc'
[2.047s] Level 1:colcon.colcon_core.environment:checking '/home/gouzi/obstacle_race_src/install/auto_nav_pkg/lib/python3.10/site-packages'
[2.047s] Level 1:colcon.colcon_core.shell:create_environment_hook('auto_nav_pkg', 'pythonpath')
[2.048s] INFO:colcon.colcon_core.shell:Creating environment hook '/home/gouzi/obstacle_race_src/install/auto_nav_pkg/share/auto_nav_pkg/hook/pythonpath.ps1'
[2.048s] INFO:colcon.colcon_core.shell:Creating environment descriptor '/home/gouzi/obstacle_race_src/install/auto_nav_pkg/share/auto_nav_pkg/hook/pythonpath.dsv'
[2.048s] INFO:colcon.colcon_core.shell:Creating environment hook '/home/gouzi/obstacle_race_src/install/auto_nav_pkg/share/auto_nav_pkg/hook/pythonpath.sh'
[2.049s] Level 1:colcon.colcon_core.environment:checking '/home/gouzi/obstacle_race_src/install/auto_nav_pkg/bin'
[2.049s] Level 1:colcon.colcon_core.environment:create_environment_scripts_only(auto_nav_pkg)
[2.049s] INFO:colcon.colcon_core.shell:Creating package script '/home/gouzi/obstacle_race_src/install/auto_nav_pkg/share/auto_nav_pkg/package.ps1'
[2.050s] INFO:colcon.colcon_core.shell:Creating package descriptor '/home/gouzi/obstacle_race_src/install/auto_nav_pkg/share/auto_nav_pkg/package.dsv'
[2.050s] INFO:colcon.colcon_core.shell:Creating package script '/home/gouzi/obstacle_race_src/install/auto_nav_pkg/share/auto_nav_pkg/package.sh'
[2.051s] INFO:colcon.colcon_core.shell:Creating package script '/home/gouzi/obstacle_race_src/install/auto_nav_pkg/share/auto_nav_pkg/package.bash'
[2.051s] INFO:colcon.colcon_core.shell:Creating package script '/home/gouzi/obstacle_race_src/install/auto_nav_pkg/share/auto_nav_pkg/package.zsh'
[2.051s] Level 1:colcon.colcon_core.environment:create_file_with_runtime_dependencies(/home/gouzi/obstacle_race_src/install/auto_nav_pkg/share/colcon-core/packages/auto_nav_pkg)
[2.052s] DEBUG:colcon.colcon_parallel_executor.executor.parallel:closing loop
[2.052s] DEBUG:colcon.colcon_parallel_executor.executor.parallel:loop closed
[2.052s] DEBUG:colcon.colcon_parallel_executor.executor.parallel:run_until_complete finished with '0'
[2.052s] DEBUG:colcon.colcon_core.event_reactor:joining thread
[2.056s] INFO:colcon.colcon_core.plugin_system:Skipping extension 'colcon_notification.desktop_notification.terminal_notifier': Not used on non-Darwin systems
[2.057s] INFO:colcon.colcon_core.plugin_system:Skipping extension 'colcon_notification.desktop_notification.win32': Not used on non-Windows systems
[2.057s] INFO:colcon.colcon_notification.desktop_notification:Sending desktop notification using 'notify2'
[2.068s] DEBUG:colcon.colcon_core.event_reactor:joined thread
[2.068s] INFO:colcon.colcon_core.shell:Creating prefix script '/home/gouzi/obstacle_race_src/install/local_setup.ps1'
[2.069s] INFO:colcon.colcon_core.shell:Creating prefix util module '/home/gouzi/obstacle_race_src/install/_local_setup_util_ps1.py'
[2.070s] INFO:colcon.colcon_core.shell:Creating prefix chain script '/home/gouzi/obstacle_race_src/install/setup.ps1'
[2.071s] INFO:colcon.colcon_core.shell:Creating prefix script '/home/gouzi/obstacle_race_src/install/local_setup.sh'
[2.072s] INFO:colcon.colcon_core.shell:Creating prefix util module '/home/gouzi/obstacle_race_src/install/_local_setup_util_sh.py'
[2.072s] INFO:colcon.colcon_core.shell:Creating prefix chain script '/home/gouzi/obstacle_race_src/install/setup.sh'
[2.073s] INFO:colcon.colcon_core.shell:Creating prefix script '/home/gouzi/obstacle_race_src/install/local_setup.bash'
[2.073s] INFO:colcon.colcon_core.shell:Creating prefix chain script '/home/gouzi/obstacle_race_src/install/setup.bash'
[2.074s] INFO:colcon.colcon_core.shell:Creating prefix script '/home/gouzi/obstacle_race_src/install/local_setup.zsh'
[2.074s] INFO:colcon.colcon_core.shell:Creating prefix chain script '/home/gouzi/obstacle_race_src/install/setup.zsh'
